{
	"credit": "Made with Blockbench",
	"texture_size": [64, 64],
	"textures": {
		"0": "custom/people/profession/hood",
		"particle": "custom/people/profession/hood"
	},
	"elements": [
		{
			"from": [4, 8, 4],
			"to": [12, 8, 12],
			"rotation": {"angle": 0, "axis": "y", "origin": [0, 4, 0]},
			"faces": {
				"north": {"uv": [4, 4, 8, 8], "texture": "#0"},
				"east": {"uv": [8, 4, 12, 8], "texture": "#0"},
				"south": {"uv": [12, 4, 16, 8], "texture": "#0"},
				"west": {"uv": [8, 4, 12, 8], "texture": "#0"},
				"up": {"uv": [8, 4, 4, 0], "texture": "#0"},
				"down": {"uv": [8, 0, 4, 4], "texture": "#0"}
			}
		},
		{
			"from": [4, 0, 4],
			"to": [12, 0, 12],
			"rotation": {"angle": 0, "axis": "y", "origin": [0, 4, 0]},
			"faces": {
				"north": {"uv": [4, 4, 8, 8], "texture": "#0"},
				"east": {"uv": [8, 4, 12, 8], "texture": "#0"},
				"south": {"uv": [12, 4, 16, 8], "texture": "#0"},
				"west": {"uv": [8, 4, 12, 8], "texture": "#0"},
				"up": {"uv": [12, 4, 8, 0], "texture": "#0"},
				"down": {"uv": [12, 0, 8, 4], "texture": "#0"}
			}
		},
		{
			"from": [4, 0, 4],
			"to": [4, 8, 12],
			"rotation": {"angle": 0, "axis": "y", "origin": [0, 4, 0]},
			"faces": {
				"north": {"uv": [4, 4, 8, 8], "texture": "#0"},
				"east": {"uv": [8, 4, 12, 8], "texture": "#0"},
				"south": {"uv": [12, 4, 16, 8], "texture": "#0"},
				"west": {"uv": [8, 4, 12, 8], "texture": "#0"},
				"up": {"uv": [8, 4, 4, 0], "texture": "#0"},
				"down": {"uv": [12, 0, 8, 4], "texture": "#0"}
			}
		},
		{
			"from": [12, 0, 4],
			"to": [12, 8, 12],
			"rotation": {"angle": 0, "axis": "y", "origin": [0, 4, 0]},
			"faces": {
				"north": {"uv": [4, 4, 8, 8], "texture": "#0"},
				"east": {"uv": [0, 4, 4, 8], "texture": "#0"},
				"south": {"uv": [12, 4, 16, 8], "texture": "#0"},
				"west": {"uv": [0, 4, 4, 8], "texture": "#0"},
				"up": {"uv": [8, 4, 4, 0], "texture": "#0"},
				"down": {"uv": [12, 0, 8, 4], "texture": "#0"}
			}
		},
		{
			"from": [4, 0, 4],
			"to": [12, 8, 4],
			"rotation": {"angle": 0, "axis": "y", "origin": [0, 4, 0]},
			"faces": {
				"north": {"uv": [4, 4, 8, 8], "texture": "#0"},
				"east": {"uv": [0, 4, 4, 8], "texture": "#0"},
				"south": {"uv": [4, 4, 8, 8], "texture": "#0"},
				"west": {"uv": [8, 4, 12, 8], "texture": "#0"},
				"up": {"uv": [8, 4, 4, 0], "texture": "#0"},
				"down": {"uv": [12, 0, 8, 4], "texture": "#0"}
			}
		},
		{
			"from": [4, 0, 12],
			"to": [12, 8, 12],
			"rotation": {"angle": 0, "axis": "y", "origin": [0, 4, 0]},
			"faces": {
				"north": {"uv": [12, 4, 16, 8], "texture": "#0"},
				"east": {"uv": [0, 4, 4, 8], "texture": "#0"},
				"south": {"uv": [12, 4, 16, 8], "texture": "#0"},
				"west": {"uv": [8, 4, 12, 8], "texture": "#0"},
				"up": {"uv": [8, 4, 4, 0], "texture": "#0"},
				"down": {"uv": [12, 0, 8, 4], "texture": "#0"}
			}
		},
		{
			"from": [3.5, -0.5, 12.5],
			"to": [12.5, 8.5, 12.5],
			"rotation": {"angle": 0, "axis": "y", "origin": [0.5, 4, 0]},
			"faces": {
				"north": {"uv": [12, 12, 16, 16], "texture": "#0"},
				"east": {"uv": [0, 12, 4, 16], "texture": "#0"},
				"south": {"uv": [12, 12, 16, 16], "texture": "#0"},
				"west": {"uv": [8, 12, 12, 16], "texture": "#0"},
				"up": {"uv": [8, 12, 4, 8], "texture": "#0"},
				"down": {"uv": [12, 8, 8, 12], "texture": "#0"}
			}
		},
		{
			"from": [3.5, -0.5, 3.5],
			"to": [12.5, -0.5, 12.5],
			"rotation": {"angle": 0, "axis": "y", "origin": [0.5, 4, 0]},
			"faces": {
				"north": {"uv": [12, 12, 16, 16], "texture": "#0"},
				"east": {"uv": [0, 12, 4, 16], "texture": "#0"},
				"south": {"uv": [12, 12, 16, 16], "texture": "#0"},
				"west": {"uv": [8, 12, 12, 16], "texture": "#0"},
				"up": {"uv": [12, 12, 8, 8], "texture": "#0"},
				"down": {"uv": [12, 8, 8, 12], "texture": "#0"}
			}
		},
		{
			"from": [3.5, 8.5, 3.5],
			"to": [12.5, 8.5, 12.5],
			"rotation": {"angle": 0, "axis": "y", "origin": [0.5, 4, 0]},
			"faces": {
				"north": {"uv": [4, 12, 8, 16], "texture": "#0"},
				"east": {"uv": [0, 12, 4, 16], "texture": "#0"},
				"south": {"uv": [12, 12, 16, 16], "texture": "#0"},
				"west": {"uv": [8, 12, 12, 16], "texture": "#0"},
				"up": {"uv": [8, 12, 4, 8], "texture": "#0"},
				"down": {"uv": [8, 8, 4, 12], "texture": "#0"}
			}
		},
		{
			"from": [3.5, -0.5, 3.5],
			"to": [12.5, 8.5, 3.5],
			"rotation": {"angle": 0, "axis": "y", "origin": [0.5, 4, 0]},
			"faces": {
				"north": {"uv": [4, 12, 8, 16], "texture": "#0"},
				"east": {"uv": [0, 12, 4, 16], "texture": "#0"},
				"south": {"uv": [4, 12, 8, 16], "texture": "#0"},
				"west": {"uv": [8, 12, 12, 16], "texture": "#0"},
				"up": {"uv": [8, 12, 4, 8], "texture": "#0"},
				"down": {"uv": [12, 8, 8, 12], "texture": "#0"}
			}
		},
		{
			"from": [12.5, -0.5, 3.5],
			"to": [12.5, 8.5, 12.5],
			"rotation": {"angle": 0, "axis": "y", "origin": [0.5, 4, 0]},
			"faces": {
				"north": {"uv": [4, 12, 8, 16], "texture": "#0"},
				"east": {"uv": [0, 12, 4, 16], "texture": "#0"},
				"south": {"uv": [12, 12, 16, 16], "texture": "#0"},
				"west": {"uv": [0, 12, 4, 16], "texture": "#0"},
				"up": {"uv": [8, 12, 4, 8], "texture": "#0"},
				"down": {"uv": [12, 8, 8, 12], "texture": "#0"}
			}
		},
		{
			"from": [3.5, -0.5, 3.5],
			"to": [3.5, 8.5, 12.5],
			"rotation": {"angle": 0, "axis": "y", "origin": [0.5, 4, 0]},
			"faces": {
				"north": {"uv": [4, 12, 8, 16], "texture": "#0"},
				"east": {"uv": [8, 12, 12, 16], "texture": "#0"},
				"south": {"uv": [12, 12, 16, 16], "texture": "#0"},
				"west": {"uv": [8, 12, 12, 16], "texture": "#0"},
				"up": {"uv": [8, 12, 4, 8], "texture": "#0"},
				"down": {"uv": [12, 8, 8, 12], "texture": "#0"}
			}
		}
	],
	"display": {
		"thirdperson_righthand": {
			"rotation": [34, 0, 0],
			"translation": [0, 2.25, 0.75],
			"scale": [0.5, 0.5, 0.5]
		},
		"thirdperson_lefthand": {
			"rotation": [34, 0, 0],
			"translation": [0, 2.25, 0.75],
			"scale": [0.5, 0.5, 0.5]
		},
		"firstperson_righthand": {
			"rotation": [0, 100, 0],
			"translation": [0.5, 7.5, 0],
			"scale": [0.5, 0.5, 0.5]
		},
		"firstperson_lefthand": {
			"rotation": [0, 100, 0],
			"translation": [0.5, 7.5, 0],
			"scale": [0.5, 0.5, 0.5]
		},
		"ground": {
			"translation": [0, 6, 0]
		},
		"gui": {
			"rotation": [22, 140, 0],
			"translation": [0, 3.75, 0]
		},
		"head": {
			"translation": [0, 7.25, 0],
			"scale": [1.81, 1.81, 1.81]
		},
		"fixed": {
			"translation": [0, 6, 0],
			"scale": [1.5, 1.5, 1.5]
		}
	},
	"groups": [
		{
			"name": "group",
			"origin": [0, 4, 0],
			"color": 0,
			"children": [0, 1, 2, 3, 4, 5]
		},
		{
			"name": "group",
			"origin": [0.5, 4, 0],
			"color": 0,
			"children": [6, 7, 8, 9, 10, 11]
		}
	]
}