{
	"credit": "Made with Blockbench",
	"textures": {
		"0": "custom/odmgear/3dmg_gas_tank",
		"1": "custom/odmgear/3dmg_main",
		"2": "custom/odmgear/blade_atlas",
		"3": "custom/odmgear/thunder_spear",
		"4": "custom/odmgear/bright_metal",
		"5": "custom/odmgear/semi_bright_metal",
		"6": "custom/odmgear/thunder_spear_front",
		"particle": "custom/odmgear/thunder_spear"
	},
	"elements": [
		{
			"from": [7.8075, -1.15315, -0.32226],
			"to": [8.19195, -0.64417, 0.28872],
			"rotation": {"angle": 22.5, "axis": "x", "origin": [7.99972, -0.77116, -0.01677]},
			"faces": {
				"north": {"uv": [0, 0, 5, 3.75], "texture": "#0"},
				"east": {"uv": [0, 0, 5, 3.75], "texture": "#0"},
				"south": {"uv": [0, 0, 5, 3.75], "texture": "#0"},
				"west": {"uv": [0, 0, 5, 3.75], "texture": "#0"},
				"up": {"uv": [0, 0, 5, 3.75], "texture": "#0"},
				"down": {"uv": [1.5, 0, 3.75, 2.75], "texture": "#0"}
			}
		},
		{
			"from": [7.72432, 2.51864, -0.8807],
			"to": [8.27512, 3.79864, 0.1393],
			"rotation": {"angle": 0, "axis": "y", "origin": [7.17352, -2.32136, -0.8807]},
			"faces": {
				"north": {"uv": [0, 0, 5, 5.75], "texture": "#0"},
				"east": {"uv": [0, 0, 5, 5.75], "texture": "#0"},
				"south": {"uv": [0, 0, 5, 5.75], "texture": "#0"},
				"west": {"uv": [0, 0, 5, 5.75], "texture": "#0"},
				"up": {"uv": [0, 0, 5, 5.75], "texture": "#0"},
				"down": {"uv": [0, 0, 5, 5.75], "texture": "#0"}
			}
		},
		{
			"from": [7.93087, 2.65114, -1.3907],
			"to": [8.06857, 3.79864, -0.8807],
			"rotation": {"angle": 0, "axis": "y", "origin": [7.10467, -2.32136, -0.8807]},
			"faces": {
				"north": {"uv": [8, 0, 13, 5.75], "texture": "#0"},
				"east": {"uv": [13, 0, 8.75, 5.75], "texture": "#0"},
				"south": {"uv": [8, 0, 13, 5.75], "texture": "#0"},
				"west": {"uv": [8.75, 0, 13, 5.75], "texture": "#0"},
				"up": {"uv": [8, 0, 13, 5.75], "texture": "#0"},
				"down": {"uv": [8, 0, 13, 5.75], "texture": "#0"}
			}
		},
		{
			"from": [7.93143, 2.60065, -1.26269],
			"to": [8.06802, 2.95663, -1.11071],
			"rotation": {"angle": 22.5, "axis": "x", "origin": [7.99972, 3.22489, -1.1357]},
			"faces": {
				"north": {"uv": [8, 0, 13, 5.75], "texture": "#0"},
				"east": {"uv": [9.75, 0, 8.5, 2], "texture": "#0"},
				"south": {"uv": [8, 0, 13, 5.75], "texture": "#0"},
				"west": {"uv": [8.5, 0, 9.75, 2], "texture": "#0"},
				"up": {"uv": [8, 0, 13, 5.75], "texture": "#0"},
				"down": {"uv": [8, 0, 13, 5.75], "texture": "#0"}
			}
		},
		{
			"from": [7.93143, 3.11065, -1.46669],
			"to": [8.06802, 3.46663, -1.31471],
			"rotation": {"angle": 22.5, "axis": "x", "origin": [7.99972, 3.22489, -1.1357]},
			"faces": {
				"north": {"uv": [8, 0, 13, 5.75], "texture": "#0"},
				"east": {"uv": [9.75, 0, 8.5, 2], "texture": "#0"},
				"south": {"uv": [8, 0, 13, 5.75], "texture": "#0"},
				"west": {"uv": [8.5, 0, 9.75, 2], "texture": "#0"},
				"up": {"uv": [8, 0, 13, 5.75], "texture": "#0"},
				"down": {"uv": [8, 0, 13, 5.75], "texture": "#0"}
			}
		},
		{
			"from": [7.72432, 2.61544, -2.06454],
			"to": [8.27512, 2.71489, -0.87114],
			"rotation": {"angle": 0, "axis": "y", "origin": [7.17352, -1.14326, -1.12614]},
			"faces": {
				"north": {"uv": [0, 0, 5, 5.75], "texture": "#0"},
				"east": {"uv": [0, 0, 5, 5.75], "texture": "#0"},
				"south": {"uv": [0, 0, 5, 5.75], "texture": "#0"},
				"west": {"uv": [0, 0, 5, 5.75], "texture": "#0"},
				"up": {"uv": [0, 0, 5, 5.75], "texture": "#0"},
				"down": {"uv": [0, 0, 5, 5.75], "texture": "#0"}
			}
		},
		{
			"from": [7.72432, 3.70939, -2.06454],
			"to": [8.27512, 3.80884, -0.87114],
			"rotation": {"angle": 0, "axis": "y", "origin": [7.17352, -1.14326, -1.12614]},
			"faces": {
				"north": {"uv": [0, 0, 5, 5.75], "texture": "#0"},
				"east": {"uv": [0, 0, 5, 5.75], "texture": "#0"},
				"south": {"uv": [0, 0, 5, 5.75], "texture": "#0"},
				"west": {"uv": [0, 0, 5, 5.75], "texture": "#0"},
				"up": {"uv": [0, 0, 5, 5.75], "texture": "#0"},
				"down": {"uv": [0, 0, 5, 5.75], "texture": "#0"}
			}
		},
		{
			"from": [7.72432, 3.83689, -2.06454],
			"to": [8.27512, 4.44634, 0.27636],
			"rotation": {"angle": 0, "axis": "y", "origin": [7.17352, -1.14326, -1.12614]},
			"faces": {
				"north": {"uv": [0, 4, 2.75, 6], "texture": "#1"},
				"east": {"uv": [2.75, 2, 4, 6], "rotation": 90, "texture": "#1"},
				"south": {"uv": [0, 4, 2.75, 6], "texture": "#1"},
				"west": {"uv": [2.75, 2, 4, 6], "rotation": 90, "texture": "#1"},
				"up": {"uv": [0, 4, 2.75, 6], "texture": "#1"},
				"down": {"uv": [1, 2, 2.25, 6], "texture": "#1"}
			}
		},
		{
			"from": [7.79373, 3.9649, -0.78903],
			"to": [8.20572, 5.08333, 0.27585],
			"rotation": {"angle": -22.5, "axis": "x", "origin": [8.06857, 4.14161, -0.89409]},
			"faces": {
				"north": {"uv": [0, 2, 2.75, 6], "texture": "#1"},
				"east": {"uv": [2.75, 2, 0.5, 6], "texture": "#1"},
				"south": {"uv": [0, 2, 2.75, 6], "texture": "#1"},
				"west": {"uv": [0.5, 2, 2.75, 6], "texture": "#1"},
				"up": {"uv": [0, 2, 2.75, 6], "texture": "#1"},
				"down": {"uv": [0, 2, 2.75, 6], "texture": "#1"}
			}
		},
		{
			"from": [7.79073, 4.32674, -1.28693],
			"to": [8.20872, 5.45117, -0.21605],
			"rotation": {"angle": 0, "axis": "y", "origin": [7.99972, 4.73896, -0.45149]},
			"faces": {
				"north": {"uv": [0, 2, 2.75, 6], "texture": "#1"},
				"east": {"uv": [2.75, 2, 0.5, 6], "texture": "#1"},
				"south": {"uv": [0, 2, 2.75, 6], "texture": "#1"},
				"west": {"uv": [0.5, 2, 2.75, 6], "texture": "#1"},
				"up": {"uv": [15, 12, 16, 16], "texture": "#1"},
				"down": {"uv": [0, 2, 2.75, 6], "texture": "#1"}
			}
		},
		{
			"from": [7.79428, 3.71041, -1.65425],
			"to": [8.20517, 4.72782, -0.84539],
			"rotation": {"angle": 22.5, "axis": "x", "origin": [8.06857, 4.14161, 0.15268]},
			"faces": {
				"north": {"uv": [2.25, 2, 1.25, 6], "texture": "#1"},
				"east": {"uv": [3, 2, 0, 6], "texture": "#1"},
				"south": {"uv": [3, 2, 0, 6], "texture": "#1"},
				"west": {"uv": [3, 2, 0, 6], "texture": "#1"},
				"up": {"uv": [3, 2, 0, 6], "texture": "#1"},
				"down": {"uv": [3, 2, 0, 6], "texture": "#1"}
			}
		},
		{
			"from": [7.72488, 4.57578, -2.62232],
			"to": [8.27457, 5.18421, -1.93994],
			"rotation": {"angle": -45, "axis": "x", "origin": [7.99972, 4.87999, -1.45238]},
			"faces": {
				"north": {"uv": [0, 2, 4, 6], "texture": "#1"},
				"east": {"uv": [2.5, 4.5, 3.75, 5.75], "texture": "#1"},
				"south": {"uv": [3.75, 4.5, 3.25, 5.25], "texture": "#1"},
				"west": {"uv": [3.75, 4.5, 2.5, 5.75], "texture": "#1"},
				"up": {"uv": [2.5, 5.75, 3.75, 4.75], "rotation": 270, "texture": "#1"},
				"down": {"uv": [0, 2, 4, 6], "texture": "#1"}
			}
		},
		{
			"from": [7.79373, 4.70328, -3.00482],
			"to": [8.20572, 5.05671, -2.44994],
			"rotation": {"angle": -45, "axis": "x", "origin": [7.93087, 4.87999, -1.45238]},
			"faces": {
				"north": {"uv": [9.25, 1.75, 12.5, 5.25], "texture": "#0"},
				"east": {"uv": [9.25, 1.75, 12.5, 5.25], "texture": "#0"},
				"south": {"uv": [9.25, 1.75, 12.5, 5.25], "texture": "#0"},
				"west": {"uv": [9.25, 1.75, 12.5, 5.25], "texture": "#0"},
				"up": {"uv": [9.25, 1.75, 12.5, 5.25], "texture": "#0"},
				"down": {"uv": [9.25, 1.75, 12.5, 5.25], "texture": "#0"}
			}
		},
		{
			"from": [7.79428, 3.43383, -2.79419],
			"to": [8.20517, 3.86019, -2.49278],
			"rotation": {"angle": 22.5, "axis": "x", "origin": [7.99972, 3.58326, -2.61799]},
			"faces": {
				"north": {"uv": [9.25, 1.75, 12.5, 5.25], "rotation": 180, "texture": "#0"},
				"east": {"uv": [9.25, 1.75, 12.5, 5.25], "rotation": 90, "texture": "#0"},
				"south": {"uv": [9.25, 1.75, 12.5, 5.25], "texture": "#0"},
				"west": {"uv": [9.25, 1.75, 12.5, 5.25], "rotation": 270, "texture": "#0"},
				"up": {"uv": [9.25, 1.75, 12.5, 5.25], "texture": "#0"},
				"down": {"uv": [9.25, 1.75, 12.5, 5.25], "rotation": 180, "texture": "#0"}
			}
		},
		{
			"from": [7.82127, 3.08498, -2.83863],
			"to": [8.17818, 3.51236, -2.5872],
			"rotation": {"angle": 0, "axis": "y", "origin": [7.97218, 3.80867, -2.68741]},
			"faces": {
				"north": {"uv": [9.25, 1.75, 12.5, 5.25], "rotation": 180, "texture": "#0"},
				"east": {"uv": [9.25, 1.75, 12.5, 5.25], "rotation": 90, "texture": "#0"},
				"south": {"uv": [9.25, 1.75, 12.5, 5.25], "texture": "#0"},
				"west": {"uv": [9.25, 1.75, 12.5, 5.25], "rotation": 270, "texture": "#0"},
				"up": {"uv": [9.25, 1.75, 12.5, 5.25], "texture": "#0"},
				"down": {"uv": [9.25, 1.75, 12.5, 5.25], "rotation": 180, "texture": "#0"}
			}
		},
		{
			"from": [7.82182, 2.64484, -3.15625],
			"to": [8.17763, 3.0712, -2.95684],
			"rotation": {"angle": -22.5, "axis": "x", "origin": [7.97218, 3.87802, -3.03104]},
			"faces": {
				"north": {"uv": [9.25, 1.75, 12.5, 5.25], "rotation": 180, "texture": "#0"},
				"east": {"uv": [9.25, 1.75, 12.5, 5.25], "rotation": 90, "texture": "#0"},
				"south": {"uv": [9.25, 1.75, 12.5, 5.25], "texture": "#0"},
				"west": {"uv": [9.25, 1.75, 12.5, 5.25], "rotation": 270, "texture": "#0"},
				"up": {"uv": [9.25, 1.75, 12.5, 5.25], "texture": "#0"},
				"down": {"uv": [9.25, 1.75, 12.5, 5.25], "rotation": 180, "texture": "#0"}
			}
		},
		{
			"from": [7.84881, 1.53522, -2.95933],
			"to": [8.15064, 1.9626, -2.8099],
			"rotation": {"angle": -22.5, "axis": "x", "origin": [7.94464, 4.29891, -2.83362]},
			"faces": {
				"north": {"uv": [9.25, 1.75, 12.5, 5.25], "rotation": 180, "texture": "#0"},
				"east": {"uv": [9.25, 1.75, 12.5, 5.25], "rotation": 90, "texture": "#0"},
				"south": {"uv": [9.25, 1.75, 12.5, 5.25], "texture": "#0"},
				"west": {"uv": [9.25, 1.75, 12.5, 5.25], "rotation": 270, "texture": "#0"},
				"up": {"uv": [9.25, 1.75, 12.5, 5.25], "texture": "#0"},
				"down": {"uv": [9.25, 1.75, 12.5, 5.25], "rotation": 180, "texture": "#0"}
			}
		},
		{
			"from": [7.84936, 1.47481, -1.90689],
			"to": [8.15009, 1.77367, -1.75848],
			"rotation": {"angle": 0, "axis": "y", "origin": [7.94464, 1.56049, -1.80719]},
			"faces": {
				"north": {"uv": [9.25, 1.75, 12.5, 5.25], "rotation": 180, "texture": "#0"},
				"east": {"uv": [9.25, 1.75, 12.5, 5.25], "rotation": 90, "texture": "#0"},
				"south": {"uv": [9.25, 1.75, 12.5, 5.25], "texture": "#0"},
				"west": {"uv": [9.25, 1.75, 12.5, 5.25], "rotation": 270, "texture": "#0"},
				"up": {"uv": [9.25, 1.75, 12.5, 5.25], "texture": "#0"},
				"down": {"uv": [9.25, 1.75, 12.5, 5.25], "rotation": 180, "texture": "#0"}
			}
		},
		{
			"from": [7.84991, 1.22521, -1.95613],
			"to": [8.14954, 1.52305, -1.83169],
			"rotation": {"angle": 22.5, "axis": "x", "origin": [7.94464, 1.37413, -1.85694]},
			"faces": {
				"north": {"uv": [9.25, 1.75, 12.5, 5.25], "rotation": 180, "texture": "#0"},
				"east": {"uv": [9.25, 1.75, 12.5, 5.25], "rotation": 90, "texture": "#0"},
				"south": {"uv": [9.25, 1.75, 12.5, 5.25], "texture": "#0"},
				"west": {"uv": [9.25, 1.75, 12.5, 5.25], "rotation": 270, "texture": "#0"},
				"up": {"uv": [9.25, 1.75, 12.5, 5.25], "texture": "#0"},
				"down": {"uv": [9.25, 1.75, 12.5, 5.25], "rotation": 180, "texture": "#0"}
			}
		},
		{
			"from": [7.85046, 1.01368, -2.0973],
			"to": [8.14899, 1.3105, -2.00193],
			"rotation": {"angle": 45, "axis": "x", "origin": [7.94464, 1.16209, -1.99862]},
			"faces": {
				"north": {"uv": [9.25, 1.75, 12.5, 5.25], "rotation": 180, "texture": "#0"},
				"east": {"uv": [9.25, 1.75, 12.5, 5.25], "rotation": 90, "texture": "#0"},
				"south": {"uv": [9.25, 1.75, 12.5, 5.25], "texture": "#0"},
				"west": {"uv": [9.25, 1.75, 12.5, 5.25], "rotation": 270, "texture": "#0"},
				"up": {"uv": [9.25, 1.75, 12.5, 5.25], "texture": "#0"},
				"down": {"uv": [9.25, 1.75, 12.5, 5.25], "rotation": 180, "texture": "#0"}
			}
		},
		{
			"from": [7.82127, 1.73683, -2.91395],
			"to": [8.17818, 2.67421, -2.76452],
			"rotation": {"angle": -45, "axis": "x", "origin": [7.97218, 2.97052, -2.81374]},
			"faces": {
				"north": {"uv": [9.25, 1.75, 12.5, 5.25], "rotation": 180, "texture": "#0"},
				"east": {"uv": [9.25, 1.75, 12.5, 5.25], "rotation": 90, "texture": "#0"},
				"south": {"uv": [9.25, 1.75, 12.5, 5.25], "texture": "#0"},
				"west": {"uv": [9.25, 1.75, 12.5, 5.25], "rotation": 270, "texture": "#0"},
				"up": {"uv": [9.25, 1.75, 12.5, 5.25], "texture": "#0"},
				"down": {"uv": [9.25, 1.75, 12.5, 5.25], "rotation": 180, "texture": "#0"}
			}
		},
		{
			"from": [7.72598, 4.77463, -0.42647],
			"to": [8.27457, 5.34508, 0.04059],
			"rotation": {"angle": -45, "axis": "x", "origin": [8.00028, 5.17856, 1.02887]},
			"faces": {
				"north": {"uv": [3, 5, 3.75, 5.75], "texture": "#1"},
				"east": {"uv": [3, 5, 3.75, 5.75], "texture": "#1"},
				"south": {"uv": [3, 5, 3.75, 5.75], "texture": "#1"},
				"west": {"uv": [3, 5, 3.75, 5.75], "texture": "#1"},
				"up": {"uv": [3, 5, 3.75, 5.75], "texture": "#1"},
				"down": {"uv": [3, 5, 3.75, 5.75], "texture": "#1"}
			}
		},
		{
			"from": [7.82182, 5.11378, -0.52647],
			"to": [8.17763, 5.20942, 0.27799],
			"rotation": {"angle": -45, "axis": "x", "origin": [8.04103, 5.17856, 1.02887]},
			"faces": {
				"north": {"uv": [0, 2, 4, 6], "texture": "#1"},
				"east": {"uv": [0, 2, 1.5, 6], "texture": "#1"},
				"south": {"uv": [0, 2, 4, 6], "texture": "#1"},
				"west": {"uv": [0, 2, 4, 6], "texture": "#1"},
				"up": {"uv": [0, 2, 4, 6], "texture": "#1"},
				"down": {"uv": [0, 2, 4, 6], "texture": "#1"}
			}
		},
		{
			"from": [7.82182, 5.04595, 0.28071],
			"to": [8.17763, 5.27725, 0.34582],
			"rotation": {"angle": -45, "axis": "x", "origin": [8.04103, 5.17856, 1.02887]},
			"faces": {
				"north": {"uv": [0, 2, 4, 6], "texture": "#1"},
				"east": {"uv": [0, 2, 1.5, 6], "texture": "#1"},
				"south": {"uv": [0, 2, 4, 6], "texture": "#1"},
				"west": {"uv": [0, 2, 4, 6], "texture": "#1"},
				"up": {"uv": [0, 2, 4, 6], "texture": "#1"},
				"down": {"uv": [0, 2, 4, 6], "texture": "#1"}
			}
		},
		{
			"from": [7.82182, 4.50902, 0.59726],
			"to": [8.17763, 4.57414, 0.82856],
			"rotation": {"angle": 22.5, "axis": "x", "origin": [7.99972, 4.54158, 0.71291]},
			"faces": {
				"north": {"uv": [0, 2, 4, 6], "rotation": 180, "texture": "#1"},
				"east": {"uv": [0, 2, 1.5, 6], "rotation": 90, "texture": "#1"},
				"south": {"uv": [0, 2, 4, 6], "texture": "#1"},
				"west": {"uv": [0, 2, 4, 6], "rotation": 270, "texture": "#1"},
				"up": {"uv": [0, 2, 4, 6], "texture": "#1"},
				"down": {"uv": [0, 2, 4, 6], "rotation": 180, "texture": "#1"}
			}
		},
		{
			"from": [7.72653, 3.70826, 0.09534],
			"to": [8.27402, 3.83646, 0.83062],
			"rotation": {"angle": -22.5, "axis": "x", "origin": [8.00028, 4.11151, -0.30011]},
			"faces": {
				"north": {"uv": [3, 5, 3.75, 5.75], "texture": "#1"},
				"east": {"uv": [3, 5, 3.75, 5.75], "texture": "#1"},
				"south": {"uv": [3, 5, 3.75, 5.75], "texture": "#1"},
				"west": {"uv": [3, 5, 3.75, 5.75], "texture": "#1"},
				"up": {"uv": [3, 5, 3.75, 5.75], "texture": "#1"},
				"down": {"uv": [3, 5, 3.75, 5.75], "texture": "#1"}
			}
		},
		{
			"from": [7.72763, 4.16327, 0.11588],
			"to": [8.27292, 4.28875, 0.84845],
			"rotation": {"angle": 0, "axis": "y", "origin": [8.00028, 4.22601, 0.48217]},
			"faces": {
				"north": {"uv": [3, 5, 3.75, 5.75], "texture": "#1"},
				"east": {"uv": [3, 5, 3.75, 5.75], "texture": "#1"},
				"south": {"uv": [3, 5, 3.75, 5.75], "texture": "#1"},
				"west": {"uv": [3, 5, 3.75, 5.75], "texture": "#1"},
				"up": {"uv": [3, 5, 3.75, 5.75], "texture": "#1"},
				"down": {"uv": [3, 5, 3.75, 5.75], "texture": "#1"}
			}
		},
		{
			"from": [7.79317, 3.76039, -1.93704],
			"to": [8.20627, 3.85984, 0.02136],
			"rotation": {"angle": 0, "axis": "y", "origin": [7.10467, -1.14326, -1.12614]},
			"faces": {
				"north": {"uv": [8.5, 8.5, 13.5, 14.25], "texture": "#0"},
				"east": {"uv": [8.5, 8.5, 13.5, 14.25], "texture": "#0"},
				"south": {"uv": [8.5, 8.5, 13.5, 14.25], "texture": "#0"},
				"west": {"uv": [8.5, 8.5, 13.5, 14.25], "texture": "#0"},
				"up": {"uv": [8.5, 8.5, 13.5, 14.25], "texture": "#0"},
				"down": {"uv": [8.5, 8.5, 13.5, 14.25], "texture": "#0"}
			}
		},
		{
			"from": [7.72432, 3.17236, -2.06454],
			"to": [8.27512, 3.27181, -0.87114],
			"rotation": {"angle": 0, "axis": "y", "origin": [7.17352, -1.14326, -1.12614]},
			"faces": {
				"north": {"uv": [0, 0, 5, 5.75], "texture": "#0"},
				"east": {"uv": [0, 0, 5, 5.75], "texture": "#0"},
				"south": {"uv": [0, 0, 5, 5.75], "texture": "#0"},
				"west": {"uv": [0, 0, 5, 5.75], "texture": "#0"},
				"up": {"uv": [0, 0, 5, 5.75], "texture": "#0"},
				"down": {"uv": [0, 0, 5, 5.75], "texture": "#0"}
			}
		},
		{
			"from": [7.73534, 2.68306, -2.05658],
			"to": [8.26411, 3.7611, -1.97305],
			"rotation": {"angle": 0, "axis": "y", "origin": [7.17352, -1.14326, -1.12614]},
			"faces": {
				"north": {"uv": [0, 0, 5, 5.75], "texture": "#0"},
				"east": {"uv": [0, 0, 5, 5.75], "texture": "#0"},
				"south": {"uv": [0, 0, 5, 5.75], "texture": "#0"},
				"west": {"uv": [0, 0, 5, 5.75], "texture": "#0"},
				"up": {"uv": [0, 0, 5, 5.75], "texture": "#0"},
				"down": {"uv": [0, 0, 5, 5.75], "texture": "#0"}
			}
		},
		{
			"from": [7.72488, 0.99255, -0.62626],
			"to": [8.27457, 2.77153, 0.39272],
			"rotation": {"angle": -22.5, "axis": "x", "origin": [7.99972, 2.00704, -0.11677]},
			"faces": {
				"north": {"uv": [0, 0, 5, 5.75], "texture": "#0"},
				"east": {"uv": [0, 0, 5, 5.75], "texture": "#0"},
				"south": {"uv": [0, 0, 5, 5.75], "texture": "#0"},
				"west": {"uv": [0, 0, 5, 5.75], "texture": "#0"},
				"up": {"uv": [0, 0, 5, 5.75], "texture": "#0"},
				"down": {"uv": [0, 0, 5, 5.75], "texture": "#0"}
			}
		},
		{
			"from": [7.72432, -0.25956, -0.27284],
			"to": [8.27512, 1.27044, 0.74716],
			"rotation": {"angle": 0, "axis": "y", "origin": [7.99972, 0.50544, 0.23716]},
			"faces": {
				"north": {"uv": [0, 0, 5, 5.75], "texture": "#0"},
				"east": {"uv": [0, 0, 5, 5.75], "texture": "#0"},
				"south": {"uv": [0, 0, 5, 5.75], "texture": "#0"},
				"west": {"uv": [0, 0, 5, 5.75], "texture": "#0"},
				"up": {"uv": [0, 0, 5, 5.75], "texture": "#0"},
				"down": {"uv": [0, 0, 5, 5.75], "texture": "#0"}
			}
		},
		{
			"from": [7.72322, -0.51718, -0.52779],
			"to": [8.27623, -0.00514, 0.49425],
			"rotation": {"angle": 22.5, "axis": "x", "origin": [7.99972, -0.77116, -0.01677]},
			"faces": {
				"north": {"uv": [0, 0, 5, 3.75], "texture": "#0"},
				"east": {"uv": [0, 0, 5, 3.75], "texture": "#0"},
				"south": {"uv": [0, 0, 5, 3.75], "texture": "#0"},
				"west": {"uv": [0, 0, 5, 3.75], "texture": "#0"},
				"up": {"uv": [0, 0, 5, 3.75], "texture": "#0"},
				"down": {"uv": [0, 0, 5, 3.75], "texture": "#0"}
			}
		},
		{
			"from": [7.67373, -0.32753, -0.42569],
			"to": [8.32572, 0.13331, 0.44315],
			"rotation": {"angle": 22.5, "axis": "x", "origin": [7.99972, -0.55611, -0.01677]},
			"faces": {
				"north": {"uv": [12, 2, 16, 6], "texture": "#1"},
				"east": {"uv": [14, 4.75, 16, 6], "texture": "#1"},
				"south": {"uv": [12, 2, 16, 6], "texture": "#1"},
				"west": {"uv": [16, 4.75, 14, 6], "texture": "#1"},
				"up": {"uv": [12, 2, 16, 6], "texture": "#1"},
				"down": {"uv": [12, 2, 16, 6], "texture": "#1"}
			}
		},
		{
			"from": [7.67503, -0.09567, -0.24723],
			"to": [8.32442, 1.28133, 0.67077],
			"rotation": {"angle": 0, "axis": "y", "origin": [7.99972, 0.59283, 0.21177]},
			"faces": {
				"north": {"uv": [12, 2, 16, 6], "texture": "#1"},
				"east": {"uv": [13.75, 2.75, 16, 6], "texture": "#1"},
				"south": {"uv": [12, 2, 16, 6], "texture": "#1"},
				"west": {"uv": [16, 2.75, 13.75, 6], "texture": "#1"},
				"up": {"uv": [12, 2, 16, 6], "texture": "#1"},
				"down": {"uv": [12, 2, 16, 6], "texture": "#1"}
			}
		},
		{
			"from": [7.67568, 1.02873, -0.57531],
			"to": [8.32377, 2.65481, 0.34177],
			"rotation": {"angle": -22.5, "axis": "x", "origin": [7.99972, 1.96677, -0.11677]},
			"faces": {
				"north": {"uv": [12, 2, 16, 6], "texture": "#1"},
				"east": {"uv": [14, 2, 16, 6], "texture": "#1"},
				"south": {"uv": [12, 2, 16, 6], "texture": "#1"},
				"west": {"uv": [16, 2, 14, 6], "texture": "#1"},
				"up": {"uv": [12, 2, 16, 6], "texture": "#1"},
				"down": {"uv": [12, 2, 16, 6], "texture": "#1"}
			}
		},
		{
			"from": [7.67503, 2.42721, -0.80431],
			"to": [8.32442, 3.80921, 0.11369],
			"rotation": {"angle": 0, "axis": "y", "origin": [7.02563, -1.95379, -0.80431]},
			"faces": {
				"north": {"uv": [12, 2, 16, 6], "texture": "#1"},
				"east": {"uv": [14.25, 2, 12, 5.5], "texture": "#1"},
				"south": {"uv": [12, 2, 16, 6], "texture": "#1"},
				"west": {"uv": [12, 2, 14.25, 5.75], "texture": "#1"},
				"up": {"uv": [12, 2, 16, 6], "texture": "#1"},
				"down": {"uv": [12, 2, 16, 6], "texture": "#1"}
			}
		},
		{
			"from": [7.6698, -0.89815, -0.57726],
			"to": [8.32965, -0.38917, 0.54372],
			"rotation": {"angle": 22.5, "axis": "x", "origin": [7.99972, -0.77116, -0.01677]},
			"faces": {
				"north": {"uv": [0, 0, 5, 3.75], "texture": "#0"},
				"east": {"uv": [0, 0, 5, 3.75], "texture": "#0"},
				"south": {"uv": [0, 0, 5, 3.75], "texture": "#0"},
				"west": {"uv": [0, 0, 5, 3.75], "texture": "#0"},
				"up": {"uv": [0, 0, 5, 3.75], "texture": "#0"},
				"down": {"uv": [0, 0, 5, 3.75], "texture": "#0"}
			}
		},
		{
			"name": "hexadecagon",
			"from": [9.021, -2.61952, -0.689],
			"to": [9.359, -2.08048, 0.989],
			"rotation": {"angle": 22.5, "axis": "z", "origin": [8, -2.35, 0.15]},
			"faces": {
				"north": {"uv": [5, 0, 6, 16], "rotation": 180, "texture": "#4"},
				"east": {"uv": [5, 0, 6, 16], "texture": "#4"},
				"south": {"uv": [5, 0, 6, 16], "texture": "#4"},
				"west": {"uv": [5, 0, 6, 16], "texture": "#4"},
				"up": {"uv": [5, 0, 6, 16], "texture": "#4"},
				"down": {"uv": [5, 0, 6, 16], "texture": "#4"}
			}
		},
		{
			"name": "hexadecagon",
			"from": [9.02, -2.62052, -0.69],
			"to": [9.36, -2.07948, 0.99],
			"rotation": {"angle": 45, "axis": "z", "origin": [8, -2.35, 0.15]},
			"faces": {
				"north": {"uv": [7, 0, 6, 16], "rotation": 90, "texture": "#4"},
				"east": {"uv": [6, 0, 7, 16], "rotation": 270, "texture": "#4"},
				"south": {"uv": [6, 0, 7, 16], "rotation": 270, "texture": "#4"},
				"west": {"uv": [6, 0, 7, 16], "rotation": 270, "texture": "#4"},
				"up": {"uv": [6, 0, 7, 16], "rotation": 270, "texture": "#4"},
				"down": {"uv": [6, 0, 7, 16], "rotation": 270, "texture": "#4"}
			}
		},
		{
			"name": "hexadecagon",
			"from": [7.73048, -1.329, -0.689],
			"to": [8.26952, -0.991, 0.989],
			"rotation": {"angle": -22.5, "axis": "z", "origin": [8, -2.35, 0.15]},
			"faces": {
				"north": {"uv": [8, 0, 7, 16], "rotation": 180, "texture": "#4"},
				"east": {"uv": [7, 0, 8, 16], "rotation": 180, "texture": "#4"},
				"south": {"uv": [7, 0, 8, 16], "rotation": 180, "texture": "#4"},
				"west": {"uv": [7, 0, 8, 16], "rotation": 180, "texture": "#4"},
				"up": {"uv": [7, 0, 8, 16], "rotation": 180, "texture": "#4"},
				"down": {"uv": [7, 0, 8, 16], "rotation": 180, "texture": "#4"}
			}
		},
		{
			"name": "hexadecagon",
			"from": [7.72948, -1.33, -0.69],
			"to": [8.27052, -0.99, 0.99],
			"rotation": {"angle": 0, "axis": "y", "origin": [8, -2.35, 0.15]},
			"faces": {
				"north": {"uv": [9, 0, 8, 16], "rotation": 180, "texture": "#4"},
				"east": {"uv": [8, 0, 9, 16], "rotation": 180, "texture": "#4"},
				"south": {"uv": [8, 0, 9, 16], "rotation": 180, "texture": "#4"},
				"west": {"uv": [8, 0, 9, 16], "rotation": 180, "texture": "#4"},
				"up": {"uv": [8, 0, 9, 16], "rotation": 180, "texture": "#4"},
				"down": {"uv": [8, 0, 9, 16], "rotation": 180, "texture": "#4"}
			}
		},
		{
			"name": "hexadecagon",
			"from": [7.73048, -1.329, -0.689],
			"to": [8.26952, -0.991, 0.989],
			"rotation": {"angle": 22.5, "axis": "z", "origin": [8, -2.35, 0.15]},
			"faces": {
				"north": {"uv": [10, 0, 9, 16], "rotation": 180, "texture": "#4"},
				"east": {"uv": [9, 0, 10, 16], "rotation": 180, "texture": "#4"},
				"south": {"uv": [9, 0, 10, 16], "rotation": 180, "texture": "#4"},
				"west": {"uv": [9, 0, 10, 16], "rotation": 180, "texture": "#4"},
				"up": {"uv": [9, 0, 10, 16], "rotation": 180, "texture": "#4"},
				"down": {"uv": [9, 0, 10, 16], "rotation": 180, "texture": "#4"}
			}
		},
		{
			"name": "hexadecagon",
			"from": [6.641, -2.61952, -0.689],
			"to": [6.979, -2.08048, 0.989],
			"rotation": {"angle": 22.5, "axis": "z", "origin": [8, -2.35, 0.15]},
			"faces": {
				"north": {"uv": [14, 0, 13, 16], "rotation": 270, "texture": "#4"},
				"east": {"uv": [13, 0, 14, 16], "rotation": 90, "texture": "#4"},
				"south": {"uv": [13, 0, 14, 16], "rotation": 90, "texture": "#4"},
				"west": {"uv": [13, 0, 14, 16], "rotation": 90, "texture": "#4"},
				"up": {"uv": [13, 0, 14, 16], "rotation": 90, "texture": "#4"},
				"down": {"uv": [13, 0, 14, 16], "rotation": 90, "texture": "#4"}
			}
		},
		{
			"name": "hexadecagon",
			"from": [6.64, -2.62052, -0.69],
			"to": [6.98, -2.07948, 0.99],
			"rotation": {"angle": 45, "axis": "z", "origin": [8, -2.35, 0.15]},
			"faces": {
				"north": {"uv": [15, 0, 14, 16], "rotation": 270, "texture": "#4"},
				"east": {"uv": [14, 0, 15, 16], "rotation": 90, "texture": "#4"},
				"south": {"uv": [14, 0, 15, 16], "rotation": 90, "texture": "#4"},
				"west": {"uv": [14, 0, 15, 16], "rotation": 90, "texture": "#4"},
				"up": {"uv": [14, 0, 15, 16], "rotation": 90, "texture": "#4"},
				"down": {"uv": [14, 0, 15, 16], "rotation": 90, "texture": "#4"}
			}
		},
		{
			"name": "hexadecagon",
			"from": [7.73048, -3.709, -0.689],
			"to": [8.26952, -3.371, 0.989],
			"rotation": {"angle": -22.5, "axis": "z", "origin": [8, -2.35, 0.15]},
			"faces": {
				"north": {"uv": [15, 0, 16, 16], "texture": "#4"},
				"east": {"uv": [15, 0, 16, 16], "texture": "#4"},
				"south": {"uv": [15, 0, 16, 16], "texture": "#4"},
				"west": {"uv": [15, 0, 16, 16], "texture": "#4"},
				"up": {"uv": [15, 0, 16, 16], "texture": "#4"},
				"down": {"uv": [15, 0, 16, 16], "texture": "#4"}
			}
		},
		{
			"name": "hexadecagon",
			"from": [7.72948, -3.71, -0.69],
			"to": [8.27052, -3.37, 0.99],
			"rotation": {"angle": 0, "axis": "y", "origin": [8, -2.35, 0.15]},
			"faces": {
				"north": {"uv": [1, 0, 0, 16], "texture": "#4"},
				"east": {"uv": [0, 0, 1, 16], "texture": "#4"},
				"south": {"uv": [0, 0, 1, 16], "texture": "#4"},
				"west": {"uv": [0, 0, 1, 16], "texture": "#4"},
				"up": {"uv": [0, 0, 1, 16], "texture": "#4"},
				"down": {"uv": [0, 0, 1, 16], "texture": "#4"}
			}
		},
		{
			"name": "hexadecagon",
			"from": [7.73048, -3.709, -0.689],
			"to": [8.26952, -3.371, 0.989],
			"rotation": {"angle": 22.5, "axis": "z", "origin": [8, -2.35, 0.15]},
			"faces": {
				"north": {"uv": [2, 0, 1, 16], "texture": "#4"},
				"east": {"uv": [1, 0, 2, 16], "texture": "#4"},
				"south": {"uv": [1, 0, 2, 16], "texture": "#4"},
				"west": {"uv": [1, 0, 2, 16], "texture": "#4"},
				"up": {"uv": [1, 0, 2, 16], "texture": "#4"},
				"down": {"uv": [1, 0, 2, 16], "texture": "#4"}
			}
		},
		{
			"name": "hexadecagon",
			"from": [7.72948, -3.71, -0.69],
			"to": [8.27052, -3.37, 0.99],
			"rotation": {"angle": 45, "axis": "z", "origin": [8, -2.35, 0.15]},
			"faces": {
				"north": {"uv": [2, 0, 3, 16], "rotation": 180, "texture": "#4"},
				"east": {"uv": [2, 0, 3, 16], "texture": "#4"},
				"south": {"uv": [2, 0, 3, 16], "texture": "#4"},
				"west": {"uv": [2, 0, 3, 16], "texture": "#4"},
				"up": {"uv": [2, 0, 3, 16], "texture": "#4"},
				"down": {"uv": [2, 0, 3, 16], "texture": "#4"}
			}
		},
		{
			"name": "hexadecagon",
			"from": [9.021, -2.61952, -0.689],
			"to": [9.359, -2.08048, 0.989],
			"rotation": {"angle": -22.5, "axis": "z", "origin": [8, -2.35, 0.15]},
			"faces": {
				"north": {"uv": [3, 0, 4, 16], "rotation": 270, "texture": "#4"},
				"east": {"uv": [3, 0, 4, 16], "rotation": 270, "texture": "#4"},
				"south": {"uv": [3, 0, 4, 16], "rotation": 270, "texture": "#4"},
				"west": {"uv": [3, 0, 4, 16], "rotation": 270, "texture": "#4"},
				"up": {"uv": [3, 0, 4, 16], "rotation": 270, "texture": "#4"},
				"down": {"uv": [3, 0, 4, 16], "rotation": 270, "texture": "#4"}
			}
		},
		{
			"name": "hexadecagon",
			"from": [9.02, -2.62052, -0.69],
			"to": [9.36, -2.07948, 0.99],
			"rotation": {"angle": 0, "axis": "y", "origin": [8, -2.35, 0.15]},
			"faces": {
				"north": {"uv": [4, 0, 5, 16], "rotation": 270, "texture": "#4"},
				"east": {"uv": [4, 0, 5, 16], "rotation": 270, "texture": "#4"},
				"south": {"uv": [4, 0, 5, 16], "rotation": 270, "texture": "#4"},
				"west": {"uv": [4, 0, 5, 16], "rotation": 270, "texture": "#4"},
				"up": {"uv": [4, 0, 5, 16], "rotation": 270, "texture": "#4"},
				"down": {"uv": [4, 0, 5, 16], "rotation": 270, "texture": "#4"}
			}
		},
		{
			"name": "hexadecagon",
			"from": [7.72948, -1.33, -0.69],
			"to": [8.27052, -0.99, 0.99],
			"rotation": {"angle": 45, "axis": "z", "origin": [8, -2.35, 0.15]},
			"faces": {
				"north": {"uv": [10, 0, 11, 16], "texture": "#4"},
				"east": {"uv": [10, 0, 11, 16], "rotation": 180, "texture": "#4"},
				"south": {"uv": [10, 0, 11, 16], "rotation": 180, "texture": "#4"},
				"west": {"uv": [10, 0, 11, 16], "rotation": 180, "texture": "#4"},
				"up": {"uv": [10, 0, 11, 16], "rotation": 180, "texture": "#4"},
				"down": {"uv": [10, 0, 11, 16], "rotation": 180, "texture": "#4"}
			}
		},
		{
			"name": "hexadecagon",
			"from": [6.641, -2.61952, -0.689],
			"to": [6.979, -2.08048, 0.989],
			"rotation": {"angle": -22.5, "axis": "z", "origin": [8, -2.35, 0.15]},
			"faces": {
				"north": {"uv": [11, 0, 12, 16], "rotation": 90, "texture": "#4"},
				"east": {"uv": [11, 0, 12, 16], "rotation": 90, "texture": "#4"},
				"south": {"uv": [11, 0, 12, 16], "rotation": 90, "texture": "#4"},
				"west": {"uv": [11, 0, 12, 16], "rotation": 90, "texture": "#4"},
				"up": {"uv": [11, 0, 12, 16], "rotation": 90, "texture": "#4"},
				"down": {"uv": [11, 0, 12, 16], "rotation": 90, "texture": "#4"}
			}
		},
		{
			"name": "hexadecagon",
			"from": [6.64, -2.62052, -0.69],
			"to": [6.98, -2.07948, 0.99],
			"rotation": {"angle": 0, "axis": "y", "origin": [8, -2.35, 0.15]},
			"faces": {
				"north": {"uv": [12, 0, 13, 16], "rotation": 90, "texture": "#4"},
				"east": {"uv": [12, 0, 13, 16], "rotation": 90, "texture": "#4"},
				"south": {"uv": [12, 0, 13, 16], "rotation": 90, "texture": "#4"},
				"west": {"uv": [12, 0, 13, 16], "rotation": 90, "texture": "#4"},
				"up": {"uv": [12, 0, 13, 16], "rotation": 90, "texture": "#4"},
				"down": {"uv": [12, 0, 13, 16], "rotation": 90, "texture": "#4"}
			}
		},
		{
			"from": [7.62948, -1.24, -0.665],
			"to": [8.37052, -0.49, 0.965],
			"rotation": {"angle": 0, "axis": "y", "origin": [8, -2.35, 0.15]},
			"faces": {
				"north": {"uv": [2, 0, 9.5, 16], "rotation": 180, "texture": "#4"},
				"east": {"uv": [13, 0, 0.5, 16], "rotation": 180, "texture": "#4"},
				"south": {"uv": [2, 0, 9.5, 16], "rotation": 180, "texture": "#4"},
				"west": {"uv": [0.5, 0, 13, 16], "rotation": 180, "texture": "#4"},
				"up": {"uv": [13.5, 0, 16, 16], "rotation": 180, "texture": "#4"},
				"down": {"uv": [8, 0, 9, 16], "rotation": 180, "texture": "#4"}
			}
		},
		{
			"from": [7.72948, -4.74, -0.665],
			"to": [8.27052, -3.49, 0.965],
			"rotation": {"angle": 0, "axis": "y", "origin": [8, -5.35, 0.15]},
			"faces": {
				"north": {"uv": [2, 0, 9.5, 16], "rotation": 180, "texture": "#5"},
				"east": {"uv": [13, 0, 0.5, 16], "rotation": 180, "texture": "#5"},
				"south": {"uv": [2, 0, 9.5, 16], "rotation": 180, "texture": "#5"},
				"west": {"uv": [0.5, 0, 13, 16], "rotation": 180, "texture": "#5"},
				"up": {"uv": [13.5, 0, 16, 16], "rotation": 180, "texture": "#5"},
				"down": {"uv": [7, 0, 10.5, 16], "rotation": 180, "texture": "#5"}
			}
		},
		{
			"from": [8, -3.3598, -11.3161],
			"to": [8, -1.3402, -8.2867],
			"rotation": {"angle": -22.5, "axis": "z", "origin": [8, -2.35, 8.375]},
			"faces": {
				"north": {"uv": [0, 0, 16, 16], "texture": "#6"},
				"east": {"uv": [16, 0, 0, 16], "texture": "#6"},
				"south": {"uv": [0, 0, 16, 16], "texture": "#6"},
				"west": {"uv": [0, 0, 16, 16], "texture": "#6"},
				"up": {"uv": [0, 0, 16, 16], "texture": "#6"},
				"down": {"uv": [0, 0, 16, 16], "texture": "#6"}
			}
		},
		{
			"from": [8, -3.3598, -11.3161],
			"to": [8, -1.3402, -8.2867],
			"rotation": {"angle": 22.5, "axis": "z", "origin": [8, -2.35, 8.375]},
			"faces": {
				"north": {"uv": [0, 0, 16, 16], "texture": "#6"},
				"east": {"uv": [16, 0, 0, 16], "texture": "#6"},
				"south": {"uv": [0, 0, 16, 16], "texture": "#6"},
				"west": {"uv": [0, 0, 16, 16], "texture": "#6"},
				"up": {"uv": [0, 0, 16, 16], "texture": "#6"},
				"down": {"uv": [0, 0, 16, 16], "texture": "#6"}
			}
		},
		{
			"from": [6.9902, -2.35, -11.3161],
			"to": [9.0098, -2.35, -8.2867],
			"rotation": {"angle": -22.5, "axis": "z", "origin": [8, -2.35, 8.375]},
			"faces": {
				"north": {"uv": [0, 0, 16, 16], "rotation": 90, "texture": "#6"},
				"east": {"uv": [0, 0, 16, 16], "rotation": 270, "texture": "#6"},
				"south": {"uv": [0, 0, 16, 16], "rotation": 270, "texture": "#6"},
				"west": {"uv": [0, 0, 16, 16], "rotation": 270, "texture": "#6"},
				"up": {"uv": [16, 0, 0, 16], "rotation": 270, "texture": "#6"},
				"down": {"uv": [0, 0, 16, 16], "rotation": 270, "texture": "#6"}
			}
		},
		{
			"from": [6.9902, -2.35, -11.3161],
			"to": [9.0098, -2.35, -8.2867],
			"rotation": {"angle": 22.5, "axis": "z", "origin": [8, -2.35, 8.375]},
			"faces": {
				"north": {"uv": [0, 0, 16, 16], "rotation": 90, "texture": "#6"},
				"east": {"uv": [0, 0, 16, 16], "rotation": 270, "texture": "#6"},
				"south": {"uv": [0, 0, 16, 16], "rotation": 270, "texture": "#6"},
				"west": {"uv": [0, 0, 16, 16], "rotation": 270, "texture": "#6"},
				"up": {"uv": [16, 0, 0, 16], "rotation": 270, "texture": "#6"},
				"down": {"uv": [0, 0, 16, 16], "rotation": 270, "texture": "#6"}
			}
		},
		{
			"from": [8, -3.3598, -11.3161],
			"to": [8, -1.3402, -8.2867],
			"rotation": {"angle": -45, "axis": "z", "origin": [8, -2.35, 8.375]},
			"faces": {
				"north": {"uv": [0, 0, 16, 16], "texture": "#6"},
				"east": {"uv": [16, 0, 0, 16], "texture": "#6"},
				"south": {"uv": [0, 0, 16, 16], "texture": "#6"},
				"west": {"uv": [0, 0, 16, 16], "texture": "#6"},
				"up": {"uv": [0, 0, 16, 16], "texture": "#6"},
				"down": {"uv": [0, 0, 16, 16], "texture": "#6"}
			}
		},
		{
			"from": [8, -3.3598, -11.3161],
			"to": [8, -1.3402, -8.2867],
			"rotation": {"angle": 0, "axis": "y", "origin": [8, -2.35, 8.375]},
			"faces": {
				"north": {"uv": [0, 0, 16, 16], "texture": "#6"},
				"east": {"uv": [16, 0, 0, 16], "texture": "#6"},
				"south": {"uv": [0, 0, 16, 16], "texture": "#6"},
				"west": {"uv": [0, 0, 16, 16], "texture": "#6"},
				"up": {"uv": [0, 0, 16, 16], "texture": "#6"},
				"down": {"uv": [0, 0, 16, 16], "texture": "#6"}
			}
		},
		{
			"from": [6.9902, -2.35, -11.3161],
			"to": [9.0098, -2.35, -8.2867],
			"rotation": {"angle": -45, "axis": "z", "origin": [8, -2.35, 8.375]},
			"faces": {
				"north": {"uv": [0, 0, 16, 16], "rotation": 90, "texture": "#6"},
				"east": {"uv": [0, 0, 16, 16], "rotation": 270, "texture": "#6"},
				"south": {"uv": [0, 0, 16, 16], "rotation": 270, "texture": "#6"},
				"west": {"uv": [0, 0, 16, 16], "rotation": 270, "texture": "#6"},
				"up": {"uv": [16, 0, 0, 16], "rotation": 270, "texture": "#6"},
				"down": {"uv": [0, 0, 16, 16], "rotation": 270, "texture": "#6"}
			}
		},
		{
			"from": [6.9902, -2.35, -11.3161],
			"to": [9.0098, -2.35, -8.2867],
			"rotation": {"angle": 0, "axis": "y", "origin": [8, -2.35, 8.375]},
			"faces": {
				"north": {"uv": [0, 0, 16, 16], "rotation": 90, "texture": "#6"},
				"east": {"uv": [0, 0, 16, 16], "rotation": 270, "texture": "#6"},
				"south": {"uv": [0, 0, 16, 16], "rotation": 270, "texture": "#6"},
				"west": {"uv": [0, 0, 16, 16], "rotation": 270, "texture": "#6"},
				"up": {"uv": [16, 0, 0, 16], "rotation": 270, "texture": "#6"},
				"down": {"uv": [0, 0, 16, 16], "rotation": 270, "texture": "#6"}
			}
		},
		{
			"name": "Cube",
			"from": [7.80611, -3.31941, 25.64258],
			"to": [8.19389, -1.38059, 27.46022],
			"rotation": {"angle": -22.5, "axis": "z", "origin": [8, -2.35, 8.375]},
			"faces": {
				"north": {"uv": [3.5, 0, 4, 16], "rotation": 180, "texture": "#3"},
				"east": {"uv": [3.5, 0, 4, 16], "rotation": 180, "texture": "#3"},
				"south": {"uv": [7, 0, 7.5, 16], "texture": "#3"},
				"west": {"uv": [3.5, 0, 4, 16], "rotation": 180, "texture": "#3"},
				"up": {"uv": [3.5, 0, 4, 16], "rotation": 180, "texture": "#3"},
				"down": {"uv": [7.5, 0, 8, 16], "rotation": 180, "texture": "#3"}
			}
		},
		{
			"name": "Cube",
			"from": [7.80697, -3.31856, 25.64258],
			"to": [8.19304, -1.38144, 27.46022],
			"rotation": {"angle": -45, "axis": "z", "origin": [8, -2.35, 8.375]},
			"faces": {
				"north": {"uv": [3.5, 0, 4, 16], "rotation": 180, "texture": "#3"},
				"east": {"uv": [7, 0, 7.5, 16], "texture": "#3"},
				"south": {"uv": [7, 0, 7.5, 16], "texture": "#3"},
				"west": {"uv": [7, 0, 7.5, 16], "texture": "#3"},
				"up": {"uv": [3, 0, 3.5, 16], "rotation": 180, "texture": "#3"},
				"down": {"uv": [7, 0, 7.5, 16], "texture": "#3"}
			}
		},
		{
			"name": "Cube",
			"from": [7.03132, -2.54315, 25.64258],
			"to": [8.96868, -2.15685, 27.46022],
			"rotation": {"angle": 22.5, "axis": "z", "origin": [8, -2.35, 8.375]},
			"faces": {
				"north": {"uv": [3.5, 0, 4, 16], "rotation": 90, "texture": "#3"},
				"east": {"uv": [2.5, 0, 3, 16], "texture": "#3"},
				"south": {"uv": [7, 0, 7.5, 16], "rotation": 90, "texture": "#3"},
				"west": {"uv": [6.5, 0, 7, 16], "rotation": 90, "texture": "#3"},
				"up": {"uv": [6.5, 0, 7, 16], "rotation": 90, "texture": "#3"},
				"down": {"uv": [6.5, 0, 7, 16], "rotation": 90, "texture": "#3"}
			}
		},
		{
			"name": "Cube",
			"from": [7.03096, -2.54352, 25.64258],
			"to": [8.96904, -2.15648, 27.46022],
			"rotation": {"angle": -45, "axis": "z", "origin": [8, -2.35, 8.375]},
			"faces": {
				"north": {"uv": [3.5, 0, 4, 16], "rotation": 180, "texture": "#3"},
				"east": {"uv": [1, 0, 1.5, 16], "rotation": 270, "texture": "#3"},
				"south": {"uv": [7, 0, 7.5, 16], "texture": "#3"},
				"west": {"uv": [5, 0, 5.5, 16], "rotation": 90, "texture": "#3"},
				"up": {"uv": [5, 0, 5.5, 16], "rotation": 90, "texture": "#3"},
				"down": {"uv": [5, 0, 5.5, 16], "rotation": 90, "texture": "#3"}
			}
		},
		{
			"name": "Cube",
			"from": [7.03108, -2.5434, 25.64258],
			"to": [8.96892, -2.1566, 27.46022],
			"rotation": {"angle": -22.5, "axis": "z", "origin": [8, -2.35, 8.375]},
			"faces": {
				"north": {"uv": [3.5, 0, 4, 16], "rotation": 180, "texture": "#3"},
				"east": {"uv": [1.5, 0, 2, 16], "rotation": 270, "texture": "#3"},
				"south": {"uv": [7, 0, 7.5, 16], "texture": "#3"},
				"west": {"uv": [5.5, 0, 6, 16], "rotation": 90, "texture": "#3"},
				"up": {"uv": [5.5, 0, 6, 16], "rotation": 90, "texture": "#3"},
				"down": {"uv": [5.5, 0, 6, 16], "rotation": 90, "texture": "#3"}
			}
		},
		{
			"name": "Cube",
			"from": [7.0312, -2.54327, 25.64258],
			"to": [8.9688, -2.15673, 27.46022],
			"rotation": {"angle": 0, "axis": "y", "origin": [8, -2.35, 8.375]},
			"faces": {
				"north": {"uv": [3.5, 0, 4, 16], "rotation": 180, "texture": "#3"},
				"east": {"uv": [2, 0, 2.5, 16], "rotation": 270, "texture": "#3"},
				"south": {"uv": [7, 0, 7.5, 16], "texture": "#3"},
				"west": {"uv": [6, 0, 6.5, 16], "rotation": 90, "texture": "#3"},
				"up": {"uv": [6, 0, 6.5, 16], "rotation": 90, "texture": "#3"},
				"down": {"uv": [6, 0, 6.5, 16], "rotation": 90, "texture": "#3"}
			}
		},
		{
			"name": "Cube",
			"from": [7.80636, -3.31916, 25.64258],
			"to": [8.19364, -1.38084, 27.46022],
			"rotation": {"angle": 22.5, "axis": "z", "origin": [8, -2.35, 8.375]},
			"faces": {
				"north": {"uv": [3.5, 0, 4, 16], "rotation": 90, "texture": "#3"},
				"east": {"uv": [4.5, 0, 5, 16], "rotation": 180, "texture": "#3"},
				"south": {"uv": [7, 0, 7.5, 16], "rotation": 90, "texture": "#3"},
				"west": {"uv": [4.5, 0, 5, 16], "rotation": 180, "texture": "#3"},
				"up": {"uv": [4.5, 0, 5, 16], "rotation": 180, "texture": "#3"},
				"down": {"uv": [0.5, 0, 1, 16], "texture": "#3"}
			}
		},
		{
			"name": "Cube",
			"from": [7.80624, -3.31929, 25.64258],
			"to": [8.19376, -1.38071, 27.46022],
			"rotation": {"angle": 0, "axis": "y", "origin": [8, -2.35, 8.375]},
			"faces": {
				"north": {"uv": [3.5, 0, 4, 16], "rotation": 180, "texture": "#3"},
				"east": {"uv": [4, 0, 4.5, 16], "rotation": 180, "texture": "#3"},
				"south": {"uv": [7, 0, 7.5, 16], "texture": "#3"},
				"west": {"uv": [4, 0, 4.5, 16], "rotation": 180, "texture": "#3"},
				"up": {"uv": [4, 0, 4.5, 16], "rotation": 180, "texture": "#3"},
				"down": {"uv": [0, 0, 0.5, 16], "texture": "#3"}
			}
		},
		{
			"name": "Cube",
			"from": [7.8003, -3.34849, -8.2867],
			"to": [8.1997, -1.35151, -8.08474],
			"rotation": {"angle": -22.5, "axis": "z", "origin": [8, -2.35, 8.375]},
			"faces": {
				"north": {"uv": [3.5, 0, 4, 16], "rotation": 180, "texture": "#3"},
				"east": {"uv": [3.5, 0, 4, 16], "rotation": 180, "texture": "#3"},
				"south": {"uv": [7, 0, 7.5, 16], "texture": "#3"},
				"west": {"uv": [3.5, 0, 4, 16], "rotation": 180, "texture": "#3"},
				"up": {"uv": [3.5, 0, 4, 16], "rotation": 180, "texture": "#3"},
				"down": {"uv": [7.5, 0, 8, 16], "rotation": 180, "texture": "#3"}
			}
		},
		{
			"name": "Cube",
			"from": [7.80118, -3.34762, -8.2867],
			"to": [8.19882, -1.35238, -8.08474],
			"rotation": {"angle": -45, "axis": "z", "origin": [8, -2.35, 8.375]},
			"faces": {
				"north": {"uv": [3.5, 0, 4, 16], "rotation": 180, "texture": "#3"},
				"east": {"uv": [7, 0, 7.5, 16], "texture": "#3"},
				"south": {"uv": [7, 0, 7.5, 16], "texture": "#3"},
				"west": {"uv": [7, 0, 7.5, 16], "texture": "#3"},
				"up": {"uv": [3, 0, 3.5, 16], "rotation": 180, "texture": "#3"},
				"down": {"uv": [7, 0, 7.5, 16], "texture": "#3"}
			}
		},
		{
			"name": "Cube",
			"from": [7.00226, -2.54895, -8.2867],
			"to": [8.99774, -2.15105, -8.08474],
			"rotation": {"angle": 22.5, "axis": "z", "origin": [8, -2.35, 8.375]},
			"faces": {
				"north": {"uv": [3.5, 0, 4, 16], "rotation": 90, "texture": "#3"},
				"east": {"uv": [2.5, 0, 3, 16], "texture": "#3"},
				"south": {"uv": [7, 0, 7.5, 16], "rotation": 90, "texture": "#3"},
				"west": {"uv": [6.5, 0, 7, 16], "rotation": 90, "texture": "#3"},
				"up": {"uv": [6.5, 0, 7, 16], "rotation": 90, "texture": "#3"},
				"down": {"uv": [6.5, 0, 7, 16], "rotation": 90, "texture": "#3"}
			}
		},
		{
			"name": "Cube",
			"from": [7.00189, -2.54932, -8.2867],
			"to": [8.99811, -2.15067, -8.08474],
			"rotation": {"angle": -45, "axis": "z", "origin": [8, -2.35, 8.375]},
			"faces": {
				"north": {"uv": [3.5, 0, 4, 16], "rotation": 180, "texture": "#3"},
				"east": {"uv": [1, 0, 1.5, 16], "rotation": 270, "texture": "#3"},
				"south": {"uv": [7, 0, 7.5, 16], "texture": "#3"},
				"west": {"uv": [5, 0, 5.5, 16], "rotation": 90, "texture": "#3"},
				"up": {"uv": [5, 0, 5.5, 16], "rotation": 90, "texture": "#3"},
				"down": {"uv": [5, 0, 5.5, 16], "rotation": 90, "texture": "#3"}
			}
		},
		{
			"name": "Cube",
			"from": [7.00201, -2.5492, -8.2867],
			"to": [8.99799, -2.1508, -8.08474],
			"rotation": {"angle": -22.5, "axis": "z", "origin": [8, -2.35, 8.375]},
			"faces": {
				"north": {"uv": [3.5, 0, 4, 16], "rotation": 180, "texture": "#3"},
				"east": {"uv": [1.5, 0, 2, 16], "rotation": 270, "texture": "#3"},
				"south": {"uv": [7, 0, 7.5, 16], "texture": "#3"},
				"west": {"uv": [5.5, 0, 6, 16], "rotation": 90, "texture": "#3"},
				"up": {"uv": [5.5, 0, 6, 16], "rotation": 90, "texture": "#3"},
				"down": {"uv": [5.5, 0, 6, 16], "rotation": 90, "texture": "#3"}
			}
		},
		{
			"name": "Cube",
			"from": [7.00213, -2.54907, -8.2867],
			"to": [8.99787, -2.15093, -8.08474],
			"rotation": {"angle": 0, "axis": "y", "origin": [8, -2.35, 8.375]},
			"faces": {
				"north": {"uv": [3.5, 0, 4, 16], "rotation": 180, "texture": "#3"},
				"east": {"uv": [2, 0, 2.5, 16], "rotation": 270, "texture": "#3"},
				"south": {"uv": [7, 0, 7.5, 16], "texture": "#3"},
				"west": {"uv": [6, 0, 6.5, 16], "rotation": 90, "texture": "#3"},
				"up": {"uv": [6, 0, 6.5, 16], "rotation": 90, "texture": "#3"},
				"down": {"uv": [6, 0, 6.5, 16], "rotation": 90, "texture": "#3"}
			}
		},
		{
			"name": "Cube",
			"from": [7.80055, -3.34824, -8.2867],
			"to": [8.19945, -1.35176, -8.08474],
			"rotation": {"angle": 22.5, "axis": "z", "origin": [8, -2.35, 8.375]},
			"faces": {
				"north": {"uv": [3.5, 0, 4, 16], "rotation": 90, "texture": "#3"},
				"east": {"uv": [4.5, 0, 5, 16], "rotation": 180, "texture": "#3"},
				"south": {"uv": [7, 0, 7.5, 16], "rotation": 90, "texture": "#3"},
				"west": {"uv": [4.5, 0, 5, 16], "rotation": 180, "texture": "#3"},
				"up": {"uv": [4.5, 0, 5, 16], "rotation": 180, "texture": "#3"},
				"down": {"uv": [0.5, 0, 1, 16], "texture": "#3"}
			}
		},
		{
			"name": "Cube",
			"from": [7.80043, -3.34837, -8.2867],
			"to": [8.19957, -1.35163, -8.08474],
			"rotation": {"angle": 0, "axis": "y", "origin": [8, -2.35, 8.375]},
			"faces": {
				"north": {"uv": [3.5, 0, 4, 16], "rotation": 180, "texture": "#3"},
				"east": {"uv": [4, 0, 4.5, 16], "rotation": 180, "texture": "#3"},
				"south": {"uv": [7, 0, 7.5, 16], "texture": "#3"},
				"west": {"uv": [4, 0, 4.5, 16], "rotation": 180, "texture": "#3"},
				"up": {"uv": [4, 0, 4.5, 16], "rotation": 180, "texture": "#3"},
				"down": {"uv": [0, 0, 0.5, 16], "texture": "#3"}
			}
		},
		{
			"name": "Cube",
			"from": [7.84489, -3.12552, -8.08474],
			"to": [8.15511, -1.57448, 25.84454],
			"rotation": {"angle": -22.5, "axis": "z", "origin": [8, -2.35, 8.375]},
			"faces": {
				"north": {"uv": [11.5, 0, 12, 16], "rotation": 180, "texture": "#3"},
				"east": {"uv": [11.5, 0, 12, 16], "rotation": 180, "texture": "#3"},
				"south": {"uv": [15, 0, 15.5, 16], "texture": "#3"},
				"west": {"uv": [11.5, 0, 12, 16], "rotation": 180, "texture": "#3"},
				"up": {"uv": [11.5, 0, 12, 16], "rotation": 180, "texture": "#3"},
				"down": {"uv": [15.5, 0, 16, 16], "rotation": 180, "texture": "#3"}
			}
		},
		{
			"name": "Cube",
			"from": [7.84557, -3.12485, -8.08474],
			"to": [8.15443, -1.57515, 25.84454],
			"rotation": {"angle": -45, "axis": "z", "origin": [8, -2.35, 8.375]},
			"faces": {
				"north": {"uv": [11.5, 0, 12, 16], "rotation": 180, "texture": "#3"},
				"east": {"uv": [15, 0, 15.5, 16], "texture": "#3"},
				"south": {"uv": [15, 0, 15.5, 16], "texture": "#3"},
				"west": {"uv": [15, 0, 15.5, 16], "texture": "#3"},
				"up": {"uv": [11, 0, 11.5, 16], "rotation": 180, "texture": "#3"},
				"down": {"uv": [15, 0, 15.5, 16], "texture": "#3"}
			}
		},
		{
			"name": "Cube",
			"from": [7.22506, -2.50452, -8.08474],
			"to": [8.77494, -2.19548, 25.84454],
			"rotation": {"angle": 22.5, "axis": "z", "origin": [8, -2.35, 8.375]},
			"faces": {
				"north": {"uv": [11.5, 0, 12, 16], "rotation": 90, "texture": "#3"},
				"east": {"uv": [10.5, 0, 11, 16], "texture": "#3"},
				"south": {"uv": [15, 0, 15.5, 16], "rotation": 90, "texture": "#3"},
				"west": {"uv": [14.5, 0, 15, 16], "rotation": 90, "texture": "#3"},
				"up": {"uv": [14.5, 0, 15, 16], "rotation": 90, "texture": "#3"},
				"down": {"uv": [14.5, 0, 15, 16], "rotation": 90, "texture": "#3"}
			}
		},
		{
			"name": "Cube",
			"from": [7.22477, -2.50481, -8.08474],
			"to": [8.77523, -2.19519, 25.84454],
			"rotation": {"angle": -45, "axis": "z", "origin": [8, -2.35, 8.375]},
			"faces": {
				"north": {"uv": [11.5, 0, 12, 16], "rotation": 180, "texture": "#3"},
				"east": {"uv": [9, 0, 9.5, 16], "rotation": 270, "texture": "#3"},
				"south": {"uv": [15, 0, 15.5, 16], "texture": "#3"},
				"west": {"uv": [13, 0, 13.5, 16], "rotation": 90, "texture": "#3"},
				"up": {"uv": [13, 0, 13.5, 16], "rotation": 90, "texture": "#3"},
				"down": {"uv": [13, 0, 13.5, 16], "rotation": 90, "texture": "#3"}
			}
		},
		{
			"name": "Cube",
			"from": [7.22486, -2.50472, -8.08474],
			"to": [8.77514, -2.19528, 25.84454],
			"rotation": {"angle": -22.5, "axis": "z", "origin": [8, -2.35, 8.375]},
			"faces": {
				"north": {"uv": [11.5, 0, 12, 16], "rotation": 180, "texture": "#3"},
				"east": {"uv": [9.5, 0, 10, 16], "rotation": 270, "texture": "#3"},
				"south": {"uv": [15, 0, 15.5, 16], "texture": "#3"},
				"west": {"uv": [13.5, 0, 14, 16], "rotation": 90, "texture": "#3"},
				"up": {"uv": [13.5, 0, 14, 16], "rotation": 90, "texture": "#3"},
				"down": {"uv": [13.5, 0, 14, 16], "rotation": 90, "texture": "#3"}
			}
		},
		{
			"name": "Cube",
			"from": [7.22496, -2.50462, -8.08474],
			"to": [8.77504, -2.19538, 25.84454],
			"rotation": {"angle": 0, "axis": "y", "origin": [8, -2.35, 8.375]},
			"faces": {
				"north": {"uv": [11.5, 0, 12, 16], "rotation": 180, "texture": "#3"},
				"east": {"uv": [10, 0, 10.5, 16], "rotation": 270, "texture": "#3"},
				"south": {"uv": [15, 0, 15.5, 16], "texture": "#3"},
				"west": {"uv": [14, 0, 14.5, 16], "rotation": 90, "texture": "#3"},
				"up": {"uv": [14, 0, 14.5, 16], "rotation": 90, "texture": "#3"},
				"down": {"uv": [14, 0, 14.5, 16], "rotation": 90, "texture": "#3"}
			}
		},
		{
			"name": "Cube",
			"from": [7.84509, -3.12534, -8.08474],
			"to": [8.15491, -1.57466, 25.84454],
			"rotation": {"angle": 22.5, "axis": "z", "origin": [8, -2.35, 8.375]},
			"faces": {
				"north": {"uv": [11.5, 0, 12, 16], "rotation": 90, "texture": "#3"},
				"east": {"uv": [12.5, 0, 13, 16], "rotation": 180, "texture": "#3"},
				"south": {"uv": [15, 0, 15.5, 16], "rotation": 90, "texture": "#3"},
				"west": {"uv": [12.5, 0, 13, 16], "rotation": 180, "texture": "#3"},
				"up": {"uv": [12.5, 0, 13, 16], "rotation": 180, "texture": "#3"},
				"down": {"uv": [8.5, 0, 9, 16], "texture": "#3"}
			}
		},
		{
			"name": "Cube",
			"from": [7.84499, -3.12543, -8.08474],
			"to": [8.15501, -1.57457, 25.84454],
			"rotation": {"angle": 0, "axis": "y", "origin": [8, -2.35, 8.375]},
			"faces": {
				"north": {"uv": [11.5, 0, 12, 16], "rotation": 180, "texture": "#3"},
				"east": {"uv": [12, 0, 12.5, 16], "rotation": 180, "texture": "#3"},
				"south": {"uv": [15, 0, 15.5, 16], "texture": "#3"},
				"west": {"uv": [12, 0, 12.5, 16], "rotation": 180, "texture": "#3"},
				"up": {"uv": [12, 0, 12.5, 16], "rotation": 180, "texture": "#3"},
				"down": {"uv": [8, 0, 8.5, 16], "texture": "#3"}
			}
		},
		{
			"name": "Cube",
			"from": [7.80611, -3.31941, -7.88278],
			"to": [8.19389, -1.38059, 25.23866],
			"rotation": {"angle": -22.5, "axis": "z", "origin": [8, -2.35, 8.375]},
			"faces": {
				"north": {"uv": [3.5, 0, 4, 16], "rotation": 180, "texture": "#3"},
				"east": {"uv": [3.5, 0, 4, 16], "rotation": 180, "texture": "#3"},
				"south": {"uv": [7, 0, 7.5, 16], "texture": "#3"},
				"west": {"uv": [3.5, 0, 4, 16], "rotation": 180, "texture": "#3"},
				"up": {"uv": [3.5, 0, 4, 16], "rotation": 180, "texture": "#3"},
				"down": {"uv": [7.5, 0, 8, 16], "rotation": 180, "texture": "#3"}
			}
		},
		{
			"name": "Cube",
			"from": [7.80697, -3.31856, -7.88278],
			"to": [8.19304, -1.38144, 25.23866],
			"rotation": {"angle": -45, "axis": "z", "origin": [8, -2.35, 8.375]},
			"faces": {
				"north": {"uv": [3.5, 0, 4, 16], "rotation": 180, "texture": "#3"},
				"east": {"uv": [7, 0, 7.5, 16], "texture": "#3"},
				"south": {"uv": [7, 0, 7.5, 16], "texture": "#3"},
				"west": {"uv": [7, 0, 7.5, 16], "texture": "#3"},
				"up": {"uv": [3, 0, 3.5, 16], "rotation": 180, "texture": "#3"},
				"down": {"uv": [7, 0, 7.5, 16], "texture": "#3"}
			}
		},
		{
			"name": "Cube",
			"from": [7.03132, -2.54315, -7.88278],
			"to": [8.96868, -2.15685, 25.23866],
			"rotation": {"angle": 22.5, "axis": "z", "origin": [8, -2.35, 8.375]},
			"faces": {
				"north": {"uv": [3.5, 0, 4, 16], "rotation": 90, "texture": "#3"},
				"east": {"uv": [2.5, 0, 3, 16], "texture": "#3"},
				"south": {"uv": [7, 0, 7.5, 16], "rotation": 90, "texture": "#3"},
				"west": {"uv": [6.5, 0, 7, 16], "rotation": 90, "texture": "#3"},
				"up": {"uv": [6.5, 0, 7, 16], "rotation": 90, "texture": "#3"},
				"down": {"uv": [6.5, 0, 7, 16], "rotation": 90, "texture": "#3"}
			}
		},
		{
			"name": "Cube",
			"from": [7.03096, -2.54352, -7.88278],
			"to": [8.96904, -2.15648, 25.23866],
			"rotation": {"angle": -45, "axis": "z", "origin": [8, -2.35, 8.375]},
			"faces": {
				"north": {"uv": [3.5, 0, 4, 16], "rotation": 180, "texture": "#3"},
				"east": {"uv": [1, 0, 1.5, 16], "rotation": 270, "texture": "#3"},
				"south": {"uv": [7, 0, 7.5, 16], "texture": "#3"},
				"west": {"uv": [5, 0, 5.5, 16], "rotation": 90, "texture": "#3"},
				"up": {"uv": [5, 0, 5.5, 16], "rotation": 90, "texture": "#3"},
				"down": {"uv": [5, 0, 5.5, 16], "rotation": 90, "texture": "#3"}
			}
		},
		{
			"name": "Cube",
			"from": [7.03108, -2.5434, -7.88278],
			"to": [8.96892, -2.1566, 25.23866],
			"rotation": {"angle": -22.5, "axis": "z", "origin": [8, -2.35, 8.375]},
			"faces": {
				"north": {"uv": [3.5, 0, 4, 16], "rotation": 180, "texture": "#3"},
				"east": {"uv": [1.5, 0, 2, 16], "rotation": 270, "texture": "#3"},
				"south": {"uv": [7, 0, 7.5, 16], "texture": "#3"},
				"west": {"uv": [5.5, 0, 6, 16], "rotation": 90, "texture": "#3"},
				"up": {"uv": [5.5, 0, 6, 16], "rotation": 90, "texture": "#3"},
				"down": {"uv": [5.5, 0, 6, 16], "rotation": 90, "texture": "#3"}
			}
		},
		{
			"name": "Cube",
			"from": [7.0312, -2.54327, -7.88278],
			"to": [8.9688, -2.15673, 25.23866],
			"rotation": {"angle": 0, "axis": "y", "origin": [8, -2.35, 8.375]},
			"faces": {
				"north": {"uv": [3.5, 0, 4, 16], "rotation": 180, "texture": "#3"},
				"east": {"uv": [2, 0, 2.5, 16], "rotation": 270, "texture": "#3"},
				"south": {"uv": [7, 0, 7.5, 16], "texture": "#3"},
				"west": {"uv": [6, 0, 6.5, 16], "rotation": 90, "texture": "#3"},
				"up": {"uv": [6, 0, 6.5, 16], "rotation": 90, "texture": "#3"},
				"down": {"uv": [6, 0, 6.5, 16], "rotation": 90, "texture": "#3"}
			}
		},
		{
			"name": "Cube",
			"from": [7.80636, -3.31916, -7.88278],
			"to": [8.19364, -1.38084, 25.23866],
			"rotation": {"angle": 22.5, "axis": "z", "origin": [8, -2.35, 8.375]},
			"faces": {
				"north": {"uv": [3.5, 0, 4, 16], "rotation": 90, "texture": "#3"},
				"east": {"uv": [4.5, 0, 5, 16], "rotation": 180, "texture": "#3"},
				"south": {"uv": [7, 0, 7.5, 16], "rotation": 90, "texture": "#3"},
				"west": {"uv": [4.5, 0, 5, 16], "rotation": 180, "texture": "#3"},
				"up": {"uv": [4.5, 0, 5, 16], "rotation": 180, "texture": "#3"},
				"down": {"uv": [0.5, 0, 1, 16], "texture": "#3"}
			}
		},
		{
			"name": "Cube",
			"from": [7.80624, -3.31929, -7.88278],
			"to": [8.19376, -1.38071, 25.23866],
			"rotation": {"angle": 0, "axis": "y", "origin": [8, -2.35, 8.375]},
			"faces": {
				"north": {"uv": [3.5, 0, 4, 16], "rotation": 180, "texture": "#3"},
				"east": {"uv": [4, 0, 4.5, 16], "rotation": 180, "texture": "#3"},
				"south": {"uv": [7, 0, 7.5, 16], "texture": "#3"},
				"west": {"uv": [4, 0, 4.5, 16], "rotation": 180, "texture": "#3"},
				"up": {"uv": [4, 0, 4.5, 16], "rotation": 180, "texture": "#3"},
				"down": {"uv": [0, 0, 0.5, 16], "texture": "#3"}
			}
		},
		{
			"from": [8.00024, 5.13048, -1.28],
			"to": [8.00024, 31.10798, -0.21],
			"rotation": {"angle": 0, "axis": "y", "origin": [6.98024, -2.39202, -0.89438]},
			"faces": {
				"east": {"uv": [11.42857, 0, 12.19028, 16], "texture": "#2"},
				"west": {"uv": [12.19028, 0, 11.45238, 16], "texture": "#2"}
			}
		},
		{
			"from": [7.97524, 5.13048, -1.28],
			"to": [7.97524, 31.10798, -0.21],
			"rotation": {"angle": 0, "axis": "y", "origin": [6.98024, -2.39202, -0.89438]},
			"faces": {
				"east": {"uv": [12.21428, 0, 12.95219, 16], "texture": "#2"},
				"west": {"uv": [12.95219, 0, 12.21428, 16], "texture": "#2"}
			}
		},
		{
			"from": [7.95024, 5.13048, -1.28],
			"to": [7.95024, 31.10798, -0.21],
			"rotation": {"angle": 0, "axis": "y", "origin": [6.98024, -2.39202, -0.89438]},
			"faces": {
				"east": {"uv": [12.97619, 0, 13.71409, 16], "texture": "#2"},
				"west": {"uv": [13.71409, 0, 12.97619, 16], "texture": "#2"}
			}
		},
		{
			"from": [7.92524, 5.13048, -1.28],
			"to": [7.92524, 31.10798, -0.21],
			"rotation": {"angle": 0, "axis": "y", "origin": [6.98024, -2.39202, -0.89438]},
			"faces": {
				"east": {"uv": [13.73809, 0, 14.476, 16], "texture": "#2"},
				"west": {"uv": [14.476, 0, 13.73809, 16], "texture": "#2"}
			}
		},
		{
			"from": [7.90024, 5.13048, -1.28],
			"to": [7.90024, 31.10798, -0.21],
			"rotation": {"angle": 0, "axis": "y", "origin": [6.98024, -2.39202, -0.89438]},
			"faces": {
				"east": {"uv": [14.47619, 0.11905, 15.21409, 16], "texture": "#2"},
				"west": {"uv": [15.21409, 0.11905, 14.47619, 16], "texture": "#2"}
			}
		},
		{
			"from": [8.02476, 5.13048, -1.28],
			"to": [8.02476, 31.10798, -0.21],
			"rotation": {"angle": 0, "axis": "y", "origin": [9.01976, -2.39202, -0.89438]},
			"faces": {
				"east": {"uv": [12.21428, 0, 12.95219, 16], "texture": "#2"},
				"west": {"uv": [12.95219, 0, 12.21428, 16], "texture": "#2"}
			}
		},
		{
			"from": [8.04976, 5.13048, -1.28],
			"to": [8.04976, 31.10798, -0.21],
			"rotation": {"angle": 0, "axis": "y", "origin": [9.01976, -2.39202, -0.89438]},
			"faces": {
				"east": {"uv": [12.97619, 0, 13.71409, 16], "texture": "#2"},
				"west": {"uv": [13.71409, 0, 12.97619, 16], "texture": "#2"}
			}
		},
		{
			"from": [8.07476, 5.13048, -1.28],
			"to": [8.07476, 31.10798, -0.21],
			"rotation": {"angle": 0, "axis": "y", "origin": [9.01976, -2.39202, -0.89438]},
			"faces": {
				"east": {"uv": [13.73809, 0, 14.476, 16], "texture": "#2"},
				"west": {"uv": [14.476, 0, 13.73809, 16], "texture": "#2"}
			}
		},
		{
			"from": [8.09976, 5.13048, -1.28],
			"to": [8.09976, 31.10798, -0.21],
			"rotation": {"angle": 0, "axis": "y", "origin": [9.01976, -2.39202, -0.89438]},
			"faces": {
				"east": {"uv": [14.47619, 0.11905, 15.21409, 16], "texture": "#2"},
				"west": {"uv": [15.21409, 0.11905, 14.47619, 16], "texture": "#2"}
			}
		}
	],
	"gui_light": "front",
	"display": {
		"thirdperson_righthand": {
			"translation": [-0.25, 3, 5.25],
			"scale": [0.74, 0.74, 0.74]
		},
		"thirdperson_lefthand": {
			"translation": [-0.25, 3, 5.25],
			"scale": [0.74, 0.74, 0.74]
		},
		"firstperson_righthand": {
			"rotation": [4, -12, 8],
			"translation": [15, -2.5, -0.5],
			"scale": [1.18, 1.18, 1.18]
		},
		"firstperson_lefthand": {
			"rotation": [4, -12, 8],
			"translation": [15, -2.5, -0.5],
			"scale": [1.18, 1.18, 1.18]
		},
		"ground": {
			"rotation": [0, 0, 90],
			"translation": [-6, -1, -1.75],
			"scale": [0.59, 0.59, 0.59]
		},
		"gui": {
			"rotation": [58.97, 42.43, -78.49],
			"translation": [1.25, -4.75, 0],
			"scale": [0.61, 0.61, 0.61]
		},
		"head": {
			"rotation": [-90, 22.5, 90],
			"translation": [-6, -10.5, 4.25]
		},
		"fixed": {
			"rotation": [90, 45, -90],
			"translation": [7, 9.75, -0.25],
			"scale": [1.15, 1.15, 1.15]
		}
	},
	"groups": [
		{
			"name": "grip",
			"origin": [7.99975, -5.79616, 8.88323],
			"color": 0,
			"children": [0, 1, 2, 3, 4, 5, 6, 7, 8, 9, 10, 11, 12, 13, 14, 15, 16, 17, 18, 19, 20, 21, 22, 23, 24, 25, 26, 27, 28, 29, 30, 31, 32, 33, 34, 35, 36, 37]
		},
		{
			"name": "hexadecagon",
			"origin": [8, 8, 8],
			"color": 0,
			"children": [38, 39, 40, 41, 42, 43, 44, 45, 46, 47, 48, 49, 50, 51, 52, 53]
		},
		54,
		55,
		{
			"name": "spear",
			"origin": [8, 8, 8],
			"color": 0,
			"children": [
				56,
				57,
				58,
				59,
				60,
				61,
				62,
				63,
				{
					"name": "tank",
					"origin": [8, 8, 1],
					"color": 0,
					"children": [64, 65, 66, 67, 68, 69, 70, 71]
				},
				{
					"name": "tank",
					"origin": [8, 8, 1],
					"color": 0,
					"children": [72, 73, 74, 75, 76, 77, 78, 79]
				},
				{
					"name": "tank_inside",
					"origin": [8, 8, 1],
					"color": 0,
					"children": [80, 81, 82, 83, 84, 85, 86, 87]
				},
				{
					"name": "tank",
					"origin": [8, 8, 1],
					"color": 0,
					"children": [88, 89, 90, 91, 92, 93, 94, 95]
				}
			]
		},
		{
			"name": "blade",
			"origin": [6.98024, -16.39202, 6.85562],
			"color": 0,
			"children": [96, 97, 98, 99, 100, 101, 102, 103, 104]
		}
	]
}