{"credit":"MadewithBlockbench","textures":{"1":"custom/titan/shifter/cart/cart_titan_boxpng","particle":"custom/titan/shifter/cart/cart_titan"},"elements":[{"from":[6.375,3.25,-0.4375],"to":[7.25,5.4375,-0.0625],"rotation":{"angle":0,"axis":"y","origin":[6,11.5,-3.25]},"faces":{"north":{"uv":[3.75,7.25,4,7.8125],"texture":"#1"},"east":{"uv":[6.75,8.25,6.875,8.8125],"texture":"#1"},"south":{"uv":[4,7.25,4.25,7.8125],"texture":"#1"},"west":{"uv":[7,8.25,7.125,8.8125],"texture":"#1"},"up":{"uv":[6.5,8.625,6.25,8.5],"texture":"#1"},"down":{"uv":[6.75,8.5,6.5,8.625],"texture":"#1"}}},{"from":[1.625,3.75,10.25],"to":[2,11.3125,11.125],"rotation":{"angle":0,"axis":"y","origin":[3.8125,3.21875,3.625]},"faces":{"north":{"uv":[6.5,6.5,6.625,8.375],"texture":"#1"},"east":{"uv":[0,5,0.25,6.875],"texture":"#1"},"south":{"uv":[1,6.75,1.125,8.625],"texture":"#1"},"west":{"uv":[0.25,5,0.5,6.875],"texture":"#1"},"up":{"uv":[7.375,8.75,7.25,8.5],"texture":"#1"},"down":{"uv":[7.625,8.5,7.5,8.75],"texture":"#1"}}},{"from":[2.625,4.75,13.5],"to":[3,11.4375,14.375],"rotation":{"angle":0,"axis":"y","origin":[3.8125,3.21875,3.625]},"faces":{"north":{"uv":[2.75,6.75,2.875,8.4375],"texture":"#1"},"east":{"uv":[5.25,4.75,5.5,6.4375],"texture":"#1"},"south":{"uv":[3,6.75,3.125,8.4375],"texture":"#1"},"west":{"uv":[3.25,5.5,3.5,7.1875],"texture":"#1"},"up":{"uv":[7.875,8.75,7.75,8.5],"texture":"#1"},"down":{"uv":[8.125,8.5,8,8.75],"texture":"#1"}}},{"from":[1.625,3,7.6875],"to":[2,11.4375,8.5625],"rotation":{"angle":0,"axis":"y","origin":[3.8125,3.21875,3.625]},"faces":{"north":{"uv":[1.25,6,1.375,8.125],"texture":"#1"},"east":{"uv":[2.75,4.5,3,6.625],"texture":"#1"},"south":{"uv":[1.5,6,1.625,8.125],"texture":"#1"},"west":{"uv":[3,4.5,3.25,6.625],"texture":"#1"},"up":{"uv":[8.375,8.75,8.25,8.5],"texture":"#1"},"down":{"uv":[8.625,8.5,8.5,8.75],"texture":"#1"}}},{"from":[1.50962,3.28125,7.75243],"to":[2.38462,3.71875,10.68993],"rotation":{"angle":22.5,"axis":"y","origin":[2,3.21875,7.875]},"faces":{"north":{"uv":[0,8.75,0.25,8.875],"texture":"#1"},"east":{"uv":[8,3.25,8.75,3.375],"texture":"#1"},"south":{"uv":[8.75,0,9,0.125],"texture":"#1"},"west":{"uv":[8,3.5,8.75,3.625],"texture":"#1"},"up":{"uv":[0.25,7.75,0,7],"texture":"#1"},"down":{"uv":[0.5,7,0.25,7.75],"texture":"#1"}}},{"from":[3.375,3.03125,-0.59375],"to":[4.25,3.40625,8.59375],"rotation":{"angle":-22.5,"axis":"y","origin":[3.8125,3.21875,3.625]},"faces":{"north":{"uv":[0.25,8.75,0.5,8.875],"texture":"#1"},"east":{"uv":[5.5,6,7.8125,6.125],"texture":"#1"},"south":{"uv":[0.5,8.75,0.75,8.875],"texture":"#1"},"west":{"uv":[5.5,6.25,7.8125,6.375],"texture":"#1"},"up":{"uv":[2.5,6.8125,2.25,4.5],"texture":"#1"},"down":{"uv":[2.75,4.5,2.5,6.8125],"texture":"#1"}}},{"from":[8.125,3.03125,-0.59375],"to":[9,3.40625,2.09375],"rotation":{"angle":22.5,"axis":"y","origin":[8.5625,3.21875,4]},"faces":{"north":{"uv":[1,8.75,1.25,8.875],"texture":"#1"},"east":{"uv":[0,8.25,0.6875,8.375],"texture":"#1"},"south":{"uv":[8.75,1,9,1.125],"texture":"#1"},"west":{"uv":[8.25,0.75,8.9375,0.875],"texture":"#1"},"up":{"uv":[0.75,7.6875,0.5,7],"texture":"#1"},"down":{"uv":[1,7,0.75,7.6875],"texture":"#1"}}},{"from":[4.875,3.25,-0.4375],"to":[5.75,11.6875,-0.0625],"rotation":{"angle":0,"axis":"y","origin":[6,11.5,-3.25]},"faces":{"north":{"uv":[4.5,4.75,4.75,6.875],"texture":"#1"},"east":{"uv":[5,6.5,5.125,8.625],"texture":"#1"},"south":{"uv":[4.75,4.75,5,6.875],"texture":"#1"},"west":{"uv":[5.25,6.5,5.375,8.625],"texture":"#1"},"up":{"uv":[1.5,8.875,1.25,8.75],"texture":"#1"},"down":{"uv":[1.75,8.75,1.5,8.875],"texture":"#1"}}},{"from":[1.75,10.875,10.1875],"to":[5.25,11.375,11.0625],"rotation":{"angle":0,"axis":"y","origin":[6,11.5,2.75]},"faces":{"north":{"uv":[7.5,7,8.375,7.125],"texture":"#1"},"east":{"uv":[1.75,8.75,2,8.875],"texture":"#1"},"south":{"uv":[8,0.25,8.875,0.375],"texture":"#1"},"west":{"uv":[2,8.75,2.25,8.875],"texture":"#1"},"up":{"uv":[7.625,5.75,6.75,5.5],"texture":"#1"},"down":{"uv":[7.625,5.75,6.75,6],"texture":"#1"}}},{"from":[5.5,11.25,-0.5],"to":[6.5,11.75,6],"faces":{"north":{"uv":[8.75,2,9,2.125],"texture":"#1"},"east":{"uv":[6.75,6.5,8.375,6.625],"texture":"#1"},"south":{"uv":[2.25,8.75,2.5,8.875],"texture":"#1"},"west":{"uv":[6.75,6.75,8.375,6.875],"texture":"#1"},"up":{"uv":[4.25,7.125,4,5.5],"texture":"#1"},"down":{"uv":[4.5,5.5,4.25,7.125],"texture":"#1"}}},{"from":[1.75,11.25,7.625],"to":[4.75,11.75,8.5],"rotation":{"angle":0,"axis":"y","origin":[6,11.5,2.75]},"faces":{"north":{"uv":[3.75,8,4.5,8.125],"texture":"#1"},"east":{"uv":[8.75,2.25,9,2.375],"texture":"#1"},"south":{"uv":[8,3.75,8.75,3.875],"texture":"#1"},"west":{"uv":[2.5,8.75,2.75,8.875],"texture":"#1"},"up":{"uv":[7.75,1,7,0.75],"texture":"#1"},"down":{"uv":[7.75,1,7,1.25],"texture":"#1"}}},{"from":[8.75,3.25,-0.4375],"to":[9.625,5.4375,-0.0625],"rotation":{"angle":0,"axis":"y","origin":[10,11.5,-3.25]},"faces":{"north":{"uv":[4,7.25,3.75,7.8125],"texture":"#1"},"east":{"uv":[7.125,8.25,7,8.8125],"texture":"#1"},"south":{"uv":[4.25,7.25,4,7.8125],"texture":"#1"},"west":{"uv":[6.875,8.25,6.75,8.8125],"texture":"#1"},"up":{"uv":[6.25,8.625,6.5,8.5],"texture":"#1"},"down":{"uv":[6.5,8.5,6.75,8.625],"texture":"#1"}}},{"from":[14,3.75,10.25],"to":[14.375,11.3125,11.125],"rotation":{"angle":0,"axis":"y","origin":[12.1875,3.21875,3.625]},"faces":{"north":{"uv":[6.625,6.5,6.5,8.375],"texture":"#1"},"east":{"uv":[0.5,5,0.25,6.875],"texture":"#1"},"south":{"uv":[1.125,6.75,1,8.625],"texture":"#1"},"west":{"uv":[0.25,5,0,6.875],"texture":"#1"},"up":{"uv":[7.25,8.75,7.375,8.5],"texture":"#1"},"down":{"uv":[7.5,8.5,7.625,8.75],"texture":"#1"}}},{"from":[13,4.75,13.5],"to":[13.375,11.4375,14.375],"rotation":{"angle":0,"axis":"y","origin":[12.1875,3.21875,3.625]},"faces":{"north":{"uv":[2.875,6.75,2.75,8.4375],"texture":"#1"},"east":{"uv":[3.5,5.5,3.25,7.1875],"texture":"#1"},"south":{"uv":[3.125,6.75,3,8.4375],"texture":"#1"},"west":{"uv":[5.5,4.75,5.25,6.4375],"texture":"#1"},"up":{"uv":[7.75,8.75,7.875,8.5],"texture":"#1"},"down":{"uv":[8,8.5,8.125,8.75],"texture":"#1"}}},{"from":[14,3,7.6875],"to":[14.375,11.4375,8.5625],"rotation":{"angle":0,"axis":"y","origin":[12.1875,3.21875,3.625]},"faces":{"north":{"uv":[1.375,6,1.25,8.125],"texture":"#1"},"east":{"uv":[3.25,4.5,3,6.625],"texture":"#1"},"south":{"uv":[1.625,6,1.5,8.125],"texture":"#1"},"west":{"uv":[3,4.5,2.75,6.625],"texture":"#1"},"up":{"uv":[8.25,8.75,8.375,8.5],"texture":"#1"},"down":{"uv":[8.5,8.5,8.625,8.75],"texture":"#1"}}},{"from":[13.61538,3.28125,7.75243],"to":[14.49038,3.71875,10.68993],"rotation":{"angle":-22.5,"axis":"y","origin":[14,3.21875,7.875]},"faces":{"north":{"uv":[0.25,8.75,0,8.875],"texture":"#1"},"east":{"uv":[8.75,3.5,8,3.625],"texture":"#1"},"south":{"uv":[9,0,8.75,0.125],"texture":"#1"},"west":{"uv":[8.75,3.25,8,3.375],"texture":"#1"},"up":{"uv":[0,7.75,0.25,7],"texture":"#1"},"down":{"uv":[0.25,7,0.5,7.75],"texture":"#1"}}},{"from":[11.75,3.03125,-0.59375],"to":[12.625,3.40625,8.59375],"rotation":{"angle":22.5,"axis":"y","origin":[12.1875,3.21875,3.625]},"faces":{"north":{"uv":[0.5,8.75,0.25,8.875],"texture":"#1"},"east":{"uv":[7.8125,6.25,5.5,6.375],"texture":"#1"},"south":{"uv":[0.75,8.75,0.5,8.875],"texture":"#1"},"west":{"uv":[7.8125,6,5.5,6.125],"texture":"#1"},"up":{"uv":[2.25,6.8125,2.5,4.5],"texture":"#1"},"down":{"uv":[2.5,4.5,2.75,6.8125],"texture":"#1"}}},{"from":[7,3.03125,-0.59375],"to":[7.875,3.40625,2.09375],"rotation":{"angle":-22.5,"axis":"y","origin":[7.4375,3.21875,4]},"faces":{"north":{"uv":[1.25,8.75,1,8.875],"texture":"#1"},"east":{"uv":[8.9375,0.75,8.25,0.875],"texture":"#1"},"south":{"uv":[9,1,8.75,1.125],"texture":"#1"},"west":{"uv":[0.6875,8.25,0,8.375],"texture":"#1"},"up":{"uv":[0.5,7.6875,0.75,7],"texture":"#1"},"down":{"uv":[0.75,7,1,7.6875],"texture":"#1"}}},{"from":[10.25,3.25,-0.4375],"to":[11.125,11.6875,-0.0625],"rotation":{"angle":0,"axis":"y","origin":[10,11.5,-3.25]},"faces":{"north":{"uv":[4.75,4.75,4.5,6.875],"texture":"#1"},"east":{"uv":[5.375,6.5,5.25,8.625],"texture":"#1"},"south":{"uv":[5,4.75,4.75,6.875],"texture":"#1"},"west":{"uv":[5.125,6.5,5,8.625],"texture":"#1"},"up":{"uv":[1.25,8.875,1.5,8.75],"texture":"#1"},"down":{"uv":[1.5,8.75,1.75,8.875],"texture":"#1"}}},{"from":[10.75,10.875,10.1875],"to":[14.25,11.375,11.0625],"rotation":{"angle":0,"axis":"y","origin":[10,11.5,2.75]},"faces":{"north":{"uv":[8.375,7,7.5,7.125],"texture":"#1"},"east":{"uv":[2.25,8.75,2,8.875],"texture":"#1"},"south":{"uv":[8.875,0.25,8,0.375],"texture":"#1"},"west":{"uv":[2,8.75,1.75,8.875],"texture":"#1"},"up":{"uv":[6.75,5.75,7.625,5.5],"texture":"#1"},"down":{"uv":[6.75,5.75,7.625,6],"texture":"#1"}}},{"from":[9.5,11.25,-0.5],"to":[10.5,11.75,6],"rotation":{"angle":0,"axis":"y","origin":[16,0,0]},"faces":{"north":{"uv":[9,2,8.75,2.125],"texture":"#1"},"east":{"uv":[8.375,6.75,6.75,6.875],"texture":"#1"},"south":{"uv":[2.5,8.75,2.25,8.875],"texture":"#1"},"west":{"uv":[8.375,6.5,6.75,6.625],"texture":"#1"},"up":{"uv":[4,7.125,4.25,5.5],"texture":"#1"},"down":{"uv":[4.25,5.5,4.5,7.125],"texture":"#1"}}},{"from":[11.25,11.25,7.625],"to":[14.25,11.75,8.5],"rotation":{"angle":0,"axis":"y","origin":[10,11.5,2.75]},"faces":{"north":{"uv":[4.5,8,3.75,8.125],"texture":"#1"},"east":{"uv":[2.75,8.75,2.5,8.875],"texture":"#1"},"south":{"uv":[8.75,3.75,8,3.875],"texture":"#1"},"west":{"uv":[9,2.25,8.75,2.375],"texture":"#1"},"up":{"uv":[7,1,7.75,0.75],"texture":"#1"},"down":{"uv":[7,1,7.75,1.25],"texture":"#1"}}},{"from":[4.75,10.25,6],"to":[11.25,11.75,12.5],"faces":{"north":{"uv":[4.75,0.75,6.375,1.125],"texture":"#1"},"east":{"uv":[4.75,1.25,6.375,1.625],"texture":"#1"},"south":{"uv":[4.75,1.75,6.375,2.125],"texture":"#1"},"west":{"uv":[4.75,2.25,6.375,2.625],"texture":"#1"},"up":{"uv":[1.625,1.625,0,0],"texture":"#1"},"down":{"uv":[1.625,1.75,0,3.375],"texture":"#1"}}},{"from":[7.53561,2.96875,1.67267],"to":[8.47311,3.40625,8.86017],"rotation":{"angle":0,"axis":"y","origin":[7.22311,3.21875,0.76642]},"faces":{"north":{"uv":[3.25,8.75,3.5,8.875],"texture":"#1"},"east":{"uv":[6.75,5,8.5625,5.125],"texture":"#1"},"south":{"uv":[8.75,3.75,9,3.875],"texture":"#1"},"west":{"uv":[6.75,5.25,8.5625,5.375],"texture":"#1"},"up":{"uv":[0.75,6.8125,0.5,5],"texture":"#1"},"down":{"uv":[1,5,0.75,6.8125],"texture":"#1"}}},{"from":[7.47311,3.34375,8.86017],"to":[8.53561,3.78125,11.04767],"rotation":{"angle":-22.5,"axis":"x","origin":[8.00436,3.1875,9.76642]},"faces":{"north":{"uv":[8.75,4,9,4.125],"texture":"#1"},"east":{"uv":[8.25,7.75,8.8125,7.875],"texture":"#1"},"south":{"uv":[4.25,8.75,4.5,8.875],"texture":"#1"},"west":{"uv":[8.25,8,8.8125,8.125],"texture":"#1"},"up":{"uv":[5,8.0625,4.75,7.5],"texture":"#1"},"down":{"uv":[8,3.75,7.75,4.3125],"texture":"#1"}}},{"from":[1.84375,3.71875,10.1875],"to":[14.09375,4.09375,11.0625],"rotation":{"angle":0,"axis":"y","origin":[3.75,3.21875,3.625]},"faces":{"north":{"uv":[4.75,2.75,7.8125,2.875],"texture":"#1"},"east":{"uv":[8.75,4.25,9,4.375],"texture":"#1"},"south":{"uv":[4.75,3,7.8125,3.125],"texture":"#1"},"west":{"uv":[4.75,8.75,5,8.875],"texture":"#1"},"up":{"uv":[7.5625,4.25,4.5,4],"texture":"#1"},"down":{"uv":[7.5625,4.25,4.5,4.5],"texture":"#1"}}},{"from":[2.84375,4.46875,13.4375],"to":[13.09375,4.84375,14.3125],"rotation":{"angle":0,"axis":"y","origin":[3.75,3.21875,3.625]},"faces":{"north":{"uv":[4.75,3.25,7.3125,3.375],"texture":"#1"},"east":{"uv":[8.75,4.75,9,4.875],"texture":"#1"},"south":{"uv":[4.75,3.5,7.3125,3.625],"texture":"#1"},"west":{"uv":[5,8.75,5.25,8.875],"texture":"#1"},"up":{"uv":[7.0625,4.75,4.5,4.5],"texture":"#1"},"down":{"uv":[7.3125,0,4.75,0.25],"texture":"#1"}}},{"from":[2.84375,11.34375,13.4375],"to":[13.09375,11.71875,14.3125],"rotation":{"angle":0,"axis":"y","origin":[3.75,3.21875,3.625]},"faces":{"north":{"uv":[4.75,3.75,7.3125,3.875],"texture":"#1"},"east":{"uv":[8.75,5,9,5.125],"texture":"#1"},"south":{"uv":[5.5,4.75,8.0625,4.875],"texture":"#1"},"west":{"uv":[5.25,8.75,5.5,8.875],"texture":"#1"},"up":{"uv":[7.3125,0.5,4.75,0.25],"texture":"#1"},"down":{"uv":[7.3125,0.5,4.75,0.75],"texture":"#1"}}},{"from":[5.53125,5.28125,-0.5],"to":[10.46875,6.15625,-0.0625],"rotation":{"angle":0,"axis":"y","origin":[5.3125,8.46875,-0.25]},"faces":{"north":{"uv":[5.5,5,6.75,5.25],"texture":"#1"},"east":{"uv":[8.75,5.25,8.875,5.5],"texture":"#1"},"south":{"uv":[5.5,5.25,6.75,5.5],"texture":"#1"},"west":{"uv":[5.5,8.75,5.625,9],"texture":"#1"},"up":{"uv":[8.5,2.625,7.25,2.5],"texture":"#1"},"down":{"uv":[8.5,4.5,7.25,4.625],"texture":"#1"}}},{"from":[5.53125,11.5,-0.21875],"to":[10.46875,11.9375,0.65625],"rotation":{"angle":0,"axis":"y","origin":[8,11.71875,-0.28125]},"faces":{"north":{"uv":[6.75,7.25,8,7.375],"texture":"#1"},"east":{"uv":[8.75,5.5,9,5.625],"texture":"#1"},"south":{"uv":[7.5,0,8.75,0.125],"texture":"#1"},"west":{"uv":[5.75,8.75,6,8.875],"texture":"#1"},"up":{"uv":[6.75,5.75,5.5,5.5],"texture":"#1"},"down":{"uv":[6.75,5.75,5.5,6],"texture":"#1"}}}],"display":{"head":{"translation":[0,3.5,8],"scale":[0.8,0.8,0.8]}},"groups":[{"name":"triple","origin":[0,0,0],"color":0,"nbt":"{}","children":[{"name":"side","origin":[0,0,0],"color":0,"nbt":"{}","children":[0,1,2,3,4,5,6,7,8,9,10]},{"name":"side","origin":[0,0,0],"color":0,"nbt":"{}","children":[11,12,13,14,15,16,17,18,19,20,21]},22,23,24,25,26,27,28,29]}]}