{"credit":"Shingeki no Craft: Made by Fanfo and Zabat","textures":{"2":"custom/titan/shifter/cart/die/2/body","3":"custom/titan/shifter/cart/die/2/head","4":"custom/titan/shifter/cart/die/2/teeth","particle":"custom/titan/shifter/cart/die/2/body"},"elements":[{"name":"cuello","from":[5.75,6,2],"to":[10.25,12,6],"rotation":{"angle":-45,"axis":"x","origin":[7,9,3]},"faces":{"north":{"uv":[9.5,1.75,10.625,3.25],"texture":"#2"},"east":{"uv":[9.75,8.25,10.75,9.75],"texture":"#2"},"south":{"uv":[9.5,3.25,10.625,4.75],"texture":"#2"},"west":{"uv":[9.75,9.75,10.75,11.25],"texture":"#2"},"up":{"uv":[11.875,5.75,10.75,4.75],"texture":"#2"},"down":{"uv":[11.875,5.75,10.75,6.75],"texture":"#2"}}},{"name":"body","from":[3,4.82283,17.80403],"to":[13,11.32283,23.30403],"rotation":{"angle":0,"axis":"y","origin":[8,7.06343,16.7406]},"faces":{"north":{"uv":[6,0,8.5,1.625],"texture":"#2"},"east":{"uv":[2,9,3.375,10.625],"texture":"#2"},"south":{"uv":[6,1.75,8.5,3.375],"texture":"#2"},"west":{"uv":[3.5,9,4.875,10.625],"texture":"#2"},"up":{"uv":[8.5,4.875,6,3.5],"texture":"#2"},"down":{"uv":[2.5,6.75,0,8.125],"texture":"#2"}}},{"name":"wtf","from":[2,3.32283,4.30403],"to":[14,11.32283,13.55403],"rotation":{"angle":0,"axis":"y","origin":[8,7.06343,16.7406]},"faces":{"north":{"uv":[3,0,6,2],"texture":"#2"},"east":{"uv":[3,5.75,5.3125,7.75],"texture":"#2"},"south":{"uv":[3,2,6,4],"texture":"#2"},"west":{"uv":[5.5,5.75,7.8125,7.75],"texture":"#2"},"up":{"uv":[3,2.3125,0,0],"texture":"#2"},"down":{"uv":[3,2.5,0,4.8125],"texture":"#2"}}},{"name":"body","from":[2,4.07283,13.55403],"to":[14,10.82283,17.80403],"rotation":{"angle":0,"axis":"y","origin":[8,7.06343,16.7406]},"faces":{"north":{"uv":[3,4,6,5.6875],"texture":"#2"},"east":{"uv":[7,9,8.0625,10.6875],"texture":"#2"},"south":{"uv":[0,5,3,6.6875],"texture":"#2"},"west":{"uv":[9.5,0,10.5625,1.6875],"texture":"#2"},"up":{"uv":[5.5,8.8125,2.5,7.75],"texture":"#2"},"down":{"uv":[8.5,7.75,5.5,8.8125],"texture":"#2"}}},{"name":"dedos","from":[15,-3.64173,-1.60289],"to":[17.5,-2.89173,1.89711],"rotation":{"angle":0,"axis":"y","origin":[21.25,23.35827,3.39711]},"faces":{"north":{"uv":[6.25,11.25,6.875,11.5],"texture":"#2"},"east":{"uv":[9.25,11.25,10.125,11.5],"texture":"#2"},"south":{"uv":[3,11.5,3.625,11.75],"texture":"#2"},"west":{"uv":[2,11.5,2.875,11.75],"texture":"#2"},"up":{"uv":[5.375,12.125,4.75,11.25],"texture":"#2"},"down":{"uv":[6.125,11.25,5.5,12.125],"texture":"#2"}}},{"from":[14.40207,-3.60275,-1.2828],"to":[15.15207,-3.10275,2.2172],"rotation":{"angle":0,"axis":"y","origin":[8,7.06343,19.2406]},"faces":{"north":{"uv":[8,7.25,8.1875,7.4375],"texture":"#2"},"east":{"uv":[11.25,11.5,12.125,11.6875],"texture":"#2"},"south":{"uv":[8,7.5,8.1875,7.6875],"texture":"#2"},"west":{"uv":[11.75,0,12.625,0.1875],"texture":"#2"},"up":{"uv":[2.6875,7.625,2.5,6.75],"texture":"#2"},"down":{"uv":[2.9375,6.75,2.75,7.625],"texture":"#2"}}},{"name":"hombro","from":[14,2.82283,4.80403],"to":[18,11.32283,9.30403],"rotation":{"angle":0,"axis":"y","origin":[18.25,7.07283,6.05403]},"faces":{"north":{"uv":[5,9,6,11.125],"texture":"#2"},"east":{"uv":[8.5,6,9.625,8.125],"texture":"#2"},"south":{"uv":[6,9,7,11.125],"texture":"#2"},"west":{"uv":[8.5,8.25,9.625,10.375],"texture":"#2"},"up":{"uv":[11.75,7.875,10.75,6.75],"texture":"#2"},"down":{"uv":[8,10.75,7,11.875],"texture":"#2"}}},{"name":"antebrazo","from":[14.25,-1.48783,0.71089],"to":[17.75,1.51217,7.96089],"rotation":{"angle":-45,"axis":"x","origin":[16,0.01217,4.46089]},"faces":{"north":{"uv":[10.75,10,11.625,10.75],"texture":"#2"},"east":{"uv":[6,5,7.75,5.75],"texture":"#2"},"south":{"uv":[10.75,10.75,11.625,11.5],"texture":"#2"},"west":{"uv":[10.75,1.75,12.5,2.5],"texture":"#2"},"up":{"uv":[10.625,6.5,9.75,4.75],"texture":"#2"},"down":{"uv":[10.625,6.5,9.75,8.25],"texture":"#2"}}},{"name":"dedos","from":[-1.5,-3.64173,-1.60289],"to":[1,-2.89173,1.89711],"rotation":{"angle":0,"axis":"y","origin":[-5.25,23.35827,3.39711]},"faces":{"north":{"uv":[6.875,11.25,6.25,11.5],"texture":"#2"},"east":{"uv":[2.875,11.5,2,11.75],"texture":"#2"},"south":{"uv":[3.625,11.5,3,11.75],"texture":"#2"},"west":{"uv":[10.125,11.25,9.25,11.5],"texture":"#2"},"up":{"uv":[4.75,12.125,5.375,11.25],"texture":"#2"},"down":{"uv":[5.5,11.25,6.125,12.125],"texture":"#2"}}},{"from":[0.84793,-3.60275,-1.2828],"to":[1.59793,-3.10275,2.2172],"rotation":{"angle":0,"axis":"y","origin":[8,7.06343,19.2406]},"faces":{"north":{"uv":[8.1875,7.25,8,7.4375],"texture":"#2"},"east":{"uv":[12.625,0,11.75,0.1875],"texture":"#2"},"south":{"uv":[8.1875,7.5,8,7.6875],"texture":"#2"},"west":{"uv":[12.125,11.5,11.25,11.6875],"texture":"#2"},"up":{"uv":[2.5,7.625,2.6875,6.75],"texture":"#2"},"down":{"uv":[2.75,6.75,2.9375,7.625],"texture":"#2"}}},{"name":"hombro","from":[-2,2.82283,4.80403],"to":[2,11.32283,9.30403],"rotation":{"angle":0,"axis":"y","origin":[-2.25,7.07283,6.05403]},"faces":{"north":{"uv":[6,9,5,11.125],"texture":"#2"},"east":{"uv":[9.625,8.25,8.5,10.375],"texture":"#2"},"south":{"uv":[7,9,6,11.125],"texture":"#2"},"west":{"uv":[9.625,6,8.5,8.125],"texture":"#2"},"up":{"uv":[10.75,7.875,11.75,6.75],"texture":"#2"},"down":{"uv":[7,10.75,8,11.875],"texture":"#2"}}},{"name":"antebrazo","from":[-1.75,-1.48783,0.71089],"to":[1.75,1.51217,7.96089],"rotation":{"angle":-45,"axis":"x","origin":[0,0.01217,4.46089]},"faces":{"north":{"uv":[11.625,10,10.75,10.75],"texture":"#2"},"east":{"uv":[12.5,1.75,10.75,2.5],"texture":"#2"},"south":{"uv":[11.625,10.75,10.75,11.5],"texture":"#2"},"west":{"uv":[7.75,5,6,5.75],"texture":"#2"},"up":{"uv":[9.75,6.5,10.625,4.75],"texture":"#2"},"down":{"uv":[9.75,6.5,10.625,8.25],"texture":"#2"}}},{"name":"muslo","from":[10,-1.17717,19.55403],"to":[14,10.07283,23.55403],"rotation":{"angle":0,"axis":"y","origin":[11.5,7.82283,27.55403]},"faces":{"north":{"uv":[0,8.25,1,11.0625],"texture":"#2"},"east":{"uv":[1,8.25,2,11.0625],"texture":"#2"},"south":{"uv":[8.5,0,9.5,2.8125],"texture":"#2"},"west":{"uv":[8.5,3,9.5,5.8125],"texture":"#2"},"up":{"uv":[11.75,9,10.75,8],"texture":"#2"},"down":{"uv":[11.75,9,10.75,10],"texture":"#2"}}},{"name":"canilla","from":[10.5,-1.61467,20.30403],"to":[13.75,1.32283,27.30403],"rotation":{"angle":0,"axis":"y","origin":[8,7.06343,15.2406]},"faces":{"north":{"uv":[0,11.25,0.8125,12],"texture":"#2"},"east":{"uv":[2,10.75,3.75,11.5],"texture":"#2"},"south":{"uv":[1,11.25,1.8125,12],"texture":"#2"},"west":{"uv":[10.75,2.5,12.5,3.25],"texture":"#2"},"up":{"uv":[9.0625,12.25,8.25,10.5],"texture":"#2"},"down":{"uv":[11.5625,0,10.75,1.75],"texture":"#2"}}},{"name":"dedos","from":[10.25,-4.05217,28.30403],"to":[13.75,1.44783,29.30403],"rotation":{"angle":-22.5,"axis":"x","origin":[12,-1.17717,27.80403]},"faces":{"north":{"uv":[10.75,3.25,11.625,4.625],"texture":"#2"},"east":{"uv":[8,5,8.25,6.375],"texture":"#2"},"south":{"uv":[3.75,10.75,4.625,12.125],"texture":"#2"},"west":{"uv":[8.25,5,8.5,6.375],"texture":"#2"},"up":{"uv":[10.125,11.75,9.25,11.5],"texture":"#2"},"down":{"uv":[11.125,11.5,10.25,11.75],"texture":"#2"}}},{"from":[10.25,-3.67717,28.30403],"to":[11.25,-2.67717,29.30403],"rotation":{"angle":0,"axis":"y","origin":[10.75,-3.17717,28.80403]},"faces":{"north":{"uv":[7.75,5,8,5.25],"texture":"#2"},"east":{"uv":[7.75,5.25,8,5.5],"texture":"#2"},"south":{"uv":[7.75,5.5,8,5.75],"texture":"#2"},"west":{"uv":[8,6.5,8.25,6.75],"texture":"#2"},"up":{"uv":[8.25,7,8,6.75],"texture":"#2"},"down":{"uv":[8.25,7,8,7.25],"texture":"#2"}}},{"name":"muslo","from":[2,-1.17717,19.55403],"to":[6,10.07283,23.55403],"rotation":{"angle":0,"axis":"y","origin":[4.5,7.82283,27.55403]},"faces":{"north":{"uv":[1,8.25,0,11.0625],"texture":"#2"},"east":{"uv":[9.5,3,8.5,5.8125],"texture":"#2"},"south":{"uv":[9.5,0,8.5,2.8125],"texture":"#2"},"west":{"uv":[2,8.25,1,11.0625],"texture":"#2"},"up":{"uv":[10.75,9,11.75,8],"texture":"#2"},"down":{"uv":[10.75,9,11.75,10],"texture":"#2"}}},{"name":"canilla","from":[2.25,-1.61467,20.30403],"to":[5.5,1.32283,27.30403],"rotation":{"angle":0,"axis":"y","origin":[8,7.06343,15.2406]},"faces":{"north":{"uv":[0.8125,11.25,0,12],"texture":"#2"},"east":{"uv":[12.5,2.5,10.75,3.25],"texture":"#2"},"south":{"uv":[1.8125,11.25,1,12],"texture":"#2"},"west":{"uv":[3.75,10.75,2,11.5],"texture":"#2"},"up":{"uv":[8.25,12.25,9.0625,10.5],"texture":"#2"},"down":{"uv":[10.75,0,11.5625,1.75],"texture":"#2"}}},{"name":"dedos","from":[2.25,-4.05217,28.30403],"to":[5.75,1.44783,29.30403],"rotation":{"angle":-22.5,"axis":"x","origin":[4,-1.17717,27.80403]},"faces":{"north":{"uv":[11.625,3.25,10.75,4.625],"texture":"#2"},"east":{"uv":[8.5,5,8.25,6.375],"texture":"#2"},"south":{"uv":[4.625,10.75,3.75,12.125],"texture":"#2"},"west":{"uv":[8.25,5,8,6.375],"texture":"#2"},"up":{"uv":[9.25,11.75,10.125,11.5],"texture":"#2"},"down":{"uv":[10.25,11.5,11.125,11.75],"texture":"#2"}}},{"from":[4.75,-3.67717,28.30403],"to":[5.75,-2.67717,29.30403],"rotation":{"angle":0,"axis":"y","origin":[5.25,-3.17717,28.80403]},"faces":{"north":{"uv":[8,5,7.75,5.25],"texture":"#2"},"east":{"uv":[8.25,6.5,8,6.75],"texture":"#2"},"south":{"uv":[8,5.5,7.75,5.75],"texture":"#2"},"west":{"uv":[8,5.25,7.75,5.5],"texture":"#2"},"up":{"uv":[8,7,8.25,6.75],"texture":"#2"},"down":{"uv":[8,7,8.25,7.25],"texture":"#2"}}},{"from":[5.59875,13.83684,-2.23278],"to":[10.40125,14.85684,-0.53278],"rotation":{"angle":-22.5,"axis":"x","origin":[8.01,13.85234,-2.17254]},"faces":{"north":{"uv":[10.25,4.25,8.5,4.625],"texture":"#3"},"east":{"uv":[7,5.375,6.375,5.75],"texture":"#3"},"south":{"uv":[8.5,8.375,6.75,8.75],"texture":"#3"},"west":{"uv":[4.25,7,3.625,7.375],"texture":"#3"},"up":{"uv":[5.375,8,3.625,8.625],"texture":"#3"},"down":{"uv":[1.75,8.75,0,8.125],"texture":"#3"}}},{"from":[4.94,12.74,0.58],"to":[11.06,15.46,2.28],"rotation":{"angle":0,"axis":"y","origin":[8.01,13.85234,-2.17254]},"faces":{"north":{"uv":[8.25,1,6,2],"texture":"#3"},"east":{"uv":[4.25,8.625,3.625,9.625],"texture":"#3"},"south":{"uv":[8.25,0,6,1],"texture":"#3"},"west":{"uv":[4.875,8.625,4.25,9.625],"texture":"#3"},"up":{"uv":[2.25,6.625,0,7.25],"texture":"#3"},"down":{"uv":[8.25,7.375,6,6.75],"texture":"#3"}}},{"from":[5.28,10.02,0.58],"to":[10.72,12.74,2.28],"rotation":{"angle":0,"axis":"y","origin":[8.01,13.85234,-2.17254]},"faces":{"north":{"uv":[8.375,2,6.375,3],"texture":"#3"},"east":{"uv":[0.625,8.75,0,9.75],"texture":"#3"},"south":{"uv":[8,5.75,6,6.75],"texture":"#3"},"west":{"uv":[1.25,8.75,0.625,9.75],"texture":"#3"},"up":{"uv":[9,5.125,7,5.75],"texture":"#3"},"down":{"uv":[5.625,8,3.625,7.375],"texture":"#3"}}},{"from":[4.6,12.4,-0.1],"to":[11.4,14.78,1.26],"rotation":{"angle":22.5,"axis":"x","origin":[8,13.42,0.07]},"faces":{"north":{"uv":[8.375,2,6.375,3],"texture":"#3"},"east":{"uv":[1.25,15,0.625,16],"texture":"#3"},"south":{"uv":[3.25,15,1.25,16],"texture":"#3"},"west":{"uv":[0.625,15,0,16],"texture":"#3"},"up":{"uv":[9,5.125,7,5.75],"texture":"#3"},"down":{"uv":[5.375,16,3.375,15.375],"texture":"#3"}}},{"from":[4.94,9,-1.035],"to":[11.06,15.46,0.58],"rotation":{"angle":0,"axis":"y","origin":[8.01,13.85234,-2.17254]},"faces":{"north":{"uv":[4.5,0,2.25,2.375],"texture":"#3"},"east":{"uv":[7,3,6.375,5.375],"texture":"#3"},"south":{"uv":[2.25,0,0,2.375],"texture":"#3"},"west":{"uv":[3.625,6.5,3,8.875],"texture":"#3"},"up":{"uv":[9.25,3,7,3.625],"texture":"#3"},"down":{"uv":[9.25,4.25,7,3.625],"texture":"#3"}}},{"from":[5.62,10.7,2.28],"to":[10.38,15.12,3.13],"rotation":{"angle":0,"axis":"y","origin":[8.01,13.85234,-2.17254]},"faces":{"north":{"uv":[6.375,4.125,4.625,5.75],"texture":"#3"},"east":{"uv":[1.75,8.75,1.5,10.375],"texture":"#3"},"south":{"uv":[6.375,2.5,4.625,4.125],"texture":"#3"},"west":{"uv":[3.5,8.875,3.25,10.5],"texture":"#3"},"up":{"uv":[10.875,8.75,9.125,9],"texture":"#3"},"down":{"uv":[11,3.25,9.25,3],"texture":"#3"}}},{"from":[5.62,13.75679,-2.61224],"to":[10.38,14.77679,-2.27224],"rotation":{"angle":0,"axis":"y","origin":[8.01,13.85234,-2.17254]},"faces":{"north":{"uv":[10.25,8.375,8.5,8.75],"texture":"#3"},"east":{"uv":[4.625,4.875,4.5,5.25],"texture":"#3"},"south":{"uv":[10.25,4.625,8.5,5],"texture":"#3"},"west":{"uv":[4.625,5.25,4.5,5.625],"texture":"#3"},"up":{"uv":[10,7.25,8.25,7.375],"texture":"#3"},"down":{"uv":[6.625,9,4.875,8.875],"texture":"#3"}}},{"from":[5.96,13.50214,-4.3602],"to":[10.04,13.84214,-1.8952],"rotation":{"angle":0,"axis":"y","origin":[7.94625,13.85234,-2.17254]},"faces":{"north":{"uv":[11.25,1,9.75,1.125],"texture":"#3"},"east":{"uv":[0.875,9.75,0,9.875],"texture":"#3"},"south":{"uv":[3.25,9.625,1.75,9.75],"texture":"#3"},"west":{"uv":[10.625,1.375,9.75,1.5],"texture":"#3"},"up":{"uv":[8.5,4.25,7,5.125],"texture":"#3"},"down":{"uv":[1.5,8.125,0,7.25],"texture":"#3"}}},{"from":[5.93875,12.14214,-5.1677],"to":[10.06125,13.50214,-0.8752],"rotation":{"angle":0,"axis":"y","origin":[8.01,13.85234,-2.17254]},"faces":{"north":{"uv":[9.75,1.5,8.25,2],"texture":"#3"},"east":{"uv":[9.75,7.375,8.125,7.875],"texture":"#3"},"south":{"uv":[9.75,1,8.25,1.5],"texture":"#3"},"west":{"uv":[9.75,7.875,8.125,8.375],"texture":"#3"},"up":{"uv":[4.5,4.875,3,6.5],"texture":"#3"},"down":{"uv":[6,7.375,4.5,5.75],"texture":"#3"}}},{"from":[5.93875,12.14214,-6.4002],"to":[10.06125,12.99214,-5.1677],"rotation":{"angle":0,"axis":"y","origin":[8,12.56714,-6.12395]},"faces":{"north":{"uv":[10.5,5.375,9,5.75],"texture":"#3"},"east":{"uv":[4.125,9.625,3.625,10],"texture":"#3"},"south":{"uv":[10.5,5,9,5.375],"texture":"#3"},"west":{"uv":[4.625,9.625,4.125,10],"texture":"#3"},"up":{"uv":[9.75,6.75,8.25,7.25],"texture":"#3"},"down":{"uv":[9.875,2.5,8.375,2],"texture":"#3"}}},{"from":[5.93875,12.14214,-7.0377],"to":[10.06125,12.56714,-6.4002],"rotation":{"angle":0,"axis":"y","origin":[8,12.56714,-6.12395]},"faces":{"north":{"uv":[11.25,1.25,9.75,1.375],"texture":"#3"},"east":{"uv":[4.5,7.25,4.25,7.375],"texture":"#3"},"south":{"uv":[11.25,1.125,9.75,1.25],"texture":"#3"},"west":{"uv":[1.75,7.5,1.5,7.625],"texture":"#3"},"up":{"uv":[10.75,9.25,9.25,9.5],"texture":"#3"},"down":{"uv":[3.25,9.625,1.75,9.375],"texture":"#3"}}},{"from":[5.76875,8.99714,-2.2777],"to":[6.32125,14.86214,-0.85395],"rotation":{"angle":-22.5,"axis":"y","origin":[5.79,11.97214,-3.02145]},"faces":{"north":{"uv":[1.5,8.75,1.25,10.875],"texture":"#3"},"east":{"uv":[2.75,6.625,2.25,8.75],"texture":"#3"},"south":{"uv":[3,6.625,2.75,8.75],"texture":"#3"},"west":{"uv":[2.25,7.25,1.75,9.375],"texture":"#3"},"up":{"uv":[6.25,2,6,2.5],"texture":"#3"},"down":{"uv":[4.375,7,4.125,6.5],"texture":"#3"}}},{"from":[9.67875,8.99714,-2.2777],"to":[10.23125,14.86214,-0.85395],"rotation":{"angle":22.5,"axis":"y","origin":[10.21,11.97214,-3.02145]},"faces":{"north":{"uv":[1.25,8.75,1.5,10.875],"texture":"#3"},"east":{"uv":[1.75,7.25,2.25,9.375],"texture":"#3"},"south":{"uv":[2.75,6.625,3,8.75],"texture":"#3"},"west":{"uv":[2.25,6.625,2.75,8.75],"texture":"#3"},"up":{"uv":[6,2,6.25,2.5],"texture":"#3"},"down":{"uv":[4.125,7,4.375,6.5],"texture":"#3"}}},{"from":[5.76875,11.54112,-8.58022],"to":[6.06625,12.17862,-2.07772],"rotation":{"angle":0,"axis":"y","origin":[8,12.30612,-6.20022]},"faces":{"north":{"uv":[6.375,2.25,6.25,2.5],"texture":"#3"},"east":{"uv":[9.125,8.75,6.75,9],"texture":"#3"},"south":{"uv":[6.375,2,6.25,2.25],"texture":"#3"},"west":{"uv":[7.25,9,4.875,9.25],"texture":"#3"},"up":{"uv":[4.625,0,4.5,2.375],"texture":"#3"},"down":{"uv":[3.625,11.25,3.5,8.875],"texture":"#3"}}},{"from":[9.93375,11.54112,-8.58022],"to":[10.23125,12.17862,-2.07772],"rotation":{"angle":0,"axis":"y","origin":[8,12.30612,-6.20022]},"faces":{"north":{"uv":[6.25,2.25,6.375,2.5],"texture":"#3"},"east":{"uv":[4.875,9,7.25,9.25],"texture":"#3"},"south":{"uv":[6.25,2,6.375,2.25],"texture":"#3"},"west":{"uv":[6.75,8.75,9.125,9],"texture":"#3"},"up":{"uv":[4.5,0,4.625,2.375],"texture":"#3"},"down":{"uv":[3.5,11.25,3.625,8.875],"texture":"#3"}}},{"from":[7.00742,12.82862,-5.3802],"to":[8.36742,14.18862,-2.5752],"rotation":{"angle":45,"axis":"z","origin":[7.94625,13.85234,-2.17254]},"faces":{"north":{"uv":[9.75,9.5,9.25,10],"texture":"#3"},"east":{"uv":[3.25,8.875,2.25,9.375],"texture":"#3"},"south":{"uv":[4.125,6.5,3.625,7],"texture":"#3"},"west":{"uv":[8.25,9,7.25,9.5],"texture":"#3"},"up":{"uv":[8.75,9,8.25,10],"texture":"#3"},"down":{"uv":[9.25,10,8.75,9],"texture":"#3"}}},{"from":[5.98125,14.16848,-8.9499],"to":[10.01875,14.67848,-4.1899],"rotation":{"angle":-22.5,"axis":"x","origin":[8.01,13.85234,-2.17254]},"faces":{"north":{"uv":[7.875,9.5,6.375,9.75],"texture":"#3"},"east":{"uv":[11,3.25,9.25,3.5],"texture":"#3"},"south":{"uv":[6.375,9.5,4.875,9.75],"texture":"#3"},"west":{"uv":[11,3.5,9.25,3.75],"texture":"#3"},"up":{"uv":[1.5,4.875,0,6.625],"texture":"#3"},"down":{"uv":[3,6.625,1.5,4.875],"texture":"#3"}}},{"from":[5.79,11.71323,-9.20627],"to":[10.21,12.39323,-8.44127],"rotation":{"angle":22.5,"axis":"x","origin":[8,11.96823,-8.95127]},"faces":{"north":{"uv":[10.875,4,9.25,4.25],"texture":"#3"},"east":{"uv":[4.5,7,4.25,7.25],"texture":"#3"},"south":{"uv":[10.875,3.75,9.25,4],"texture":"#3"},"west":{"uv":[1.75,7.25,1.5,7.5],"texture":"#3"},"up":{"uv":[6.5,9.25,4.875,9.5],"texture":"#3"},"down":{"uv":[10.875,9.25,9.25,9],"texture":"#3"}}},{"from":[5.76875,8.93797,-8.84345],"to":[10.1675,10.29797,-1.02345],"rotation":{"angle":0,"axis":"y","origin":[7.99203,8.98184,-5.96211]},"faces":{"north":{"uv":[9.875,0.5,8.25,1],"texture":"#3"},"east":{"uv":[8.125,7.375,5.625,7.875],"texture":"#3"},"south":{"uv":[9.875,0,8.25,0.5],"texture":"#3"},"west":{"uv":[8.125,7.875,5.625,8.375],"texture":"#3"},"up":{"uv":[1.625,2.375,0,4.875],"texture":"#3"},"down":{"uv":[3.25,4.875,1.625,2.375],"texture":"#3"}}},{"from":[6.045,10.87,-8.855],"to":[9.955,11.61375,-8.515],"rotation":{"angle":0,"axis":"y","origin":[5.28,9,-0.78]},"faces":{"north":{"uv":[2.875,2.5,0,3],"texture":"#4"},"east":{"uv":[1,3.5,0.75,4],"texture":"#4"},"south":{"uv":[2.875,2,0,2.5],"texture":"#4"},"west":{"uv":[1.25,3.5,1,4],"texture":"#4"},"up":{"uv":[6.375,2.5,3.5,2.75],"texture":"#4"},"down":{"uv":[6.375,3,3.5,2.75],"texture":"#4"}}},{"from":[6.045,10.87,-8.515],"to":[6.385,11.61375,-1.715],"rotation":{"angle":0,"axis":"y","origin":[5.28,9,-0.78]},"faces":{"north":{"uv":[2.25,3.5,2,4],"texture":"#4"},"east":{"uv":[5,1,0,1.5],"texture":"#4"},"south":{"uv":[2,3.5,1.75,4],"texture":"#4"},"west":{"uv":[5,1.5,0,2],"texture":"#4"},"up":{"uv":[3.5,2.5,3.25,7.5],"texture":"#4"},"down":{"uv":[0.25,8.5,0,3.5],"texture":"#4"}}},{"from":[9.615,10.87,-8.515],"to":[9.955,11.61375,-1.715],"rotation":{"angle":0,"axis":"y","origin":[10.72,9,-0.78]},"faces":{"north":{"uv":[2,3.5,2.25,4],"texture":"#4"},"east":{"uv":[0,1.5,5,2],"texture":"#4"},"south":{"uv":[1.75,3.5,2,4],"texture":"#4"},"west":{"uv":[0,1,5,1.5],"texture":"#4"},"up":{"uv":[3.25,2.5,3.5,7.5],"texture":"#4"},"down":{"uv":[0,8.5,0.25,3.5],"texture":"#4"}}},{"from":[6.13,10.29625,-8.855],"to":[9.87,10.87,-8.515],"rotation":{"angle":0,"axis":"y","origin":[7.99203,8.98184,-5.96211]},"faces":{"north":{"uv":[5.625,2,3,2.5],"texture":"#4"},"east":{"uv":[0.5,3.5,0.25,4],"texture":"#4"},"south":{"uv":[2.625,3,0,3.5],"texture":"#4"},"west":{"uv":[0.75,3.5,0.5,4],"texture":"#4"},"up":{"uv":[6.125,3,3.5,3.25],"texture":"#4"},"down":{"uv":[6.25,3.5,3.5,3.25],"texture":"#4"}}},{"from":[6.13,10.29625,-8.515],"to":[6.47,10.87,-1.715],"rotation":{"angle":0,"axis":"y","origin":[7.99203,8.98184,-5.96211]},"faces":{"north":{"uv":[1.75,3.5,1.5,4],"texture":"#4"},"east":{"uv":[5,0,0,0.5],"texture":"#4"},"south":{"uv":[1.5,3.5,1.25,4],"texture":"#4"},"west":{"uv":[5,0.5,0,1],"texture":"#4"},"up":{"uv":[3.25,2.5,3,7.5],"texture":"#4"},"down":{"uv":[3,8,2.75,3],"texture":"#4"}}},{"from":[9.53,10.29625,-8.515],"to":[9.87,10.87,-1.715],"rotation":{"angle":0,"axis":"y","origin":[7.99203,8.98184,-5.96211]},"faces":{"north":{"uv":[1.5,3.5,1.75,4],"texture":"#4"},"east":{"uv":[0,0.5,5,1],"texture":"#4"},"south":{"uv":[1.25,3.5,1.5,4],"texture":"#4"},"west":{"uv":[0,0,5,0.5],"texture":"#4"},"up":{"uv":[3,2.5,3.25,7.5],"texture":"#4"},"down":{"uv":[2.75,8,3,3],"texture":"#4"}}}],"display":{"head":{"translation":[0,3.5,8],"scale":[0.8,0.8,0.8]}},"groups":[{"name":"titan_1","origin":[8,8,8],"color":0,"nbt":"{}","children":[{"name":"group","origin":[0,0,0],"color":0,"nbt":"{}","children":[{"name":"head","origin":[0,0,0],"color":0,"nbt":"{}","children":[]},{"name":"mouth","origin":[0,0,0],"color":0,"nbt":"{}","children":[]},0]},1,2,3,{"name":"right_arm","origin":[0,0,0],"color":0,"nbt":"{}","children":[4,5,6,7]},{"name":"right_arm","origin":[0,0,0],"color":0,"nbt":"{}","children":[8,9,10,11]},{"name":"right_leg","origin":[0,0,0],"color":0,"nbt":"{}","children":[12,13,{"name":"pies","origin":[0,0,0],"color":0,"nbt":"{}","children":[14,15]}]},{"name":"right_leg","origin":[0,0,0],"color":0,"nbt":"{}","children":[16,17,{"name":"pies","origin":[0,0,0],"color":0,"nbt":"{}","children":[18,19]}]}]},{"name":"cart","origin":[8,8,8],"color":0,"nbt":"{}","children":[{"name":"head","origin":[8,8,8],"color":0,"nbt":"{}","children":[20,21,22,23,24,25,26,27,28,29,30,31,32,33,34,35,36,37]},{"name":"Jaw","origin":[8,6.81756,13.59102],"color":0,"nbt":"{}","children":[38]},{"name":"theeth","origin":[8,8,8],"color":0,"nbt":"{}","children":[39,40,41,{"name":"jaw","origin":[0,0,0],"color":0,"nbt":"{}","children":[42,43,44]}]}]}]}