{"credit":"Shingeki no Craft: Made by Fanfo and Zabat","textures":{"0":"custom/titan/shifter/cart/cart","1":"custom/titan/shifter/cart/cart_teeth","particle":"custom/titan/shifter/cart/cart"},"elements":[{"from":[0.9375,16.226,-0.72712],"to":[15.0625,19.226,4.27288],"rotation":{"angle":22.5,"axis":"x","origin":[8.02942,16.27159,4.0957]},"faces":{"north":{"uv":[6.75,8.375,8.5,8.75],"texture":"#0"},"east":{"uv":[6.375,5.375,7,5.75],"texture":"#0"},"south":{"uv":[8.5,4.25,10.25,4.625],"texture":"#0"},"west":{"uv":[3.625,7,4.25,7.375],"texture":"#0"},"up":{"uv":[5.375,8.625,3.625,8],"texture":"#0"},"down":{"uv":[1.75,8.125,0,8.75],"texture":"#0"}}},{"from":[-1,12,-9],"to":[17,20,-4],"rotation":{"angle":0,"axis":"y","origin":[8.02942,16.27159,4.0957]},"faces":{"north":{"uv":[6,0,8.25,1],"texture":"#0"},"east":{"uv":[3.625,8.625,4.25,9.625],"texture":"#0"},"south":{"uv":[6,1,8.25,2],"texture":"#0"},"west":{"uv":[4.25,8.625,4.875,9.625],"texture":"#0"},"up":{"uv":[2.25,7.25,0,6.625],"texture":"#0"},"down":{"uv":[8.25,6.75,6,7.375],"texture":"#0"}}},{"from":[0,4,-9],"to":[16,12,-4],"rotation":{"angle":0,"axis":"y","origin":[8.02942,16.27159,4.0957]},"faces":{"north":{"uv":[6,5.75,8,6.75],"texture":"#0"},"east":{"uv":[0,8.75,0.625,9.75],"texture":"#0"},"south":{"uv":[6.375,2,8.375,3],"texture":"#0"},"west":{"uv":[0.625,8.75,1.25,9.75],"texture":"#0"},"up":{"uv":[9,5.75,7,5.125],"texture":"#0"},"down":{"uv":[5.625,7.375,3.625,8],"texture":"#0"}}},{"from":[-2,12,-6],"to":[18,19,-2],"rotation":{"angle":-22.5,"axis":"x","origin":[8,15,-2.5]},"faces":{"north":{"uv":[1.25,15,3.25,16],"texture":"#0"},"east":{"uv":[0.625,15,1.25,16],"texture":"#0"},"south":{"uv":[6.375,2,8.375,3],"texture":"#0"},"west":{"uv":[0,15,0.625,16],"texture":"#0"},"up":{"uv":[9,5.75,7,5.125],"texture":"#0"},"down":{"uv":[5.375,15.375,3.375,16],"texture":"#0"}}},{"from":[-1,2,-4],"to":[17,21,0.75],"rotation":{"angle":0,"axis":"y","origin":[8.02942,16.27159,4.0957]},"faces":{"north":{"uv":[0,0,2.25,2.375],"texture":"#0"},"east":{"uv":[6.375,3,7,5.375],"texture":"#0"},"south":{"uv":[2.25,0,4.5,2.375],"texture":"#0"},"west":{"uv":[3,6.5,3.625,8.875],"texture":"#0"},"up":{"uv":[9.25,3.625,7,3],"texture":"#0"},"down":{"uv":[9.25,3.625,7,4.25],"texture":"#0"}}},{"from":[1,5,-11.5],"to":[15,18,-9],"rotation":{"angle":0,"axis":"y","origin":[8.02942,16.27159,4.0957]},"faces":{"north":{"uv":[4.625,2.5,6.375,4.125],"texture":"#0"},"east":{"uv":[1.5,8.75,1.75,10.375],"texture":"#0"},"south":{"uv":[4.625,4.125,6.375,5.75],"texture":"#0"},"west":{"uv":[3.25,8.875,3.5,10.5],"texture":"#0"},"up":{"uv":[10.875,9,9.125,8.75],"texture":"#0"},"down":{"uv":[11,3,9.25,3.25],"texture":"#0"}}},{"from":[1,15.99057,4.38896],"to":[15,18.99057,5.38896],"rotation":{"angle":0,"axis":"y","origin":[8.02942,16.27159,4.0957]},"faces":{"north":{"uv":[8.5,4.625,10.25,5],"texture":"#0"},"east":{"uv":[4.5,4.875,4.625,5.25],"texture":"#0"},"south":{"uv":[8.5,8.375,10.25,8.75],"texture":"#0"},"west":{"uv":[4.5,5.25,4.625,5.625],"texture":"#0"},"up":{"uv":[10,7.375,8.25,7.25],"texture":"#0"},"down":{"uv":[6.625,8.875,4.875,9],"texture":"#0"}}},{"from":[2,15.2416,3.27999],"to":[14,16.2416,10.52999],"rotation":{"angle":0,"axis":"y","origin":[7.84192,16.27159,4.0957]},"faces":{"north":{"uv":[1.75,9.625,3.25,9.75],"texture":"#0"},"east":{"uv":[0,9.75,0.875,9.875],"texture":"#0"},"south":{"uv":[9.75,1,11.25,1.125],"texture":"#0"},"west":{"uv":[9.75,1.375,10.625,1.5],"texture":"#0"},"up":{"uv":[8.5,5.125,7,4.25],"texture":"#0"},"down":{"uv":[1.5,7.25,0,8.125],"texture":"#0"}}},{"from":[1.9375,11.2416,0.27999],"to":[14.0625,15.2416,12.90499],"rotation":{"angle":0,"axis":"y","origin":[8.02942,16.27159,4.0957]},"faces":{"north":{"uv":[8.25,1,9.75,1.5],"texture":"#0"},"east":{"uv":[8.125,7.375,9.75,7.875],"texture":"#0"},"south":{"uv":[8.25,1.5,9.75,2],"texture":"#0"},"west":{"uv":[8.125,7.875,9.75,8.375],"texture":"#0"},"up":{"uv":[4.5,6.5,3,4.875],"texture":"#0"},"down":{"uv":[6,5.75,4.5,7.375],"texture":"#0"}}},{"from":[1.9375,11.2416,12.90499],"to":[14.0625,13.7416,16.52999],"rotation":{"angle":0,"axis":"y","origin":[8,12.4916,15.71749]},"faces":{"north":{"uv":[9,5,10.5,5.375],"texture":"#0"},"east":{"uv":[3.625,9.625,4.125,10],"texture":"#0"},"south":{"uv":[9,5.375,10.5,5.75],"texture":"#0"},"west":{"uv":[4.125,9.625,4.625,10],"texture":"#0"},"up":{"uv":[9.75,7.25,8.25,6.75],"texture":"#0"},"down":{"uv":[9.875,2,8.375,2.5],"texture":"#0"}}},{"from":[1.9375,11.2416,16.52999],"to":[14.0625,12.4916,18.40499],"rotation":{"angle":0,"axis":"y","origin":[8,12.4916,15.71749]},"faces":{"north":{"uv":[9.75,1.125,11.25,1.25],"texture":"#0"},"east":{"uv":[4.25,7.25,4.5,7.375],"texture":"#0"},"south":{"uv":[9.75,1.25,11.25,1.375],"texture":"#0"},"west":{"uv":[1.5,7.5,1.75,7.625],"texture":"#0"},"up":{"uv":[10.75,9.5,9.25,9.25],"texture":"#0"},"down":{"uv":[3.25,9.375,1.75,9.625],"texture":"#0"}}},{"from":[1.4375,1.9916,0.21749],"to":[3.0625,19.2416,4.40499],"rotation":{"angle":22.5,"axis":"y","origin":[1.5,10.7416,6.59249]},"faces":{"north":{"uv":[2.75,6.625,3,8.75],"texture":"#0"},"east":{"uv":[2.25,6.625,2.75,8.75],"texture":"#0"},"south":{"uv":[1.25,8.75,1.5,10.875],"texture":"#0"},"west":{"uv":[1.75,7.25,2.25,9.375],"texture":"#0"},"up":{"uv":[6.25,2.5,6,2],"texture":"#0"},"down":{"uv":[4.375,6.5,4.125,7],"texture":"#0"}}},{"from":[12.9375,1.9916,0.21749],"to":[14.5625,19.2416,4.40499],"rotation":{"angle":-22.5,"axis":"y","origin":[14.5,10.7416,6.59249]},"faces":{"north":{"uv":[3,6.625,2.75,8.75],"texture":"#0"},"east":{"uv":[2.25,7.25,1.75,9.375],"texture":"#0"},"south":{"uv":[1.5,8.75,1.25,10.875],"texture":"#0"},"west":{"uv":[2.75,6.625,2.25,8.75],"texture":"#0"},"up":{"uv":[6,2.5,6.25,2],"texture":"#0"},"down":{"uv":[4.125,6.5,4.375,7],"texture":"#0"}}},{"from":[1.4375,9.47388,3.81682],"to":[2.3125,11.34888,22.94182],"rotation":{"angle":0,"axis":"y","origin":[8,11.72388,15.94182]},"faces":{"north":{"uv":[6.25,2,6.375,2.25],"texture":"#0"},"east":{"uv":[6.75,8.75,9.125,9],"texture":"#0"},"south":{"uv":[6.25,2.25,6.375,2.5],"texture":"#0"},"west":{"uv":[4.875,9,7.25,9.25],"texture":"#0"},"up":{"uv":[4.625,2.375,4.5,0],"texture":"#0"},"down":{"uv":[3.625,8.875,3.5,11.25],"texture":"#0"}}},{"from":[13.6875,9.47388,3.81682],"to":[14.5625,11.34888,22.94182],"rotation":{"angle":0,"axis":"y","origin":[8,11.72388,15.94182]},"faces":{"north":{"uv":[6.375,2,6.25,2.25],"texture":"#0"},"east":{"uv":[7.25,9,4.875,9.25],"texture":"#0"},"south":{"uv":[6.375,2.25,6.25,2.5],"texture":"#0"},"west":{"uv":[9.125,8.75,6.75,9],"texture":"#0"},"up":{"uv":[4.5,2.375,4.625,0],"texture":"#0"},"down":{"uv":[3.5,8.875,3.625,11.25],"texture":"#0"}}},{"from":[5.08064,13.26066,5.27999],"to":[9.08064,17.26066,13.52999],"rotation":{"angle":45,"axis":"z","origin":[7.84192,16.27159,4.0957]},"faces":{"north":{"uv":[3.625,6.5,4.125,7],"texture":"#0"},"east":{"uv":[2.25,8.875,3.25,9.375],"texture":"#0"},"south":{"uv":[9.25,9.5,9.75,10],"texture":"#0"},"west":{"uv":[7.25,9,8.25,9.5],"texture":"#0"},"up":{"uv":[8.75,10,8.25,9],"texture":"#0"},"down":{"uv":[9.25,9,8.75,10],"texture":"#0"}}},{"from":[2.0625,17.20141,10.02913],"to":[13.9375,18.70141,24.02913],"rotation":{"angle":22.5,"axis":"x","origin":[8.02942,16.27159,4.0957]},"faces":{"north":{"uv":[4.875,9.5,6.375,9.75],"texture":"#0"},"east":{"uv":[9.25,3.25,11,3.5],"texture":"#0"},"south":{"uv":[6.375,9.5,7.875,9.75],"texture":"#0"},"west":{"uv":[9.25,3.5,11,3.75],"texture":"#0"},"up":{"uv":[1.5,6.625,0,4.875],"texture":"#0"},"down":{"uv":[3,4.875,1.5,6.625],"texture":"#0"}}},{"from":[1.5,9.9801,22.53314],"to":[14.5,11.9801,24.78314],"rotation":{"angle":-22.5,"axis":"x","origin":[8,10.7301,24.03314]},"faces":{"north":{"uv":[9.25,3.75,10.875,4],"texture":"#0"},"east":{"uv":[4.25,7,4.5,7.25],"texture":"#0"},"south":{"uv":[9.25,4,10.875,4.25],"texture":"#0"},"west":{"uv":[1.5,7.25,1.75,7.5],"texture":"#0"},"up":{"uv":[6.5,9.5,4.875,9.25],"texture":"#0"},"down":{"uv":[10.875,9,9.25,9.25],"texture":"#0"}}},{"from":[1.4375,-6.18244,-2.28398],"to":[14.375,-2.18244,20.71602],"rotation":{"angle":22.5,"axis":"x","origin":[7.97656,-4.05342,12.2415]},"faces":{"north":{"uv":[8.25,0,9.875,0.5],"texture":"#0"},"east":{"uv":[5.625,7.375,8.125,7.875],"texture":"#0"},"south":{"uv":[8.25,0.5,9.875,1],"texture":"#0"},"west":{"uv":[5.625,7.875,8.125,8.375],"texture":"#0"},"up":{"uv":[1.625,4.875,0,2.375],"texture":"#0"},"down":{"uv":[3.25,2.375,1.625,4.875],"texture":"#0"}}},{"from":[4.4375,0.86159,-0.53634],"to":[11.375,2.86159,11.46366],"rotation":{"angle":0,"axis":"y","origin":[7.90625,1.86159,5.46366]},"faces":{"north":{"uv":[14.625,12.875,16,13.25],"texture":"#0"},"east":{"uv":[11.875,15.5,14.375,16],"texture":"#0"},"south":{"uv":[14.625,12.5,16,12.875],"texture":"#0"},"west":{"uv":[11.875,15,14.375,15.5],"texture":"#0"},"up":{"uv":[16,16,14.625,13.75],"texture":"#0"},"down":{"uv":[14.625,15.625,14.375,16],"texture":"#0"}}},{"from":[5.4375,-0.88841,10.96366],"to":[10.375,1.11159,19.96366],"rotation":{"angle":22.5,"axis":"x","origin":[7.90625,0.11159,15.46366]},"faces":{"north":{"uv":[14.625,12.875,16,13.25],"texture":"#0"},"east":{"uv":[11.375,14,13.5,14.375],"texture":"#0"},"south":{"uv":[13.5,12.5,14.625,12.875],"texture":"#0"},"west":{"uv":[11.375,14.5,13.5,14.875],"texture":"#0"},"up":{"uv":[14.625,15,13.5,12.875],"texture":"#0"},"down":{"uv":[14.625,15.625,14.375,16],"texture":"#0"}}},{"from":[2.25,7.5,22.75],"to":[13.75,9.6875,23.75],"rotation":{"angle":0,"axis":"y","origin":[0,2,0]},"faces":{"north":{"uv":[0,2,2.875,2.5],"texture":"#1"},"east":{"uv":[0.75,3.5,1,4],"texture":"#1"},"south":{"uv":[0,2.5,2.875,3],"texture":"#1"},"west":{"uv":[1,3.5,1.25,4],"texture":"#1"},"up":{"uv":[6.375,2.75,3.5,2.5],"texture":"#1"},"down":{"uv":[6.375,2.75,3.5,3],"texture":"#1"}}},{"from":[2.25,7.5,2.75],"to":[3.25,9.6875,22.75],"rotation":{"angle":0,"axis":"y","origin":[0,2,0]},"faces":{"north":{"uv":[1.75,3.5,2,4],"texture":"#1"},"east":{"uv":[0,1,5,1.5],"texture":"#1"},"south":{"uv":[2,3.5,2.25,4],"texture":"#1"},"west":{"uv":[0,1.5,5,2],"texture":"#1"},"up":{"uv":[3.5,7.5,3.25,2.5],"texture":"#1"},"down":{"uv":[0.25,3.5,0,8.5],"texture":"#1"}}},{"from":[12.75,7.5,2.75],"to":[13.75,9.6875,22.75],"rotation":{"angle":0,"axis":"y","origin":[16,2,0]},"faces":{"north":{"uv":[2,3.5,1.75,4],"texture":"#1"},"east":{"uv":[5,1.5,0,2],"texture":"#1"},"south":{"uv":[2.25,3.5,2,4],"texture":"#1"},"west":{"uv":[5,1,0,1.5],"texture":"#1"},"up":{"uv":[3.25,7.5,3.5,2.5],"texture":"#1"},"down":{"uv":[0,3.5,0.25,8.5],"texture":"#1"}}},{"from":[2.5,-2.1875,19.75],"to":[13.5,-0.5,20.75],"rotation":{"angle":22.5,"axis":"x","origin":[7.97656,-4.05342,12.2415]},"faces":{"north":{"uv":[0,3,2.625,3.5],"texture":"#1"},"east":{"uv":[0.25,3.5,0.5,4],"texture":"#1"},"south":{"uv":[3,2,5.625,2.5],"texture":"#1"},"west":{"uv":[0.5,3.5,0.75,4],"texture":"#1"},"up":{"uv":[6.125,3.25,3.5,3],"texture":"#1"},"down":{"uv":[6.25,3.25,3.5,3.5],"texture":"#1"}}},{"from":[2.5,-2.1875,-0.25],"to":[3.5,-0.5,19.75],"rotation":{"angle":22.5,"axis":"x","origin":[7.97656,-4.05342,12.2415]},"faces":{"north":{"uv":[1.25,3.5,1.5,4],"texture":"#1"},"east":{"uv":[0,0,5,0.5],"texture":"#1"},"south":{"uv":[1.5,3.5,1.75,4],"texture":"#1"},"west":{"uv":[0,0.5,5,1],"texture":"#1"},"up":{"uv":[3.25,7.5,3,2.5],"texture":"#1"},"down":{"uv":[3,3,2.75,8],"texture":"#1"}}},{"from":[12.5,-2.1875,-0.25],"to":[13.5,-0.5,19.75],"rotation":{"angle":22.5,"axis":"x","origin":[7.97656,-4.05342,12.2415]},"faces":{"north":{"uv":[1.5,3.5,1.25,4],"texture":"#1"},"east":{"uv":[5,0.5,0,1],"texture":"#1"},"south":{"uv":[1.75,3.5,1.5,4],"texture":"#1"},"west":{"uv":[5,0,0,0.5],"texture":"#1"},"up":{"uv":[3,7.5,3.25,2.5],"texture":"#1"},"down":{"uv":[2.75,3,3,8],"texture":"#1"}}}],"display":{"gui":{"rotation":[8.5,37,0],"translation":[0.5,-1,-8],"scale":[0.45,0.45,0.45]},"head":{"rotation":[0,-180,0],"translation":[0,1,-13.5]},"fixed":{"rotation":[0,-180,0],"translation":[0,0,-15.5]}},"groups":[{"name":"cart","origin":[8,8,8],"color":0,"children":[{"name":"head","origin":[8,8,8],"color":0,"children":[0,1,2,3,4,5,6,7,8,9,10,11,12,13,14,15,16,17]},{"name":"Jaw","origin":[8,6.81756,13.59102],"color":0,"children":[18,19,20]},{"name":"theeth","origin":[8,8,8],"color":0,"children":[21,22,23,{"name":"jaw","origin":[0,0,0],"color":0,"children":[24,25,26]}]}]}]}