{
  "odm.thunder_spear.attach": {
    "sounds": [
      "custom/odm/thunder_spear_attach"
    ]
  },
  "odm.thunder_spear.shoot": {
    "sounds": [
      "custom/odm/thunder_spear_shoot"
    ]
  },
  "odm.thunder_spear.hit": {
    "sounds": [
      "custom/odm/thunder_spear_hit"
    ]
  },
  "odm.thunder_spear.wire": {
    "sounds": [
      "custom/odm/thunder_spear_wire"
    ]
  },
  "odm.thunder_spear.detach": {
    "sounds": [
      "custom/odm/thunder_spear_detach"
    ]
  },
  "odm.thunder_spear.prime": {
    "sounds": [
      "custom/odm/thunder_spear_prime"
    ]
  },
  "odm.thunder_spear.explode": {
    "sounds": [
      "custom/odm/thunder_spear_explode_1",
      "custom/odm/thunder_spear_explode_2"
    ]
  },
  "odm.tank_handling": {
    "sounds": [
      "custom/odm/tank_handling"
    ]
  },
  "odm.blade_handling": {
    "sounds": [
      "custom/odm/blade_handling"
    ]
  },
  "odm.blade.throw": {
    "sounds": [
      "custom/odm/blade_throw_1",
      "custom/odm/blade_throw_2"
    ]
  },
  "odm.noise": {
    "sounds": [
      "custom/odm/odm_noise_1",
      "custom/odm/odm_noise_2",
      "custom/odm/odm_noise_3",
      "custom/odm/odm_noise_4"
    ]
  },
  "odm.anti_personnel.explosion": {
    "sounds": [
      "custom/odm/anti_personnel_explosion"
    ]
  },
  "odm.anti_personnel.gun_shot": {
    "sounds": [
      "custom/odm/anti_personnel_gun_shot"
    ]
  },
  "odm.anti_personnel.gun_shot_distant": {
    "sounds": [
      "custom/odm/anti_personnel_gun_shot_distant"
    ]
  },
  "odm.anti_personnel.gun_empty": {
    "sounds": [
      "custom/odm/anti_personnel_gun_empty"
    ]
  },
  "odm.blade.clip_in": {
    "sounds": [
      "custom/odm/blade_clip_in"
    ]
  },
  "odm.blade.clip_out": {
    "sounds": [
      "custom/odm/blade_clip_out"
    ]
  },
  "odm.blade.blade_falling": {
    "sounds": [
      "custom/odm/blade_falling"
    ]
  },
  "odm.cartridge.insert": {
    "sounds": [
      "custom/odm/cartridge_insert"
    ]
  },
  "odm.cartridge.clip_out": {
    "sounds": [
      "custom/odm/cartridge_clip_out"
    ]
  },
  "odm.cartridge.falling_impact": {
    "sounds": [
      "custom/odm/cartridge_falling_impact"
    ]
  },
  "odm.gas_depleted": {
    "sounds": [
      "custom/odm/gas_depleted"
    ]
  },
  "odm.hook_eject": {
    "sounds": [
      "custom/odm/hook_eject",
      "custom/odm/hook_eject_1",
      "custom/odm/hook_eject_2",
      "custom/odm/hook_eject_3",
      "custom/odm/hook_eject_4"
    ]
  },
  "odm.hook_impact": {
    "sounds": [
      "custom/odm/hook_impact"
    ]
  },
  "odm.hook_impact_body": {
    "sounds": [
      "custom/odm/hook_impact_body"
    ]
  },
  "odm.wire_tension": {
    "sounds": [
      "custom/odm/wire_tension_1",
      "custom/odm/wire_tension_2"
    ]
  },
  "odm.wire_tighten": {
    "sounds": [
      "custom/odm/wire_tighten",
      "custom/odm/wire_tighten_1"
    ]
  },
  "odm.no_hooks": {
    "sounds": [
      "custom/odm/no_hooks"
    ]
  },
  "odm.hook_retract": {
    "sounds": [
      "custom/odm/hook_retract"
    ]
  },
  "odm.jet": {
    "sounds": [
      "custom/odm/jet",
      "custom/odm/jet_1"
    ]
  },
  "odm.jet_off": {
    "sounds": [
      "custom/odm/jet_off"
    ]
  },
  "odm.jet_on": {
    "sounds": [
      "custom/odm/jet_on_1",
      "custom/odm/jet_on"
    ]
  },
  "odm.jet_cooldown": {
    "sounds": [
      "custom/odm/jet_cooldown"
    ]
  },
  "odm.reeling": {
    "sounds": [
      "custom/odm/reeling",
      "custom/odm/reeling_2"
    ]
  },
  "odm.reeling_start": {
    "sounds": [
      "custom/odm/reeling_start"
    ]
  },
  "odm.too_far": {
    "sounds": [
      "custom/odm/too_far"
    ]
  },
  "custom.metal_slash": {
    "sounds": [
      "custom/metal_slash_1",
      "custom/metal_slash_2",
      "custom/metal_slash_3"
    ]
  },
  "custom.woosh": {
    "sounds": [
      "custom/woosh_1",
      "custom/woosh_2",
      "custom/woosh_3"
    ]
  }
}
