{
	"credit": "Made with Blockbench",
	"textures": {
		"0": "custom/hat_1",
		"1": "custom/hat_2",
		"particle": "custom/hat_1"
	},
	"elements": [
		{
			"from": [18.81008, 0.95678, -8],
			"to": [23.81008, 0.95678, 24],
			"rotation": {"angle": 22.5, "axis": "z", "origin": [21.31008, 0.95678, 8]},
			"faces": {
				"north": {"uv": [14, 0, 16, 16], "texture": "#1"},
				"east": {"uv": [14, 0, 16, 16], "texture": "#1"},
				"south": {"uv": [14, 0, 16, 16], "texture": "#1"},
				"west": {"uv": [14, 0, 16, 16], "texture": "#1"},
				"up": {"uv": [14, 0, 16, 16], "texture": "#1"},
				"down": {"uv": [14, 16, 16, 0], "texture": "#1"}
			}
		},
		{
			"from": [-7.81008, 0.95678, -8],
			"to": [-2.81008, 0.95678, 24],
			"rotation": {"angle": -22.5, "axis": "z", "origin": [-5.31008, 0.95678, 8]},
			"faces": {
				"north": {"uv": [0, 0, 2, 16], "texture": "#1"},
				"east": {"uv": [0, 0, 2, 16], "texture": "#1"},
				"south": {"uv": [0, 0, 2, 16], "texture": "#1"},
				"west": {"uv": [0, 0, 2, 16], "texture": "#1"},
				"up": {"uv": [0, 0, 2, 16], "texture": "#1"},
				"down": {"uv": [0, 16, 2, 0], "texture": "#1"}
			}
		},
		{
			"from": [-3, 0, -2],
			"to": [19, 0, 24],
			"rotation": {"angle": 0, "axis": "y", "origin": [-3, 0, -3]},
			"faces": {
				"north": {"uv": [2, 3, 14, 16], "texture": "#1"},
				"east": {"uv": [2, 3, 14, 16], "texture": "#1"},
				"south": {"uv": [2, 3, 14, 16], "texture": "#1"},
				"west": {"uv": [2, 3, 14, 16], "texture": "#1"},
				"up": {"uv": [2, 3, 14, 16], "texture": "#1"},
				"down": {"uv": [2, 16, 14, 3], "texture": "#1"}
			}
		},
		{
			"from": [-3, -1.14797, -7.77126],
			"to": [19, -1.14797, -1.77126],
			"rotation": {"angle": -22.5, "axis": "x", "origin": [8, -1.14797, -4.77126]},
			"faces": {
				"north": {"uv": [2, 0, 14, 3], "texture": "#1"},
				"east": {"uv": [2, 0, 14, 3], "texture": "#1"},
				"south": {"uv": [2, 0, 14, 3], "texture": "#1"},
				"west": {"uv": [2, 0, 14, 3], "texture": "#1"},
				"up": {"uv": [2, 0, 14, 3], "texture": "#1"},
				"down": {"uv": [2, 3, 14, 0], "texture": "#1"}
			}
		},
		{
			"from": [-0.20039, 0.009, 5.72897],
			"to": [16.19755, 3.011, 10.26983],
			"rotation": {"angle": 0, "axis": "y", "origin": [6.60864, -13, 1.19151]},
			"faces": {
				"north": {"uv": [0, 0, 14.45, 2], "texture": "#0"},
				"east": {"uv": [8, 0, 12, 4], "texture": "#0"},
				"south": {"uv": [0, 0, 14.45, 2], "texture": "#0"},
				"west": {"uv": [8, 0, 12, 4], "texture": "#0"},
				"up": {"uv": [0, 0, 4, 2.45], "rotation": 270, "texture": "#0"},
				"down": {"uv": [0, 0, 4, 14.45], "rotation": 90, "texture": "#0"}
			}
		},
		{
			"from": [5.72928, 0.01, -0.19843],
			"to": [10.26788, 3.01, 16.19723],
			"rotation": {"angle": 0, "axis": "y", "origin": [7.99858, 1, 7.9994]},
			"faces": {
				"north": {"uv": [4, 0, 8, 4], "texture": "#0"},
				"east": {"uv": [0, 0, 14.45, 2], "texture": "#0"},
				"south": {"uv": [4, 0, 8, 4], "texture": "#0"},
				"west": {"uv": [0, 0, 14.45, 2], "texture": "#0"},
				"up": {"uv": [0, 0, 4, 1.78333], "texture": "#0"},
				"down": {"uv": [0, 0, 4, 14.45], "texture": "#0"}
			}
		},
		{
			"from": [4.40546, 0.011, 0.06512],
			"to": [8.94179, 3.009, 2.33214],
			"rotation": {"angle": 22.5, "axis": "y", "origin": [6.67362, 1, 8.00652]},
			"faces": {
				"north": {"uv": [8, 0, 12, 4], "texture": "#0"},
				"east": {"uv": [0, 0, 2, 2], "texture": "#0"},
				"south": {"uv": [0, 0, 4, 2], "texture": "#0"},
				"west": {"uv": [0, 0, 2, 2], "texture": "#0"},
				"up": {"uv": [0, 0, 4, 2], "texture": "#0"},
				"down": {"uv": [0, 0, 4, 2], "texture": "#0"}
			}
		},
		{
			"from": [0.58507, 0.012, 1.80073],
			"to": [2.84983, 3.008, 6.33479],
			"rotation": {"angle": -22.5, "axis": "y", "origin": [1.71745, 1, 4.06776]},
			"faces": {
				"north": {"uv": [0, 0, 2, 2], "texture": "#0"},
				"east": {"uv": [0, 0, 4, 2], "texture": "#0"},
				"south": {"uv": [0, 0, 2, 2], "texture": "#0"},
				"west": {"uv": [12, 0, 16, 4], "texture": "#0"},
				"up": {"uv": [0, 0, 4, 2], "rotation": 270, "texture": "#0"},
				"down": {"uv": [0, 0, 4, 2], "rotation": 90, "texture": "#0"}
			}
		},
		{
			"from": [7.05821, 0.011, 0.06512],
			"to": [11.59454, 3.009, 2.33214],
			"rotation": {"angle": -22.5, "axis": "y", "origin": [9.32638, 1, 8.00652]},
			"faces": {
				"north": {"uv": [0, 0, 4, 4], "texture": "#0"},
				"east": {"uv": [2, 0, 4, 2], "texture": "#0"},
				"south": {"uv": [4, 0, 8, 2], "texture": "#0"},
				"west": {"uv": [2, 0, 4, 2], "texture": "#0"},
				"up": {"uv": [4, 0, 8, 2], "texture": "#0"},
				"down": {"uv": [4, 0, 8, 2], "texture": "#0"}
			}
		},
		{
			"from": [13.15017, 0.012, 1.80073],
			"to": [15.41493, 3.008, 6.33479],
			"rotation": {"angle": 22.5, "axis": "y", "origin": [14.28255, 1, 4.06776]},
			"faces": {
				"north": {"uv": [2, 0, 4, 2], "texture": "#0"},
				"east": {"uv": [4, 0, 8, 4], "texture": "#0"},
				"south": {"uv": [2, 0, 4, 2], "texture": "#0"},
				"west": {"uv": [4, 0, 8, 2], "texture": "#0"},
				"up": {"uv": [1.33333, 0, 5.33333, 2], "rotation": 270, "texture": "#0"},
				"down": {"uv": [0, 2, 4, 4], "rotation": 90, "texture": "#0"}
			}
		},
		{
			"from": [13.14927, 0.012, 9.66521],
			"to": [15.41403, 3.008, 14.19927],
			"rotation": {"angle": -22.5, "axis": "y", "origin": [14.28165, 1.002, 11.93224]},
			"faces": {
				"north": {"uv": [4, 0, 6, 2], "texture": "#0"},
				"east": {"uv": [12, 0, 16, 4], "texture": "#0"},
				"south": {"uv": [4, 0, 6, 2], "texture": "#0"},
				"west": {"uv": [8, 0, 12, 2], "texture": "#0"},
				"up": {"uv": [4.66667, 0, 8.66667, 2], "rotation": 270, "texture": "#0"},
				"down": {"uv": [4, 2, 8, 4], "rotation": 90, "texture": "#0"}
			}
		},
		{
			"from": [7.05731, 0.011, 13.66786],
			"to": [11.59364, 3.009, 15.93488],
			"rotation": {"angle": 22.5, "axis": "y", "origin": [9.32548, 1.002, 7.99348]},
			"faces": {
				"north": {"uv": [8, 0, 12, 2], "texture": "#0"},
				"east": {"uv": [4, 0, 6, 2], "texture": "#0"},
				"south": {"uv": [8, 0, 12, 4], "texture": "#0"},
				"west": {"uv": [4, 0, 6, 2], "texture": "#0"},
				"up": {"uv": [4, 0, 8, 2], "texture": "#0"},
				"down": {"uv": [4, 2, 8, 4], "texture": "#0"}
			}
		},
		{
			"from": [0.58597, 0.012, 9.66521],
			"to": [2.85073, 3.008, 14.19927],
			"rotation": {"angle": 22.5, "axis": "y", "origin": [1.71835, 1.002, 11.93224]},
			"faces": {
				"north": {"uv": [6, 0, 8, 2], "texture": "#0"},
				"east": {"uv": [12, 0, 16, 2], "texture": "#0"},
				"south": {"uv": [6, 0, 8, 2], "texture": "#0"},
				"west": {"uv": [4, 0, 8, 4], "texture": "#0"},
				"up": {"uv": [0, 0, 4, 3.11667], "rotation": 270, "texture": "#0"},
				"down": {"uv": [4, 4, 8, 6], "rotation": 90, "texture": "#0"}
			}
		},
		{
			"from": [4.40636, 0.011, 13.66786],
			"to": [8.94269, 3.009, 15.93488],
			"rotation": {"angle": -22.5, "axis": "y", "origin": [6.67452, 1.002, 7.99348]},
			"faces": {
				"north": {"uv": [12, 0, 16, 2], "texture": "#0"},
				"east": {"uv": [6, 0, 8, 2], "texture": "#0"},
				"south": {"uv": [0, 0, 4, 4], "texture": "#0"},
				"west": {"uv": [6, 0, 8, 2], "texture": "#0"},
				"up": {"uv": [0, 0, 4, 1.33333], "rotation": 270, "texture": "#0"},
				"down": {"uv": [8, 2, 12, 4], "texture": "#0"}
			}
		},
		{
			"from": [0.44278, 3.009, 5.90709],
			"to": [15.5546, 6.011, 10.09181],
			"rotation": {"angle": 0, "axis": "y", "origin": [6.71776, -10, 1.72551]},
			"faces": {
				"north": {"uv": [0, 10, 2, 12], "texture": "#0"},
				"east": {"uv": [8, 10, 16, 16], "texture": "#0"},
				"south": {"uv": [0, 10, 2, 12], "texture": "#0"},
				"west": {"uv": [8, 10, 16, 16], "texture": "#0"},
				"up": {"uv": [0, 10, 2, 12], "texture": "#0"},
				"down": {"uv": [0, 10, 2, 12], "texture": "#0"}
			}
		},
		{
			"from": [5.90738, 3.01, 0.44458],
			"to": [10.09, 6.01, 15.55431],
			"rotation": {"angle": 0, "axis": "y", "origin": [7.99869, 4, 7.99945]},
			"faces": {
				"north": {"uv": [0, 10, 8, 16], "texture": "#0"},
				"east": {"uv": [0, 10, 2, 12], "texture": "#0"},
				"south": {"uv": [0, 10, 8, 16], "texture": "#0"},
				"west": {"uv": [0, 10, 2, 12], "texture": "#0"},
				"up": {"uv": [0, 10, 2, 12], "texture": "#0"},
				"down": {"uv": [0, 10, 2, 12], "texture": "#0"}
			}
		},
		{
			"from": [4.68739, 3.011, 0.68746],
			"to": [8.86792, 6.009, 2.77668],
			"rotation": {"angle": 22.5, "axis": "y", "origin": [6.77765, 4, 8.00601]},
			"faces": {
				"north": {"uv": [8, 10, 16, 16], "texture": "#0"},
				"east": {"uv": [0, 10, 2, 12], "texture": "#0"},
				"south": {"uv": [0, 10, 2, 12], "texture": "#0"},
				"west": {"uv": [0, 10, 2, 12], "texture": "#0"},
				"up": {"uv": [0, 10, 2, 12], "texture": "#0"},
				"down": {"uv": [0, 10, 2, 12], "texture": "#0"}
			}
		},
		{
			"from": [1.16663, 3.012, 2.28695],
			"to": [3.25376, 6.008, 6.46539],
			"rotation": {"angle": -22.5, "axis": "y", "origin": [2.2102, 4, 4.37617]},
			"faces": {
				"north": {"uv": [0, 10, 2, 12], "texture": "#0"},
				"east": {"uv": [0, 10, 2, 12], "texture": "#0"},
				"south": {"uv": [0, 10, 2, 12], "texture": "#0"},
				"west": {"uv": [0, 10, 8, 16], "texture": "#0"},
				"up": {"uv": [0, 10, 2, 12], "texture": "#0"},
				"down": {"uv": [0, 10, 2, 12], "texture": "#0"}
			}
		},
		{
			"from": [7.13208, 3.011, 0.68746],
			"to": [11.31261, 6.009, 2.77668],
			"rotation": {"angle": -22.5, "axis": "y", "origin": [9.22235, 4, 8.00601]},
			"faces": {
				"north": {"uv": [8, 10, 16, 16], "texture": "#0"},
				"east": {"uv": [0, 10, 2, 12], "texture": "#0"},
				"south": {"uv": [0, 10, 2, 12], "texture": "#0"},
				"west": {"uv": [0, 10, 2, 12], "texture": "#0"},
				"up": {"uv": [0, 10, 2, 12], "texture": "#0"},
				"down": {"uv": [0, 10, 2, 12], "texture": "#0"}
			}
		},
		{
			"from": [12.74624, 3.012, 2.28695],
			"to": [14.83337, 6.008, 6.46539],
			"rotation": {"angle": 22.5, "axis": "y", "origin": [13.7898, 4, 4.37617]},
			"faces": {
				"north": {"uv": [0, 10, 2, 12], "texture": "#0"},
				"east": {"uv": [0, 10, 8, 16], "texture": "#0"},
				"south": {"uv": [0, 10, 2, 12], "texture": "#0"},
				"west": {"uv": [0, 10, 2, 12], "texture": "#0"},
				"up": {"uv": [0, 10, 2, 12], "texture": "#0"},
				"down": {"uv": [0, 10, 2, 12], "texture": "#0"}
			}
		},
		{
			"from": [12.74541, 3.012, 9.53461],
			"to": [14.83254, 6.008, 13.71305],
			"rotation": {"angle": -22.5, "axis": "y", "origin": [13.78897, 4.002, 11.62383]},
			"faces": {
				"north": {"uv": [0, 10, 2, 12], "texture": "#0"},
				"east": {"uv": [0, 10, 8, 16], "texture": "#0"},
				"south": {"uv": [0, 10, 2, 12], "texture": "#0"},
				"west": {"uv": [0, 10, 2, 12], "texture": "#0"},
				"up": {"uv": [0, 10, 2, 12], "texture": "#0"},
				"down": {"uv": [0, 10, 2, 12], "texture": "#0"}
			}
		},
		{
			"from": [7.13125, 3.011, 13.22332],
			"to": [11.31178, 6.009, 15.31254],
			"rotation": {"angle": 22.5, "axis": "y", "origin": [9.22152, 4.002, 7.99399]},
			"faces": {
				"north": {"uv": [0, 10, 2, 12], "texture": "#0"},
				"east": {"uv": [0, 10, 2, 12], "texture": "#0"},
				"south": {"uv": [8, 10, 16, 16], "texture": "#0"},
				"west": {"uv": [0, 10, 2, 12], "texture": "#0"},
				"up": {"uv": [0, 10, 2, 12], "texture": "#0"},
				"down": {"uv": [0, 10, 2, 12], "texture": "#0"}
			}
		},
		{
			"from": [1.16746, 3.012, 9.53461],
			"to": [3.25459, 6.008, 13.71305],
			"rotation": {"angle": 22.5, "axis": "y", "origin": [2.21103, 4.002, 11.62383]},
			"faces": {
				"north": {"uv": [0, 10, 2, 12], "texture": "#0"},
				"east": {"uv": [0, 10, 2, 12], "texture": "#0"},
				"south": {"uv": [0, 10, 2, 12], "texture": "#0"},
				"west": {"uv": [0, 10, 8, 16], "texture": "#0"},
				"up": {"uv": [0, 10, 2, 12], "texture": "#0"},
				"down": {"uv": [0, 10, 2, 12], "texture": "#0"}
			}
		},
		{
			"from": [4.68822, 3.011, 13.22332],
			"to": [8.86875, 6.009, 15.31254],
			"rotation": {"angle": -22.5, "axis": "y", "origin": [6.77848, 4.002, 7.99399]},
			"faces": {
				"north": {"uv": [0, 10, 2, 12], "texture": "#0"},
				"east": {"uv": [0, 10, 2, 12], "texture": "#0"},
				"south": {"uv": [8, 10, 16, 16], "texture": "#0"},
				"west": {"uv": [0, 10, 2, 12], "texture": "#0"},
				"up": {"uv": [0, 10, 2, 12], "texture": "#0"},
				"down": {"uv": [0, 10, 2, 12], "texture": "#0"}
			}
		},
		{
			"from": [1.04736, 6.009, 6.07452],
			"to": [14.95023, 9.011, 9.92446],
			"rotation": {"angle": 0, "axis": "y", "origin": [6.82034, -7, 2.22747]},
			"faces": {
				"north": {"uv": [0, 4, 2, 6], "texture": "#0"},
				"east": {"uv": [8, 4, 16, 10], "texture": "#0"},
				"south": {"uv": [0, 4, 2, 6], "texture": "#0"},
				"west": {"uv": [8, 4, 16, 10], "texture": "#0"},
				"up": {"uv": [0, 4, 2, 6], "texture": "#0"},
				"down": {"uv": [0, 4, 2, 6], "texture": "#0"}
			}
		},
		{
			"from": [6.07479, 6.01, 1.04902],
			"to": [9.9228, 9.01, 14.94997],
			"rotation": {"angle": 0, "axis": "y", "origin": [7.9988, 7, 7.99949]},
			"faces": {
				"north": {"uv": [0, 4, 8, 10], "texture": "#0"},
				"east": {"uv": [0, 4, 2, 6], "texture": "#0"},
				"south": {"uv": [0, 4, 8, 10], "texture": "#0"},
				"west": {"uv": [0, 4, 2, 6], "texture": "#0"},
				"up": {"uv": [0, 4, 2, 6], "texture": "#0"},
				"down": {"uv": [0, 4, 2, 6], "texture": "#0"}
			}
		},
		{
			"from": [4.9524, 6.011, 1.27246],
			"to": [8.79849, 9.009, 3.19455],
			"rotation": {"angle": 22.5, "axis": "y", "origin": [6.87544, 7, 8.00553]},
			"faces": {
				"north": {"uv": [8, 4, 16, 10], "texture": "#0"},
				"east": {"uv": [0, 4, 2, 6], "texture": "#0"},
				"south": {"uv": [0, 4, 2, 6], "texture": "#0"},
				"west": {"uv": [0, 4, 2, 6], "texture": "#0"},
				"up": {"uv": [0, 4, 2, 6], "texture": "#0"},
				"down": {"uv": [0, 4, 2, 6], "texture": "#0"}
			}
		},
		{
			"from": [1.7133, 6.012, 2.74399],
			"to": [3.63346, 9.008, 6.58816],
			"rotation": {"angle": -22.5, "axis": "y", "origin": [2.67338, 7, 4.66608]},
			"faces": {
				"north": {"uv": [0, 4, 2, 6], "texture": "#0"},
				"east": {"uv": [0, 4, 2, 6], "texture": "#0"},
				"south": {"uv": [0, 4, 2, 6], "texture": "#0"},
				"west": {"uv": [0, 4, 8, 10], "texture": "#0"},
				"up": {"uv": [0, 4, 2, 6], "texture": "#0"},
				"down": {"uv": [0, 4, 2, 6], "texture": "#0"}
			}
		},
		{
			"from": [7.20151, 6.011, 1.27246],
			"to": [11.0476, 9.009, 3.19455],
			"rotation": {"angle": -22.5, "axis": "y", "origin": [9.12456, 7, 8.00553]},
			"faces": {
				"north": {"uv": [8, 4, 16, 10], "texture": "#0"},
				"east": {"uv": [0, 4, 2, 6], "texture": "#0"},
				"south": {"uv": [0, 4, 2, 6], "texture": "#0"},
				"west": {"uv": [0, 4, 2, 6], "texture": "#0"},
				"up": {"uv": [0, 4, 2, 6], "texture": "#0"},
				"down": {"uv": [0, 4, 2, 6], "texture": "#0"}
			}
		},
		{
			"from": [12.36654, 6.012, 2.74399],
			"to": [14.2867, 9.008, 6.58816],
			"rotation": {"angle": 22.5, "axis": "y", "origin": [13.32662, 7, 4.66608]},
			"faces": {
				"north": {"uv": [0, 4, 2, 6], "texture": "#0"},
				"east": {"uv": [0, 4, 8, 10], "texture": "#0"},
				"south": {"uv": [0, 4, 2, 6], "texture": "#0"},
				"west": {"uv": [0, 4, 2, 6], "texture": "#0"},
				"up": {"uv": [0, 4, 2, 6], "texture": "#0"},
				"down": {"uv": [0, 4, 2, 6], "texture": "#0"}
			}
		},
		{
			"from": [12.36578, 6.012, 9.41184],
			"to": [14.28594, 9.008, 13.25601],
			"rotation": {"angle": -22.5, "axis": "y", "origin": [13.32586, 7.002, 11.33392]},
			"faces": {
				"north": {"uv": [0, 4, 2, 6], "texture": "#0"},
				"east": {"uv": [0, 4, 8, 10], "texture": "#0"},
				"south": {"uv": [0, 4, 2, 6], "texture": "#0"},
				"west": {"uv": [0, 4, 2, 6], "texture": "#0"},
				"up": {"uv": [0, 4, 2, 6], "texture": "#0"},
				"down": {"uv": [0, 4, 2, 6], "texture": "#0"}
			}
		},
		{
			"from": [7.20075, 6.011, 12.80545],
			"to": [11.04684, 9.009, 14.72754],
			"rotation": {"angle": 22.5, "axis": "y", "origin": [9.1238, 7.002, 7.99447]},
			"faces": {
				"north": {"uv": [0, 4, 2, 6], "texture": "#0"},
				"east": {"uv": [0, 4, 2, 6], "texture": "#0"},
				"south": {"uv": [8, 4, 16, 10], "texture": "#0"},
				"west": {"uv": [0, 4, 2, 6], "texture": "#0"},
				"up": {"uv": [0, 4, 2, 6], "texture": "#0"},
				"down": {"uv": [0, 4, 2, 6], "texture": "#0"}
			}
		},
		{
			"from": [1.71406, 6.012, 9.41184],
			"to": [3.63422, 9.008, 13.25601],
			"rotation": {"angle": 22.5, "axis": "y", "origin": [2.67414, 7.002, 11.33392]},
			"faces": {
				"north": {"uv": [0, 4, 2, 6], "texture": "#0"},
				"east": {"uv": [0, 4, 2, 6], "texture": "#0"},
				"south": {"uv": [0, 4, 2, 6], "texture": "#0"},
				"west": {"uv": [0, 4, 8, 10], "texture": "#0"},
				"up": {"uv": [0, 4, 2, 6], "texture": "#0"},
				"down": {"uv": [0, 4, 2, 6], "texture": "#0"}
			}
		},
		{
			"from": [4.95316, 6.011, 12.80545],
			"to": [8.79925, 9.009, 14.72754],
			"rotation": {"angle": -22.5, "axis": "y", "origin": [6.8762, 7.002, 7.99447]},
			"faces": {
				"north": {"uv": [0, 4, 2, 6], "texture": "#0"},
				"east": {"uv": [0, 4, 2, 6], "texture": "#0"},
				"south": {"uv": [8, 4, 16, 10], "texture": "#0"},
				"west": {"uv": [0, 4, 2, 6], "texture": "#0"},
				"up": {"uv": [0, 4, 2, 6], "texture": "#0"},
				"down": {"uv": [0, 4, 2, 6], "texture": "#0"}
			}
		},
		{
			"from": [0.5325, 9.1, 0.5325],
			"to": [15.21, 9.1, 15.4675],
			"rotation": {"angle": 0, "axis": "y", "origin": [-0.24, 0, -1.27]},
			"faces": {
				"north": {"uv": [0, 0, 16, 16], "texture": "#1"},
				"east": {"uv": [0, 0, 16, 16], "texture": "#1"},
				"south": {"uv": [0, 0, 16, 16], "texture": "#1"},
				"west": {"uv": [0, 0, 16, 16], "texture": "#1"},
				"up": {"uv": [0, 0, 16, 16], "texture": "#1"},
				"down": {"uv": [0, 0, 16, 16], "texture": "#1"}
			}
		}
	],
	"gui_light": "front",
	"display": {
		"thirdperson_righthand": {
			"rotation": [31.17, -45.41, -8.63],
			"translation": [-1, 3, -1.25],
			"scale": [0.37, 0.37, 0.37]
		},
		"thirdperson_lefthand": {
			"rotation": [14.44, -3.9, -83.04],
			"translation": [2.25, -3.25, -3.5],
			"scale": [0.37, 0.37, 0.37]
		},
		"firstperson_righthand": {
			"rotation": [90.12, 78.7, -77.05],
			"translation": [5.5, 1.75, -5.75],
			"scale": [0.37, 0.59, 0.5]
		},
		"firstperson_lefthand": {
			"rotation": [90.12, 78.7, -77.05],
			"translation": [7.75, 0.25, -5.75],
			"scale": [0.37, 0.59, 0.5]
		},
		"ground": {
			"scale": [0.41, 0.41, 0.41]
		},
		"gui": {
			"rotation": [-153, 24, 164.47],
			"translation": [-0.25, 4, 0],
			"scale": [0.67, 0.67, 0.67]
		},
		"head": {
			"translation": [0, 9, 0],
			"scale": [0.9, 0.9, 0.9]
		},
		"fixed": {
			"rotation": [-81, -43.75, 0],
			"translation": [0, 1.5, -8.5]
		}
	},
	"groups": [
		{
			"name": "group",
			"origin": [8, -1.14797, -4.77126],
			"color": 0,
			"children": [0, 1, 2, 3]
		},
		{
			"name": "group",
			"origin": [6.83182, 14.002, 7.99426],
			"color": 0,
			"children": [4, 5, 6, 7, 8, 9, 10, 11, 12, 13]
		},
		{
			"name": "group",
			"origin": [6.83182, 14.002, 7.99426],
			"color": 0,
			"children": [14, 15, 16, 17, 18, 19, 20, 21, 22, 23]
		},
		{
			"name": "group",
			"origin": [6.83182, 14.002, 7.99426],
			"color": 0,
			"children": [24, 25, 26, 27, 28, 29, 30, 31, 32, 33]
		},
		34
	]
}