{
	"parent": "item/handheld",
	"textures": {
		"layer0": "item/rotten_flesh"
	},
	"overrides": [
	
		{"predicate": {"custom_model_data":1}, "model":"item/training_task/task_1_completed"},
		{"predicate": {"custom_model_data":2}, "model":"item/training_task/task_2_completed"},
		{"predicate": {"custom_model_data":3}, "model":"item/training_task/task_3_completed"},
		{"predicate": {"custom_model_data":4}, "model":"item/training_task/task_4_completed"},
		{"predicate": {"custom_model_data":5}, "model":"item/training_task/task_5_completed"},
		{"predicate": {"custom_model_data":6}, "model":"item/training_task/task_6_completed"},
		{"predicate": {"custom_model_data":7}, "model":"item/training_task/task_7_completed"},
		{"predicate": {"custom_model_data":8}, "model":"item/training_task/task_8_completed"},
		{"predicate": {"custom_model_data":9}, "model":"item/training_task/task_9_completed"},
		{"predicate": {"custom_model_data":10}, "model":"item/training_task/task_10_completed"},
		{"predicate": {"custom_model_data":11}, "model":"item/training_task/task_11_completed"},
		{"predicate": {"custom_model_data":12}, "model":"item/training_task/task_12_completed"},
		{"predicate": {"custom_model_data":13}, "model":"item/training_task/task_13_completed"},
		{"predicate": {"custom_model_data":14}, "model":"item/training_task/task_14_completed"},
		{"predicate": {"custom_model_data":15}, "model":"item/training_task/task_15_completed"},
		{"predicate": {"custom_model_data":16}, "model":"item/training_task/task_16_completed"},
		{"predicate": {"custom_model_data":17}, "model":"item/training_task/task_17_completed"},
		
		{"predicate": {"custom_model_data":21}, "model":"item/training_task/task_1_now"},
		{"predicate": {"custom_model_data":22}, "model":"item/training_task/task_2_now"},
		{"predicate": {"custom_model_data":23}, "model":"item/training_task/task_3_now"},
		{"predicate": {"custom_model_data":24}, "model":"item/training_task/task_4_now"},
		{"predicate": {"custom_model_data":25}, "model":"item/training_task/task_5_now"},
		{"predicate": {"custom_model_data":26}, "model":"item/training_task/task_6_now"},
		{"predicate": {"custom_model_data":27}, "model":"item/training_task/task_7_now"},
		{"predicate": {"custom_model_data":28}, "model":"item/training_task/task_8_now"},
		{"predicate": {"custom_model_data":29}, "model":"item/training_task/task_9_now"},
		{"predicate": {"custom_model_data":30}, "model":"item/training_task/task_10_now"},
		{"predicate": {"custom_model_data":31}, "model":"item/training_task/task_11_now"},
		{"predicate": {"custom_model_data":32}, "model":"item/training_task/task_12_now"},
		{"predicate": {"custom_model_data":33}, "model":"item/training_task/task_13_now"},
		{"predicate": {"custom_model_data":34}, "model":"item/training_task/task_14_now"},
		{"predicate": {"custom_model_data":35}, "model":"item/training_task/task_15_now"},
		{"predicate": {"custom_model_data":36}, "model":"item/training_task/task_16_now"},
		{"predicate": {"custom_model_data":37}, "model":"item/training_task/task_17_now"},
		
		{"predicate": {"custom_model_data":41}, "model":"item/training_task/task_1_locked"},
		{"predicate": {"custom_model_data":42}, "model":"item/training_task/task_2_locked"},
		{"predicate": {"custom_model_data":43}, "model":"item/training_task/task_3_locked"},
		{"predicate": {"custom_model_data":44}, "model":"item/training_task/task_4_locked"},
		{"predicate": {"custom_model_data":45}, "model":"item/training_task/task_5_locked"},
		{"predicate": {"custom_model_data":46}, "model":"item/training_task/task_6_locked"},
		{"predicate": {"custom_model_data":47}, "model":"item/training_task/task_7_locked"},
		{"predicate": {"custom_model_data":48}, "model":"item/training_task/task_8_locked"},
		{"predicate": {"custom_model_data":49}, "model":"item/training_task/task_9_locked"},
		{"predicate": {"custom_model_data":50}, "model":"item/training_task/task_10_locked"},
		{"predicate": {"custom_model_data":51}, "model":"item/training_task/task_11_locked"},
		{"predicate": {"custom_model_data":52}, "model":"item/training_task/task_12_locked"},
		{"predicate": {"custom_model_data":53}, "model":"item/training_task/task_13_locked"},
		{"predicate": {"custom_model_data":54}, "model":"item/training_task/task_14_locked"},
		{"predicate": {"custom_model_data":55}, "model":"item/training_task/task_15_locked"},
		{"predicate": {"custom_model_data":56}, "model":"item/training_task/task_16_locked"},
		{"predicate": {"custom_model_data":57}, "model":"item/training_task/task_17_locked"}
	]
}