{
	"parent": "item/handheld",
	"textures": {
		"layer0": "item/stone_pickaxe"
	},
	"overrides": [
	
		{"predicate": {"custom_model_data":11001}, "model":"item/odm/regular/odm_grip"},
		{"predicate": {"custom_model_data":11002}, "model":"item/odm/regular/odm_grip_blade"},
		{"predicate": {"custom_model_data":11003}, "model":"item/odm/regular/odm_grip_bloody"},
		{"predicate": {"custom_model_data":11004}, "model":"item/odm/regular/odm_grip_broken"},
		{"predicate": {"custom_model_data":11005}, "model":"item/odm/regular/odm_grip_bloody_broken"},
		
		{"predicate": {"custom_model_data":11101}, "model":"item/odm/regular/odm_holder"},
		{"predicate": {"custom_model_data":11102}, "model":"item/odm/regular/odm_holder_blade"},
		{"predicate": {"custom_model_data":11103}, "model":"item/odm/regular/odm_holder_bloody"},
		{"predicate": {"custom_model_data":11104}, "model":"item/odm/regular/odm_holder_broken"},
		{"predicate": {"custom_model_data":11105}, "model":"item/odm/regular/odm_holder_bloody_broken"},
		
		{"predicate": {"custom_model_data":11111}, "model":"item/odm/regular/odm_thunderspear"},
		{"predicate": {"custom_model_data":11112}, "model":"item/odm/regular/odm_thunderspear_blade"},
		{"predicate": {"custom_model_data":11113}, "model":"item/odm/regular/odm_thunderspear_bloody"},
		{"predicate": {"custom_model_data":11114}, "model":"item/odm/regular/odm_thunderspear_broken"},
		{"predicate": {"custom_model_data":11115}, "model":"item/odm/regular/odm_thunderspear_bloody_broken"},
		
		{"predicate": {"custom_model_data":21001}, "model":"item/odm/ap/ap_gun"},
		{"predicate": {"custom_model_data":21002}, "model":"item/odm/ap/ap_gun_empty"},
		
		{"predicate": {"custom_model_data":31001}, "model":"item/odm/assault/assault_odm_grip"},
		{"predicate": {"custom_model_data":31002}, "model":"item/odm/assault/assault_odm_grip_blade"},
		{"predicate": {"custom_model_data":31003}, "model":"item/odm/assault/assault_odm_grip_bloody"},
		{"predicate": {"custom_model_data":31004}, "model":"item/odm/assault/assault_odm_grip_broken"},
		{"predicate": {"custom_model_data":31005}, "model":"item/odm/assault/assault_odm_grip_bloody_broken"},
		
		{"predicate": {"custom_model_data":31011}, "model":"item/odm/assault/assault_odm_thunderspear"},
		{"predicate": {"custom_model_data":31012}, "model":"item/odm/assault/assault_odm_thunderspear_blade"},
		{"predicate": {"custom_model_data":31013}, "model":"item/odm/assault/assault_odm_thunderspear_bloody"},
		{"predicate": {"custom_model_data":31014}, "model":"item/odm/assault/assault_odm_thunderspear_broken"},
		{"predicate": {"custom_model_data":31015}, "model":"item/odm/assault/assault_odm_thunderspear_bloody_broken"},
		
		{"predicate": {"custom_model_data":31021}, "model":"item/odm/assault/assault_odm_thunderspear2"},
		{"predicate": {"custom_model_data":31022}, "model":"item/odm/assault/assault_odm_thunderspear2_blade"},
		{"predicate": {"custom_model_data":31023}, "model":"item/odm/assault/assault_odm_thunderspear2_bloody"},
		{"predicate": {"custom_model_data":31024}, "model":"item/odm/assault/assault_odm_thunderspear2_broken"},
		{"predicate": {"custom_model_data":31025}, "model":"item/odm/assault/assault_odm_thunderspear2_bloody_broken"},
		
		{"predicate": {"custom_model_data":31031}, "model":"item/odm/assault/assault_odm_thunderspear3"},
		{"predicate": {"custom_model_data":31032}, "model":"item/odm/assault/assault_odm_thunderspear3_blade"},
		{"predicate": {"custom_model_data":31033}, "model":"item/odm/assault/assault_odm_thunderspear3_bloody"},
		{"predicate": {"custom_model_data":31034}, "model":"item/odm/assault/assault_odm_thunderspear3_broken"},
		{"predicate": {"custom_model_data":31035}, "model":"item/odm/assault/assault_odm_thunderspear3_bloody_broken"},
		
		{"predicate": {"custom_model_data":41001}, "model":"item/odm/assaultap/assault_ap_odm_grip"},
		{"predicate": {"custom_model_data":41011}, "model":"item/odm/assaultap/assault_ap_odm_thunderspear"},
		{"predicate": {"custom_model_data":41021}, "model":"item/odm/assaultap/assault_ap_odm_thunderspear2"},
		{"predicate": {"custom_model_data":41031}, "model":"item/odm/assaultap/assault_ap_odm_thunderspear3"}
		
	]
}