{
	"parent": "item/handheld",
	"textures": {
		"layer0": "item/stone_shovel"
	},
	"overrides": [
	
		{"predicate": {"custom_model_data":1}, "model":"item/odm/odm_gas_tank"},
		{"predicate": {"custom_model_data":2}, "model":"item/odm/odm_blade"},
		{"predicate": {"custom_model_data":3}, "model":"item/odm/ap_gun_cartridge"},
		
		{"predicate": {"custom_model_data":102}, "model":"item/odm/blade_animated"},
		{"predicate": {"custom_model_data":103}, "model":"item/odm/bloody_blade_animated"},
		{"predicate": {"custom_model_data":104}, "model":"item/odm/broken_blade_animated"},
		{"predicate": {"custom_model_data":105}, "model":"item/odm/bloody_broken_blade_animated"},
		
		{"predicate": {"custom_model_data":150}, "model":"item/odm/ap_gun_cartridge_anim"},
		
		{"predicate": {"custom_model_data":201}, "model":"item/custom/gas_refuel_station"},
		{"predicate": {"custom_model_data":202}, "model":"item/custom/blade_station"},
		{"predicate": {"custom_model_data":203}, "model":"item/custom/cartridge_station"},
		{"predicate": {"custom_model_data":204}, "model":"item/custom/thunder_spear_station"},
		
		{"predicate": {"custom_model_data":301}, "model":"item/odm/odm_gear_drum"},
		{"predicate": {"custom_model_data":302}, "model":"item/odm/odm_gear_ejector"},
		{"predicate": {"custom_model_data":303}, "model":"item/odm/odm_gear_main_unit"},
		{"predicate": {"custom_model_data":304}, "model":"item/odm/odm_gear_sheath"},
		{"predicate": {"custom_model_data":305}, "model":"item/odm/ap_cartridge_holster"},
		{"predicate": {"custom_model_data":306}, "model":"item/odm/thunderspear_holder"},
		
		{"predicate": {"custom_model_data":400}, "model":"item/odm/thunder_spear"},
		{"predicate": {"custom_model_data":410}, "model":"item/odm/projectile_thunderspear"},
		{"predicate": {"custom_model_data":411}, "model":"item/odm/projectile_thunderspear_1"},
		{"predicate": {"custom_model_data":412}, "model":"item/odm/projectile_thunderspear_2"},
		{"predicate": {"custom_model_data":413}, "model":"item/odm/projectile_thunderspear_3"},
		
		{"predicate": {"custom_model_data":1000}, "model":"item/custom/recipe_sheet"}
	]
}