{
	"parent": "item/handheld",
	"textures": {
		"layer0": "item/wooden_pickaxe"
	},
	"overrides": [
	
		{"predicate": {"custom_model_data":1}, "model":"item/odm/odm_gear_with_left_grip"},
		{"predicate": {"custom_model_data":2}, "model":"item/odm/odm_gear_with_left_sword"},
		{"predicate": {"custom_model_data":3}, "model":"item/odm/odm_gear_with_left_sword_bloody"},
		{"predicate": {"custom_model_data":4}, "model":"item/odm/odm_gear_with_left_sword_broken"},
		{"predicate": {"custom_model_data":5}, "model":"item/odm/odm_gear_with_left_sword_bloody_broken"},
		
		{"predicate": {"custom_model_data":101}, "model":"item/odm/ap_odm_gear"},
		{"predicate": {"custom_model_data":102}, "model":"item/odm/ap_odm_gear_gun_empty"},
		
		{"predicate": {"custom_model_data":151}, "model":"item/odm/thunderspear_grips/odm_gear_with_left_holder"},
		{"predicate": {"custom_model_data":152}, "model":"item/odm/thunderspear_grips/odm_gear_with_left_sword_holder"},
		{"predicate": {"custom_model_data":153}, "model":"item/odm/thunderspear_grips/odm_gear_with_left_sword_bloody_holder"},
		{"predicate": {"custom_model_data":154}, "model":"item/odm/thunderspear_grips/odm_gear_with_left_sword_broken_holder"},
		{"predicate": {"custom_model_data":155}, "model":"item/odm/thunderspear_grips/odm_gear_with_left_sword_bloody_broken_holder"},
		
		{"predicate": {"custom_model_data":201}, "model":"item/odm/thunderspear_grips/odm_gear_with_left_thunderspear"},
		{"predicate": {"custom_model_data":202}, "model":"item/odm/thunderspear_grips/odm_gear_with_left_sword_thunderspear"},
		{"predicate": {"custom_model_data":203}, "model":"item/odm/thunderspear_grips/odm_gear_with_left_sword_bloody_thunderspear"},
		{"predicate": {"custom_model_data":204}, "model":"item/odm/thunderspear_grips/odm_gear_with_left_sword_broken_thunderspear"},
		{"predicate": {"custom_model_data":205}, "model":"item/odm/thunderspear_grips/odm_gear_with_left_sword_bloody_broken_thunderspear"},
		
		{"predicate": {"custom_model_data":1000}, "model":"item/odm/odm_gear"}
	]
}