{
  "model": {
    "type": "minecraft:composite",
    "models": [
      {
        "type": "minecraft:model", "model": "minecraft:item/shifters/armor/bite/3/3"
      },
      {
        "type": "minecraft:condition",
        "property": "minecraft:component", "predicate": "minecraft:custom_data", "value": "{jaw_half:1b}",
        "on_true": {
            "type": "minecraft:composite", "models": [
                {
                    "type": "minecraft:model", "model": "minecraft:item/shifters/armor/bite/bone/half/3"
                },
                {
                    "type": "minecraft:condition",
                    "property": "minecraft:component", "predicate": "minecraft:custom_data", "value": "{jaw_full:1b}",
                    "on_true": {"type": "minecraft:model", "model": "minecraft:item/shifters/armor/bite/bone/full/3"},
                    "on_false": {"type": "minecraft:model", "model": "minecraft:item/air"}
                }
            ]
        },
        "on_false": {"type": "minecraft:model", "model": "minecraft:item/air"}
      },
      {
        "type": "minecraft:condition",
        "property": "minecraft:component", "predicate": "minecraft:custom_data", "value": "{berserk:1b}",
        "on_true": {"type": "minecraft:model", "model": "minecraft:item/shifters/armor/bite/berserk/3"},
        "on_false": {"type": "minecraft:model", "model": "minecraft:item/air"}
      }
    ]
  }
}