{"textures":{"0":"custom/item/gun/carbine/bullet","particle":"custom/item/gun/carbine/bullet"},"elements":[{"from":[0,0,8],"to":[16,16,8],"faces":{"north":{"uv":[16,0,0,16],"texture":"#0"},"east":{"uv":[0,0,2,2],"texture":"#0"},"south":{"uv":[0,0,16,16],"texture":"#0"},"west":{"uv":[0,0,2,2],"texture":"#0"},"up":{"uv":[0,0,2,2],"texture":"#0"},"down":{"uv":[0,0,2,2],"texture":"#0"}}}],"gui_light":"front","display":{"thirdperson_righthand":{"rotation":[90,90,0],"translation":[0,1,1],"scale":[0.3,0.3,0.3]},"thirdperson_lefthand":{"scale":[0,0,0]},"firstperson_righthand":{"rotation":[0,180,0],"translation":[2,2.5,0],"scale":[0.5,0.5,0.5]},"firstperson_lefthand":{"translation":[2,2.5,0],"scale":[0.5,0.5,0.5]},"ground":{"rotation":[90,0,0],"translation":[0,1,0],"scale":[0.3,0.3,0.3]}}}