{
	"format_version": "1.21.6",
	"credit": "Made with Blockbench",
	"textures": {
		"0": "custom/odmgear/dark_metal",
		"1": "custom/odmgear/bright_metal",
		"2": "custom/odmgear/grip_black",
		"3": "custom/odmgear/screw",
		"particle": "custom/odmgear/dark_metal"
	},
	"elements": [
		{
			"from": [7.50625, 11.02074, 14.04803],
			"to": [8.49375, 11.27074, 14.29803],
			"rotation": {"angle": 0, "axis": "y", "origin": [7.96625, 11.71703, 15.24262]},
			"faces": {
				"east": {"uv": [0, 0, 16, 16], "rotation": 90, "texture": "#3"},
				"west": {"uv": [0, 0, 16, 16], "rotation": 90, "texture": "#3"}
			}
		},
		{
			"from": [7.76525, 8.10636, 14.51895],
			"to": [8.23475, 9.35586, 15.58095],
			"rotation": {"angle": 0, "axis": "y", "origin": [8, 8.10611, 15.2062]},
			"faces": {
				"north": {"uv": [0, 0, 16, 6.25], "rotation": 270, "texture": "#2", "tintindex": 0},
				"east": {"uv": [0, 0, 16, 6.25], "rotation": 270, "texture": "#2", "tintindex": 0},
				"south": {"uv": [0, 0, 16, 6.25], "rotation": 270, "texture": "#2", "tintindex": 0},
				"west": {"uv": [0, 0, 16, 6.25], "rotation": 270, "texture": "#2", "tintindex": 0},
				"up": {"uv": [0, 0, 16, 6.25], "rotation": 270, "texture": "#2", "tintindex": 0},
				"down": {"uv": [0, 0, 16, 6.25], "rotation": 270, "texture": "#2", "tintindex": 0}
			}
		},
		{
			"from": [7.515, 9.21697, 14.75841],
			"to": [8.485, 11.21697, 15.50841],
			"rotation": {"angle": -22.5, "axis": "x", "origin": [7.9375, 8.96697, 15.25841]},
			"faces": {
				"north": {"uv": [0, 0, 16, 6.25], "rotation": 270, "texture": "#2", "tintindex": 0},
				"east": {"uv": [0, 0, 16, 6.25], "rotation": 270, "texture": "#2", "tintindex": 0},
				"south": {"uv": [0, 0, 16, 6.25], "rotation": 270, "texture": "#2", "tintindex": 0},
				"west": {"uv": [0, 0, 16, 6.25], "rotation": 270, "texture": "#2", "tintindex": 0},
				"up": {"uv": [0, 0, 16, 6.25], "rotation": 270, "texture": "#2", "tintindex": 0},
				"down": {"uv": [0, 0, 16, 6.25], "rotation": 270, "texture": "#2", "tintindex": 0}
			}
		},
		{
			"from": [7.51575, 11.09663, 14.83175],
			"to": [8.48425, 11.34513, 15.26775],
			"rotation": {"angle": -45, "axis": "x", "origin": [8, 10.34588, 14.8935]},
			"faces": {
				"north": {"uv": [0, 0, 3, 2.5], "rotation": 270, "texture": "#2", "tintindex": 0},
				"east": {"uv": [0, 0, 3, 2.5], "rotation": 270, "texture": "#2", "tintindex": 0},
				"south": {"uv": [0, 0, 3, 2.5], "rotation": 270, "texture": "#2", "tintindex": 0},
				"west": {"uv": [0, 0, 3, 2.5], "rotation": 270, "texture": "#2", "tintindex": 0},
				"up": {"uv": [0, 0, 3, 2.5], "rotation": 270, "texture": "#2", "tintindex": 0},
				"down": {"uv": [0, 0, 3, 2.5], "rotation": 270, "texture": "#2", "tintindex": 0}
			}
		},
		{
			"from": [7.5155, 10.9385, 14.16374],
			"to": [8.4845, 11.375, 14.41274],
			"rotation": {"angle": 22.5, "axis": "x", "origin": [8, 11.2505, 14.28824]},
			"faces": {
				"north": {"uv": [0, 0, 3, 2.5], "rotation": 270, "texture": "#2", "tintindex": 0},
				"east": {"uv": [0, 0, 3, 2.5], "rotation": 270, "texture": "#2", "tintindex": 0},
				"south": {"uv": [0, 0, 3, 2.5], "rotation": 270, "texture": "#2", "tintindex": 0},
				"west": {"uv": [0, 0, 3, 2.5], "rotation": 270, "texture": "#2", "tintindex": 0},
				"up": {"uv": [0, 0, 3, 2.5], "rotation": 270, "texture": "#2", "tintindex": 0},
				"down": {"uv": [0, 0, 3, 2.5], "rotation": 270, "texture": "#2", "tintindex": 0}
			}
		},
		{
			"from": [7.51525, 10.85461, 13.93568],
			"to": [8.48475, 11.41661, 14.22268],
			"rotation": {"angle": 0, "axis": "y", "origin": [8, 10.35436, 14.31043]},
			"faces": {
				"north": {"uv": [0, 0, 3, 2.5], "rotation": 270, "texture": "#2", "tintindex": 0},
				"east": {"uv": [0, 0, 3, 2.5], "rotation": 270, "texture": "#2", "tintindex": 0},
				"south": {"uv": [0, 0, 3, 2.5], "rotation": 270, "texture": "#2", "tintindex": 0},
				"west": {"uv": [0, 0, 3, 2.5], "rotation": 270, "texture": "#2", "tintindex": 0},
				"up": {"uv": [0, 0, 3, 2.5], "rotation": 270, "texture": "#2", "tintindex": 0},
				"down": {"uv": [0, 0, 3, 2.5], "rotation": 270, "texture": "#2", "tintindex": 0}
			}
		},
		{
			"from": [7.51525, 8.04386, 14.64395],
			"to": [8.48475, 9.29336, 15.39345],
			"rotation": {"angle": 0, "axis": "y", "origin": [8, 8.04361, 15.0187]},
			"faces": {
				"north": {"uv": [0, 0, 16, 6.25], "rotation": 270, "texture": "#2", "tintindex": 0},
				"east": {"uv": [0, 0, 16, 6.25], "rotation": 270, "texture": "#2", "tintindex": 0},
				"south": {"uv": [0, 0, 16, 6.25], "rotation": 270, "texture": "#2", "tintindex": 0},
				"west": {"uv": [0, 0, 16, 6.25], "rotation": 270, "texture": "#2", "tintindex": 0},
				"up": {"uv": [0, 0, 16, 6.25], "rotation": 270, "texture": "#2", "tintindex": 0},
				"down": {"uv": [0, 0, 16, 6.25], "rotation": 270, "texture": "#2", "tintindex": 0}
			}
		},
		{
			"from": [7.765, 9.27947, 14.57091],
			"to": [8.235, 11.15447, 15.69591],
			"rotation": {"angle": -22.5, "axis": "x", "origin": [7.9375, 9.02947, 15.44591]},
			"faces": {
				"north": {"uv": [0, 0, 16, 6.25], "rotation": 270, "texture": "#2", "tintindex": 0},
				"east": {"uv": [0, 0, 16, 6.25], "rotation": 270, "texture": "#2", "tintindex": 0},
				"south": {"uv": [0, 0, 16, 6.25], "rotation": 270, "texture": "#2", "tintindex": 0},
				"west": {"uv": [0, 0, 16, 6.25], "rotation": 270, "texture": "#2", "tintindex": 0},
				"up": {"uv": [0, 0, 16, 6.25], "rotation": 270, "texture": "#2", "tintindex": 0},
				"down": {"uv": [0, 0, 16, 6.25], "rotation": 270, "texture": "#2", "tintindex": 0}
			}
		},
		{
			"from": [7.475, 7.86983, 9.12177],
			"to": [8.525, 8.11983, 15.67177],
			"rotation": {"angle": 0, "axis": "y", "origin": [7.5, 7.86983, 10.14677]},
			"faces": {
				"north": {"uv": [11, 0, 13, 16], "rotation": 90, "texture": "#0"},
				"east": {"uv": [11, 0, 13, 16], "rotation": 90, "texture": "#0"},
				"south": {"uv": [11, 0, 13, 16], "rotation": 90, "texture": "#0"},
				"west": {"uv": [11, 0, 13, 16], "rotation": 90, "texture": "#0"},
				"up": {"uv": [3.5, 0, 7.7, 16], "texture": "#0"},
				"down": {"uv": [0, 0, 4.2, 16], "texture": "#0"}
			}
		},
		{
			"from": [7.475, 12.86983, 9.24677],
			"to": [8.525, 12.99483, 14.79677],
			"rotation": {"angle": 0, "axis": "y", "origin": [7.5, 12.86983, 10.14677]},
			"faces": {
				"north": {"uv": [11, 0, 13, 16], "rotation": 90, "texture": "#0"},
				"east": {"uv": [11, 0, 13, 16], "rotation": 90, "texture": "#0"},
				"south": {"uv": [11, 0, 13, 16], "rotation": 90, "texture": "#0"},
				"west": {"uv": [11, 0, 13, 16], "rotation": 90, "texture": "#0"},
				"up": {"uv": [3.5, 0, 7.7, 16], "texture": "#0"},
				"down": {"uv": [0, 0, 4.2, 16], "texture": "#0"}
			}
		},
		{
			"from": [7.63125, 12.99483, 9.49677],
			"to": [8.36875, 13.43233, 14.54677],
			"rotation": {"angle": 0, "axis": "y", "origin": [7.46875, 12.86983, 10.14677]},
			"faces": {
				"north": {"uv": [11, 0, 13, 16], "rotation": 90, "texture": "#0"},
				"east": {"uv": [11, 0, 13, 16], "rotation": 90, "texture": "#0"},
				"south": {"uv": [11, 0, 13, 16], "rotation": 90, "texture": "#0"},
				"west": {"uv": [11, 0, 13, 16], "rotation": 90, "texture": "#0"},
				"up": {"uv": [3.5, 0, 7.7, 16], "texture": "#0"},
				"down": {"uv": [0, 0, 4.2, 16], "texture": "#0"}
			}
		},
		{
			"from": [7.58125, 12.99483, 14.43427],
			"to": [8.41875, 13.61983, 14.54677],
			"rotation": {"angle": 0, "axis": "y", "origin": [7.46875, 12.86983, 10.14677]},
			"faces": {
				"north": {"uv": [11, 0, 13, 16], "rotation": 90, "texture": "#0"},
				"east": {"uv": [11, 0, 13, 16], "rotation": 90, "texture": "#0"},
				"south": {"uv": [11, 0, 13, 16], "rotation": 90, "texture": "#0"},
				"west": {"uv": [11, 0, 13, 16], "rotation": 90, "texture": "#0"},
				"up": {"uv": [3.5, 0, 7.7, 16], "texture": "#0"},
				"down": {"uv": [0, 0, 4.2, 16], "texture": "#0"}
			}
		},
		{
			"from": [7.64375, 13.49483, 14.30927],
			"to": [8.35625, 13.61983, 14.42177],
			"rotation": {"angle": 45, "axis": "x", "origin": [8, 13.30733, 14.36552]},
			"faces": {
				"north": {"uv": [11, 0, 13, 16], "rotation": 90, "texture": "#0"},
				"east": {"uv": [11, 0, 13, 16], "rotation": 90, "texture": "#0"},
				"south": {"uv": [11, 0, 13, 16], "rotation": 90, "texture": "#0"},
				"west": {"uv": [11, 0, 13, 16], "rotation": 90, "texture": "#0"},
				"up": {"uv": [3.5, 0, 7.7, 16], "texture": "#0"},
				"down": {"uv": [0, 0, 4.2, 16], "texture": "#0"}
			}
		},
		{
			"from": [7.56875, 12.99483, 10.68427],
			"to": [8.43125, 13.61983, 13.98427],
			"rotation": {"angle": 0, "axis": "y", "origin": [7.46875, 12.86983, 10.14677]},
			"faces": {
				"north": {"uv": [11, 0, 13, 16], "rotation": 90, "texture": "#0"},
				"east": {"uv": [11, 0, 13, 16], "rotation": 90, "texture": "#0"},
				"south": {"uv": [11, 0, 13, 16], "rotation": 90, "texture": "#0"},
				"west": {"uv": [11, 0, 13, 16], "rotation": 90, "texture": "#0"},
				"up": {"uv": [3.5, 0, 7.7, 16], "texture": "#0"},
				"down": {"uv": [0, 0, 4.2, 16], "texture": "#0"}
			}
		},
		{
			"from": [7.54375, 12.86983, 13.95927],
			"to": [8.45625, 13.89483, 14.04677],
			"rotation": {"angle": 0, "axis": "y", "origin": [7.46875, 12.74483, 10.14677]},
			"faces": {
				"north": {"uv": [11, 0, 13, 16], "rotation": 90, "texture": "#0"},
				"east": {"uv": [11, 0, 13, 16], "rotation": 90, "texture": "#0"},
				"south": {"uv": [11, 0, 13, 16], "rotation": 90, "texture": "#0"},
				"west": {"uv": [11, 0, 13, 16], "rotation": 90, "texture": "#0"},
				"up": {"uv": [3.5, 0, 7.7, 16], "texture": "#0"},
				"down": {"uv": [0, 0, 4.2, 16], "texture": "#0"}
			}
		},
		{
			"from": [7.60625, 12.86983, 13.89677],
			"to": [8.39375, 13.86983, 13.98427],
			"rotation": {"angle": 0, "axis": "y", "origin": [7.46875, 12.74483, 10.14677]},
			"faces": {
				"north": {"uv": [11, 0, 13, 16], "rotation": 90, "texture": "#0"},
				"east": {"uv": [11, 0, 13, 16], "rotation": 90, "texture": "#0"},
				"south": {"uv": [11, 0, 13, 16], "rotation": 90, "texture": "#0"},
				"west": {"uv": [11, 0, 13, 16], "rotation": 90, "texture": "#0"},
				"up": {"uv": [3.5, 0, 7.7, 16], "texture": "#0"},
				"down": {"uv": [0, 0, 4.2, 16], "texture": "#0"}
			}
		},
		{
			"from": [7.75625, 13.61983, 10.93427],
			"to": [8.24375, 13.86983, 13.73427],
			"rotation": {"angle": 0, "axis": "y", "origin": [7.46875, 12.74483, 10.14677]},
			"faces": {
				"north": {"uv": [11, 0, 13, 16], "rotation": 90, "texture": "#0"},
				"east": {"uv": [11, 0, 13, 16], "rotation": 90, "texture": "#0"},
				"south": {"uv": [11, 0, 13, 16], "rotation": 90, "texture": "#0"},
				"west": {"uv": [11, 0, 13, 16], "rotation": 90, "texture": "#0"},
				"up": {"uv": [3.5, 0, 7.7, 16], "texture": "#0"},
				"down": {"uv": [0, 0, 4.2, 16], "texture": "#0"}
			}
		},
		{
			"from": [8.13125, 13.61983, 13.43427],
			"to": [8.19375, 13.86983, 13.92177],
			"rotation": {"angle": 45, "axis": "x", "origin": [8.1625, 13.74483, 13.70927]},
			"faces": {
				"north": {"uv": [11, 0, 13, 16], "rotation": 90, "texture": "#0"},
				"east": {"uv": [11, 0, 13, 16], "rotation": 90, "texture": "#0"},
				"south": {"uv": [11, 0, 13, 16], "rotation": 90, "texture": "#0"},
				"west": {"uv": [11, 0, 13, 16], "rotation": 90, "texture": "#0"},
				"up": {"uv": [3.5, 0, 7.7, 16], "texture": "#0"},
				"down": {"uv": [0, 0, 4.2, 16], "texture": "#0"}
			}
		},
		{
			"from": [7.96875, 13.24483, 5.62177],
			"to": [8.03125, 13.49483, 5.85927],
			"rotation": {"angle": 45, "axis": "x", "origin": [8, 13.36983, 5.89677]},
			"faces": {
				"north": {"uv": [11, 0, 13, 16], "rotation": 90, "texture": "#0"},
				"east": {"uv": [11, 0, 13, 16], "rotation": 90, "texture": "#0"},
				"south": {"uv": [11, 0, 13, 16], "rotation": 90, "texture": "#0"},
				"west": {"uv": [11, 0, 13, 16], "rotation": 90, "texture": "#0"},
				"up": {"uv": [3.5, 0, 7.7, 16], "texture": "#0"},
				"down": {"uv": [0, 0, 4.2, 16], "texture": "#0"}
			}
		},
		{
			"from": [7.80625, 13.61983, 13.43427],
			"to": [7.86875, 13.86983, 13.92177],
			"rotation": {"angle": 45, "axis": "x", "origin": [7.8375, 13.74483, 13.70927]},
			"faces": {
				"north": {"uv": [11, 16, 13, 0], "rotation": 90, "texture": "#0"},
				"east": {"uv": [11, 16, 13, 0], "rotation": 90, "texture": "#0"},
				"south": {"uv": [11, 16, 13, 0], "rotation": 90, "texture": "#0"},
				"west": {"uv": [11, 16, 13, 0], "rotation": 90, "texture": "#0"},
				"up": {"uv": [7.7, 0, 3.5, 16], "texture": "#0"},
				"down": {"uv": [4.2, 0, 0, 16], "texture": "#0"}
			}
		},
		{
			"from": [7.73125, 13.61983, 13.68427],
			"to": [8.26875, 13.90733, 13.84677],
			"rotation": {"angle": 0, "axis": "y", "origin": [7.46875, 12.74483, 10.14677]},
			"faces": {
				"north": {"uv": [11, 0, 13, 16], "rotation": 90, "texture": "#0"},
				"east": {"uv": [11, 0, 13, 16], "rotation": 90, "texture": "#0"},
				"south": {"uv": [11, 0, 13, 16], "rotation": 90, "texture": "#0"},
				"west": {"uv": [11, 0, 13, 16], "rotation": 90, "texture": "#0"},
				"up": {"uv": [3.5, 0, 7.7, 16], "texture": "#0"},
				"down": {"uv": [0, 0, 4.2, 16], "texture": "#0"}
			}
		},
		{
			"from": [7.56875, 12.86983, 9.37177],
			"to": [8.43125, 13.55733, 9.67177],
			"rotation": {"angle": 0, "axis": "y", "origin": [7.46875, 12.74483, 10.02177]},
			"faces": {
				"north": {"uv": [11, 0, 13, 16], "rotation": 90, "texture": "#0"},
				"east": {"uv": [11, 0, 13, 16], "rotation": 90, "texture": "#0"},
				"south": {"uv": [11, 0, 13, 16], "rotation": 90, "texture": "#0"},
				"west": {"uv": [11, 0, 13, 16], "rotation": 90, "texture": "#0"},
				"up": {"uv": [3.5, 0, 7.7, 16], "texture": "#0"},
				"down": {"uv": [0, 0, 4.2, 16], "texture": "#0"}
			}
		},
		{
			"from": [7.66772, 13.31128, 9.37202],
			"to": [8.02972, 13.74828, 9.67152],
			"rotation": {"angle": 22.5, "axis": "z", "origin": [8.09872, 13.40478, 9.52177]},
			"faces": {
				"north": {"uv": [11, 0, 13, 16], "rotation": 90, "texture": "#0"},
				"east": {"uv": [11, 0, 13, 16], "rotation": 90, "texture": "#0"},
				"south": {"uv": [11, 0, 13, 16], "rotation": 90, "texture": "#0"},
				"west": {"uv": [11, 0, 13, 16], "rotation": 90, "texture": "#0"},
				"up": {"uv": [3.5, 0, 7.7, 16], "texture": "#0"},
				"down": {"uv": [0, 0, 4.2, 16], "texture": "#0"}
			}
		},
		{
			"from": [7.97028, 13.31128, 9.37202],
			"to": [8.33228, 13.74828, 9.67152],
			"rotation": {"angle": -22.5, "axis": "z", "origin": [7.90128, 13.40478, 9.52177]},
			"faces": {
				"north": {"uv": [11, 16, 13, 0], "rotation": 90, "texture": "#0"},
				"east": {"uv": [11, 16, 13, 0], "rotation": 90, "texture": "#0"},
				"south": {"uv": [11, 16, 13, 0], "rotation": 90, "texture": "#0"},
				"west": {"uv": [11, 16, 13, 0], "rotation": 90, "texture": "#0"},
				"up": {"uv": [7.7, 0, 3.5, 16], "texture": "#0"},
				"down": {"uv": [4.2, 0, 0, 16], "texture": "#0"}
			}
		},
		{
			"from": [7.90366, 13.25855, 9.37177],
			"to": [8.09741, 13.69605, 9.67177],
			"rotation": {"angle": 0, "axis": "y", "origin": [8.08491, 13.4773, 9.52177]},
			"faces": {
				"north": {"uv": [11, 16, 13, 0], "rotation": 90, "texture": "#0"},
				"east": {"uv": [11, 16, 13, 0], "rotation": 90, "texture": "#0"},
				"south": {"uv": [11, 16, 13, 0], "rotation": 90, "texture": "#0"},
				"west": {"uv": [11, 16, 13, 0], "rotation": 90, "texture": "#0"},
				"up": {"uv": [7.7, 0, 3.5, 16], "texture": "#0"},
				"down": {"uv": [4.2, 0, 0, 16], "texture": "#0"}
			}
		},
		{
			"from": [7.56875, 12.86983, 10.37177],
			"to": [8.43125, 13.55733, 10.67177],
			"rotation": {"angle": 0, "axis": "y", "origin": [7.46875, 12.74483, 11.02177]},
			"faces": {
				"north": {"uv": [11, 0, 13, 16], "rotation": 90, "texture": "#0"},
				"east": {"uv": [11, 0, 13, 16], "rotation": 90, "texture": "#0"},
				"south": {"uv": [11, 0, 13, 16], "rotation": 90, "texture": "#0"},
				"west": {"uv": [11, 0, 13, 16], "rotation": 90, "texture": "#0"},
				"up": {"uv": [3.5, 0, 7.7, 16], "texture": "#0"},
				"down": {"uv": [0, 0, 4.2, 16], "texture": "#0"}
			}
		},
		{
			"from": [7.66772, 13.31128, 10.37202],
			"to": [8.02972, 13.74828, 10.67152],
			"rotation": {"angle": 22.5, "axis": "z", "origin": [8.09872, 13.40478, 10.52177]},
			"faces": {
				"north": {"uv": [11, 0, 13, 16], "rotation": 90, "texture": "#0"},
				"east": {"uv": [11, 0, 13, 16], "rotation": 90, "texture": "#0"},
				"south": {"uv": [11, 0, 13, 16], "rotation": 90, "texture": "#0"},
				"west": {"uv": [11, 0, 13, 16], "rotation": 90, "texture": "#0"},
				"up": {"uv": [3.5, 0, 7.7, 16], "texture": "#0"},
				"down": {"uv": [0, 0, 4.2, 16], "texture": "#0"}
			}
		},
		{
			"from": [7.97028, 13.31128, 10.37202],
			"to": [8.33228, 13.74828, 10.67152],
			"rotation": {"angle": -22.5, "axis": "z", "origin": [7.90128, 13.40478, 10.52177]},
			"faces": {
				"north": {"uv": [11, 16, 13, 0], "rotation": 90, "texture": "#0"},
				"east": {"uv": [11, 16, 13, 0], "rotation": 90, "texture": "#0"},
				"south": {"uv": [11, 16, 13, 0], "rotation": 90, "texture": "#0"},
				"west": {"uv": [11, 16, 13, 0], "rotation": 90, "texture": "#0"},
				"up": {"uv": [7.7, 0, 3.5, 16], "texture": "#0"},
				"down": {"uv": [4.2, 0, 0, 16], "texture": "#0"}
			}
		},
		{
			"from": [7.90366, 13.25855, 10.37177],
			"to": [8.09741, 13.69605, 10.67177],
			"rotation": {"angle": 0, "axis": "y", "origin": [8.08491, 13.4773, 10.52177]},
			"faces": {
				"north": {"uv": [11, 16, 13, 0], "rotation": 90, "texture": "#0"},
				"east": {"uv": [11, 16, 13, 0], "rotation": 90, "texture": "#0"},
				"south": {"uv": [11, 16, 13, 0], "rotation": 90, "texture": "#0"},
				"west": {"uv": [11, 16, 13, 0], "rotation": 90, "texture": "#0"},
				"up": {"uv": [7.7, 0, 3.5, 16], "texture": "#0"},
				"down": {"uv": [4.2, 0, 0, 16], "texture": "#0"}
			}
		},
		{
			"from": [7.5775, 9.36983, 10.62615],
			"to": [8.4225, 9.61983, 13.62615],
			"rotation": {"angle": 0, "axis": "y", "origin": [7.515, 6.11983, 10.62615]},
			"faces": {
				"north": {"uv": [0, 0, 11.5, 2], "texture": "#0"},
				"east": {"uv": [0, 0, 11.5, 2], "texture": "#0"},
				"south": {"uv": [0, 0, 11.5, 2], "texture": "#0"},
				"west": {"uv": [0, 0, 11.5, 2], "texture": "#0"},
				"up": {"uv": [0, 0, 11.5, 2], "texture": "#0"},
				"down": {"uv": [0, 0, 11.5, 2], "texture": "#0"}
			}
		},
		{
			"from": [7.57775, 9.70623, 10.74703],
			"to": [8.42225, 10.20573, 10.99653],
			"rotation": {"angle": -22.5, "axis": "x", "origin": [8, 9.83098, 11.24678]},
			"faces": {
				"north": {"uv": [1, 0, 2.5, 2], "texture": "#0"},
				"east": {"uv": [1, 0, 2.5, 2], "texture": "#0"},
				"south": {"uv": [1, 0, 2.5, 2], "texture": "#0"},
				"west": {"uv": [1, 0, 2.5, 2], "texture": "#0"},
				"up": {"uv": [1, 0, 2.5, 2], "texture": "#0"},
				"down": {"uv": [1, 0, 2.5, 2], "texture": "#0"}
			}
		},
		{
			"from": [7.5775, 9.61983, 10.62615],
			"to": [8.4225, 12.36983, 10.87615],
			"rotation": {"angle": 0, "axis": "y", "origin": [7.515, 6.36983, 10.62615]},
			"faces": {
				"north": {"uv": [0, 2, 1, 15], "texture": "#0"},
				"east": {"uv": [0, 2, 1, 15], "texture": "#0"},
				"south": {"uv": [0, 2, 1, 15], "texture": "#0"},
				"west": {"uv": [0, 2, 1, 15], "texture": "#0"},
				"up": {"uv": [0, 2, 1, 15], "texture": "#0"},
				"down": {"uv": [0, 2, 1, 15], "texture": "#0"}
			}
		},
		{
			"from": [7.57775, 10.45321, 10.72774],
			"to": [8.42225, 10.95271, 10.97724],
			"rotation": {"angle": 22.5, "axis": "x", "origin": [8, 10.70296, 10.85249]},
			"faces": {
				"north": {"uv": [1, 0, 2.5, 2], "texture": "#0"},
				"east": {"uv": [1, 0, 2.5, 2], "texture": "#0"},
				"south": {"uv": [1, 0, 2.5, 2], "texture": "#0"},
				"west": {"uv": [1, 0, 2.5, 2], "texture": "#0"},
				"up": {"uv": [1, 0, 2.5, 2], "texture": "#0"},
				"down": {"uv": [1, 0, 2.5, 2], "texture": "#0"}
			}
		},
		{
			"from": [7.5775, 10.86983, 10.87615],
			"to": [8.4225, 11.11983, 13.37615],
			"rotation": {"angle": 0, "axis": "y", "origin": [7.515, 7.61983, 10.62615]},
			"faces": {
				"north": {"uv": [1.5, 0, 10.5, 2], "texture": "#0"},
				"east": {"uv": [1.5, 0, 10.5, 2], "texture": "#0"},
				"south": {"uv": [1.5, 0, 10.5, 2], "texture": "#0"},
				"west": {"uv": [1.5, 0, 10.5, 2], "texture": "#0"},
				"up": {"uv": [1.5, 0, 10.5, 2], "texture": "#0"},
				"down": {"uv": [1.5, 0, 10.5, 2], "texture": "#0"}
			}
		},
		{
			"from": [7.57775, 11.20623, 10.74703],
			"to": [8.42225, 11.70573, 10.99653],
			"rotation": {"angle": -22.5, "axis": "x", "origin": [8, 11.33098, 11.24678]},
			"faces": {
				"north": {"uv": [1, 0, 2.5, 2], "texture": "#0"},
				"east": {"uv": [1, 0, 2.5, 2], "texture": "#0"},
				"south": {"uv": [1, 0, 2.5, 2], "texture": "#0"},
				"west": {"uv": [1, 0, 2.5, 2], "texture": "#0"},
				"up": {"uv": [1, 0, 2.5, 2], "texture": "#0"},
				"down": {"uv": [1, 0, 2.5, 2], "texture": "#0"}
			}
		},
		{
			"from": [7.57775, 11.95321, 10.72774],
			"to": [8.42225, 12.45271, 10.97724],
			"rotation": {"angle": 22.5, "axis": "x", "origin": [8, 12.20296, 10.85249]},
			"faces": {
				"north": {"uv": [1, 0, 2.5, 2], "texture": "#0"},
				"east": {"uv": [1, 0, 2.5, 2], "texture": "#0"},
				"south": {"uv": [1, 0, 2.5, 2], "texture": "#0"},
				"west": {"uv": [1, 0, 2.5, 2], "texture": "#0"},
				"up": {"uv": [1, 0, 2.5, 2], "texture": "#0"},
				"down": {"uv": [1, 0, 2.5, 2], "texture": "#0"}
			}
		},
		{
			"from": [7.5775, 12.36983, 10.62615],
			"to": [8.4225, 12.86983, 13.62615],
			"rotation": {"angle": 0, "axis": "y", "origin": [7.515, 9.11983, 10.62615]},
			"faces": {
				"north": {"uv": [0, 0, 16, 2], "texture": "#0"},
				"east": {"uv": [0, 0, 16, 2], "texture": "#0"},
				"south": {"uv": [0, 0, 16, 2], "texture": "#0"},
				"west": {"uv": [0, 0, 11.5, 2], "texture": "#0"},
				"up": {"uv": [0, 0, 16, 2], "texture": "#0"},
				"down": {"uv": [0, 0, 16, 2], "texture": "#0"}
			}
		},
		{
			"from": [7.5775, 12.11983, 12.37615],
			"to": [8.4225, 12.36983, 13.37615],
			"rotation": {"angle": 0, "axis": "y", "origin": [7.515, 8.86983, 10.62615]},
			"faces": {
				"north": {"uv": [6.5, 0, 10.5, 2], "texture": "#0"},
				"east": {"uv": [6.5, 0, 10.5, 2], "texture": "#0"},
				"south": {"uv": [6.5, 0, 10.5, 2], "texture": "#0"},
				"west": {"uv": [6.5, 0, 10.5, 2], "texture": "#0"},
				"up": {"uv": [6.5, 0, 10.5, 2], "texture": "#0"},
				"down": {"uv": [6.5, 0, 10.5, 2], "texture": "#0"}
			}
		},
		{
			"from": [7.85875, 11.86983, 12.25115],
			"to": [8.14125, 12.43233, 12.62615],
			"rotation": {"angle": 0, "axis": "y", "origin": [7.67125, 8.93233, 10.43865]},
			"faces": {
				"north": {"uv": [12, 0, 16, 2], "texture": "#0"},
				"east": {"uv": [9.5, 0, 13.5, 2], "texture": "#0"},
				"south": {"uv": [9.5, 0, 13.5, 2], "texture": "#0"},
				"west": {"uv": [9.5, 0, 13.5, 2], "texture": "#0"},
				"up": {"uv": [9.5, 0, 13.5, 2], "texture": "#0"},
				"down": {"uv": [9.5, 0, 13.5, 2], "texture": "#0"}
			}
		},
		{
			"from": [7.85875, 11.40049, 12.15779],
			"to": [8.14125, 11.96299, 12.53279],
			"rotation": {"angle": 22.5, "axis": "x", "origin": [8, 11.68174, 12.34529]},
			"faces": {
				"north": {"uv": [12, 0, 16, 2], "texture": "#0"},
				"east": {"uv": [9.5, 0, 13.5, 2], "texture": "#0"},
				"south": {"uv": [9.5, 0, 13.5, 2], "texture": "#0"},
				"west": {"uv": [9.5, 0, 13.5, 2], "texture": "#0"},
				"up": {"uv": [9.5, 0, 13.5, 2], "texture": "#0"},
				"down": {"uv": [9.5, 0, 13.5, 2], "texture": "#0"}
			}
		},
		{
			"from": [7.85875, 10.36983, 12.25115],
			"to": [8.14125, 10.93233, 12.62615],
			"rotation": {"angle": 0, "axis": "y", "origin": [7.67125, 7.43233, 10.43865]},
			"faces": {
				"north": {"uv": [12, 0, 16, 2], "texture": "#0"},
				"east": {"uv": [9.5, 0, 13.5, 2], "texture": "#0"},
				"south": {"uv": [9.5, 0, 13.5, 2], "texture": "#0"},
				"west": {"uv": [9.5, 0, 13.5, 2], "texture": "#0"},
				"up": {"uv": [9.5, 0, 13.5, 2], "texture": "#0"},
				"down": {"uv": [9.5, 0, 13.5, 2], "texture": "#0"}
			}
		},
		{
			"from": [7.85875, 9.90049, 12.15779],
			"to": [8.14125, 10.46299, 12.53279],
			"rotation": {"angle": 22.5, "axis": "x", "origin": [8, 10.18174, 12.34529]},
			"faces": {
				"north": {"uv": [12, 0, 16, 2], "texture": "#0"},
				"east": {"uv": [9.5, 0, 13.5, 2], "texture": "#0"},
				"south": {"uv": [9.5, 0, 13.5, 2], "texture": "#0"},
				"west": {"uv": [9.5, 0, 13.5, 2], "texture": "#0"},
				"up": {"uv": [9.5, 0, 13.5, 2], "texture": "#0"},
				"down": {"uv": [9.5, 0, 13.5, 2], "texture": "#0"}
			}
		},
		{
			"from": [7.57775, 12.30191, 12.2905],
			"to": [8.42225, 12.61391, 12.54],
			"rotation": {"angle": -22.5, "axis": "x", "origin": [8, 12.42666, 12.79025]},
			"faces": {
				"north": {"uv": [10.5, 0, 12, 2], "texture": "#0"},
				"east": {"uv": [6.5, 0, 8, 2], "texture": "#0"},
				"south": {"uv": [6.5, 0, 8, 2], "texture": "#0"},
				"west": {"uv": [6.5, 0, 8, 2], "texture": "#0"},
				"up": {"uv": [6.5, 0, 8, 2], "texture": "#0"},
				"down": {"uv": [6.5, 0, 8, 2], "texture": "#0"}
			}
		},
		{
			"from": [7.5775, 10.61983, 12.37615],
			"to": [8.4225, 10.86983, 13.37615],
			"rotation": {"angle": 0, "axis": "y", "origin": [7.515, 7.36983, 10.62615]},
			"faces": {
				"north": {"uv": [6.5, 0, 10.5, 2], "texture": "#0"},
				"east": {"uv": [6.5, 0, 10.5, 2], "texture": "#0"},
				"south": {"uv": [6.5, 0, 10.5, 2], "texture": "#0"},
				"west": {"uv": [6.5, 0, 10.5, 2], "texture": "#0"},
				"up": {"uv": [6.5, 0, 10.5, 2], "texture": "#0"},
				"down": {"uv": [6.5, 0, 10.5, 2], "texture": "#0"}
			}
		},
		{
			"from": [7.57775, 10.80191, 12.2905],
			"to": [8.42225, 11.11391, 12.54],
			"rotation": {"angle": -22.5, "axis": "x", "origin": [8, 10.92666, 12.79025]},
			"faces": {
				"north": {"uv": [10.5, 0, 12, 2], "texture": "#0"},
				"east": {"uv": [6.5, 0, 8, 2], "texture": "#0"},
				"south": {"uv": [6.5, 0, 8, 2], "texture": "#0"},
				"west": {"uv": [6.5, 0, 8, 2], "texture": "#0"},
				"up": {"uv": [6.5, 0, 8, 2], "texture": "#0"},
				"down": {"uv": [6.5, 0, 8, 2], "texture": "#0"}
			}
		},
		{
			"from": [7.5775, 9.61983, 13.37615],
			"to": [8.4225, 12.36983, 13.62615],
			"rotation": {"angle": 0, "axis": "y", "origin": [7.515, 6.36983, 13.37615]},
			"faces": {
				"north": {"uv": [10.5, 2, 11.5, 15], "texture": "#0"},
				"east": {"uv": [10.5, 2, 11.5, 15], "texture": "#0"},
				"south": {"uv": [10.5, 2, 11.5, 15], "texture": "#0"},
				"west": {"uv": [10.5, 2, 11.5, 15], "texture": "#0"},
				"up": {"uv": [10.5, 2, 11.5, 15], "texture": "#0"},
				"down": {"uv": [10.5, 2, 11.5, 15], "texture": "#0"}
			}
		},
		{
			"from": [7.60275, 12.24508, 13.6264],
			"to": [8.39725, 12.86958, 14.3759],
			"rotation": {"angle": 0, "axis": "y", "origin": [7.515, 9.11983, 10.62615]},
			"faces": {
				"north": {"uv": [2.5, 3.5, 6.5, 7.5], "rotation": 90, "texture": "#0"},
				"east": {"uv": [2.5, 3.5, 6.5, 7.5], "rotation": 90, "texture": "#0"},
				"south": {"uv": [2.5, 3.5, 6.5, 7.5], "rotation": 90, "texture": "#0"},
				"west": {"uv": [2.5, 3.5, 6.5, 7.5], "rotation": 90, "texture": "#0"},
				"up": {"uv": [2.5, 3.5, 6.5, 7.5], "rotation": 90, "texture": "#0"},
				"down": {"uv": [2.5, 3.5, 6.5, 7.5], "rotation": 90, "texture": "#0"}
			}
		},
		{
			"from": [7.603, 12.01052, 14.24292],
			"to": [8.397, 12.69702, 14.74192],
			"rotation": {"angle": 22.5, "axis": "x", "origin": [8, 12.44752, 14.74242]},
			"faces": {
				"north": {"uv": [2.5, 3.5, 6.5, 7.5], "rotation": 90, "texture": "#0"},
				"east": {"uv": [2.5, 3.5, 6.5, 7.5], "rotation": 90, "texture": "#0"},
				"south": {"uv": [2.5, 3.5, 6.5, 7.5], "rotation": 90, "texture": "#0"},
				"west": {"uv": [2.5, 3.5, 6.5, 7.5], "rotation": 90, "texture": "#0"},
				"up": {"uv": [13, 0, 16, 3], "rotation": 90, "texture": "#0"},
				"down": {"uv": [2.5, 3.5, 6.5, 7.5], "rotation": 90, "texture": "#0"}
			}
		},
		{
			"from": [7.60275, 12.06689, 14.50238],
			"to": [8.39725, 12.56639, 14.75188],
			"rotation": {"angle": 45, "axis": "x", "origin": [8, 12.21703, 14.80512]},
			"faces": {
				"north": {"uv": [2.5, 3.5, 6.5, 7.5], "rotation": 90, "texture": "#0"},
				"east": {"uv": [2.5, 3.5, 6.5, 7.5], "rotation": 90, "texture": "#0"},
				"south": {"uv": [2.5, 3.5, 6.5, 7.5], "rotation": 90, "texture": "#0"},
				"west": {"uv": [2.5, 3.5, 6.5, 7.5], "rotation": 90, "texture": "#0"},
				"up": {"uv": [13, 0, 16, 3], "rotation": 90, "texture": "#0"},
				"down": {"uv": [2.5, 3.5, 6.5, 7.5], "rotation": 90, "texture": "#0"}
			}
		},
		{
			"from": [7.603, 12.15027, 14.60834],
			"to": [8.397, 12.39927, 15.10734],
			"rotation": {"angle": -22.5, "axis": "x", "origin": [8, 12.21703, 14.80512]},
			"faces": {
				"north": {"uv": [2.5, 3.5, 6.5, 7.5], "rotation": 90, "texture": "#0"},
				"east": {"uv": [2.5, 3.5, 6.5, 7.5], "rotation": 90, "texture": "#0"},
				"south": {"uv": [13, 0, 16, 3], "rotation": 90, "texture": "#0"},
				"west": {"uv": [2.5, 3.5, 6.5, 7.5], "rotation": 90, "texture": "#0"},
				"up": {"uv": [2.5, 3.5, 6.5, 7.5], "rotation": 90, "texture": "#0"},
				"down": {"uv": [2.5, 3.5, 6.5, 7.5], "rotation": 90, "texture": "#0"}
			}
		},
		{
			"from": [7.6025, 11.52074, 13.61053],
			"to": [8.3975, 12.27074, 15.11053],
			"rotation": {"angle": 0, "axis": "y", "origin": [8, 12.21703, 14.80512]},
			"faces": {
				"north": {"uv": [2.5, 3.5, 6.5, 7.5], "rotation": 90, "texture": "#0"},
				"east": {"uv": [2.5, 3.5, 6.5, 7.5], "rotation": 90, "texture": "#0"},
				"south": {"uv": [13, 0, 16, 3], "rotation": 90, "texture": "#0"},
				"west": {"uv": [2.5, 3.5, 6.5, 7.5], "rotation": 90, "texture": "#0"},
				"up": {"uv": [2.5, 3.5, 6.5, 7.5], "rotation": 90, "texture": "#0"},
				"down": {"uv": [2.5, 3.5, 6.5, 7.5], "rotation": 90, "texture": "#0"}
			}
		},
		{
			"from": [7.60275, 10.89521, 13.54881],
			"to": [8.39725, 11.64471, 14.98581],
			"rotation": {"angle": 22.5, "axis": "x", "origin": [8, 11.26996, 14.73606]},
			"faces": {
				"north": {"uv": [2.5, 3.5, 6.5, 7.5], "rotation": 90, "texture": "#0"},
				"east": {"uv": [2.5, 3.5, 6.5, 7.5], "rotation": 90, "texture": "#0"},
				"south": {"uv": [13, 0, 16, 3], "rotation": 90, "texture": "#0"},
				"west": {"uv": [2.5, 3.5, 6.5, 7.5], "rotation": 90, "texture": "#0"},
				"up": {"uv": [2.5, 3.5, 6.5, 7.5], "rotation": 90, "texture": "#0"},
				"down": {"uv": [2.5, 3.5, 6.5, 7.5], "rotation": 90, "texture": "#0"}
			}
		},
		{
			"from": [7.603, 10.36494, 13.38208],
			"to": [8.397, 11.11394, 14.63108],
			"rotation": {"angle": 45, "axis": "x", "origin": [8, 10.73944, 14.38158]},
			"faces": {
				"north": {"uv": [2.5, 3.5, 6.5, 7.5], "rotation": 90, "texture": "#0"},
				"east": {"uv": [2.5, 3.5, 6.5, 7.5], "rotation": 90, "texture": "#0"},
				"south": {"uv": [2.5, 3.5, 6.5, 7.5], "rotation": 90, "texture": "#0"},
				"west": {"uv": [2.5, 3.5, 6.5, 7.5], "rotation": 90, "texture": "#0"},
				"up": {"uv": [2.5, 3.5, 6.5, 7.5], "rotation": 90, "texture": "#0"},
				"down": {"uv": [2.5, 3.5, 6.5, 7.5], "rotation": 90, "texture": "#0"}
			}
		},
		{
			"from": [7.60325, 10.13571, 13.47682],
			"to": [8.39675, 11.07171, 14.22532],
			"rotation": {"angle": -22.5, "axis": "x", "origin": [8, 10.38496, 13.85107]},
			"faces": {
				"north": {"uv": [2.5, 3.5, 6.5, 7.5], "rotation": 90, "texture": "#0"},
				"east": {"uv": [2.5, 3.5, 6.5, 7.5], "rotation": 90, "texture": "#0"},
				"south": {"uv": [2.5, 3.5, 6.5, 7.5], "rotation": 90, "texture": "#0"},
				"west": {"uv": [2.5, 3.5, 6.5, 7.5], "rotation": 90, "texture": "#0"},
				"up": {"uv": [2.5, 3.5, 6.5, 7.5], "rotation": 90, "texture": "#0"},
				"down": {"uv": [2.5, 3.5, 6.5, 7.5], "rotation": 90, "texture": "#0"}
			}
		},
		{
			"name": "hexadecagon",
			"from": [7.90055, 6.96928, 9.89677],
			"to": [8.09945, 7.71928, 12.39677],
			"rotation": {"angle": -45, "axis": "z", "origin": [8, 7.46928, 12.27177]},
			"faces": {
				"north": {"uv": [0, 0, 1, 1], "texture": "#0"},
				"east": {"uv": [0, 0, 1, 1], "texture": "#0"},
				"south": {"uv": [0, 0, 1, 1], "texture": "#0"},
				"west": {"uv": [0, 0, 1, 1], "texture": "#0"},
				"up": {"uv": [0, 0, 1, 1], "texture": "#0"},
				"down": {"uv": [10, 0, 11.5, 16], "rotation": 180, "texture": "#0"}
			}
		},
		{
			"name": "hexadecagon",
			"from": [7.90055, 6.96928, 9.89677],
			"to": [8.09945, 7.71928, 12.39677],
			"rotation": {"angle": -22.5, "axis": "z", "origin": [8, 7.46928, 12.27177]},
			"faces": {
				"north": {"uv": [0, 0, 1, 1], "texture": "#0"},
				"east": {"uv": [0, 0, 1, 1], "texture": "#0"},
				"south": {"uv": [0, 0, 1, 1], "texture": "#0"},
				"west": {"uv": [0, 0, 1, 1], "texture": "#0"},
				"up": {"uv": [0, 0, 1, 1], "texture": "#0"},
				"down": {"uv": [8.5, 0, 10, 16], "rotation": 180, "texture": "#0"}
			}
		},
		{
			"name": "hexadecagon",
			"from": [7.90055, 6.96928, 9.89677],
			"to": [8.09945, 7.71928, 12.39677],
			"rotation": {"angle": 0, "axis": "y", "origin": [8, 7.46928, 12.27177]},
			"faces": {
				"north": {"uv": [0, 0, 1, 1], "texture": "#0"},
				"east": {"uv": [0, 0, 1, 1], "texture": "#0"},
				"south": {"uv": [0, 0, 1, 1], "texture": "#0"},
				"west": {"uv": [0, 0, 1, 1], "texture": "#0"},
				"up": {"uv": [0, 0, 1, 1], "texture": "#0"},
				"down": {"uv": [7.5, 0, 8.5, 16], "rotation": 180, "texture": "#0"}
			}
		},
		{
			"name": "hexadecagon",
			"from": [7.90055, 6.96928, 9.89677],
			"to": [8.09945, 7.71928, 12.39677],
			"rotation": {"angle": 22.5, "axis": "z", "origin": [8, 7.46928, 12.27177]},
			"faces": {
				"north": {"uv": [0, 0, 1, 1], "texture": "#0"},
				"east": {"uv": [0, 0, 1, 1], "texture": "#0"},
				"south": {"uv": [0, 0, 1, 1], "texture": "#0"},
				"west": {"uv": [0, 0, 1, 1], "texture": "#0"},
				"up": {"uv": [0, 0, 1, 1], "texture": "#0"},
				"down": {"uv": [6, 0, 7.5, 16], "rotation": 180, "texture": "#0"}
			}
		},
		{
			"name": "hexadecagon",
			"from": [7.90055, 6.96928, 9.89677],
			"to": [8.09945, 7.71928, 12.39677],
			"rotation": {"angle": 45, "axis": "z", "origin": [8, 7.46928, 12.27177]},
			"faces": {
				"north": {"uv": [0, 0, 1, 1], "texture": "#0"},
				"east": {"uv": [0, 0, 1, 1], "texture": "#0"},
				"south": {"uv": [0, 0, 1, 1], "texture": "#0"},
				"west": {"uv": [0, 0, 1, 1], "texture": "#0"},
				"up": {"uv": [0, 0, 1, 1], "texture": "#0"},
				"down": {"uv": [4.5, 0, 6, 16], "rotation": 90, "texture": "#0"}
			}
		},
		{
			"name": "hexadecagon",
			"from": [7.75, 7.36983, 9.89677],
			"to": [8.5, 7.56874, 12.39677],
			"rotation": {"angle": -22.5, "axis": "z", "origin": [8, 7.46928, 12.27177]},
			"faces": {
				"north": {"uv": [0, 0, 1, 1], "texture": "#0"},
				"east": {"uv": [3, 0, 4.5, 16], "rotation": 90, "texture": "#0"},
				"south": {"uv": [0, 0, 1, 1], "texture": "#0"},
				"west": {"uv": [0, 0, 1, 1], "texture": "#0"},
				"up": {"uv": [0, 0, 1, 1], "texture": "#0"},
				"down": {"uv": [0, 0, 1, 1], "texture": "#0"}
			}
		},
		{
			"name": "hexadecagon",
			"from": [7.5, 7.36983, 9.89677],
			"to": [8.25, 7.56874, 12.39677],
			"rotation": {"angle": 22.5, "axis": "z", "origin": [8, 7.46928, 12.27177]},
			"faces": {
				"north": {"uv": [0, 0, 1, 1], "texture": "#0"},
				"east": {"uv": [0, 0, 1, 1], "texture": "#0"},
				"south": {"uv": [0, 0, 1, 1], "texture": "#0"},
				"west": {"uv": [11.5, 0, 13, 16], "rotation": 270, "texture": "#0"},
				"up": {"uv": [0, 0, 1, 1], "texture": "#0"},
				"down": {"uv": [0, 0, 1, 1], "texture": "#0"}
			}
		},
		{
			"from": [7.5, 7.36983, 9.89677],
			"to": [8.5, 7.86983, 12.39677],
			"rotation": {"angle": 0, "axis": "y", "origin": [7.5, 7.61983, 10.14677]},
			"faces": {
				"north": {"uv": [0, 0, 4, 2], "texture": "#0"},
				"east": {"uv": [0, 0, 3, 16], "rotation": 90, "texture": "#0"},
				"south": {"uv": [0, 0, 4, 2], "texture": "#0"},
				"west": {"uv": [13, 0, 16, 16], "rotation": 270, "texture": "#0"},
				"up": {"uv": [0, 0, 4, 10], "texture": "#0"},
				"down": {"uv": [0, 0, 4, 10], "texture": "#0"}
			}
		},
		{
			"name": "hexadecagon",
			"from": [7.90055, 6.84428, 12.39677],
			"to": [8.09945, 7.59428, 14.89677],
			"rotation": {"angle": -45, "axis": "z", "origin": [8, 7.34428, 14.77177]},
			"faces": {
				"north": {"uv": [0, 0, 1, 1], "texture": "#0"},
				"east": {"uv": [0, 0, 1, 1], "texture": "#0"},
				"south": {"uv": [0, 0, 1, 1], "texture": "#0"},
				"west": {"uv": [0, 0, 1, 1], "texture": "#0"},
				"up": {"uv": [0, 0, 1, 1], "texture": "#0"},
				"down": {"uv": [10, 0, 11.5, 16], "rotation": 180, "texture": "#0"}
			}
		},
		{
			"name": "hexadecagon",
			"from": [7.90055, 6.84428, 12.39677],
			"to": [8.09945, 7.59428, 14.89677],
			"rotation": {"angle": -22.5, "axis": "z", "origin": [8, 7.34428, 14.77177]},
			"faces": {
				"north": {"uv": [0, 0, 1, 1], "texture": "#0"},
				"east": {"uv": [0, 0, 1, 1], "texture": "#0"},
				"south": {"uv": [0, 0, 1, 1], "texture": "#0"},
				"west": {"uv": [0, 0, 1, 1], "texture": "#0"},
				"up": {"uv": [0, 0, 1, 1], "texture": "#0"},
				"down": {"uv": [8.5, 0, 10, 16], "rotation": 180, "texture": "#0"}
			}
		},
		{
			"name": "hexadecagon",
			"from": [7.90055, 6.84428, 12.39677],
			"to": [8.09945, 7.59428, 14.89677],
			"rotation": {"angle": 0, "axis": "y", "origin": [8, 7.34428, 14.77177]},
			"faces": {
				"north": {"uv": [0, 0, 1, 1], "texture": "#0"},
				"east": {"uv": [0, 0, 1, 1], "texture": "#0"},
				"south": {"uv": [0, 0, 1, 1], "texture": "#0"},
				"west": {"uv": [0, 0, 1, 1], "texture": "#0"},
				"up": {"uv": [0, 0, 1, 1], "texture": "#0"},
				"down": {"uv": [7.5, 0, 8.5, 16], "rotation": 180, "texture": "#0"}
			}
		},
		{
			"name": "hexadecagon",
			"from": [7.90055, 6.84428, 12.39677],
			"to": [8.09945, 7.59428, 14.89677],
			"rotation": {"angle": 22.5, "axis": "z", "origin": [8, 7.34428, 14.77177]},
			"faces": {
				"north": {"uv": [0, 0, 1, 1], "texture": "#0"},
				"east": {"uv": [0, 0, 1, 1], "texture": "#0"},
				"south": {"uv": [0, 0, 1, 1], "texture": "#0"},
				"west": {"uv": [0, 0, 1, 1], "texture": "#0"},
				"up": {"uv": [0, 0, 1, 1], "texture": "#0"},
				"down": {"uv": [6, 0, 7.5, 16], "rotation": 180, "texture": "#0"}
			}
		},
		{
			"name": "hexadecagon",
			"from": [7.90055, 6.84428, 12.39677],
			"to": [8.09945, 7.59428, 14.89677],
			"rotation": {"angle": 45, "axis": "z", "origin": [8, 7.34428, 14.77177]},
			"faces": {
				"north": {"uv": [0, 0, 1, 1], "texture": "#0"},
				"east": {"uv": [0, 0, 1, 1], "texture": "#0"},
				"south": {"uv": [0, 0, 1, 1], "texture": "#0"},
				"west": {"uv": [0, 0, 1, 1], "texture": "#0"},
				"up": {"uv": [0, 0, 1, 1], "texture": "#0"},
				"down": {"uv": [4.5, 0, 6, 16], "rotation": 90, "texture": "#0"}
			}
		},
		{
			"name": "hexadecagon",
			"from": [7.75, 7.24483, 12.39677],
			"to": [8.5, 7.44374, 14.89677],
			"rotation": {"angle": -22.5, "axis": "z", "origin": [8, 7.34428, 14.77177]},
			"faces": {
				"north": {"uv": [0, 0, 1, 1], "texture": "#0"},
				"east": {"uv": [3, 0, 4.5, 16], "rotation": 90, "texture": "#0"},
				"south": {"uv": [0, 0, 1, 1], "texture": "#0"},
				"west": {"uv": [0, 0, 1, 1], "texture": "#0"},
				"up": {"uv": [0, 0, 1, 1], "texture": "#0"},
				"down": {"uv": [0, 0, 1, 1], "texture": "#0"}
			}
		},
		{
			"name": "hexadecagon",
			"from": [7.5, 7.24483, 12.39677],
			"to": [8.25, 7.44374, 14.89677],
			"rotation": {"angle": 22.5, "axis": "z", "origin": [8, 7.34428, 14.77177]},
			"faces": {
				"north": {"uv": [0, 0, 1, 1], "texture": "#0"},
				"east": {"uv": [0, 0, 1, 1], "texture": "#0"},
				"south": {"uv": [0, 0, 1, 1], "texture": "#0"},
				"west": {"uv": [11.5, 0, 13, 16], "rotation": 270, "texture": "#0"},
				"up": {"uv": [0, 0, 1, 1], "texture": "#0"},
				"down": {"uv": [0, 0, 1, 1], "texture": "#0"}
			}
		},
		{
			"from": [7.5, 7.24483, 12.39677],
			"to": [8.5, 7.86983, 14.89677],
			"rotation": {"angle": 0, "axis": "y", "origin": [7.5, 7.49483, 12.64677]},
			"faces": {
				"north": {"uv": [0, 0, 4, 2], "texture": "#0"},
				"east": {"uv": [0, 0, 3, 16], "rotation": 90, "texture": "#0"},
				"south": {"uv": [0, 0, 4, 2], "texture": "#0"},
				"west": {"uv": [13, 0, 16, 16], "rotation": 270, "texture": "#0"},
				"up": {"uv": [0, 0, 4, 10], "texture": "#0"},
				"down": {"uv": [0, 0, 4, 10], "texture": "#0"}
			}
		},
		{
			"name": "hexadecagon",
			"from": [7.90105, 6.96978, 9.14727],
			"to": [8.09896, 7.71878, 9.89627],
			"rotation": {"angle": -45, "axis": "z", "origin": [8, 7.46928, 11.52177]},
			"faces": {
				"north": {"uv": [10, 0, 11.5, 16], "texture": "#1"},
				"east": {"uv": [10, 0, 11.5, 16], "rotation": 180, "texture": "#1"},
				"south": {"uv": [10, 0, 11.5, 16], "rotation": 180, "texture": "#1"},
				"west": {"uv": [10, 0, 11.5, 16], "rotation": 180, "texture": "#1"},
				"up": {"uv": [10, 0, 11.5, 16], "rotation": 180, "texture": "#1"},
				"down": {"uv": [10, 0, 11.5, 16], "rotation": 180, "texture": "#1"}
			}
		},
		{
			"name": "hexadecagon",
			"from": [7.90205, 6.97078, 9.14827],
			"to": [8.09795, 7.71778, 9.89527],
			"rotation": {"angle": -22.5, "axis": "z", "origin": [8, 7.46928, 11.52177]},
			"faces": {
				"north": {"uv": [10, 0, 8.5, 16], "rotation": 180, "texture": "#1"},
				"east": {"uv": [8.5, 0, 10, 16], "rotation": 180, "texture": "#1"},
				"south": {"uv": [8.5, 0, 10, 16], "rotation": 180, "texture": "#1"},
				"west": {"uv": [8.5, 0, 10, 16], "rotation": 180, "texture": "#1"},
				"up": {"uv": [8.5, 0, 10, 16], "rotation": 180, "texture": "#1"},
				"down": {"uv": [8.5, 0, 10, 16], "rotation": 180, "texture": "#1"}
			}
		},
		{
			"name": "hexadecagon",
			"from": [7.9023, 6.97103, 9.14852],
			"to": [8.09771, 7.71753, 9.89502],
			"rotation": {"angle": 0, "axis": "y", "origin": [8, 7.46928, 11.52177]},
			"faces": {
				"north": {"uv": [8.5, 0, 7.5, 16], "rotation": 180, "texture": "#1"},
				"east": {"uv": [7.5, 0, 8.5, 16], "rotation": 180, "texture": "#1"},
				"south": {"uv": [7.5, 0, 8.5, 16], "rotation": 180, "texture": "#1"},
				"west": {"uv": [7.5, 0, 8.5, 16], "rotation": 180, "texture": "#1"},
				"up": {"uv": [7.5, 0, 8.5, 16], "rotation": 180, "texture": "#1"},
				"down": {"uv": [7.5, 0, 8.5, 16], "rotation": 180, "texture": "#1"}
			}
		},
		{
			"name": "hexadecagon",
			"from": [7.9018, 6.97053, 9.14802],
			"to": [8.09821, 7.71803, 9.89552],
			"rotation": {"angle": 22.5, "axis": "z", "origin": [8, 7.46928, 11.52177]},
			"faces": {
				"north": {"uv": [6, 0, 7.5, 16], "rotation": 180, "texture": "#1"},
				"east": {"uv": [6, 0, 7.5, 16], "rotation": 180, "texture": "#1"},
				"south": {"uv": [6, 0, 7.5, 16], "rotation": 180, "texture": "#1"},
				"west": {"uv": [6, 0, 7.5, 16], "rotation": 180, "texture": "#1"},
				"up": {"uv": [6, 0, 7.5, 16], "rotation": 180, "texture": "#1"},
				"down": {"uv": [6, 0, 7.5, 16], "rotation": 180, "texture": "#1"}
			}
		},
		{
			"name": "hexadecagon",
			"from": [7.90155, 6.97028, 9.14777],
			"to": [8.09846, 7.71828, 9.89577],
			"rotation": {"angle": 45, "axis": "z", "origin": [8, 7.46928, 11.52177]},
			"faces": {
				"north": {"uv": [4.5, 0, 6, 16], "rotation": 90, "texture": "#1"},
				"east": {"uv": [4.5, 0, 6, 16], "rotation": 90, "texture": "#1"},
				"south": {"uv": [4.5, 0, 6, 16], "rotation": 90, "texture": "#1"},
				"west": {"uv": [4.5, 0, 6, 16], "rotation": 90, "texture": "#1"},
				"up": {"uv": [4.5, 0, 6, 16], "rotation": 90, "texture": "#1"},
				"down": {"uv": [4.5, 0, 6, 16], "rotation": 90, "texture": "#1"}
			}
		},
		{
			"name": "hexadecagon",
			"from": [7.75075, 7.37058, 9.14752],
			"to": [8.49925, 7.56799, 9.89602],
			"rotation": {"angle": -22.5, "axis": "z", "origin": [8, 7.46928, 11.52177]},
			"faces": {
				"north": {"uv": [3, 0, 4.5, 16], "rotation": 90, "texture": "#1"},
				"east": {"uv": [3, 0, 4.5, 16], "rotation": 90, "texture": "#1"},
				"south": {"uv": [3, 0, 4.5, 16], "rotation": 90, "texture": "#1"},
				"west": {"uv": [3, 0, 4.5, 16], "rotation": 90, "texture": "#1"},
				"up": {"uv": [3, 0, 4.5, 16], "rotation": 90, "texture": "#1"},
				"down": {"uv": [3, 0, 4.5, 16], "rotation": 90, "texture": "#1"}
			}
		},
		{
			"name": "hexadecagon",
			"from": [7.50025, 7.37008, 9.14702],
			"to": [8.24975, 7.56849, 9.89652],
			"rotation": {"angle": 22.5, "axis": "z", "origin": [8, 7.46928, 11.52177]},
			"faces": {
				"north": {"uv": [11.5, 0, 13, 16], "rotation": 270, "texture": "#1"},
				"east": {"uv": [11.5, 0, 13, 16], "rotation": 270, "texture": "#1"},
				"south": {"uv": [11.5, 0, 13, 16], "rotation": 270, "texture": "#1"},
				"west": {"uv": [11.5, 0, 13, 16], "rotation": 270, "texture": "#1"},
				"up": {"uv": [11.5, 0, 13, 16], "rotation": 270, "texture": "#1"},
				"down": {"uv": [11.5, 0, 13, 16], "rotation": 270, "texture": "#1"}
			}
		},
		{
			"from": [7.5, 7.36983, 9.14677],
			"to": [8.5, 7.86983, 9.89677],
			"rotation": {"angle": 0, "axis": "y", "origin": [7.5, 7.61983, 9.39677]},
			"faces": {
				"north": {"uv": [12.5, 11.5, 15.5, 15.5], "rotation": 270, "texture": "#1"},
				"east": {"uv": [0, 0, 3, 16], "rotation": 90, "texture": "#1"},
				"south": {"uv": [13, 11, 16, 16], "rotation": 270, "texture": "#1"},
				"west": {"uv": [13, 0, 16, 16], "rotation": 270, "texture": "#1"},
				"up": {"uv": [0, 0, 4, 10], "texture": "#1"},
				"down": {"uv": [0, 0, 4, 10], "texture": "#1"}
			}
		},
		{
			"name": "hexadecagon",
			"from": [7.90105, 6.84478, 14.89727],
			"to": [8.09896, 7.59378, 15.64627],
			"rotation": {"angle": -45, "axis": "z", "origin": [8, 7.34428, 17.27177]},
			"faces": {
				"north": {"uv": [10, 0, 11.5, 16], "texture": "#1"},
				"east": {"uv": [10, 0, 11.5, 16], "rotation": 180, "texture": "#1"},
				"south": {"uv": [10, 0, 11.5, 16], "rotation": 180, "texture": "#1"},
				"west": {"uv": [10, 0, 11.5, 16], "rotation": 180, "texture": "#1"},
				"up": {"uv": [10, 0, 11.5, 16], "rotation": 180, "texture": "#1"},
				"down": {"uv": [10, 0, 11.5, 16], "rotation": 180, "texture": "#1"}
			}
		},
		{
			"name": "hexadecagon",
			"from": [7.90205, 6.84578, 14.89827],
			"to": [8.09795, 7.59278, 15.64527],
			"rotation": {"angle": -22.5, "axis": "z", "origin": [8, 7.34428, 17.27177]},
			"faces": {
				"north": {"uv": [10, 0, 8.5, 16], "rotation": 180, "texture": "#1"},
				"east": {"uv": [8.5, 0, 10, 16], "rotation": 180, "texture": "#1"},
				"south": {"uv": [8.5, 0, 10, 16], "rotation": 180, "texture": "#1"},
				"west": {"uv": [8.5, 0, 10, 16], "rotation": 180, "texture": "#1"},
				"up": {"uv": [8.5, 0, 10, 16], "rotation": 180, "texture": "#1"},
				"down": {"uv": [8.5, 0, 10, 16], "rotation": 180, "texture": "#1"}
			}
		},
		{
			"name": "hexadecagon",
			"from": [7.9023, 6.84603, 14.89852],
			"to": [8.09771, 7.59253, 15.64502],
			"rotation": {"angle": 0, "axis": "y", "origin": [8, 7.34428, 17.27177]},
			"faces": {
				"north": {"uv": [8.5, 0, 7.5, 16], "rotation": 180, "texture": "#1"},
				"east": {"uv": [7.5, 0, 8.5, 16], "rotation": 180, "texture": "#1"},
				"south": {"uv": [7.5, 0, 8.5, 16], "rotation": 180, "texture": "#1"},
				"west": {"uv": [7.5, 0, 8.5, 16], "rotation": 180, "texture": "#1"},
				"up": {"uv": [7.5, 0, 8.5, 16], "rotation": 180, "texture": "#1"},
				"down": {"uv": [7.5, 0, 8.5, 16], "rotation": 180, "texture": "#1"}
			}
		},
		{
			"name": "hexadecagon",
			"from": [7.9018, 6.84553, 14.89802],
			"to": [8.09821, 7.59303, 15.64552],
			"rotation": {"angle": 22.5, "axis": "z", "origin": [8, 7.34428, 17.27177]},
			"faces": {
				"north": {"uv": [6, 0, 7.5, 16], "rotation": 180, "texture": "#1"},
				"east": {"uv": [6, 0, 7.5, 16], "rotation": 180, "texture": "#1"},
				"south": {"uv": [6, 0, 7.5, 16], "rotation": 180, "texture": "#1"},
				"west": {"uv": [6, 0, 7.5, 16], "rotation": 180, "texture": "#1"},
				"up": {"uv": [6, 0, 7.5, 16], "rotation": 180, "texture": "#1"},
				"down": {"uv": [6, 0, 7.5, 16], "rotation": 180, "texture": "#1"}
			}
		},
		{
			"name": "hexadecagon",
			"from": [7.90155, 6.84528, 14.89777],
			"to": [8.09846, 7.59328, 15.64577],
			"rotation": {"angle": 45, "axis": "z", "origin": [8, 7.34428, 17.27177]},
			"faces": {
				"north": {"uv": [4.5, 0, 6, 16], "rotation": 90, "texture": "#1"},
				"east": {"uv": [4.5, 0, 6, 16], "rotation": 90, "texture": "#1"},
				"south": {"uv": [4.5, 0, 6, 16], "rotation": 90, "texture": "#1"},
				"west": {"uv": [4.5, 0, 6, 16], "rotation": 90, "texture": "#1"},
				"up": {"uv": [4.5, 0, 6, 16], "rotation": 90, "texture": "#1"},
				"down": {"uv": [4.5, 0, 6, 16], "rotation": 90, "texture": "#1"}
			}
		},
		{
			"name": "hexadecagon",
			"from": [7.75075, 7.24558, 14.89752],
			"to": [8.49925, 7.44299, 15.64602],
			"rotation": {"angle": -22.5, "axis": "z", "origin": [8, 7.34428, 17.27177]},
			"faces": {
				"north": {"uv": [3, 0, 4.5, 16], "rotation": 90, "texture": "#1"},
				"east": {"uv": [3, 0, 4.5, 16], "rotation": 90, "texture": "#1"},
				"south": {"uv": [3, 0, 4.5, 16], "rotation": 90, "texture": "#1"},
				"west": {"uv": [3, 0, 4.5, 16], "rotation": 90, "texture": "#1"},
				"up": {"uv": [3, 0, 4.5, 16], "rotation": 90, "texture": "#1"},
				"down": {"uv": [3, 0, 4.5, 16], "rotation": 90, "texture": "#1"}
			}
		},
		{
			"name": "hexadecagon",
			"from": [7.50025, 7.24508, 14.89702],
			"to": [8.24975, 7.44349, 15.64652],
			"rotation": {"angle": 22.5, "axis": "z", "origin": [8, 7.34428, 17.27177]},
			"faces": {
				"north": {"uv": [11.5, 0, 13, 16], "rotation": 270, "texture": "#1"},
				"east": {"uv": [11.5, 0, 13, 16], "rotation": 270, "texture": "#1"},
				"south": {"uv": [11.5, 0, 13, 16], "rotation": 270, "texture": "#1"},
				"west": {"uv": [11.5, 0, 13, 16], "rotation": 270, "texture": "#1"},
				"up": {"uv": [11.5, 0, 13, 16], "rotation": 270, "texture": "#1"},
				"down": {"uv": [11.5, 0, 13, 16], "rotation": 270, "texture": "#1"}
			}
		},
		{
			"from": [7.5, 7.24483, 14.89677],
			"to": [8.5, 7.86983, 15.64677],
			"rotation": {"angle": 0, "axis": "y", "origin": [7.5, 7.49483, 15.14677]},
			"faces": {
				"north": {"uv": [12.5, 11.5, 15.5, 15.5], "rotation": 270, "texture": "#1"},
				"east": {"uv": [0, 0, 3, 16], "rotation": 90, "texture": "#1"},
				"south": {"uv": [13, 11, 16, 16], "rotation": 270, "texture": "#1"},
				"west": {"uv": [13, 0, 16, 16], "rotation": 270, "texture": "#1"},
				"up": {"uv": [0, 0, 4, 10], "texture": "#1"},
				"down": {"uv": [0, 0, 4, 10], "texture": "#1"}
			}
		},
		{
			"from": [7.515, 8.11983, 9.5274],
			"to": [8.485, 12.86983, 10.62615],
			"rotation": {"angle": 0, "axis": "y", "origin": [7.515, 7.86983, 10.37615]},
			"faces": {
				"north": {"uv": [0, 0, 4, 14], "texture": "#0"},
				"east": {"uv": [0, 0, 3.5, 14], "texture": "#0"},
				"south": {"uv": [0, 0, 4, 14], "texture": "#0"},
				"west": {"uv": [6, 0, 9.5, 16], "texture": "#0"},
				"up": {"uv": [0, 0, 4, 3.5], "texture": "#0"},
				"down": {"uv": [0, 0, 4, 3.5], "texture": "#0"}
			}
		},
		{
			"from": [7.63625, 8.11983, 9.40615],
			"to": [8.36375, 12.86983, 9.5274],
			"rotation": {"angle": 0, "axis": "y", "origin": [7.515, 7.86983, 10.37615]},
			"faces": {
				"north": {"uv": [3, 0, 5.5, 16], "texture": "#0"},
				"east": {"uv": [0, 0, 0.5, 14], "texture": "#missing"},
				"south": {"uv": [0, 0, 3, 14], "texture": "#missing"},
				"west": {"uv": [0, 0, 0.5, 14], "texture": "#missing"},
				"up": {"uv": [0, 0, 3, 0.5], "texture": "#missing"},
				"down": {"uv": [0, 0, 3, 0.5], "texture": "#missing"}
			}
		},
		{
			"from": [7.61591, 8.11983, 9.6456],
			"to": [7.78566, 12.86983, 9.76685],
			"rotation": {"angle": 45, "axis": "y", "origin": [7.42191, 9.86983, 9.70622]},
			"faces": {
				"north": {"uv": [11, 0, 11.5, 16], "texture": "#0"},
				"east": {"uv": [0, 0, 0.5, 14], "texture": "#missing"},
				"south": {"uv": [0, 0, 0.7, 14], "texture": "#missing"},
				"west": {"uv": [0, 0, 0.5, 14], "texture": "#missing"},
				"up": {"uv": [0, 0, 0.7, 0.5], "texture": "#missing"},
				"down": {"uv": [0, 0, 0.7, 0.5], "texture": "#missing"}
			}
		},
		{
			"from": [8.21434, 8.11983, 9.6456],
			"to": [8.38409, 12.86983, 9.76685],
			"rotation": {"angle": -45, "axis": "y", "origin": [8.57809, 9.86983, 9.70622]},
			"faces": {
				"north": {"uv": [11, 0, 11.5, 16], "texture": "#0"},
				"east": {"uv": [0.5, 0, 0, 14], "texture": "#missing"},
				"south": {"uv": [0.7, 0, 0, 14], "texture": "#missing"},
				"west": {"uv": [0.5, 0, 0, 14], "texture": "#missing"},
				"up": {"uv": [0.7, 0, 0, 0.5], "texture": "#missing"},
				"down": {"uv": [0.7, 0, 0, 0.5], "texture": "#missing"}
			}
		},
		{
			"name": "octagon",
			"from": [7.705, 13.18514, 8.74927],
			"to": [8.295, 13.42952, 10.79427],
			"rotation": {"angle": -22.5, "axis": "z", "origin": [8, 13.30733, 9.77177]},
			"faces": {
				"north": {"uv": [2.5, 5, 6.5, 9], "rotation": 270, "texture": "#0"},
				"east": {"uv": [8, 0, 12, 16], "rotation": 90, "texture": "#0"},
				"south": {"uv": [8, 0, 12, 16], "rotation": 90, "texture": "#0"},
				"west": {"uv": [12, 0, 8, 16], "rotation": 90, "texture": "#0"},
				"up": {"uv": [8, 0, 12, 16], "rotation": 90, "texture": "#0"},
				"down": {"uv": [8, 0, 12, 16], "rotation": 90, "texture": "#0"}
			}
		},
		{
			"name": "octagon",
			"from": [7.87781, 13.01233, 8.74927],
			"to": [8.12219, 13.60233, 10.79427],
			"rotation": {"angle": 22.5, "axis": "z", "origin": [8, 13.30733, 9.77177]},
			"faces": {
				"north": {"uv": [2.5, 5, 6.5, 9], "rotation": 180, "texture": "#0"},
				"east": {"uv": [12, 0, 16, 16], "rotation": 180, "texture": "#0"},
				"south": {"uv": [12, 0, 16, 16], "rotation": 180, "texture": "#0"},
				"west": {"uv": [12, 0, 16, 16], "rotation": 180, "texture": "#0"},
				"up": {"uv": [16, 0, 12, 16], "rotation": 180, "texture": "#0"},
				"down": {"uv": [12, 0, 16, 16], "rotation": 180, "texture": "#0"}
			}
		},
		{
			"name": "octagon",
			"from": [7.87781, 13.01233, 8.74927],
			"to": [8.12219, 13.60233, 10.79427],
			"rotation": {"angle": -22.5, "axis": "z", "origin": [8, 13.30733, 9.77177]},
			"faces": {
				"north": {"uv": [2.5, 5, 6.5, 9], "rotation": 270, "texture": "#0"},
				"east": {"uv": [0, 0, 4, 16], "texture": "#0"},
				"south": {"uv": [0, 0, 4, 16], "texture": "#0"},
				"west": {"uv": [0, 0, 4, 16], "texture": "#0"},
				"up": {"uv": [0, 0, 4, 16], "texture": "#0"},
				"down": {"uv": [4, 0, 0, 16], "texture": "#0"}
			}
		},
		{
			"name": "octagon",
			"from": [7.705, 13.18514, 8.74927],
			"to": [8.295, 13.42952, 10.79427],
			"rotation": {"angle": 22.5, "axis": "z", "origin": [8, 13.30733, 9.77177]},
			"faces": {
				"north": {"uv": [2.5, 5, 6.5, 9], "rotation": 180, "texture": "#0"},
				"east": {"uv": [4, 0, 8, 16], "rotation": 90, "texture": "#0"},
				"south": {"uv": [4, 0, 8, 16], "rotation": 90, "texture": "#0"},
				"west": {"uv": [8, 0, 4, 16], "rotation": 90, "texture": "#0"},
				"up": {"uv": [4, 0, 8, 16], "rotation": 90, "texture": "#0"},
				"down": {"uv": [4, 0, 8, 16], "rotation": 90, "texture": "#0"}
			}
		},
		{
			"name": "Cube",
			"from": [7.96304, 13.12355, 5.53966],
			"to": [8.03696, 13.49315, 10.15966],
			"rotation": {"angle": 0, "axis": "y", "origin": [8.06528, 13.36453, 7.53721]},
			"faces": {
				"north": {"uv": [8, 0, 7, 16], "rotation": 180, "texture": "#0"},
				"east": {"uv": [8, 0, 7, 16], "rotation": 180, "texture": "#0"},
				"south": {"uv": [15, 0, 14, 16], "texture": "#0"},
				"west": {"uv": [8, 0, 7, 16], "rotation": 180, "texture": "#0"},
				"up": {"uv": [8, 0, 7, 16], "rotation": 180, "texture": "#0"},
				"down": {"uv": [16, 0, 15, 16], "rotation": 180, "texture": "#0"}
			}
		},
		{
			"name": "Cube",
			"from": [7.94668, 13.15297, 5.54073],
			"to": [8.02027, 13.52225, 10.15858],
			"rotation": {"angle": 22.5, "axis": "z", "origin": [8.06528, 13.36453, 7.53721]},
			"faces": {
				"north": {"uv": [8, 0, 7, 16], "rotation": 180, "texture": "#0"},
				"east": {"uv": [15, 0, 14, 16], "texture": "#0"},
				"south": {"uv": [15, 0, 14, 16], "texture": "#0"},
				"west": {"uv": [15, 0, 14, 16], "texture": "#0"},
				"up": {"uv": [7, 0, 6, 16], "rotation": 180, "texture": "#0"},
				"down": {"uv": [15, 0, 14, 16], "texture": "#0"}
			}
		},
		{
			"name": "Cube",
			"from": [7.94258, 13.18631, 5.54058],
			"to": [8.01622, 13.55563, 10.15873],
			"rotation": {"angle": 45, "axis": "z", "origin": [8.06528, 13.36453, 7.53721]},
			"faces": {
				"north": {"uv": [8, 0, 7, 16], "rotation": 180, "texture": "#0"},
				"east": {"uv": [14, 0, 13, 16], "texture": "#0"},
				"south": {"uv": [15, 0, 14, 16], "texture": "#0"},
				"west": {"uv": [14, 0, 13, 16], "texture": "#0"},
				"up": {"uv": [5, 16, 6, 0], "rotation": 270, "texture": "#0"},
				"down": {"uv": [14, 0, 13, 16], "texture": "#0"}
			}
		},
		{
			"name": "Cube",
			"from": [7.79874, 13.30072, 5.54012],
			"to": [8.16821, 13.3745, 10.15919],
			"rotation": {"angle": 22.5, "axis": "z", "origin": [8.06528, 13.36453, 7.53721]},
			"faces": {
				"north": {"uv": [8, 0, 7, 16], "rotation": 180, "texture": "#0"},
				"east": {"uv": [10, 16, 11, 0], "rotation": 90, "texture": "#0"},
				"south": {"uv": [15, 0, 14, 16], "texture": "#0"},
				"west": {"uv": [2, 16, 3, 0], "rotation": 270, "texture": "#0"},
				"up": {"uv": [10, 16, 11, 0], "rotation": 90, "texture": "#0"},
				"down": {"uv": [10, 16, 11, 0], "rotation": 90, "texture": "#0"}
			}
		},
		{
			"name": "Cube",
			"from": [7.81529, 13.27149, 5.54027],
			"to": [8.18471, 13.34522, 10.15904],
			"rotation": {"angle": 0, "axis": "y", "origin": [8.06528, 13.36453, 7.53721]},
			"faces": {
				"north": {"uv": [8, 0, 7, 16], "rotation": 180, "texture": "#0"},
				"east": {"uv": [11, 16, 12, 0], "rotation": 90, "texture": "#0"},
				"south": {"uv": [15, 0, 14, 16], "texture": "#0"},
				"west": {"uv": [3, 16, 4, 0], "rotation": 270, "texture": "#0"},
				"up": {"uv": [11, 16, 12, 0], "rotation": 90, "texture": "#0"},
				"down": {"uv": [11, 16, 12, 0], "rotation": 90, "texture": "#0"}
			}
		},
		{
			"name": "Cube",
			"from": [7.84178, 13.2508, 5.54043],
			"to": [8.21115, 13.32449, 10.15889],
			"rotation": {"angle": -22.5, "axis": "z", "origin": [8.06528, 13.36453, 7.53721]},
			"faces": {
				"north": {"uv": [8, 0, 7, 16], "rotation": 180, "texture": "#0"},
				"east": {"uv": [12, 16, 13, 0], "rotation": 90, "texture": "#0"},
				"south": {"uv": [15, 0, 14, 16], "texture": "#0"},
				"west": {"uv": [4, 16, 5, 0], "rotation": 270, "texture": "#0"},
				"up": {"uv": [12, 16, 13, 0], "rotation": 90, "texture": "#0"},
				"down": {"uv": [12, 16, 13, 0], "rotation": 90, "texture": "#0"}
			}
		},
		{
			"name": "Cube",
			"from": [7.79465, 13.33406, 5.53996],
			"to": [8.16416, 13.40788, 10.15935],
			"rotation": {"angle": 45, "axis": "z", "origin": [8.06528, 13.36453, 7.53721]},
			"faces": {
				"north": {"uv": [8, 0, 7, 16], "rotation": 180, "texture": "#0"},
				"east": {"uv": [9, 16, 10, 0], "rotation": 90, "texture": "#0"},
				"south": {"uv": [15, 0, 14, 16], "texture": "#0"},
				"west": {"uv": [1, 16, 2, 0], "rotation": 270, "texture": "#0"},
				"up": {"uv": [9, 16, 10, 0], "rotation": 90, "texture": "#0"},
				"down": {"uv": [9, 16, 10, 0], "rotation": 90, "texture": "#0"}
			}
		},
		{
			"name": "Cube",
			"from": [7.98953, 13.10287, 5.53981],
			"to": [8.0634, 13.47242, 10.1595],
			"rotation": {"angle": -22.5, "axis": "z", "origin": [8.06528, 13.36453, 7.53721]},
			"faces": {
				"north": {"uv": [8, 0, 7, 16], "rotation": 180, "texture": "#0"},
				"east": {"uv": [9, 0, 8, 16], "rotation": 180, "texture": "#0"},
				"south": {"uv": [15, 0, 14, 16], "texture": "#0"},
				"west": {"uv": [9, 0, 8, 16], "rotation": 180, "texture": "#0"},
				"up": {"uv": [9, 0, 8, 16], "rotation": 180, "texture": "#0"},
				"down": {"uv": [1, 0, 0, 16], "texture": "#0"}
			}
		}
	],
	"display": {
		"thirdperson_righthand": {
			"translation": [0, -3.75, -5],
			"scale": [0.8, 0.8, 0.8]
		},
		"thirdperson_lefthand": {
			"translation": [0, -3.75, -5],
			"scale": [0.8, 0.8, 0.8]
		},
		"firstperson_righthand": {
			"translation": [1.75, -1, -2],
			"scale": [0.88, 1.04, 0.61]
		},
		"firstperson_lefthand": {
			"translation": [1.75, -1, -2],
			"scale": [0.88, 1.04, 0.61]
		},
		"ground": {
			"rotation": [90, 90, 0],
			"translation": [-3, 0, -2],
			"scale": [0.88, 0.88, 0.88]
		},
		"gui": {
			"rotation": [83.48, 62.61, -84.2],
			"translation": [-6.5, -0.75, 0],
			"scale": [1.52, 1.52, 1.52]
		},
		"head": {
			"rotation": [-83.55, -0.33, 1.21],
			"translation": [7.5, -30.5, 2.5],
			"scale": [1.11, 1.11, 1.11]
		},
		"fixed": {
			"rotation": [90, 44.5, -90],
			"translation": [-8, 0, 0],
			"scale": [1.99, 1.99, 1.99]
		}
	},
	"groups": [
		0,
		{
			"name": "group",
			"origin": [7.75, 4.63857, 20.69654],
			"color": 0,
			"children": [1, 2, 3, 4, 5, 6, 7]
		},
		8,
		9,
		{
			"name": "group",
			"origin": [5.875, 19.5, 9],
			"color": 0,
			"children": [10, 11, 12, 13, 14, 15, 16, 17, 18, 19, 20]
		},
		{
			"name": "group",
			"origin": [8.33963, 22.92989, -3.5],
			"color": 0,
			"children": [21, 22, 23, 24]
		},
		{
			"name": "group",
			"origin": [8.33963, 22.92989, -3.5],
			"color": 0,
			"children": [25, 26, 27, 28]
		},
		{
			"name": "group",
			"origin": [6.06, -6, 11.9175],
			"color": 0,
			"children": [29, 30, 31, 32, 33, 34, 35, 36, 37, 38, 39, 40, 41, 42, 43, 44, 45]
		},
		{
			"name": "group",
			"origin": [8, 10.06054, 13.81718],
			"color": 0,
			"children": [46, 47, 48, 49, 50, 51, 52, 53]
		},
		{
			"name": "hexadecagon",
			"origin": [8, 8, 8],
			"color": 0,
			"children": [54, 55, 56, 57, 58, 59, 60, 61]
		},
		{
			"name": "hexadecagon",
			"origin": [8, 8, 8],
			"color": 0,
			"children": [62, 63, 64, 65, 66, 67, 68, 69]
		},
		{
			"name": "hexadecagon",
			"origin": [8, 8, 8],
			"color": 0,
			"children": [70, 71, 72, 73, 74, 75, 76, 77]
		},
		{
			"name": "hexadecagon",
			"origin": [8, 8, 8],
			"color": 0,
			"children": [78, 79, 80, 81, 82, 83, 84, 85]
		},
		{
			"name": "group",
			"origin": [8, 8, 8],
			"color": 0,
			"children": [86, 87, 88, 89]
		},
		{
			"name": "octagon",
			"origin": [8, 8, 8],
			"color": 0,
			"children": [90, 91, 92, 93]
		},
		{
			"name": "tank",
			"origin": [4, 17.09541, -15.83593],
			"color": 0,
			"children": [94, 95, 96, 97, 98, 99, 100, 101]
		}
	]
}