{
	"format_version": "1.21.6",
	"credit": "Made with Blockbench",
	"textures": {
		"0": "custom/odmgear/dark_metal",
		"1": "custom/odmgear/bright_metal",
		"2": "custom/odmgear/grip_black",
		"3": "custom/odmgear/screw",
		"6": "custom/odmgear/thunder_spear",
		"7": "custom/odmgear/thunder_spear_front",
		"particle": "custom/odmgear/thunder_spear"
	},
	"elements": [
		{
			"from": [7.50625, 11.02074, 5.04803],
			"to": [8.49375, 11.27074, 5.29803],
			"rotation": {"angle": 0, "axis": "y", "origin": [7.96625, 11.71703, 6.24262]},
			"faces": {
				"east": {"uv": [0, 0, 16, 16], "rotation": 90, "texture": "#3"},
				"west": {"uv": [0, 0, 16, 16], "rotation": 90, "texture": "#3"}
			}
		},
		{
			"from": [7.76525, 8.10636, 5.51895],
			"to": [8.23475, 9.35586, 6.58095],
			"rotation": {"angle": 0, "axis": "y", "origin": [8, 8.10611, 6.2062]},
			"faces": {
				"north": {"uv": [0, 0, 16, 6.25], "rotation": 270, "texture": "#2", "tintindex": 0},
				"east": {"uv": [0, 0, 16, 6.25], "rotation": 270, "texture": "#2", "tintindex": 0},
				"south": {"uv": [0, 0, 16, 6.25], "rotation": 270, "texture": "#2", "tintindex": 0},
				"west": {"uv": [0, 0, 16, 6.25], "rotation": 270, "texture": "#2", "tintindex": 0},
				"up": {"uv": [0, 0, 16, 6.25], "rotation": 270, "texture": "#2", "tintindex": 0},
				"down": {"uv": [0, 0, 16, 6.25], "rotation": 270, "texture": "#2", "tintindex": 0}
			}
		},
		{
			"from": [7.515, 9.21697, 5.75841],
			"to": [8.485, 11.21697, 6.50841],
			"rotation": {"angle": -22.5, "axis": "x", "origin": [7.9375, 8.96697, 6.25841]},
			"faces": {
				"north": {"uv": [0, 0, 16, 6.25], "rotation": 270, "texture": "#2", "tintindex": 0},
				"east": {"uv": [0, 0, 16, 6.25], "rotation": 270, "texture": "#2", "tintindex": 0},
				"south": {"uv": [0, 0, 16, 6.25], "rotation": 270, "texture": "#2", "tintindex": 0},
				"west": {"uv": [0, 0, 16, 6.25], "rotation": 270, "texture": "#2", "tintindex": 0},
				"up": {"uv": [0, 0, 16, 6.25], "rotation": 270, "texture": "#2", "tintindex": 0},
				"down": {"uv": [0, 0, 16, 6.25], "rotation": 270, "texture": "#2", "tintindex": 0}
			}
		},
		{
			"from": [7.51575, 11.09663, 5.83175],
			"to": [8.48425, 11.34513, 6.26775],
			"rotation": {"angle": -45, "axis": "x", "origin": [8, 10.34588, 5.8935]},
			"faces": {
				"north": {"uv": [0, 0, 3, 2.5], "rotation": 270, "texture": "#2", "tintindex": 0},
				"east": {"uv": [0, 0, 3, 2.5], "rotation": 270, "texture": "#2", "tintindex": 0},
				"south": {"uv": [0, 0, 3, 2.5], "rotation": 270, "texture": "#2", "tintindex": 0},
				"west": {"uv": [0, 0, 3, 2.5], "rotation": 270, "texture": "#2", "tintindex": 0},
				"up": {"uv": [0, 0, 3, 2.5], "rotation": 270, "texture": "#2", "tintindex": 0},
				"down": {"uv": [0, 0, 3, 2.5], "rotation": 270, "texture": "#2", "tintindex": 0}
			}
		},
		{
			"from": [7.5155, 10.9385, 5.16374],
			"to": [8.4845, 11.375, 5.41274],
			"rotation": {"angle": 22.5, "axis": "x", "origin": [8, 11.2505, 5.28824]},
			"faces": {
				"north": {"uv": [0, 0, 3, 2.5], "rotation": 270, "texture": "#2", "tintindex": 0},
				"east": {"uv": [0, 0, 3, 2.5], "rotation": 270, "texture": "#2", "tintindex": 0},
				"south": {"uv": [0, 0, 3, 2.5], "rotation": 270, "texture": "#2", "tintindex": 0},
				"west": {"uv": [0, 0, 3, 2.5], "rotation": 270, "texture": "#2", "tintindex": 0},
				"up": {"uv": [0, 0, 3, 2.5], "rotation": 270, "texture": "#2", "tintindex": 0},
				"down": {"uv": [0, 0, 3, 2.5], "rotation": 270, "texture": "#2", "tintindex": 0}
			}
		},
		{
			"from": [7.51525, 10.85461, 4.93568],
			"to": [8.48475, 11.41661, 5.22268],
			"rotation": {"angle": 0, "axis": "y", "origin": [8, 10.35436, 5.31043]},
			"faces": {
				"north": {"uv": [0, 0, 3, 2.5], "rotation": 270, "texture": "#2", "tintindex": 0},
				"east": {"uv": [0, 0, 3, 2.5], "rotation": 270, "texture": "#2", "tintindex": 0},
				"south": {"uv": [0, 0, 3, 2.5], "rotation": 270, "texture": "#2", "tintindex": 0},
				"west": {"uv": [0, 0, 3, 2.5], "rotation": 270, "texture": "#2", "tintindex": 0},
				"up": {"uv": [0, 0, 3, 2.5], "rotation": 270, "texture": "#2", "tintindex": 0},
				"down": {"uv": [0, 0, 3, 2.5], "rotation": 270, "texture": "#2", "tintindex": 0}
			}
		},
		{
			"from": [7.51525, 8.04386, 5.64395],
			"to": [8.48475, 9.29336, 6.39345],
			"rotation": {"angle": 0, "axis": "y", "origin": [8, 8.04361, 6.0187]},
			"faces": {
				"north": {"uv": [0, 0, 16, 6.25], "rotation": 270, "texture": "#2", "tintindex": 0},
				"east": {"uv": [0, 0, 16, 6.25], "rotation": 270, "texture": "#2", "tintindex": 0},
				"south": {"uv": [0, 0, 16, 6.25], "rotation": 270, "texture": "#2", "tintindex": 0},
				"west": {"uv": [0, 0, 16, 6.25], "rotation": 270, "texture": "#2", "tintindex": 0},
				"up": {"uv": [0, 0, 16, 6.25], "rotation": 270, "texture": "#2", "tintindex": 0},
				"down": {"uv": [0, 0, 16, 6.25], "rotation": 270, "texture": "#2", "tintindex": 0}
			}
		},
		{
			"from": [7.765, 9.27947, 5.57091],
			"to": [8.235, 11.15447, 6.69591],
			"rotation": {"angle": -22.5, "axis": "x", "origin": [7.9375, 9.02947, 6.44591]},
			"faces": {
				"north": {"uv": [0, 0, 16, 6.25], "rotation": 270, "texture": "#2", "tintindex": 0},
				"east": {"uv": [0, 0, 16, 6.25], "rotation": 270, "texture": "#2", "tintindex": 0},
				"south": {"uv": [0, 0, 16, 6.25], "rotation": 270, "texture": "#2", "tintindex": 0},
				"west": {"uv": [0, 0, 16, 6.25], "rotation": 270, "texture": "#2", "tintindex": 0},
				"up": {"uv": [0, 0, 16, 6.25], "rotation": 270, "texture": "#2", "tintindex": 0},
				"down": {"uv": [0, 0, 16, 6.25], "rotation": 270, "texture": "#2", "tintindex": 0}
			}
		},
		{
			"from": [7.475, 7.86983, 0.12177],
			"to": [8.525, 8.11983, 6.67177],
			"rotation": {"angle": 0, "axis": "y", "origin": [7.5, 7.86983, 1.14677]},
			"faces": {
				"north": {"uv": [11, 0, 13, 16], "rotation": 90, "texture": "#0"},
				"east": {"uv": [11, 0, 13, 16], "rotation": 90, "texture": "#0"},
				"south": {"uv": [11, 0, 13, 16], "rotation": 90, "texture": "#0"},
				"west": {"uv": [11, 0, 13, 16], "rotation": 90, "texture": "#0"},
				"up": {"uv": [3.5, 0, 7.7, 16], "texture": "#0"},
				"down": {"uv": [0, 0, 4.2, 16], "texture": "#0"}
			}
		},
		{
			"from": [7.475, 12.86983, 0.24677],
			"to": [8.525, 12.99483, 5.79677],
			"rotation": {"angle": 0, "axis": "y", "origin": [7.5, 12.86983, 1.14677]},
			"faces": {
				"north": {"uv": [11, 0, 13, 16], "rotation": 90, "texture": "#0"},
				"east": {"uv": [11, 0, 13, 16], "rotation": 90, "texture": "#0"},
				"south": {"uv": [11, 0, 13, 16], "rotation": 90, "texture": "#0"},
				"west": {"uv": [11, 0, 13, 16], "rotation": 90, "texture": "#0"},
				"up": {"uv": [3.5, 0, 7.7, 16], "texture": "#0"},
				"down": {"uv": [0, 0, 4.2, 16], "texture": "#0"}
			}
		},
		{
			"from": [7.63125, 12.99483, 0.49677],
			"to": [8.36875, 13.43233, 5.54677],
			"rotation": {"angle": 0, "axis": "y", "origin": [7.46875, 12.86983, 1.14677]},
			"faces": {
				"north": {"uv": [11, 0, 13, 16], "rotation": 90, "texture": "#0"},
				"east": {"uv": [11, 0, 13, 16], "rotation": 90, "texture": "#0"},
				"south": {"uv": [11, 0, 13, 16], "rotation": 90, "texture": "#0"},
				"west": {"uv": [11, 0, 13, 16], "rotation": 90, "texture": "#0"},
				"up": {"uv": [3.5, 0, 7.7, 16], "texture": "#0"},
				"down": {"uv": [0, 0, 4.2, 16], "texture": "#0"}
			}
		},
		{
			"from": [7.58125, 12.99483, 5.43427],
			"to": [8.41875, 13.61983, 5.54677],
			"rotation": {"angle": 0, "axis": "y", "origin": [7.46875, 12.86983, 1.14677]},
			"faces": {
				"north": {"uv": [11, 0, 13, 16], "rotation": 90, "texture": "#0"},
				"east": {"uv": [11, 0, 13, 16], "rotation": 90, "texture": "#0"},
				"south": {"uv": [11, 0, 13, 16], "rotation": 90, "texture": "#0"},
				"west": {"uv": [11, 0, 13, 16], "rotation": 90, "texture": "#0"},
				"up": {"uv": [3.5, 0, 7.7, 16], "texture": "#0"},
				"down": {"uv": [0, 0, 4.2, 16], "texture": "#0"}
			}
		},
		{
			"from": [7.64375, 13.49483, 5.30927],
			"to": [8.35625, 13.61983, 5.42177],
			"rotation": {"angle": 45, "axis": "x", "origin": [8, 13.30733, 5.36552]},
			"faces": {
				"north": {"uv": [11, 0, 13, 16], "rotation": 90, "texture": "#0"},
				"east": {"uv": [11, 0, 13, 16], "rotation": 90, "texture": "#0"},
				"south": {"uv": [11, 0, 13, 16], "rotation": 90, "texture": "#0"},
				"west": {"uv": [11, 0, 13, 16], "rotation": 90, "texture": "#0"},
				"up": {"uv": [3.5, 0, 7.7, 16], "texture": "#0"},
				"down": {"uv": [0, 0, 4.2, 16], "texture": "#0"}
			}
		},
		{
			"from": [7.56875, 12.99483, 1.68427],
			"to": [8.43125, 13.61983, 4.98427],
			"rotation": {"angle": 0, "axis": "y", "origin": [7.46875, 12.86983, 1.14677]},
			"faces": {
				"north": {"uv": [11, 0, 13, 16], "rotation": 90, "texture": "#0"},
				"east": {"uv": [11, 0, 13, 16], "rotation": 90, "texture": "#0"},
				"south": {"uv": [11, 0, 13, 16], "rotation": 90, "texture": "#0"},
				"west": {"uv": [11, 0, 13, 16], "rotation": 90, "texture": "#0"},
				"up": {"uv": [3.5, 0, 7.7, 16], "texture": "#0"},
				"down": {"uv": [0, 0, 4.2, 16], "texture": "#0"}
			}
		},
		{
			"from": [7.54375, 12.86983, 4.95927],
			"to": [8.45625, 13.89483, 5.04677],
			"rotation": {"angle": 0, "axis": "y", "origin": [7.46875, 12.74483, 1.14677]},
			"faces": {
				"north": {"uv": [11, 0, 13, 16], "rotation": 90, "texture": "#0"},
				"east": {"uv": [11, 0, 13, 16], "rotation": 90, "texture": "#0"},
				"south": {"uv": [11, 0, 13, 16], "rotation": 90, "texture": "#0"},
				"west": {"uv": [11, 0, 13, 16], "rotation": 90, "texture": "#0"},
				"up": {"uv": [3.5, 0, 7.7, 16], "texture": "#0"},
				"down": {"uv": [0, 0, 4.2, 16], "texture": "#0"}
			}
		},
		{
			"from": [7.60625, 12.86983, 4.89677],
			"to": [8.39375, 13.86983, 4.98427],
			"rotation": {"angle": 0, "axis": "y", "origin": [7.46875, 12.74483, 1.14677]},
			"faces": {
				"north": {"uv": [11, 0, 13, 16], "rotation": 90, "texture": "#0"},
				"east": {"uv": [11, 0, 13, 16], "rotation": 90, "texture": "#0"},
				"south": {"uv": [11, 0, 13, 16], "rotation": 90, "texture": "#0"},
				"west": {"uv": [11, 0, 13, 16], "rotation": 90, "texture": "#0"},
				"up": {"uv": [3.5, 0, 7.7, 16], "texture": "#0"},
				"down": {"uv": [0, 0, 4.2, 16], "texture": "#0"}
			}
		},
		{
			"from": [7.75625, 13.61983, 1.93427],
			"to": [8.24375, 13.86983, 4.73427],
			"rotation": {"angle": 0, "axis": "y", "origin": [7.46875, 12.74483, 1.14677]},
			"faces": {
				"north": {"uv": [11, 0, 13, 16], "rotation": 90, "texture": "#0"},
				"east": {"uv": [11, 0, 13, 16], "rotation": 90, "texture": "#0"},
				"south": {"uv": [11, 0, 13, 16], "rotation": 90, "texture": "#0"},
				"west": {"uv": [11, 0, 13, 16], "rotation": 90, "texture": "#0"},
				"up": {"uv": [3.5, 0, 7.7, 16], "texture": "#0"},
				"down": {"uv": [0, 0, 4.2, 16], "texture": "#0"}
			}
		},
		{
			"from": [8.13125, 13.61983, 4.43427],
			"to": [8.19375, 13.86983, 4.92177],
			"rotation": {"angle": 45, "axis": "x", "origin": [8.1625, 13.74483, 4.70927]},
			"faces": {
				"north": {"uv": [11, 0, 13, 16], "rotation": 90, "texture": "#0"},
				"east": {"uv": [11, 0, 13, 16], "rotation": 90, "texture": "#0"},
				"south": {"uv": [11, 0, 13, 16], "rotation": 90, "texture": "#0"},
				"west": {"uv": [11, 0, 13, 16], "rotation": 90, "texture": "#0"},
				"up": {"uv": [3.5, 0, 7.7, 16], "texture": "#0"},
				"down": {"uv": [0, 0, 4.2, 16], "texture": "#0"}
			}
		},
		{
			"from": [7.96875, 13.24483, -3.37823],
			"to": [8.03125, 13.49483, -3.14073],
			"rotation": {"angle": 45, "axis": "x", "origin": [8, 13.36983, -3.10323]},
			"faces": {
				"north": {"uv": [11, 0, 13, 16], "rotation": 90, "texture": "#0"},
				"east": {"uv": [11, 0, 13, 16], "rotation": 90, "texture": "#0"},
				"south": {"uv": [11, 0, 13, 16], "rotation": 90, "texture": "#0"},
				"west": {"uv": [11, 0, 13, 16], "rotation": 90, "texture": "#0"},
				"up": {"uv": [3.5, 0, 7.7, 16], "texture": "#0"},
				"down": {"uv": [0, 0, 4.2, 16], "texture": "#0"}
			}
		},
		{
			"from": [7.80625, 13.61983, 4.43427],
			"to": [7.86875, 13.86983, 4.92177],
			"rotation": {"angle": 45, "axis": "x", "origin": [7.8375, 13.74483, 4.70927]},
			"faces": {
				"north": {"uv": [11, 16, 13, 0], "rotation": 90, "texture": "#0"},
				"east": {"uv": [11, 16, 13, 0], "rotation": 90, "texture": "#0"},
				"south": {"uv": [11, 16, 13, 0], "rotation": 90, "texture": "#0"},
				"west": {"uv": [11, 16, 13, 0], "rotation": 90, "texture": "#0"},
				"up": {"uv": [7.7, 0, 3.5, 16], "texture": "#0"},
				"down": {"uv": [4.2, 0, 0, 16], "texture": "#0"}
			}
		},
		{
			"from": [7.73125, 13.61983, 4.68427],
			"to": [8.26875, 13.90733, 4.84677],
			"rotation": {"angle": 0, "axis": "y", "origin": [7.46875, 12.74483, 1.14677]},
			"faces": {
				"north": {"uv": [11, 0, 13, 16], "rotation": 90, "texture": "#0"},
				"east": {"uv": [11, 0, 13, 16], "rotation": 90, "texture": "#0"},
				"south": {"uv": [11, 0, 13, 16], "rotation": 90, "texture": "#0"},
				"west": {"uv": [11, 0, 13, 16], "rotation": 90, "texture": "#0"},
				"up": {"uv": [3.5, 0, 7.7, 16], "texture": "#0"},
				"down": {"uv": [0, 0, 4.2, 16], "texture": "#0"}
			}
		},
		{
			"from": [7.56875, 12.86983, 0.37177],
			"to": [8.43125, 13.55733, 0.67177],
			"rotation": {"angle": 0, "axis": "y", "origin": [7.46875, 12.74483, 1.02177]},
			"faces": {
				"north": {"uv": [11, 0, 13, 16], "rotation": 90, "texture": "#0"},
				"east": {"uv": [11, 0, 13, 16], "rotation": 90, "texture": "#0"},
				"south": {"uv": [11, 0, 13, 16], "rotation": 90, "texture": "#0"},
				"west": {"uv": [11, 0, 13, 16], "rotation": 90, "texture": "#0"},
				"up": {"uv": [3.5, 0, 7.7, 16], "texture": "#0"},
				"down": {"uv": [0, 0, 4.2, 16], "texture": "#0"}
			}
		},
		{
			"from": [7.66772, 13.31128, 0.37202],
			"to": [8.02972, 13.74828, 0.67152],
			"rotation": {"angle": 22.5, "axis": "z", "origin": [8.09872, 13.40478, 0.52177]},
			"faces": {
				"north": {"uv": [11, 0, 13, 16], "rotation": 90, "texture": "#0"},
				"east": {"uv": [11, 0, 13, 16], "rotation": 90, "texture": "#0"},
				"south": {"uv": [11, 0, 13, 16], "rotation": 90, "texture": "#0"},
				"west": {"uv": [11, 0, 13, 16], "rotation": 90, "texture": "#0"},
				"up": {"uv": [3.5, 0, 7.7, 16], "texture": "#0"},
				"down": {"uv": [0, 0, 4.2, 16], "texture": "#0"}
			}
		},
		{
			"from": [7.97028, 13.31128, 0.37202],
			"to": [8.33228, 13.74828, 0.67152],
			"rotation": {"angle": -22.5, "axis": "z", "origin": [7.90128, 13.40478, 0.52177]},
			"faces": {
				"north": {"uv": [11, 16, 13, 0], "rotation": 90, "texture": "#0"},
				"east": {"uv": [11, 16, 13, 0], "rotation": 90, "texture": "#0"},
				"south": {"uv": [11, 16, 13, 0], "rotation": 90, "texture": "#0"},
				"west": {"uv": [11, 16, 13, 0], "rotation": 90, "texture": "#0"},
				"up": {"uv": [7.7, 0, 3.5, 16], "texture": "#0"},
				"down": {"uv": [4.2, 0, 0, 16], "texture": "#0"}
			}
		},
		{
			"from": [7.90366, 13.25855, 0.37177],
			"to": [8.09741, 13.69605, 0.67177],
			"rotation": {"angle": 0, "axis": "y", "origin": [8.08491, 13.4773, 0.52177]},
			"faces": {
				"north": {"uv": [11, 16, 13, 0], "rotation": 90, "texture": "#0"},
				"east": {"uv": [11, 16, 13, 0], "rotation": 90, "texture": "#0"},
				"south": {"uv": [11, 16, 13, 0], "rotation": 90, "texture": "#0"},
				"west": {"uv": [11, 16, 13, 0], "rotation": 90, "texture": "#0"},
				"up": {"uv": [7.7, 0, 3.5, 16], "texture": "#0"},
				"down": {"uv": [4.2, 0, 0, 16], "texture": "#0"}
			}
		},
		{
			"from": [7.56875, 12.86983, 1.37177],
			"to": [8.43125, 13.55733, 1.67177],
			"rotation": {"angle": 0, "axis": "y", "origin": [7.46875, 12.74483, 2.02177]},
			"faces": {
				"north": {"uv": [11, 0, 13, 16], "rotation": 90, "texture": "#0"},
				"east": {"uv": [11, 0, 13, 16], "rotation": 90, "texture": "#0"},
				"south": {"uv": [11, 0, 13, 16], "rotation": 90, "texture": "#0"},
				"west": {"uv": [11, 0, 13, 16], "rotation": 90, "texture": "#0"},
				"up": {"uv": [3.5, 0, 7.7, 16], "texture": "#0"},
				"down": {"uv": [0, 0, 4.2, 16], "texture": "#0"}
			}
		},
		{
			"from": [7.66772, 13.31128, 1.37202],
			"to": [8.02972, 13.74828, 1.67152],
			"rotation": {"angle": 22.5, "axis": "z", "origin": [8.09872, 13.40478, 1.52177]},
			"faces": {
				"north": {"uv": [11, 0, 13, 16], "rotation": 90, "texture": "#0"},
				"east": {"uv": [11, 0, 13, 16], "rotation": 90, "texture": "#0"},
				"south": {"uv": [11, 0, 13, 16], "rotation": 90, "texture": "#0"},
				"west": {"uv": [11, 0, 13, 16], "rotation": 90, "texture": "#0"},
				"up": {"uv": [3.5, 0, 7.7, 16], "texture": "#0"},
				"down": {"uv": [0, 0, 4.2, 16], "texture": "#0"}
			}
		},
		{
			"from": [7.97028, 13.31128, 1.37202],
			"to": [8.33228, 13.74828, 1.67152],
			"rotation": {"angle": -22.5, "axis": "z", "origin": [7.90128, 13.40478, 1.52177]},
			"faces": {
				"north": {"uv": [11, 16, 13, 0], "rotation": 90, "texture": "#0"},
				"east": {"uv": [11, 16, 13, 0], "rotation": 90, "texture": "#0"},
				"south": {"uv": [11, 16, 13, 0], "rotation": 90, "texture": "#0"},
				"west": {"uv": [11, 16, 13, 0], "rotation": 90, "texture": "#0"},
				"up": {"uv": [7.7, 0, 3.5, 16], "texture": "#0"},
				"down": {"uv": [4.2, 0, 0, 16], "texture": "#0"}
			}
		},
		{
			"from": [7.90366, 13.25855, 1.37177],
			"to": [8.09741, 13.69605, 1.67177],
			"rotation": {"angle": 0, "axis": "y", "origin": [8.08491, 13.4773, 1.52177]},
			"faces": {
				"north": {"uv": [11, 16, 13, 0], "rotation": 90, "texture": "#0"},
				"east": {"uv": [11, 16, 13, 0], "rotation": 90, "texture": "#0"},
				"south": {"uv": [11, 16, 13, 0], "rotation": 90, "texture": "#0"},
				"west": {"uv": [11, 16, 13, 0], "rotation": 90, "texture": "#0"},
				"up": {"uv": [7.7, 0, 3.5, 16], "texture": "#0"},
				"down": {"uv": [4.2, 0, 0, 16], "texture": "#0"}
			}
		},
		{
			"from": [7.5775, 9.36983, 1.62615],
			"to": [8.4225, 9.61983, 4.62615],
			"rotation": {"angle": 0, "axis": "y", "origin": [7.515, 6.11983, 1.62615]},
			"faces": {
				"north": {"uv": [0, 0, 11.5, 2], "texture": "#0"},
				"east": {"uv": [0, 0, 11.5, 2], "texture": "#0"},
				"south": {"uv": [0, 0, 11.5, 2], "texture": "#0"},
				"west": {"uv": [0, 0, 11.5, 2], "texture": "#0"},
				"up": {"uv": [0, 0, 11.5, 2], "texture": "#0"},
				"down": {"uv": [0, 0, 11.5, 2], "texture": "#0"}
			}
		},
		{
			"from": [7.57775, 9.70623, 1.74703],
			"to": [8.42225, 10.20573, 1.99653],
			"rotation": {"angle": -22.5, "axis": "x", "origin": [8, 9.83098, 2.24678]},
			"faces": {
				"north": {"uv": [1, 0, 2.5, 2], "texture": "#0"},
				"east": {"uv": [1, 0, 2.5, 2], "texture": "#0"},
				"south": {"uv": [1, 0, 2.5, 2], "texture": "#0"},
				"west": {"uv": [1, 0, 2.5, 2], "texture": "#0"},
				"up": {"uv": [1, 0, 2.5, 2], "texture": "#0"},
				"down": {"uv": [1, 0, 2.5, 2], "texture": "#0"}
			}
		},
		{
			"from": [7.5775, 9.61983, 1.62615],
			"to": [8.4225, 12.36983, 1.87615],
			"rotation": {"angle": 0, "axis": "y", "origin": [7.515, 6.36983, 1.62615]},
			"faces": {
				"north": {"uv": [0, 2, 1, 15], "texture": "#0"},
				"east": {"uv": [0, 2, 1, 15], "texture": "#0"},
				"south": {"uv": [0, 2, 1, 15], "texture": "#0"},
				"west": {"uv": [0, 2, 1, 15], "texture": "#0"},
				"up": {"uv": [0, 2, 1, 15], "texture": "#0"},
				"down": {"uv": [0, 2, 1, 15], "texture": "#0"}
			}
		},
		{
			"from": [7.57775, 10.45321, 1.72774],
			"to": [8.42225, 10.95271, 1.97724],
			"rotation": {"angle": 22.5, "axis": "x", "origin": [8, 10.70296, 1.85249]},
			"faces": {
				"north": {"uv": [1, 0, 2.5, 2], "texture": "#0"},
				"east": {"uv": [1, 0, 2.5, 2], "texture": "#0"},
				"south": {"uv": [1, 0, 2.5, 2], "texture": "#0"},
				"west": {"uv": [1, 0, 2.5, 2], "texture": "#0"},
				"up": {"uv": [1, 0, 2.5, 2], "texture": "#0"},
				"down": {"uv": [1, 0, 2.5, 2], "texture": "#0"}
			}
		},
		{
			"from": [7.5775, 10.86983, 1.87615],
			"to": [8.4225, 11.11983, 4.37615],
			"rotation": {"angle": 0, "axis": "y", "origin": [7.515, 7.61983, 1.62615]},
			"faces": {
				"north": {"uv": [1.5, 0, 10.5, 2], "texture": "#0"},
				"east": {"uv": [1.5, 0, 10.5, 2], "texture": "#0"},
				"south": {"uv": [1.5, 0, 10.5, 2], "texture": "#0"},
				"west": {"uv": [1.5, 0, 10.5, 2], "texture": "#0"},
				"up": {"uv": [1.5, 0, 10.5, 2], "texture": "#0"},
				"down": {"uv": [1.5, 0, 10.5, 2], "texture": "#0"}
			}
		},
		{
			"from": [7.57775, 11.20623, 1.74703],
			"to": [8.42225, 11.70573, 1.99653],
			"rotation": {"angle": -22.5, "axis": "x", "origin": [8, 11.33098, 2.24678]},
			"faces": {
				"north": {"uv": [1, 0, 2.5, 2], "texture": "#0"},
				"east": {"uv": [1, 0, 2.5, 2], "texture": "#0"},
				"south": {"uv": [1, 0, 2.5, 2], "texture": "#0"},
				"west": {"uv": [1, 0, 2.5, 2], "texture": "#0"},
				"up": {"uv": [1, 0, 2.5, 2], "texture": "#0"},
				"down": {"uv": [1, 0, 2.5, 2], "texture": "#0"}
			}
		},
		{
			"from": [7.57775, 11.95321, 1.72774],
			"to": [8.42225, 12.45271, 1.97724],
			"rotation": {"angle": 22.5, "axis": "x", "origin": [8, 12.20296, 1.85249]},
			"faces": {
				"north": {"uv": [1, 0, 2.5, 2], "texture": "#0"},
				"east": {"uv": [1, 0, 2.5, 2], "texture": "#0"},
				"south": {"uv": [1, 0, 2.5, 2], "texture": "#0"},
				"west": {"uv": [1, 0, 2.5, 2], "texture": "#0"},
				"up": {"uv": [1, 0, 2.5, 2], "texture": "#0"},
				"down": {"uv": [1, 0, 2.5, 2], "texture": "#0"}
			}
		},
		{
			"from": [7.5775, 12.36983, 1.62615],
			"to": [8.4225, 12.86983, 4.62615],
			"rotation": {"angle": 0, "axis": "y", "origin": [7.515, 9.11983, 1.62615]},
			"faces": {
				"north": {"uv": [0, 0, 16, 2], "texture": "#0"},
				"east": {"uv": [0, 0, 16, 2], "texture": "#0"},
				"south": {"uv": [0, 0, 16, 2], "texture": "#0"},
				"west": {"uv": [0, 0, 11.5, 2], "texture": "#0"},
				"up": {"uv": [0, 0, 16, 2], "texture": "#0"},
				"down": {"uv": [0, 0, 16, 2], "texture": "#0"}
			}
		},
		{
			"from": [7.5775, 12.11983, 3.37615],
			"to": [8.4225, 12.36983, 4.37615],
			"rotation": {"angle": 0, "axis": "y", "origin": [7.515, 8.86983, 1.62615]},
			"faces": {
				"north": {"uv": [6.5, 0, 10.5, 2], "texture": "#0"},
				"east": {"uv": [6.5, 0, 10.5, 2], "texture": "#0"},
				"south": {"uv": [6.5, 0, 10.5, 2], "texture": "#0"},
				"west": {"uv": [6.5, 0, 10.5, 2], "texture": "#0"},
				"up": {"uv": [6.5, 0, 10.5, 2], "texture": "#0"},
				"down": {"uv": [6.5, 0, 10.5, 2], "texture": "#0"}
			}
		},
		{
			"from": [7.85875, 11.86983, 3.25115],
			"to": [8.14125, 12.43233, 3.62615],
			"rotation": {"angle": 0, "axis": "y", "origin": [7.67125, 8.93233, 1.43865]},
			"faces": {
				"north": {"uv": [12, 0, 16, 2], "texture": "#0"},
				"east": {"uv": [9.5, 0, 13.5, 2], "texture": "#0"},
				"south": {"uv": [9.5, 0, 13.5, 2], "texture": "#0"},
				"west": {"uv": [9.5, 0, 13.5, 2], "texture": "#0"},
				"up": {"uv": [9.5, 0, 13.5, 2], "texture": "#0"},
				"down": {"uv": [9.5, 0, 13.5, 2], "texture": "#0"}
			}
		},
		{
			"from": [7.85875, 11.40049, 3.15779],
			"to": [8.14125, 11.96299, 3.53279],
			"rotation": {"angle": 22.5, "axis": "x", "origin": [8, 11.68174, 3.34529]},
			"faces": {
				"north": {"uv": [12, 0, 16, 2], "texture": "#0"},
				"east": {"uv": [9.5, 0, 13.5, 2], "texture": "#0"},
				"south": {"uv": [9.5, 0, 13.5, 2], "texture": "#0"},
				"west": {"uv": [9.5, 0, 13.5, 2], "texture": "#0"},
				"up": {"uv": [9.5, 0, 13.5, 2], "texture": "#0"},
				"down": {"uv": [9.5, 0, 13.5, 2], "texture": "#0"}
			}
		},
		{
			"from": [7.85875, 10.36983, 3.25115],
			"to": [8.14125, 10.93233, 3.62615],
			"rotation": {"angle": 0, "axis": "y", "origin": [7.67125, 7.43233, 1.43865]},
			"faces": {
				"north": {"uv": [12, 0, 16, 2], "texture": "#0"},
				"east": {"uv": [9.5, 0, 13.5, 2], "texture": "#0"},
				"south": {"uv": [9.5, 0, 13.5, 2], "texture": "#0"},
				"west": {"uv": [9.5, 0, 13.5, 2], "texture": "#0"},
				"up": {"uv": [9.5, 0, 13.5, 2], "texture": "#0"},
				"down": {"uv": [9.5, 0, 13.5, 2], "texture": "#0"}
			}
		},
		{
			"from": [7.85875, 9.90049, 3.15779],
			"to": [8.14125, 10.46299, 3.53279],
			"rotation": {"angle": 22.5, "axis": "x", "origin": [8, 10.18174, 3.34529]},
			"faces": {
				"north": {"uv": [12, 0, 16, 2], "texture": "#0"},
				"east": {"uv": [9.5, 0, 13.5, 2], "texture": "#0"},
				"south": {"uv": [9.5, 0, 13.5, 2], "texture": "#0"},
				"west": {"uv": [9.5, 0, 13.5, 2], "texture": "#0"},
				"up": {"uv": [9.5, 0, 13.5, 2], "texture": "#0"},
				"down": {"uv": [9.5, 0, 13.5, 2], "texture": "#0"}
			}
		},
		{
			"from": [7.57775, 12.30191, 3.2905],
			"to": [8.42225, 12.61391, 3.54],
			"rotation": {"angle": -22.5, "axis": "x", "origin": [8, 12.42666, 3.79025]},
			"faces": {
				"north": {"uv": [10.5, 0, 12, 2], "texture": "#0"},
				"east": {"uv": [6.5, 0, 8, 2], "texture": "#0"},
				"south": {"uv": [6.5, 0, 8, 2], "texture": "#0"},
				"west": {"uv": [6.5, 0, 8, 2], "texture": "#0"},
				"up": {"uv": [6.5, 0, 8, 2], "texture": "#0"},
				"down": {"uv": [6.5, 0, 8, 2], "texture": "#0"}
			}
		},
		{
			"from": [7.5775, 10.61983, 3.37615],
			"to": [8.4225, 10.86983, 4.37615],
			"rotation": {"angle": 0, "axis": "y", "origin": [7.515, 7.36983, 1.62615]},
			"faces": {
				"north": {"uv": [6.5, 0, 10.5, 2], "texture": "#0"},
				"east": {"uv": [6.5, 0, 10.5, 2], "texture": "#0"},
				"south": {"uv": [6.5, 0, 10.5, 2], "texture": "#0"},
				"west": {"uv": [6.5, 0, 10.5, 2], "texture": "#0"},
				"up": {"uv": [6.5, 0, 10.5, 2], "texture": "#0"},
				"down": {"uv": [6.5, 0, 10.5, 2], "texture": "#0"}
			}
		},
		{
			"from": [7.57775, 10.80191, 3.2905],
			"to": [8.42225, 11.11391, 3.54],
			"rotation": {"angle": -22.5, "axis": "x", "origin": [8, 10.92666, 3.79025]},
			"faces": {
				"north": {"uv": [10.5, 0, 12, 2], "texture": "#0"},
				"east": {"uv": [6.5, 0, 8, 2], "texture": "#0"},
				"south": {"uv": [6.5, 0, 8, 2], "texture": "#0"},
				"west": {"uv": [6.5, 0, 8, 2], "texture": "#0"},
				"up": {"uv": [6.5, 0, 8, 2], "texture": "#0"},
				"down": {"uv": [6.5, 0, 8, 2], "texture": "#0"}
			}
		},
		{
			"from": [7.5775, 9.61983, 4.37615],
			"to": [8.4225, 12.36983, 4.62615],
			"rotation": {"angle": 0, "axis": "y", "origin": [7.515, 6.36983, 4.37615]},
			"faces": {
				"north": {"uv": [10.5, 2, 11.5, 15], "texture": "#0"},
				"east": {"uv": [10.5, 2, 11.5, 15], "texture": "#0"},
				"south": {"uv": [10.5, 2, 11.5, 15], "texture": "#0"},
				"west": {"uv": [10.5, 2, 11.5, 15], "texture": "#0"},
				"up": {"uv": [10.5, 2, 11.5, 15], "texture": "#0"},
				"down": {"uv": [10.5, 2, 11.5, 15], "texture": "#0"}
			}
		},
		{
			"from": [7.60275, 12.24508, 4.6264],
			"to": [8.39725, 12.86958, 5.3759],
			"rotation": {"angle": 0, "axis": "y", "origin": [7.515, 9.11983, 1.62615]},
			"faces": {
				"north": {"uv": [2.5, 3.5, 6.5, 7.5], "rotation": 90, "texture": "#0"},
				"east": {"uv": [2.5, 3.5, 6.5, 7.5], "rotation": 90, "texture": "#0"},
				"south": {"uv": [2.5, 3.5, 6.5, 7.5], "rotation": 90, "texture": "#0"},
				"west": {"uv": [2.5, 3.5, 6.5, 7.5], "rotation": 90, "texture": "#0"},
				"up": {"uv": [2.5, 3.5, 6.5, 7.5], "rotation": 90, "texture": "#0"},
				"down": {"uv": [2.5, 3.5, 6.5, 7.5], "rotation": 90, "texture": "#0"}
			}
		},
		{
			"from": [7.603, 12.01052, 5.24292],
			"to": [8.397, 12.69702, 5.74192],
			"rotation": {"angle": 22.5, "axis": "x", "origin": [8, 12.44752, 5.74242]},
			"faces": {
				"north": {"uv": [2.5, 3.5, 6.5, 7.5], "rotation": 90, "texture": "#0"},
				"east": {"uv": [2.5, 3.5, 6.5, 7.5], "rotation": 90, "texture": "#0"},
				"south": {"uv": [2.5, 3.5, 6.5, 7.5], "rotation": 90, "texture": "#0"},
				"west": {"uv": [2.5, 3.5, 6.5, 7.5], "rotation": 90, "texture": "#0"},
				"up": {"uv": [13, 0, 16, 3], "rotation": 90, "texture": "#0"},
				"down": {"uv": [2.5, 3.5, 6.5, 7.5], "rotation": 90, "texture": "#0"}
			}
		},
		{
			"from": [7.60275, 12.06689, 5.50238],
			"to": [8.39725, 12.56639, 5.75188],
			"rotation": {"angle": 45, "axis": "x", "origin": [8, 12.21703, 5.80512]},
			"faces": {
				"north": {"uv": [2.5, 3.5, 6.5, 7.5], "rotation": 90, "texture": "#0"},
				"east": {"uv": [2.5, 3.5, 6.5, 7.5], "rotation": 90, "texture": "#0"},
				"south": {"uv": [2.5, 3.5, 6.5, 7.5], "rotation": 90, "texture": "#0"},
				"west": {"uv": [2.5, 3.5, 6.5, 7.5], "rotation": 90, "texture": "#0"},
				"up": {"uv": [13, 0, 16, 3], "rotation": 90, "texture": "#0"},
				"down": {"uv": [2.5, 3.5, 6.5, 7.5], "rotation": 90, "texture": "#0"}
			}
		},
		{
			"from": [7.603, 12.15027, 5.60834],
			"to": [8.397, 12.39927, 6.10734],
			"rotation": {"angle": -22.5, "axis": "x", "origin": [8, 12.21703, 5.80512]},
			"faces": {
				"north": {"uv": [2.5, 3.5, 6.5, 7.5], "rotation": 90, "texture": "#0"},
				"east": {"uv": [2.5, 3.5, 6.5, 7.5], "rotation": 90, "texture": "#0"},
				"south": {"uv": [13, 0, 16, 3], "rotation": 90, "texture": "#0"},
				"west": {"uv": [2.5, 3.5, 6.5, 7.5], "rotation": 90, "texture": "#0"},
				"up": {"uv": [2.5, 3.5, 6.5, 7.5], "rotation": 90, "texture": "#0"},
				"down": {"uv": [2.5, 3.5, 6.5, 7.5], "rotation": 90, "texture": "#0"}
			}
		},
		{
			"from": [7.6025, 11.52074, 4.61053],
			"to": [8.3975, 12.27074, 6.11053],
			"rotation": {"angle": 0, "axis": "y", "origin": [8, 12.21703, 5.80512]},
			"faces": {
				"north": {"uv": [2.5, 3.5, 6.5, 7.5], "rotation": 90, "texture": "#0"},
				"east": {"uv": [2.5, 3.5, 6.5, 7.5], "rotation": 90, "texture": "#0"},
				"south": {"uv": [13, 0, 16, 3], "rotation": 90, "texture": "#0"},
				"west": {"uv": [2.5, 3.5, 6.5, 7.5], "rotation": 90, "texture": "#0"},
				"up": {"uv": [2.5, 3.5, 6.5, 7.5], "rotation": 90, "texture": "#0"},
				"down": {"uv": [2.5, 3.5, 6.5, 7.5], "rotation": 90, "texture": "#0"}
			}
		},
		{
			"from": [7.60275, 10.89521, 4.54881],
			"to": [8.39725, 11.64471, 5.98581],
			"rotation": {"angle": 22.5, "axis": "x", "origin": [8, 11.26996, 5.73606]},
			"faces": {
				"north": {"uv": [2.5, 3.5, 6.5, 7.5], "rotation": 90, "texture": "#0"},
				"east": {"uv": [2.5, 3.5, 6.5, 7.5], "rotation": 90, "texture": "#0"},
				"south": {"uv": [13, 0, 16, 3], "rotation": 90, "texture": "#0"},
				"west": {"uv": [2.5, 3.5, 6.5, 7.5], "rotation": 90, "texture": "#0"},
				"up": {"uv": [2.5, 3.5, 6.5, 7.5], "rotation": 90, "texture": "#0"},
				"down": {"uv": [2.5, 3.5, 6.5, 7.5], "rotation": 90, "texture": "#0"}
			}
		},
		{
			"from": [7.603, 10.36494, 4.38208],
			"to": [8.397, 11.11394, 5.63108],
			"rotation": {"angle": 45, "axis": "x", "origin": [8, 10.73944, 5.38158]},
			"faces": {
				"north": {"uv": [2.5, 3.5, 6.5, 7.5], "rotation": 90, "texture": "#0"},
				"east": {"uv": [2.5, 3.5, 6.5, 7.5], "rotation": 90, "texture": "#0"},
				"south": {"uv": [2.5, 3.5, 6.5, 7.5], "rotation": 90, "texture": "#0"},
				"west": {"uv": [2.5, 3.5, 6.5, 7.5], "rotation": 90, "texture": "#0"},
				"up": {"uv": [2.5, 3.5, 6.5, 7.5], "rotation": 90, "texture": "#0"},
				"down": {"uv": [2.5, 3.5, 6.5, 7.5], "rotation": 90, "texture": "#0"}
			}
		},
		{
			"from": [7.60325, 10.13571, 4.47682],
			"to": [8.39675, 11.07171, 5.22532],
			"rotation": {"angle": -22.5, "axis": "x", "origin": [8, 10.38496, 4.85107]},
			"faces": {
				"north": {"uv": [2.5, 3.5, 6.5, 7.5], "rotation": 90, "texture": "#0"},
				"east": {"uv": [2.5, 3.5, 6.5, 7.5], "rotation": 90, "texture": "#0"},
				"south": {"uv": [2.5, 3.5, 6.5, 7.5], "rotation": 90, "texture": "#0"},
				"west": {"uv": [2.5, 3.5, 6.5, 7.5], "rotation": 90, "texture": "#0"},
				"up": {"uv": [2.5, 3.5, 6.5, 7.5], "rotation": 90, "texture": "#0"},
				"down": {"uv": [2.5, 3.5, 6.5, 7.5], "rotation": 90, "texture": "#0"}
			}
		},
		{
			"name": "hexadecagon",
			"from": [7.90055, 6.96928, 0.89677],
			"to": [8.09945, 7.71928, 3.39677],
			"rotation": {"angle": -45, "axis": "z", "origin": [8, 7.46928, 3.27177]},
			"faces": {
				"north": {"uv": [0, 0, 1, 1], "texture": "#0"},
				"east": {"uv": [0, 0, 1, 1], "texture": "#0"},
				"south": {"uv": [0, 0, 1, 1], "texture": "#0"},
				"west": {"uv": [0, 0, 1, 1], "texture": "#0"},
				"up": {"uv": [0, 0, 1, 1], "texture": "#0"},
				"down": {"uv": [10, 0, 11.5, 16], "rotation": 180, "texture": "#0"}
			}
		},
		{
			"name": "hexadecagon",
			"from": [7.90055, 6.96928, 0.89677],
			"to": [8.09945, 7.71928, 3.39677],
			"rotation": {"angle": -22.5, "axis": "z", "origin": [8, 7.46928, 3.27177]},
			"faces": {
				"north": {"uv": [0, 0, 1, 1], "texture": "#0"},
				"east": {"uv": [0, 0, 1, 1], "texture": "#0"},
				"south": {"uv": [0, 0, 1, 1], "texture": "#0"},
				"west": {"uv": [0, 0, 1, 1], "texture": "#0"},
				"up": {"uv": [0, 0, 1, 1], "texture": "#0"},
				"down": {"uv": [8.5, 0, 10, 16], "rotation": 180, "texture": "#0"}
			}
		},
		{
			"name": "hexadecagon",
			"from": [7.90055, 6.96928, 0.89677],
			"to": [8.09945, 7.71928, 3.39677],
			"rotation": {"angle": 0, "axis": "y", "origin": [8, 7.46928, 3.27177]},
			"faces": {
				"north": {"uv": [0, 0, 1, 1], "texture": "#0"},
				"east": {"uv": [0, 0, 1, 1], "texture": "#0"},
				"south": {"uv": [0, 0, 1, 1], "texture": "#0"},
				"west": {"uv": [0, 0, 1, 1], "texture": "#0"},
				"up": {"uv": [0, 0, 1, 1], "texture": "#0"},
				"down": {"uv": [7.5, 0, 8.5, 16], "rotation": 180, "texture": "#0"}
			}
		},
		{
			"name": "hexadecagon",
			"from": [7.90055, 6.96928, 0.89677],
			"to": [8.09945, 7.71928, 3.39677],
			"rotation": {"angle": 22.5, "axis": "z", "origin": [8, 7.46928, 3.27177]},
			"faces": {
				"north": {"uv": [0, 0, 1, 1], "texture": "#0"},
				"east": {"uv": [0, 0, 1, 1], "texture": "#0"},
				"south": {"uv": [0, 0, 1, 1], "texture": "#0"},
				"west": {"uv": [0, 0, 1, 1], "texture": "#0"},
				"up": {"uv": [0, 0, 1, 1], "texture": "#0"},
				"down": {"uv": [6, 0, 7.5, 16], "rotation": 180, "texture": "#0"}
			}
		},
		{
			"name": "hexadecagon",
			"from": [7.90055, 6.96928, 0.89677],
			"to": [8.09945, 7.71928, 3.39677],
			"rotation": {"angle": 45, "axis": "z", "origin": [8, 7.46928, 3.27177]},
			"faces": {
				"north": {"uv": [0, 0, 1, 1], "texture": "#0"},
				"east": {"uv": [0, 0, 1, 1], "texture": "#0"},
				"south": {"uv": [0, 0, 1, 1], "texture": "#0"},
				"west": {"uv": [0, 0, 1, 1], "texture": "#0"},
				"up": {"uv": [0, 0, 1, 1], "texture": "#0"},
				"down": {"uv": [4.5, 0, 6, 16], "rotation": 90, "texture": "#0"}
			}
		},
		{
			"name": "hexadecagon",
			"from": [7.75, 7.36983, 0.89677],
			"to": [8.5, 7.56874, 3.39677],
			"rotation": {"angle": -22.5, "axis": "z", "origin": [8, 7.46928, 3.27177]},
			"faces": {
				"north": {"uv": [0, 0, 1, 1], "texture": "#0"},
				"east": {"uv": [3, 0, 4.5, 16], "rotation": 90, "texture": "#0"},
				"south": {"uv": [0, 0, 1, 1], "texture": "#0"},
				"west": {"uv": [0, 0, 1, 1], "texture": "#0"},
				"up": {"uv": [0, 0, 1, 1], "texture": "#0"},
				"down": {"uv": [0, 0, 1, 1], "texture": "#0"}
			}
		},
		{
			"name": "hexadecagon",
			"from": [7.5, 7.36983, 0.89677],
			"to": [8.25, 7.56874, 3.39677],
			"rotation": {"angle": 22.5, "axis": "z", "origin": [8, 7.46928, 3.27177]},
			"faces": {
				"north": {"uv": [0, 0, 1, 1], "texture": "#0"},
				"east": {"uv": [0, 0, 1, 1], "texture": "#0"},
				"south": {"uv": [0, 0, 1, 1], "texture": "#0"},
				"west": {"uv": [11.5, 0, 13, 16], "rotation": 270, "texture": "#0"},
				"up": {"uv": [0, 0, 1, 1], "texture": "#0"},
				"down": {"uv": [0, 0, 1, 1], "texture": "#0"}
			}
		},
		{
			"from": [7.5, 7.36983, 0.89677],
			"to": [8.5, 7.86983, 3.39677],
			"rotation": {"angle": 0, "axis": "y", "origin": [7.5, 7.61983, 1.14677]},
			"faces": {
				"north": {"uv": [0, 0, 4, 2], "texture": "#0"},
				"east": {"uv": [0, 0, 3, 16], "rotation": 90, "texture": "#0"},
				"south": {"uv": [0, 0, 4, 2], "texture": "#0"},
				"west": {"uv": [13, 0, 16, 16], "rotation": 270, "texture": "#0"},
				"up": {"uv": [0, 0, 4, 10], "texture": "#0"},
				"down": {"uv": [0, 0, 4, 10], "texture": "#0"}
			}
		},
		{
			"name": "hexadecagon",
			"from": [7.90055, 6.84428, 3.39677],
			"to": [8.09945, 7.59428, 5.89677],
			"rotation": {"angle": -45, "axis": "z", "origin": [8, 7.34428, 5.77177]},
			"faces": {
				"north": {"uv": [0, 0, 1, 1], "texture": "#0"},
				"east": {"uv": [0, 0, 1, 1], "texture": "#0"},
				"south": {"uv": [0, 0, 1, 1], "texture": "#0"},
				"west": {"uv": [0, 0, 1, 1], "texture": "#0"},
				"up": {"uv": [0, 0, 1, 1], "texture": "#0"},
				"down": {"uv": [10, 0, 11.5, 16], "rotation": 180, "texture": "#0"}
			}
		},
		{
			"name": "hexadecagon",
			"from": [7.90055, 6.84428, 3.39677],
			"to": [8.09945, 7.59428, 5.89677],
			"rotation": {"angle": -22.5, "axis": "z", "origin": [8, 7.34428, 5.77177]},
			"faces": {
				"north": {"uv": [0, 0, 1, 1], "texture": "#0"},
				"east": {"uv": [0, 0, 1, 1], "texture": "#0"},
				"south": {"uv": [0, 0, 1, 1], "texture": "#0"},
				"west": {"uv": [0, 0, 1, 1], "texture": "#0"},
				"up": {"uv": [0, 0, 1, 1], "texture": "#0"},
				"down": {"uv": [8.5, 0, 10, 16], "rotation": 180, "texture": "#0"}
			}
		},
		{
			"name": "hexadecagon",
			"from": [7.90055, 6.84428, 3.39677],
			"to": [8.09945, 7.59428, 5.89677],
			"rotation": {"angle": 0, "axis": "y", "origin": [8, 7.34428, 5.77177]},
			"faces": {
				"north": {"uv": [0, 0, 1, 1], "texture": "#0"},
				"east": {"uv": [0, 0, 1, 1], "texture": "#0"},
				"south": {"uv": [0, 0, 1, 1], "texture": "#0"},
				"west": {"uv": [0, 0, 1, 1], "texture": "#0"},
				"up": {"uv": [0, 0, 1, 1], "texture": "#0"},
				"down": {"uv": [7.5, 0, 8.5, 16], "rotation": 180, "texture": "#0"}
			}
		},
		{
			"name": "hexadecagon",
			"from": [7.90055, 6.84428, 3.39677],
			"to": [8.09945, 7.59428, 5.89677],
			"rotation": {"angle": 22.5, "axis": "z", "origin": [8, 7.34428, 5.77177]},
			"faces": {
				"north": {"uv": [0, 0, 1, 1], "texture": "#0"},
				"east": {"uv": [0, 0, 1, 1], "texture": "#0"},
				"south": {"uv": [0, 0, 1, 1], "texture": "#0"},
				"west": {"uv": [0, 0, 1, 1], "texture": "#0"},
				"up": {"uv": [0, 0, 1, 1], "texture": "#0"},
				"down": {"uv": [6, 0, 7.5, 16], "rotation": 180, "texture": "#0"}
			}
		},
		{
			"name": "hexadecagon",
			"from": [7.90055, 6.84428, 3.39677],
			"to": [8.09945, 7.59428, 5.89677],
			"rotation": {"angle": 45, "axis": "z", "origin": [8, 7.34428, 5.77177]},
			"faces": {
				"north": {"uv": [0, 0, 1, 1], "texture": "#0"},
				"east": {"uv": [0, 0, 1, 1], "texture": "#0"},
				"south": {"uv": [0, 0, 1, 1], "texture": "#0"},
				"west": {"uv": [0, 0, 1, 1], "texture": "#0"},
				"up": {"uv": [0, 0, 1, 1], "texture": "#0"},
				"down": {"uv": [4.5, 0, 6, 16], "rotation": 90, "texture": "#0"}
			}
		},
		{
			"name": "hexadecagon",
			"from": [7.75, 7.24483, 3.39677],
			"to": [8.5, 7.44374, 5.89677],
			"rotation": {"angle": -22.5, "axis": "z", "origin": [8, 7.34428, 5.77177]},
			"faces": {
				"north": {"uv": [0, 0, 1, 1], "texture": "#0"},
				"east": {"uv": [3, 0, 4.5, 16], "rotation": 90, "texture": "#0"},
				"south": {"uv": [0, 0, 1, 1], "texture": "#0"},
				"west": {"uv": [0, 0, 1, 1], "texture": "#0"},
				"up": {"uv": [0, 0, 1, 1], "texture": "#0"},
				"down": {"uv": [0, 0, 1, 1], "texture": "#0"}
			}
		},
		{
			"name": "hexadecagon",
			"from": [7.5, 7.24483, 3.39677],
			"to": [8.25, 7.44374, 5.89677],
			"rotation": {"angle": 22.5, "axis": "z", "origin": [8, 7.34428, 5.77177]},
			"faces": {
				"north": {"uv": [0, 0, 1, 1], "texture": "#0"},
				"east": {"uv": [0, 0, 1, 1], "texture": "#0"},
				"south": {"uv": [0, 0, 1, 1], "texture": "#0"},
				"west": {"uv": [11.5, 0, 13, 16], "rotation": 270, "texture": "#0"},
				"up": {"uv": [0, 0, 1, 1], "texture": "#0"},
				"down": {"uv": [0, 0, 1, 1], "texture": "#0"}
			}
		},
		{
			"from": [7.5, 7.24483, 3.39677],
			"to": [8.5, 7.86983, 5.89677],
			"rotation": {"angle": 0, "axis": "y", "origin": [7.5, 7.49483, 3.64677]},
			"faces": {
				"north": {"uv": [0, 0, 4, 2], "texture": "#0"},
				"east": {"uv": [0, 0, 3, 16], "rotation": 90, "texture": "#0"},
				"south": {"uv": [0, 0, 4, 2], "texture": "#0"},
				"west": {"uv": [13, 0, 16, 16], "rotation": 270, "texture": "#0"},
				"up": {"uv": [0, 0, 4, 10], "texture": "#0"},
				"down": {"uv": [0, 0, 4, 10], "texture": "#0"}
			}
		},
		{
			"name": "hexadecagon",
			"from": [7.90105, 6.96978, 0.14727],
			"to": [8.09896, 7.71878, 0.89627],
			"rotation": {"angle": -45, "axis": "z", "origin": [8, 7.46928, 2.52177]},
			"faces": {
				"north": {"uv": [10, 0, 11.5, 16], "texture": "#1"},
				"east": {"uv": [10, 0, 11.5, 16], "rotation": 180, "texture": "#1"},
				"south": {"uv": [10, 0, 11.5, 16], "rotation": 180, "texture": "#1"},
				"west": {"uv": [10, 0, 11.5, 16], "rotation": 180, "texture": "#1"},
				"up": {"uv": [10, 0, 11.5, 16], "rotation": 180, "texture": "#1"},
				"down": {"uv": [10, 0, 11.5, 16], "rotation": 180, "texture": "#1"}
			}
		},
		{
			"name": "hexadecagon",
			"from": [7.90205, 6.97078, 0.14827],
			"to": [8.09795, 7.71778, 0.89527],
			"rotation": {"angle": -22.5, "axis": "z", "origin": [8, 7.46928, 2.52177]},
			"faces": {
				"north": {"uv": [10, 0, 8.5, 16], "rotation": 180, "texture": "#1"},
				"east": {"uv": [8.5, 0, 10, 16], "rotation": 180, "texture": "#1"},
				"south": {"uv": [8.5, 0, 10, 16], "rotation": 180, "texture": "#1"},
				"west": {"uv": [8.5, 0, 10, 16], "rotation": 180, "texture": "#1"},
				"up": {"uv": [8.5, 0, 10, 16], "rotation": 180, "texture": "#1"},
				"down": {"uv": [8.5, 0, 10, 16], "rotation": 180, "texture": "#1"}
			}
		},
		{
			"name": "hexadecagon",
			"from": [7.9023, 6.97103, 0.14852],
			"to": [8.09771, 7.71753, 0.89502],
			"rotation": {"angle": 0, "axis": "y", "origin": [8, 7.46928, 2.52177]},
			"faces": {
				"north": {"uv": [8.5, 0, 7.5, 16], "rotation": 180, "texture": "#1"},
				"east": {"uv": [7.5, 0, 8.5, 16], "rotation": 180, "texture": "#1"},
				"south": {"uv": [7.5, 0, 8.5, 16], "rotation": 180, "texture": "#1"},
				"west": {"uv": [7.5, 0, 8.5, 16], "rotation": 180, "texture": "#1"},
				"up": {"uv": [7.5, 0, 8.5, 16], "rotation": 180, "texture": "#1"},
				"down": {"uv": [7.5, 0, 8.5, 16], "rotation": 180, "texture": "#1"}
			}
		},
		{
			"name": "hexadecagon",
			"from": [7.9018, 6.97053, 0.14802],
			"to": [8.09821, 7.71803, 0.89552],
			"rotation": {"angle": 22.5, "axis": "z", "origin": [8, 7.46928, 2.52177]},
			"faces": {
				"north": {"uv": [6, 0, 7.5, 16], "rotation": 180, "texture": "#1"},
				"east": {"uv": [6, 0, 7.5, 16], "rotation": 180, "texture": "#1"},
				"south": {"uv": [6, 0, 7.5, 16], "rotation": 180, "texture": "#1"},
				"west": {"uv": [6, 0, 7.5, 16], "rotation": 180, "texture": "#1"},
				"up": {"uv": [6, 0, 7.5, 16], "rotation": 180, "texture": "#1"},
				"down": {"uv": [6, 0, 7.5, 16], "rotation": 180, "texture": "#1"}
			}
		},
		{
			"name": "hexadecagon",
			"from": [7.90155, 6.97028, 0.14777],
			"to": [8.09846, 7.71828, 0.89577],
			"rotation": {"angle": 45, "axis": "z", "origin": [8, 7.46928, 2.52177]},
			"faces": {
				"north": {"uv": [4.5, 0, 6, 16], "rotation": 90, "texture": "#1"},
				"east": {"uv": [4.5, 0, 6, 16], "rotation": 90, "texture": "#1"},
				"south": {"uv": [4.5, 0, 6, 16], "rotation": 90, "texture": "#1"},
				"west": {"uv": [4.5, 0, 6, 16], "rotation": 90, "texture": "#1"},
				"up": {"uv": [4.5, 0, 6, 16], "rotation": 90, "texture": "#1"},
				"down": {"uv": [4.5, 0, 6, 16], "rotation": 90, "texture": "#1"}
			}
		},
		{
			"name": "hexadecagon",
			"from": [7.75075, 7.37058, 0.14752],
			"to": [8.49925, 7.56799, 0.89602],
			"rotation": {"angle": -22.5, "axis": "z", "origin": [8, 7.46928, 2.52177]},
			"faces": {
				"north": {"uv": [3, 0, 4.5, 16], "rotation": 90, "texture": "#1"},
				"east": {"uv": [3, 0, 4.5, 16], "rotation": 90, "texture": "#1"},
				"south": {"uv": [3, 0, 4.5, 16], "rotation": 90, "texture": "#1"},
				"west": {"uv": [3, 0, 4.5, 16], "rotation": 90, "texture": "#1"},
				"up": {"uv": [3, 0, 4.5, 16], "rotation": 90, "texture": "#1"},
				"down": {"uv": [3, 0, 4.5, 16], "rotation": 90, "texture": "#1"}
			}
		},
		{
			"name": "hexadecagon",
			"from": [7.50025, 7.37008, 0.14702],
			"to": [8.24975, 7.56849, 0.89652],
			"rotation": {"angle": 22.5, "axis": "z", "origin": [8, 7.46928, 2.52177]},
			"faces": {
				"north": {"uv": [11.5, 0, 13, 16], "rotation": 270, "texture": "#1"},
				"east": {"uv": [11.5, 0, 13, 16], "rotation": 270, "texture": "#1"},
				"south": {"uv": [11.5, 0, 13, 16], "rotation": 270, "texture": "#1"},
				"west": {"uv": [11.5, 0, 13, 16], "rotation": 270, "texture": "#1"},
				"up": {"uv": [11.5, 0, 13, 16], "rotation": 270, "texture": "#1"},
				"down": {"uv": [11.5, 0, 13, 16], "rotation": 270, "texture": "#1"}
			}
		},
		{
			"from": [7.5, 7.36983, 0.14677],
			"to": [8.5, 7.86983, 0.89677],
			"rotation": {"angle": 0, "axis": "y", "origin": [7.5, 7.61983, 0.39677]},
			"faces": {
				"north": {"uv": [12.5, 11.5, 15.5, 15.5], "rotation": 270, "texture": "#1"},
				"east": {"uv": [0, 0, 3, 16], "rotation": 90, "texture": "#1"},
				"south": {"uv": [13, 11, 16, 16], "rotation": 270, "texture": "#1"},
				"west": {"uv": [13, 0, 16, 16], "rotation": 270, "texture": "#1"},
				"up": {"uv": [0, 0, 4, 10], "texture": "#1"},
				"down": {"uv": [0, 0, 4, 10], "texture": "#1"}
			}
		},
		{
			"name": "hexadecagon",
			"from": [7.90105, 6.84478, 5.89727],
			"to": [8.09896, 7.59378, 6.64627],
			"rotation": {"angle": -45, "axis": "z", "origin": [8, 7.34428, 8.27177]},
			"faces": {
				"north": {"uv": [10, 0, 11.5, 16], "texture": "#1"},
				"east": {"uv": [10, 0, 11.5, 16], "rotation": 180, "texture": "#1"},
				"south": {"uv": [10, 0, 11.5, 16], "rotation": 180, "texture": "#1"},
				"west": {"uv": [10, 0, 11.5, 16], "rotation": 180, "texture": "#1"},
				"up": {"uv": [10, 0, 11.5, 16], "rotation": 180, "texture": "#1"},
				"down": {"uv": [10, 0, 11.5, 16], "rotation": 180, "texture": "#1"}
			}
		},
		{
			"name": "hexadecagon",
			"from": [7.90205, 6.84578, 5.89827],
			"to": [8.09795, 7.59278, 6.64527],
			"rotation": {"angle": -22.5, "axis": "z", "origin": [8, 7.34428, 8.27177]},
			"faces": {
				"north": {"uv": [10, 0, 8.5, 16], "rotation": 180, "texture": "#1"},
				"east": {"uv": [8.5, 0, 10, 16], "rotation": 180, "texture": "#1"},
				"south": {"uv": [8.5, 0, 10, 16], "rotation": 180, "texture": "#1"},
				"west": {"uv": [8.5, 0, 10, 16], "rotation": 180, "texture": "#1"},
				"up": {"uv": [8.5, 0, 10, 16], "rotation": 180, "texture": "#1"},
				"down": {"uv": [8.5, 0, 10, 16], "rotation": 180, "texture": "#1"}
			}
		},
		{
			"name": "hexadecagon",
			"from": [7.9023, 6.84603, 5.89852],
			"to": [8.09771, 7.59253, 6.64502],
			"rotation": {"angle": 0, "axis": "y", "origin": [8, 7.34428, 8.27177]},
			"faces": {
				"north": {"uv": [8.5, 0, 7.5, 16], "rotation": 180, "texture": "#1"},
				"east": {"uv": [7.5, 0, 8.5, 16], "rotation": 180, "texture": "#1"},
				"south": {"uv": [7.5, 0, 8.5, 16], "rotation": 180, "texture": "#1"},
				"west": {"uv": [7.5, 0, 8.5, 16], "rotation": 180, "texture": "#1"},
				"up": {"uv": [7.5, 0, 8.5, 16], "rotation": 180, "texture": "#1"},
				"down": {"uv": [7.5, 0, 8.5, 16], "rotation": 180, "texture": "#1"}
			}
		},
		{
			"name": "hexadecagon",
			"from": [7.9018, 6.84553, 5.89802],
			"to": [8.09821, 7.59303, 6.64552],
			"rotation": {"angle": 22.5, "axis": "z", "origin": [8, 7.34428, 8.27177]},
			"faces": {
				"north": {"uv": [6, 0, 7.5, 16], "rotation": 180, "texture": "#1"},
				"east": {"uv": [6, 0, 7.5, 16], "rotation": 180, "texture": "#1"},
				"south": {"uv": [6, 0, 7.5, 16], "rotation": 180, "texture": "#1"},
				"west": {"uv": [6, 0, 7.5, 16], "rotation": 180, "texture": "#1"},
				"up": {"uv": [6, 0, 7.5, 16], "rotation": 180, "texture": "#1"},
				"down": {"uv": [6, 0, 7.5, 16], "rotation": 180, "texture": "#1"}
			}
		},
		{
			"name": "hexadecagon",
			"from": [7.90155, 6.84528, 5.89777],
			"to": [8.09846, 7.59328, 6.64577],
			"rotation": {"angle": 45, "axis": "z", "origin": [8, 7.34428, 8.27177]},
			"faces": {
				"north": {"uv": [4.5, 0, 6, 16], "rotation": 90, "texture": "#1"},
				"east": {"uv": [4.5, 0, 6, 16], "rotation": 90, "texture": "#1"},
				"south": {"uv": [4.5, 0, 6, 16], "rotation": 90, "texture": "#1"},
				"west": {"uv": [4.5, 0, 6, 16], "rotation": 90, "texture": "#1"},
				"up": {"uv": [4.5, 0, 6, 16], "rotation": 90, "texture": "#1"},
				"down": {"uv": [4.5, 0, 6, 16], "rotation": 90, "texture": "#1"}
			}
		},
		{
			"name": "hexadecagon",
			"from": [7.75075, 7.24558, 5.89752],
			"to": [8.49925, 7.44299, 6.64602],
			"rotation": {"angle": -22.5, "axis": "z", "origin": [8, 7.34428, 8.27177]},
			"faces": {
				"north": {"uv": [3, 0, 4.5, 16], "rotation": 90, "texture": "#1"},
				"east": {"uv": [3, 0, 4.5, 16], "rotation": 90, "texture": "#1"},
				"south": {"uv": [3, 0, 4.5, 16], "rotation": 90, "texture": "#1"},
				"west": {"uv": [3, 0, 4.5, 16], "rotation": 90, "texture": "#1"},
				"up": {"uv": [3, 0, 4.5, 16], "rotation": 90, "texture": "#1"},
				"down": {"uv": [3, 0, 4.5, 16], "rotation": 90, "texture": "#1"}
			}
		},
		{
			"name": "hexadecagon",
			"from": [7.50025, 7.24508, 5.89702],
			"to": [8.24975, 7.44349, 6.64652],
			"rotation": {"angle": 22.5, "axis": "z", "origin": [8, 7.34428, 8.27177]},
			"faces": {
				"north": {"uv": [11.5, 0, 13, 16], "rotation": 270, "texture": "#1"},
				"east": {"uv": [11.5, 0, 13, 16], "rotation": 270, "texture": "#1"},
				"south": {"uv": [11.5, 0, 13, 16], "rotation": 270, "texture": "#1"},
				"west": {"uv": [11.5, 0, 13, 16], "rotation": 270, "texture": "#1"},
				"up": {"uv": [11.5, 0, 13, 16], "rotation": 270, "texture": "#1"},
				"down": {"uv": [11.5, 0, 13, 16], "rotation": 270, "texture": "#1"}
			}
		},
		{
			"from": [7.5, 7.24483, 5.89677],
			"to": [8.5, 7.86983, 6.64677],
			"rotation": {"angle": 0, "axis": "y", "origin": [7.5, 7.49483, 6.14677]},
			"faces": {
				"north": {"uv": [12.5, 11.5, 15.5, 15.5], "rotation": 270, "texture": "#1"},
				"east": {"uv": [0, 0, 3, 16], "rotation": 90, "texture": "#1"},
				"south": {"uv": [13, 11, 16, 16], "rotation": 270, "texture": "#1"},
				"west": {"uv": [13, 0, 16, 16], "rotation": 270, "texture": "#1"},
				"up": {"uv": [0, 0, 4, 10], "texture": "#1"},
				"down": {"uv": [0, 0, 4, 10], "texture": "#1"}
			}
		},
		{
			"from": [7.515, 8.11983, 0.5274],
			"to": [8.485, 12.86983, 1.62615],
			"rotation": {"angle": 0, "axis": "y", "origin": [7.515, 7.86983, 1.37615]},
			"faces": {
				"north": {"uv": [0, 0, 4, 14], "texture": "#0"},
				"east": {"uv": [0, 0, 3.5, 14], "texture": "#0"},
				"south": {"uv": [0, 0, 4, 14], "texture": "#0"},
				"west": {"uv": [6, 0, 9.5, 16], "texture": "#0"},
				"up": {"uv": [0, 0, 4, 3.5], "texture": "#0"},
				"down": {"uv": [0, 0, 4, 3.5], "texture": "#0"}
			}
		},
		{
			"from": [7.63625, 8.11983, 0.40615],
			"to": [8.36375, 12.86983, 0.5274],
			"rotation": {"angle": 0, "axis": "y", "origin": [7.515, 7.86983, 1.37615]},
			"faces": {
				"north": {"uv": [3, 0, 5.5, 16], "texture": "#0"},
				"east": {"uv": [0, 0, 0.5, 14], "texture": "#missing"},
				"south": {"uv": [0, 0, 3, 14], "texture": "#missing"},
				"west": {"uv": [0, 0, 0.5, 14], "texture": "#missing"},
				"up": {"uv": [0, 0, 3, 0.5], "texture": "#missing"},
				"down": {"uv": [0, 0, 3, 0.5], "texture": "#missing"}
			}
		},
		{
			"from": [7.61591, 8.11983, 0.6456],
			"to": [7.78566, 12.86983, 0.76685],
			"rotation": {"angle": 45, "axis": "y", "origin": [7.42191, 9.86983, 0.70622]},
			"faces": {
				"north": {"uv": [11, 0, 11.5, 16], "texture": "#0"},
				"east": {"uv": [0, 0, 0.5, 14], "texture": "#missing"},
				"south": {"uv": [0, 0, 0.7, 14], "texture": "#missing"},
				"west": {"uv": [0, 0, 0.5, 14], "texture": "#missing"},
				"up": {"uv": [0, 0, 0.7, 0.5], "texture": "#missing"},
				"down": {"uv": [0, 0, 0.7, 0.5], "texture": "#missing"}
			}
		},
		{
			"from": [8.21434, 8.11983, 0.6456],
			"to": [8.38409, 12.86983, 0.76685],
			"rotation": {"angle": -45, "axis": "y", "origin": [8.57809, 9.86983, 0.70622]},
			"faces": {
				"north": {"uv": [11, 0, 11.5, 16], "texture": "#0"},
				"east": {"uv": [0.5, 0, 0, 14], "texture": "#missing"},
				"south": {"uv": [0.7, 0, 0, 14], "texture": "#missing"},
				"west": {"uv": [0.5, 0, 0, 14], "texture": "#missing"},
				"up": {"uv": [0.7, 0, 0, 0.5], "texture": "#missing"},
				"down": {"uv": [0.7, 0, 0, 0.5], "texture": "#missing"}
			}
		},
		{
			"name": "octagon",
			"from": [7.705, 13.18514, -0.25073],
			"to": [8.295, 13.42952, 1.79427],
			"rotation": {"angle": -22.5, "axis": "z", "origin": [8, 13.30733, 0.77177]},
			"faces": {
				"north": {"uv": [2.5, 5, 6.5, 9], "rotation": 270, "texture": "#0"},
				"east": {"uv": [8, 0, 12, 16], "rotation": 90, "texture": "#0"},
				"south": {"uv": [8, 0, 12, 16], "rotation": 90, "texture": "#0"},
				"west": {"uv": [12, 0, 8, 16], "rotation": 90, "texture": "#0"},
				"up": {"uv": [8, 0, 12, 16], "rotation": 90, "texture": "#0"},
				"down": {"uv": [8, 0, 12, 16], "rotation": 90, "texture": "#0"}
			}
		},
		{
			"name": "octagon",
			"from": [7.87781, 13.01233, -0.25073],
			"to": [8.12219, 13.60233, 1.79427],
			"rotation": {"angle": 22.5, "axis": "z", "origin": [8, 13.30733, 0.77177]},
			"faces": {
				"north": {"uv": [2.5, 5, 6.5, 9], "rotation": 180, "texture": "#0"},
				"east": {"uv": [12, 0, 16, 16], "rotation": 180, "texture": "#0"},
				"south": {"uv": [12, 0, 16, 16], "rotation": 180, "texture": "#0"},
				"west": {"uv": [12, 0, 16, 16], "rotation": 180, "texture": "#0"},
				"up": {"uv": [16, 0, 12, 16], "rotation": 180, "texture": "#0"},
				"down": {"uv": [12, 0, 16, 16], "rotation": 180, "texture": "#0"}
			}
		},
		{
			"name": "octagon",
			"from": [7.87781, 13.01233, -0.25073],
			"to": [8.12219, 13.60233, 1.79427],
			"rotation": {"angle": -22.5, "axis": "z", "origin": [8, 13.30733, 0.77177]},
			"faces": {
				"north": {"uv": [2.5, 5, 6.5, 9], "rotation": 270, "texture": "#0"},
				"east": {"uv": [0, 0, 4, 16], "texture": "#0"},
				"south": {"uv": [0, 0, 4, 16], "texture": "#0"},
				"west": {"uv": [0, 0, 4, 16], "texture": "#0"},
				"up": {"uv": [0, 0, 4, 16], "texture": "#0"},
				"down": {"uv": [4, 0, 0, 16], "texture": "#0"}
			}
		},
		{
			"name": "octagon",
			"from": [7.705, 13.18514, -0.25073],
			"to": [8.295, 13.42952, 1.79427],
			"rotation": {"angle": 22.5, "axis": "z", "origin": [8, 13.30733, 0.77177]},
			"faces": {
				"north": {"uv": [2.5, 5, 6.5, 9], "rotation": 180, "texture": "#0"},
				"east": {"uv": [4, 0, 8, 16], "rotation": 90, "texture": "#0"},
				"south": {"uv": [4, 0, 8, 16], "rotation": 90, "texture": "#0"},
				"west": {"uv": [8, 0, 4, 16], "rotation": 90, "texture": "#0"},
				"up": {"uv": [4, 0, 8, 16], "rotation": 90, "texture": "#0"},
				"down": {"uv": [4, 0, 8, 16], "rotation": 90, "texture": "#0"}
			}
		},
		{
			"name": "Cube",
			"from": [7.96304, 13.12355, -3.46034],
			"to": [8.03696, 13.49315, 1.15966],
			"rotation": {"angle": 0, "axis": "y", "origin": [8.06528, 13.36453, -1.46279]},
			"faces": {
				"north": {"uv": [8, 0, 7, 16], "rotation": 180, "texture": "#0"},
				"east": {"uv": [8, 0, 7, 16], "rotation": 180, "texture": "#0"},
				"south": {"uv": [15, 0, 14, 16], "texture": "#0"},
				"west": {"uv": [8, 0, 7, 16], "rotation": 180, "texture": "#0"},
				"up": {"uv": [8, 0, 7, 16], "rotation": 180, "texture": "#0"},
				"down": {"uv": [16, 0, 15, 16], "rotation": 180, "texture": "#0"}
			}
		},
		{
			"name": "Cube",
			"from": [7.94668, 13.15297, -3.45927],
			"to": [8.02027, 13.52225, 1.15858],
			"rotation": {"angle": 22.5, "axis": "z", "origin": [8.06528, 13.36453, -1.46279]},
			"faces": {
				"north": {"uv": [8, 0, 7, 16], "rotation": 180, "texture": "#0"},
				"east": {"uv": [15, 0, 14, 16], "texture": "#0"},
				"south": {"uv": [15, 0, 14, 16], "texture": "#0"},
				"west": {"uv": [15, 0, 14, 16], "texture": "#0"},
				"up": {"uv": [7, 0, 6, 16], "rotation": 180, "texture": "#0"},
				"down": {"uv": [15, 0, 14, 16], "texture": "#0"}
			}
		},
		{
			"name": "Cube",
			"from": [7.94258, 13.18631, -3.45942],
			"to": [8.01622, 13.55563, 1.15873],
			"rotation": {"angle": 45, "axis": "z", "origin": [8.06528, 13.36453, -1.46279]},
			"faces": {
				"north": {"uv": [8, 0, 7, 16], "rotation": 180, "texture": "#0"},
				"east": {"uv": [14, 0, 13, 16], "texture": "#0"},
				"south": {"uv": [15, 0, 14, 16], "texture": "#0"},
				"west": {"uv": [14, 0, 13, 16], "texture": "#0"},
				"up": {"uv": [5, 16, 6, 0], "rotation": 270, "texture": "#0"},
				"down": {"uv": [14, 0, 13, 16], "texture": "#0"}
			}
		},
		{
			"name": "Cube",
			"from": [7.79874, 13.30072, -3.45988],
			"to": [8.16821, 13.3745, 1.15919],
			"rotation": {"angle": 22.5, "axis": "z", "origin": [8.06528, 13.36453, -1.46279]},
			"faces": {
				"north": {"uv": [8, 0, 7, 16], "rotation": 180, "texture": "#0"},
				"east": {"uv": [10, 16, 11, 0], "rotation": 90, "texture": "#0"},
				"south": {"uv": [15, 0, 14, 16], "texture": "#0"},
				"west": {"uv": [2, 16, 3, 0], "rotation": 270, "texture": "#0"},
				"up": {"uv": [10, 16, 11, 0], "rotation": 90, "texture": "#0"},
				"down": {"uv": [10, 16, 11, 0], "rotation": 90, "texture": "#0"}
			}
		},
		{
			"name": "Cube",
			"from": [7.81529, 13.27149, -3.45973],
			"to": [8.18471, 13.34522, 1.15904],
			"rotation": {"angle": 0, "axis": "y", "origin": [8.06528, 13.36453, -1.46279]},
			"faces": {
				"north": {"uv": [8, 0, 7, 16], "rotation": 180, "texture": "#0"},
				"east": {"uv": [11, 16, 12, 0], "rotation": 90, "texture": "#0"},
				"south": {"uv": [15, 0, 14, 16], "texture": "#0"},
				"west": {"uv": [3, 16, 4, 0], "rotation": 270, "texture": "#0"},
				"up": {"uv": [11, 16, 12, 0], "rotation": 90, "texture": "#0"},
				"down": {"uv": [11, 16, 12, 0], "rotation": 90, "texture": "#0"}
			}
		},
		{
			"name": "Cube",
			"from": [7.84178, 13.2508, -3.45957],
			"to": [8.21115, 13.32449, 1.15889],
			"rotation": {"angle": -22.5, "axis": "z", "origin": [8.06528, 13.36453, -1.46279]},
			"faces": {
				"north": {"uv": [8, 0, 7, 16], "rotation": 180, "texture": "#0"},
				"east": {"uv": [12, 16, 13, 0], "rotation": 90, "texture": "#0"},
				"south": {"uv": [15, 0, 14, 16], "texture": "#0"},
				"west": {"uv": [4, 16, 5, 0], "rotation": 270, "texture": "#0"},
				"up": {"uv": [12, 16, 13, 0], "rotation": 90, "texture": "#0"},
				"down": {"uv": [12, 16, 13, 0], "rotation": 90, "texture": "#0"}
			}
		},
		{
			"name": "Cube",
			"from": [7.79465, 13.33406, -3.46004],
			"to": [8.16416, 13.40788, 1.15935],
			"rotation": {"angle": 45, "axis": "z", "origin": [8.06528, 13.36453, -1.46279]},
			"faces": {
				"north": {"uv": [8, 0, 7, 16], "rotation": 180, "texture": "#0"},
				"east": {"uv": [9, 16, 10, 0], "rotation": 90, "texture": "#0"},
				"south": {"uv": [15, 0, 14, 16], "texture": "#0"},
				"west": {"uv": [1, 16, 2, 0], "rotation": 270, "texture": "#0"},
				"up": {"uv": [9, 16, 10, 0], "rotation": 90, "texture": "#0"},
				"down": {"uv": [9, 16, 10, 0], "rotation": 90, "texture": "#0"}
			}
		},
		{
			"name": "Cube",
			"from": [7.98953, 13.10287, -3.46019],
			"to": [8.0634, 13.47242, 1.1595],
			"rotation": {"angle": -22.5, "axis": "z", "origin": [8.06528, 13.36453, -1.46279]},
			"faces": {
				"north": {"uv": [8, 0, 7, 16], "rotation": 180, "texture": "#0"},
				"east": {"uv": [9, 0, 8, 16], "rotation": 180, "texture": "#0"},
				"south": {"uv": [15, 0, 14, 16], "texture": "#0"},
				"west": {"uv": [9, 0, 8, 16], "rotation": 180, "texture": "#0"},
				"up": {"uv": [9, 0, 8, 16], "rotation": 180, "texture": "#0"},
				"down": {"uv": [1, 0, 0, 16], "texture": "#0"}
			}
		},
		{
			"from": [10.75, 7.96222, -3.20935],
			"to": [10.75, 9.76574, -0.50406],
			"rotation": {"angle": 22.5, "axis": "z", "origin": [10.75, 8.86398, 14.375]},
			"faces": {
				"north": {"uv": [16, 0, 0, 16], "texture": "#7"},
				"east": {"uv": [16, 0, 0, 16], "texture": "#7"},
				"south": {"uv": [16, 0, 0, 16], "texture": "#7"},
				"west": {"uv": [0, 0, 16, 16], "texture": "#7"},
				"up": {"uv": [16, 0, 0, 16], "texture": "#7"},
				"down": {"uv": [16, 0, 0, 16], "texture": "#7"}
			}
		},
		{
			"from": [10.75, 7.96222, -3.20935],
			"to": [10.75, 9.76574, -0.50406],
			"rotation": {"angle": -22.5, "axis": "z", "origin": [10.75, 8.86398, 14.375]},
			"faces": {
				"north": {"uv": [16, 0, 0, 16], "texture": "#7"},
				"east": {"uv": [16, 0, 0, 16], "texture": "#7"},
				"south": {"uv": [16, 0, 0, 16], "texture": "#7"},
				"west": {"uv": [0, 0, 16, 16], "texture": "#7"},
				"up": {"uv": [16, 0, 0, 16], "texture": "#7"},
				"down": {"uv": [16, 0, 0, 16], "texture": "#7"}
			}
		},
		{
			"from": [9.84824, 8.86398, -3.20935],
			"to": [11.65176, 8.86398, -0.50406],
			"rotation": {"angle": 22.5, "axis": "z", "origin": [10.75, 8.86398, 14.375]},
			"faces": {
				"north": {"uv": [0, 16, 16, 0], "rotation": 90, "texture": "#7"},
				"east": {"uv": [0, 16, 16, 0], "rotation": 270, "texture": "#7"},
				"south": {"uv": [0, 16, 16, 0], "rotation": 270, "texture": "#7"},
				"west": {"uv": [0, 16, 16, 0], "rotation": 270, "texture": "#7"},
				"up": {"uv": [16, 16, 0, 0], "rotation": 270, "texture": "#7"},
				"down": {"uv": [0, 16, 16, 0], "rotation": 270, "texture": "#7"}
			}
		},
		{
			"from": [9.84824, 8.86398, -3.20935],
			"to": [11.65176, 8.86398, -0.50406],
			"rotation": {"angle": -22.5, "axis": "z", "origin": [10.75, 8.86398, 14.375]},
			"faces": {
				"north": {"uv": [0, 16, 16, 0], "rotation": 90, "texture": "#7"},
				"east": {"uv": [0, 16, 16, 0], "rotation": 270, "texture": "#7"},
				"south": {"uv": [0, 16, 16, 0], "rotation": 270, "texture": "#7"},
				"west": {"uv": [0, 16, 16, 0], "rotation": 270, "texture": "#7"},
				"up": {"uv": [16, 16, 0, 0], "rotation": 270, "texture": "#7"},
				"down": {"uv": [0, 16, 16, 0], "rotation": 270, "texture": "#7"}
			}
		},
		{
			"from": [10.75, 7.96222, -3.20935],
			"to": [10.75, 9.76574, -0.50406],
			"rotation": {"angle": 45, "axis": "z", "origin": [10.75, 8.86398, 14.375]},
			"faces": {
				"north": {"uv": [16, 0, 0, 16], "texture": "#7"},
				"east": {"uv": [16, 0, 0, 16], "texture": "#7"},
				"south": {"uv": [16, 0, 0, 16], "texture": "#7"},
				"west": {"uv": [0, 0, 16, 16], "texture": "#7"},
				"up": {"uv": [16, 0, 0, 16], "texture": "#7"},
				"down": {"uv": [16, 0, 0, 16], "texture": "#7"}
			}
		},
		{
			"from": [10.75, 7.96222, -3.20935],
			"to": [10.75, 9.76574, -0.50406],
			"rotation": {"angle": 0, "axis": "y", "origin": [10.75, 8.86398, 14.375]},
			"faces": {
				"north": {"uv": [16, 0, 0, 16], "texture": "#7"},
				"east": {"uv": [16, 0, 0, 16], "texture": "#7"},
				"south": {"uv": [16, 0, 0, 16], "texture": "#7"},
				"west": {"uv": [0, 0, 16, 16], "texture": "#7"},
				"up": {"uv": [16, 0, 0, 16], "texture": "#7"},
				"down": {"uv": [16, 0, 0, 16], "texture": "#7"}
			}
		},
		{
			"from": [9.84824, 8.86398, -3.20935],
			"to": [11.65176, 8.86398, -0.50406],
			"rotation": {"angle": 45, "axis": "z", "origin": [10.75, 8.86398, 14.375]},
			"faces": {
				"north": {"uv": [0, 16, 16, 0], "rotation": 90, "texture": "#7"},
				"east": {"uv": [0, 16, 16, 0], "rotation": 270, "texture": "#7"},
				"south": {"uv": [0, 16, 16, 0], "rotation": 270, "texture": "#7"},
				"west": {"uv": [0, 16, 16, 0], "rotation": 270, "texture": "#7"},
				"up": {"uv": [16, 16, 0, 0], "rotation": 270, "texture": "#7"},
				"down": {"uv": [0, 16, 16, 0], "rotation": 270, "texture": "#7"}
			}
		},
		{
			"from": [9.84824, 8.86398, -3.20935],
			"to": [11.65176, 8.86398, -0.50406],
			"rotation": {"angle": 0, "axis": "y", "origin": [10.75, 8.86398, 14.375]},
			"faces": {
				"north": {"uv": [0, 16, 16, 0], "rotation": 90, "texture": "#7"},
				"east": {"uv": [0, 16, 16, 0], "rotation": 270, "texture": "#7"},
				"south": {"uv": [0, 16, 16, 0], "rotation": 270, "texture": "#7"},
				"west": {"uv": [0, 16, 16, 0], "rotation": 270, "texture": "#7"},
				"up": {"uv": [16, 16, 0, 0], "rotation": 270, "texture": "#7"},
				"down": {"uv": [0, 16, 16, 0], "rotation": 270, "texture": "#7"}
			}
		},
		{
			"name": "Cube",
			"from": [10.57685, 7.99829, 29.79512],
			"to": [10.92315, 9.72967, 31.41829],
			"rotation": {"angle": 22.5, "axis": "z", "origin": [10.75, 8.86398, 14.375]},
			"faces": {
				"north": {"uv": [4, 0, 3.5, 16], "rotation": 180, "texture": "#6"},
				"east": {"uv": [4, 0, 3.5, 16], "rotation": 180, "texture": "#6"},
				"south": {"uv": [7.5, 0, 7, 16], "texture": "#6"},
				"west": {"uv": [4, 0, 3.5, 16], "rotation": 180, "texture": "#6"},
				"up": {"uv": [4, 0, 3.5, 16], "rotation": 180, "texture": "#6"},
				"down": {"uv": [8, 0, 7.5, 16], "rotation": 180, "texture": "#6"}
			}
		},
		{
			"name": "Cube",
			"from": [10.57761, 7.99905, 29.79512],
			"to": [10.92238, 9.72891, 31.41829],
			"rotation": {"angle": 45, "axis": "z", "origin": [10.75, 8.86398, 14.375]},
			"faces": {
				"north": {"uv": [4, 0, 3.5, 16], "rotation": 180, "texture": "#6"},
				"east": {"uv": [7.5, 0, 7, 16], "texture": "#6"},
				"south": {"uv": [7.5, 0, 7, 16], "texture": "#6"},
				"west": {"uv": [7.5, 0, 7, 16], "texture": "#6"},
				"up": {"uv": [3.5, 0, 3, 16], "rotation": 180, "texture": "#6"},
				"down": {"uv": [7.5, 0, 7, 16], "texture": "#6"}
			}
		},
		{
			"name": "Cube",
			"from": [9.88496, 8.6915, 29.79512],
			"to": [11.61504, 9.03646, 31.41829],
			"rotation": {"angle": -22.5, "axis": "z", "origin": [10.75, 8.86398, 14.375]},
			"faces": {
				"north": {"uv": [3.5, 16, 4, 0], "rotation": 90, "texture": "#6"},
				"east": {"uv": [6.5, 16, 7, 0], "rotation": 90, "texture": "#6"},
				"south": {"uv": [7, 16, 7.5, 0], "rotation": 90, "texture": "#6"},
				"west": {"uv": [3, 0, 2.5, 16], "texture": "#6"},
				"up": {"uv": [6.5, 16, 7, 0], "rotation": 90, "texture": "#6"},
				"down": {"uv": [6.5, 16, 7, 0], "rotation": 90, "texture": "#6"}
			}
		},
		{
			"name": "Cube",
			"from": [9.88464, 8.69116, 29.79512],
			"to": [11.61536, 9.0368, 31.41829],
			"rotation": {"angle": 45, "axis": "z", "origin": [10.75, 8.86398, 14.375]},
			"faces": {
				"north": {"uv": [4, 0, 3.5, 16], "rotation": 180, "texture": "#6"},
				"east": {"uv": [5, 16, 5.5, 0], "rotation": 90, "texture": "#6"},
				"south": {"uv": [7.5, 0, 7, 16], "texture": "#6"},
				"west": {"uv": [1, 16, 1.5, 0], "rotation": 270, "texture": "#6"},
				"up": {"uv": [5, 16, 5.5, 0], "rotation": 90, "texture": "#6"},
				"down": {"uv": [5, 16, 5.5, 0], "rotation": 90, "texture": "#6"}
			}
		},
		{
			"name": "Cube",
			"from": [9.88474, 8.69127, 29.79512],
			"to": [11.61526, 9.03669, 31.41829],
			"rotation": {"angle": 22.5, "axis": "z", "origin": [10.75, 8.86398, 14.375]},
			"faces": {
				"north": {"uv": [4, 0, 3.5, 16], "rotation": 180, "texture": "#6"},
				"east": {"uv": [5.5, 16, 6, 0], "rotation": 90, "texture": "#6"},
				"south": {"uv": [7.5, 0, 7, 16], "texture": "#6"},
				"west": {"uv": [1.5, 16, 2, 0], "rotation": 270, "texture": "#6"},
				"up": {"uv": [5.5, 16, 6, 0], "rotation": 90, "texture": "#6"},
				"down": {"uv": [5.5, 16, 6, 0], "rotation": 90, "texture": "#6"}
			}
		},
		{
			"name": "Cube",
			"from": [9.88485, 8.69139, 29.79512],
			"to": [11.61515, 9.03657, 31.41829],
			"rotation": {"angle": 0, "axis": "y", "origin": [10.75, 8.86398, 14.375]},
			"faces": {
				"north": {"uv": [4, 0, 3.5, 16], "rotation": 180, "texture": "#6"},
				"east": {"uv": [6, 16, 6.5, 0], "rotation": 90, "texture": "#6"},
				"south": {"uv": [7.5, 0, 7, 16], "texture": "#6"},
				"west": {"uv": [2, 16, 2.5, 0], "rotation": 270, "texture": "#6"},
				"up": {"uv": [6, 16, 6.5, 0], "rotation": 90, "texture": "#6"},
				"down": {"uv": [6, 16, 6.5, 0], "rotation": 90, "texture": "#6"}
			}
		},
		{
			"name": "Cube",
			"from": [10.57708, 7.99851, 29.79512],
			"to": [10.92292, 9.72945, 31.41829],
			"rotation": {"angle": -22.5, "axis": "z", "origin": [10.75, 8.86398, 14.375]},
			"faces": {
				"north": {"uv": [3.5, 16, 4, 0], "rotation": 90, "texture": "#6"},
				"east": {"uv": [5, 0, 4.5, 16], "rotation": 180, "texture": "#6"},
				"south": {"uv": [7, 16, 7.5, 0], "rotation": 90, "texture": "#6"},
				"west": {"uv": [5, 0, 4.5, 16], "rotation": 180, "texture": "#6"},
				"up": {"uv": [5, 0, 4.5, 16], "rotation": 180, "texture": "#6"},
				"down": {"uv": [1, 0, 0.5, 16], "texture": "#6"}
			}
		},
		{
			"name": "Cube",
			"from": [10.57697, 7.99839, 29.79512],
			"to": [10.92303, 9.72957, 31.41829],
			"rotation": {"angle": 0, "axis": "y", "origin": [10.75, 8.86398, 14.375]},
			"faces": {
				"north": {"uv": [4, 0, 3.5, 16], "rotation": 180, "texture": "#6"},
				"east": {"uv": [4.5, 0, 4, 16], "rotation": 180, "texture": "#6"},
				"south": {"uv": [7.5, 0, 7, 16], "texture": "#6"},
				"west": {"uv": [4.5, 0, 4, 16], "rotation": 180, "texture": "#6"},
				"up": {"uv": [4.5, 0, 4, 16], "rotation": 180, "texture": "#6"},
				"down": {"uv": [0.5, 0, 0, 16], "texture": "#6"}
			}
		},
		{
			"name": "Cube",
			"from": [10.57167, 7.97232, -0.50406],
			"to": [10.92833, 9.75564, -0.32371],
			"rotation": {"angle": 22.5, "axis": "z", "origin": [10.75, 8.86398, 14.375]},
			"faces": {
				"north": {"uv": [4, 0, 3.5, 16], "rotation": 180, "texture": "#6"},
				"east": {"uv": [4, 0, 3.5, 16], "rotation": 180, "texture": "#6"},
				"south": {"uv": [7.5, 0, 7, 16], "texture": "#6"},
				"west": {"uv": [4, 0, 3.5, 16], "rotation": 180, "texture": "#6"},
				"up": {"uv": [4, 0, 3.5, 16], "rotation": 180, "texture": "#6"},
				"down": {"uv": [8, 0, 7.5, 16], "rotation": 180, "texture": "#6"}
			}
		},
		{
			"name": "Cube",
			"from": [10.57245, 7.9731, -0.50406],
			"to": [10.92755, 9.75486, -0.32371],
			"rotation": {"angle": 45, "axis": "z", "origin": [10.75, 8.86398, 14.375]},
			"faces": {
				"north": {"uv": [4, 0, 3.5, 16], "rotation": 180, "texture": "#6"},
				"east": {"uv": [7.5, 0, 7, 16], "texture": "#6"},
				"south": {"uv": [7.5, 0, 7, 16], "texture": "#6"},
				"west": {"uv": [7.5, 0, 7, 16], "texture": "#6"},
				"up": {"uv": [3.5, 0, 3, 16], "rotation": 180, "texture": "#6"},
				"down": {"uv": [7.5, 0, 7, 16], "texture": "#6"}
			}
		},
		{
			"name": "Cube",
			"from": [9.85901, 8.68632, -0.50406],
			"to": [11.64099, 9.04164, -0.32371],
			"rotation": {"angle": -22.5, "axis": "z", "origin": [10.75, 8.86398, 14.375]},
			"faces": {
				"north": {"uv": [3.5, 16, 4, 0], "rotation": 90, "texture": "#6"},
				"east": {"uv": [6.5, 16, 7, 0], "rotation": 90, "texture": "#6"},
				"south": {"uv": [7, 16, 7.5, 0], "rotation": 90, "texture": "#6"},
				"west": {"uv": [3, 0, 2.5, 16], "texture": "#6"},
				"up": {"uv": [6.5, 16, 7, 0], "rotation": 90, "texture": "#6"},
				"down": {"uv": [6.5, 16, 7, 0], "rotation": 90, "texture": "#6"}
			}
		},
		{
			"name": "Cube",
			"from": [9.85868, 8.68599, -0.50406],
			"to": [11.64132, 9.04198, -0.32371],
			"rotation": {"angle": 45, "axis": "z", "origin": [10.75, 8.86398, 14.375]},
			"faces": {
				"north": {"uv": [4, 0, 3.5, 16], "rotation": 180, "texture": "#6"},
				"east": {"uv": [5, 16, 5.5, 0], "rotation": 90, "texture": "#6"},
				"south": {"uv": [7.5, 0, 7, 16], "texture": "#6"},
				"west": {"uv": [1, 16, 1.5, 0], "rotation": 270, "texture": "#6"},
				"up": {"uv": [5, 16, 5.5, 0], "rotation": 90, "texture": "#6"},
				"down": {"uv": [5, 16, 5.5, 0], "rotation": 90, "texture": "#6"}
			}
		},
		{
			"name": "Cube",
			"from": [9.85878, 8.68609, -0.50406],
			"to": [11.64121, 9.04187, -0.32371],
			"rotation": {"angle": 22.5, "axis": "z", "origin": [10.75, 8.86398, 14.375]},
			"faces": {
				"north": {"uv": [4, 0, 3.5, 16], "rotation": 180, "texture": "#6"},
				"east": {"uv": [5.5, 16, 6, 0], "rotation": 90, "texture": "#6"},
				"south": {"uv": [7.5, 0, 7, 16], "texture": "#6"},
				"west": {"uv": [1.5, 16, 2, 0], "rotation": 270, "texture": "#6"},
				"up": {"uv": [5.5, 16, 6, 0], "rotation": 90, "texture": "#6"},
				"down": {"uv": [5.5, 16, 6, 0], "rotation": 90, "texture": "#6"}
			}
		},
		{
			"name": "Cube",
			"from": [9.85889, 8.68621, -0.50406],
			"to": [11.64111, 9.04175, -0.32371],
			"rotation": {"angle": 0, "axis": "y", "origin": [10.75, 8.86398, 14.375]},
			"faces": {
				"north": {"uv": [4, 0, 3.5, 16], "rotation": 180, "texture": "#6"},
				"east": {"uv": [6, 16, 6.5, 0], "rotation": 90, "texture": "#6"},
				"south": {"uv": [7.5, 0, 7, 16], "texture": "#6"},
				"west": {"uv": [2, 16, 2.5, 0], "rotation": 270, "texture": "#6"},
				"up": {"uv": [6, 16, 6.5, 0], "rotation": 90, "texture": "#6"},
				"down": {"uv": [6, 16, 6.5, 0], "rotation": 90, "texture": "#6"}
			}
		},
		{
			"name": "Cube",
			"from": [10.57189, 7.97254, -0.50406],
			"to": [10.92811, 9.75542, -0.32371],
			"rotation": {"angle": -22.5, "axis": "z", "origin": [10.75, 8.86398, 14.375]},
			"faces": {
				"north": {"uv": [3.5, 16, 4, 0], "rotation": 90, "texture": "#6"},
				"east": {"uv": [5, 0, 4.5, 16], "rotation": 180, "texture": "#6"},
				"south": {"uv": [7, 16, 7.5, 0], "rotation": 90, "texture": "#6"},
				"west": {"uv": [5, 0, 4.5, 16], "rotation": 180, "texture": "#6"},
				"up": {"uv": [5, 0, 4.5, 16], "rotation": 180, "texture": "#6"},
				"down": {"uv": [1, 0, 0.5, 16], "texture": "#6"}
			}
		},
		{
			"name": "Cube",
			"from": [10.57178, 7.97243, -0.50406],
			"to": [10.92822, 9.75553, -0.32371],
			"rotation": {"angle": 0, "axis": "y", "origin": [10.75, 8.86398, 14.375]},
			"faces": {
				"north": {"uv": [4, 0, 3.5, 16], "rotation": 180, "texture": "#6"},
				"east": {"uv": [4.5, 0, 4, 16], "rotation": 180, "texture": "#6"},
				"south": {"uv": [7.5, 0, 7, 16], "texture": "#6"},
				"west": {"uv": [4.5, 0, 4, 16], "rotation": 180, "texture": "#6"},
				"up": {"uv": [4.5, 0, 4, 16], "rotation": 180, "texture": "#6"},
				"down": {"uv": [0.5, 0, 0, 16], "texture": "#6"}
			}
		},
		{
			"name": "Cube",
			"from": [10.61149, 8.17143, -0.32371],
			"to": [10.88851, 9.55653, 29.97547],
			"rotation": {"angle": 22.5, "axis": "z", "origin": [10.75, 8.86398, 14.375]},
			"faces": {
				"north": {"uv": [12, 0, 11.5, 16], "rotation": 180, "texture": "#6"},
				"east": {"uv": [12, 0, 11.5, 16], "rotation": 180, "texture": "#6"},
				"south": {"uv": [15.5, 0, 15, 16], "texture": "#6"},
				"west": {"uv": [12, 0, 11.5, 16], "rotation": 180, "texture": "#6"},
				"up": {"uv": [12, 0, 11.5, 16], "rotation": 180, "texture": "#6"},
				"down": {"uv": [16, 0, 15.5, 16], "rotation": 180, "texture": "#6"}
			}
		},
		{
			"name": "Cube",
			"from": [10.61209, 8.17203, -0.32371],
			"to": [10.88791, 9.55593, 29.97547],
			"rotation": {"angle": 45, "axis": "z", "origin": [10.75, 8.86398, 14.375]},
			"faces": {
				"north": {"uv": [12, 0, 11.5, 16], "rotation": 180, "texture": "#6"},
				"east": {"uv": [15.5, 0, 15, 16], "texture": "#6"},
				"south": {"uv": [15.5, 0, 15, 16], "texture": "#6"},
				"west": {"uv": [15.5, 0, 15, 16], "texture": "#6"},
				"up": {"uv": [11.5, 0, 11, 16], "rotation": 180, "texture": "#6"},
				"down": {"uv": [15.5, 0, 15, 16], "texture": "#6"}
			}
		},
		{
			"name": "Cube",
			"from": [10.05797, 8.72599, -0.32371],
			"to": [11.44203, 9.00197, 29.97547],
			"rotation": {"angle": -22.5, "axis": "z", "origin": [10.75, 8.86398, 14.375]},
			"faces": {
				"north": {"uv": [11.5, 16, 12, 0], "rotation": 90, "texture": "#6"},
				"east": {"uv": [14.5, 16, 15, 0], "rotation": 90, "texture": "#6"},
				"south": {"uv": [15, 16, 15.5, 0], "rotation": 90, "texture": "#6"},
				"west": {"uv": [11, 0, 10.5, 16], "texture": "#6"},
				"up": {"uv": [14.5, 16, 15, 0], "rotation": 90, "texture": "#6"},
				"down": {"uv": [14.5, 16, 15, 0], "rotation": 90, "texture": "#6"}
			}
		},
		{
			"name": "Cube",
			"from": [10.05771, 8.72573, -0.32371],
			"to": [11.44229, 9.00223, 29.97547],
			"rotation": {"angle": 45, "axis": "z", "origin": [10.75, 8.86398, 14.375]},
			"faces": {
				"north": {"uv": [12, 0, 11.5, 16], "rotation": 180, "texture": "#6"},
				"east": {"uv": [13, 16, 13.5, 0], "rotation": 90, "texture": "#6"},
				"south": {"uv": [15.5, 0, 15, 16], "texture": "#6"},
				"west": {"uv": [9, 16, 9.5, 0], "rotation": 270, "texture": "#6"},
				"up": {"uv": [13, 16, 13.5, 0], "rotation": 90, "texture": "#6"},
				"down": {"uv": [13, 16, 13.5, 0], "rotation": 90, "texture": "#6"}
			}
		},
		{
			"name": "Cube",
			"from": [10.05779, 8.72581, -0.32371],
			"to": [11.44221, 9.00215, 29.97547],
			"rotation": {"angle": 22.5, "axis": "z", "origin": [10.75, 8.86398, 14.375]},
			"faces": {
				"north": {"uv": [12, 0, 11.5, 16], "rotation": 180, "texture": "#6"},
				"east": {"uv": [13.5, 16, 14, 0], "rotation": 90, "texture": "#6"},
				"south": {"uv": [15.5, 0, 15, 16], "texture": "#6"},
				"west": {"uv": [9.5, 16, 10, 0], "rotation": 270, "texture": "#6"},
				"up": {"uv": [13.5, 16, 14, 0], "rotation": 90, "texture": "#6"},
				"down": {"uv": [13.5, 16, 14, 0], "rotation": 90, "texture": "#6"}
			}
		},
		{
			"name": "Cube",
			"from": [10.05788, 8.7259, -0.32371],
			"to": [11.44212, 9.00206, 29.97547],
			"rotation": {"angle": 0, "axis": "y", "origin": [10.75, 8.86398, 14.375]},
			"faces": {
				"north": {"uv": [12, 0, 11.5, 16], "rotation": 180, "texture": "#6"},
				"east": {"uv": [14, 16, 14.5, 0], "rotation": 90, "texture": "#6"},
				"south": {"uv": [15.5, 0, 15, 16], "texture": "#6"},
				"west": {"uv": [10, 16, 10.5, 0], "rotation": 270, "texture": "#6"},
				"up": {"uv": [14, 16, 14.5, 0], "rotation": 90, "texture": "#6"},
				"down": {"uv": [14, 16, 14.5, 0], "rotation": 90, "texture": "#6"}
			}
		},
		{
			"name": "Cube",
			"from": [10.61166, 8.17159, -0.32371],
			"to": [10.88834, 9.55637, 29.97547],
			"rotation": {"angle": -22.5, "axis": "z", "origin": [10.75, 8.86398, 14.375]},
			"faces": {
				"north": {"uv": [11.5, 16, 12, 0], "rotation": 90, "texture": "#6"},
				"east": {"uv": [13, 0, 12.5, 16], "rotation": 180, "texture": "#6"},
				"south": {"uv": [15, 16, 15.5, 0], "rotation": 90, "texture": "#6"},
				"west": {"uv": [13, 0, 12.5, 16], "rotation": 180, "texture": "#6"},
				"up": {"uv": [13, 0, 12.5, 16], "rotation": 180, "texture": "#6"},
				"down": {"uv": [9, 0, 8.5, 16], "texture": "#6"}
			}
		},
		{
			"name": "Cube",
			"from": [10.61157, 8.17151, -0.32371],
			"to": [10.88843, 9.55645, 29.97547],
			"rotation": {"angle": 0, "axis": "y", "origin": [10.75, 8.86398, 14.375]},
			"faces": {
				"north": {"uv": [12, 0, 11.5, 16], "rotation": 180, "texture": "#6"},
				"east": {"uv": [12.5, 0, 12, 16], "rotation": 180, "texture": "#6"},
				"south": {"uv": [15.5, 0, 15, 16], "texture": "#6"},
				"west": {"uv": [12.5, 0, 12, 16], "rotation": 180, "texture": "#6"},
				"up": {"uv": [12.5, 0, 12, 16], "rotation": 180, "texture": "#6"},
				"down": {"uv": [8.5, 0, 8, 16], "texture": "#6"}
			}
		},
		{
			"name": "Cube",
			"from": [10.57685, 7.99829, -0.14336],
			"to": [10.92315, 9.72967, 29.43442],
			"rotation": {"angle": 22.5, "axis": "z", "origin": [10.75, 8.86398, 14.375]},
			"faces": {
				"north": {"uv": [4, 0, 3.5, 16], "rotation": 180, "texture": "#6"},
				"east": {"uv": [4, 0, 3.5, 16], "rotation": 180, "texture": "#6"},
				"south": {"uv": [7.5, 0, 7, 16], "texture": "#6"},
				"west": {"uv": [4, 0, 3.5, 16], "rotation": 180, "texture": "#6"},
				"up": {"uv": [4, 0, 3.5, 16], "rotation": 180, "texture": "#6"},
				"down": {"uv": [8, 0, 7.5, 16], "rotation": 180, "texture": "#6"}
			}
		},
		{
			"name": "Cube",
			"from": [10.57761, 7.99905, -0.14336],
			"to": [10.92238, 9.72891, 29.43442],
			"rotation": {"angle": 45, "axis": "z", "origin": [10.75, 8.86398, 14.375]},
			"faces": {
				"north": {"uv": [4, 0, 3.5, 16], "rotation": 180, "texture": "#6"},
				"east": {"uv": [7.5, 0, 7, 16], "texture": "#6"},
				"south": {"uv": [7.5, 0, 7, 16], "texture": "#6"},
				"west": {"uv": [7.5, 0, 7, 16], "texture": "#6"},
				"up": {"uv": [3.5, 0, 3, 16], "rotation": 180, "texture": "#6"},
				"down": {"uv": [7.5, 0, 7, 16], "texture": "#6"}
			}
		},
		{
			"name": "Cube",
			"from": [9.88496, 8.6915, -0.14336],
			"to": [11.61504, 9.03646, 29.43442],
			"rotation": {"angle": -22.5, "axis": "z", "origin": [10.75, 8.86398, 14.375]},
			"faces": {
				"north": {"uv": [3.5, 16, 4, 0], "rotation": 90, "texture": "#6"},
				"east": {"uv": [6.5, 16, 7, 0], "rotation": 90, "texture": "#6"},
				"south": {"uv": [7, 16, 7.5, 0], "rotation": 90, "texture": "#6"},
				"west": {"uv": [3, 0, 2.5, 16], "texture": "#6"},
				"up": {"uv": [6.5, 16, 7, 0], "rotation": 90, "texture": "#6"},
				"down": {"uv": [6.5, 16, 7, 0], "rotation": 90, "texture": "#6"}
			}
		},
		{
			"name": "Cube",
			"from": [9.88464, 8.69116, -0.14336],
			"to": [11.61536, 9.0368, 29.43442],
			"rotation": {"angle": 45, "axis": "z", "origin": [10.75, 8.86398, 14.375]},
			"faces": {
				"north": {"uv": [4, 0, 3.5, 16], "rotation": 180, "texture": "#6"},
				"east": {"uv": [5, 16, 5.5, 0], "rotation": 90, "texture": "#6"},
				"south": {"uv": [7.5, 0, 7, 16], "texture": "#6"},
				"west": {"uv": [1, 16, 1.5, 0], "rotation": 270, "texture": "#6"},
				"up": {"uv": [5, 16, 5.5, 0], "rotation": 90, "texture": "#6"},
				"down": {"uv": [5, 16, 5.5, 0], "rotation": 90, "texture": "#6"}
			}
		},
		{
			"name": "Cube",
			"from": [9.88474, 8.69127, -0.14336],
			"to": [11.61526, 9.03669, 29.43442],
			"rotation": {"angle": 22.5, "axis": "z", "origin": [10.75, 8.86398, 14.375]},
			"faces": {
				"north": {"uv": [4, 0, 3.5, 16], "rotation": 180, "texture": "#6"},
				"east": {"uv": [5.5, 16, 6, 0], "rotation": 90, "texture": "#6"},
				"south": {"uv": [7.5, 0, 7, 16], "texture": "#6"},
				"west": {"uv": [1.5, 16, 2, 0], "rotation": 270, "texture": "#6"},
				"up": {"uv": [5.5, 16, 6, 0], "rotation": 90, "texture": "#6"},
				"down": {"uv": [5.5, 16, 6, 0], "rotation": 90, "texture": "#6"}
			}
		},
		{
			"name": "Cube",
			"from": [9.88485, 8.69139, -0.14336],
			"to": [11.61515, 9.03657, 29.43442],
			"rotation": {"angle": 0, "axis": "y", "origin": [10.75, 8.86398, 14.375]},
			"faces": {
				"north": {"uv": [4, 0, 3.5, 16], "rotation": 180, "texture": "#6"},
				"east": {"uv": [6, 16, 6.5, 0], "rotation": 90, "texture": "#6"},
				"south": {"uv": [7.5, 0, 7, 16], "texture": "#6"},
				"west": {"uv": [2, 16, 2.5, 0], "rotation": 270, "texture": "#6"},
				"up": {"uv": [6, 16, 6.5, 0], "rotation": 90, "texture": "#6"},
				"down": {"uv": [6, 16, 6.5, 0], "rotation": 90, "texture": "#6"}
			}
		},
		{
			"name": "Cube",
			"from": [10.57708, 7.99851, -0.14336],
			"to": [10.92292, 9.72945, 29.43442],
			"rotation": {"angle": -22.5, "axis": "z", "origin": [10.75, 8.86398, 14.375]},
			"faces": {
				"north": {"uv": [3.5, 16, 4, 0], "rotation": 90, "texture": "#6"},
				"east": {"uv": [5, 0, 4.5, 16], "rotation": 180, "texture": "#6"},
				"south": {"uv": [7, 16, 7.5, 0], "rotation": 90, "texture": "#6"},
				"west": {"uv": [5, 0, 4.5, 16], "rotation": 180, "texture": "#6"},
				"up": {"uv": [5, 0, 4.5, 16], "rotation": 180, "texture": "#6"},
				"down": {"uv": [1, 0, 0.5, 16], "texture": "#6"}
			}
		},
		{
			"name": "Cube",
			"from": [10.57697, 7.99839, -0.14336],
			"to": [10.92303, 9.72957, 29.43442],
			"rotation": {"angle": 0, "axis": "y", "origin": [10.75, 8.86398, 14.375]},
			"faces": {
				"north": {"uv": [4, 0, 3.5, 16], "rotation": 180, "texture": "#6"},
				"east": {"uv": [4.5, 0, 4, 16], "rotation": 180, "texture": "#6"},
				"south": {"uv": [7.5, 0, 7, 16], "texture": "#6"},
				"west": {"uv": [4.5, 0, 4, 16], "rotation": 180, "texture": "#6"},
				"up": {"uv": [4.5, 0, 4, 16], "rotation": 180, "texture": "#6"},
				"down": {"uv": [0.5, 0, 0, 16], "texture": "#6"}
			}
		}
	],
	"display": {
		"thirdperson_righthand": {
			"translation": [0, -3.75, 1.25],
			"scale": [0.8, 0.8, 0.8]
		},
		"thirdperson_lefthand": {
			"translation": [0, -3.75, 1.25],
			"scale": [0.8, 0.8, 0.8]
		},
		"firstperson_righthand": {
			"translation": [1.75, -1, 3.25],
			"scale": [0.88, 1.04, 0.61]
		},
		"firstperson_lefthand": {
			"translation": [1.75, -1, 3.25],
			"scale": [0.88, 1.04, 0.61]
		},
		"ground": {
			"rotation": [-90, 90, 0],
			"translation": [-3, 0, 2],
			"scale": [0.88, 0.88, 0.88]
		},
		"gui": {
			"rotation": [85.39, 49.42, -86.49],
			"translation": [-3, 0.75, 0],
			"scale": [0.63, 0.63, 0.63]
		},
		"head": {
			"rotation": [-83.55, -0.33, 1.21],
			"translation": [7.5, -30.5, 2.5],
			"scale": [1.11, 1.11, 1.11]
		},
		"fixed": {
			"rotation": [90, 44.5, -90],
			"translation": [-8, 0, 0],
			"scale": [1.99, 1.99, 1.99]
		}
	},
	"groups": [
		{
			"name": "gun",
			"origin": [7.75, 4.63857, 20.69654],
			"color": 0,
			"children": [
				0,
				{
					"name": "group",
					"origin": [7.75, 4.63857, 20.69654],
					"color": 0,
					"children": [1, 2, 3, 4, 5, 6, 7]
				},
				8,
				9,
				{
					"name": "group",
					"origin": [5.875, 19.5, 9],
					"color": 0,
					"children": [10, 11, 12, 13, 14, 15, 16, 17, 18, 19, 20]
				},
				{
					"name": "group",
					"origin": [8.33963, 22.92989, -3.5],
					"color": 0,
					"children": [21, 22, 23, 24]
				},
				{
					"name": "group",
					"origin": [8.33963, 22.92989, -3.5],
					"color": 0,
					"children": [25, 26, 27, 28]
				},
				{
					"name": "group",
					"origin": [6.06, -6, 11.9175],
					"color": 0,
					"children": [29, 30, 31, 32, 33, 34, 35, 36, 37, 38, 39, 40, 41, 42, 43, 44, 45]
				},
				{
					"name": "group",
					"origin": [8, 10.06054, 13.81718],
					"color": 0,
					"children": [46, 47, 48, 49, 50, 51, 52, 53]
				},
				{
					"name": "hexadecagon",
					"origin": [8, 8, 8],
					"color": 0,
					"children": [54, 55, 56, 57, 58, 59, 60, 61]
				},
				{
					"name": "hexadecagon",
					"origin": [8, 8, 8],
					"color": 0,
					"children": [62, 63, 64, 65, 66, 67, 68, 69]
				},
				{
					"name": "hexadecagon",
					"origin": [8, 8, 8],
					"color": 0,
					"children": [70, 71, 72, 73, 74, 75, 76, 77]
				},
				{
					"name": "hexadecagon",
					"origin": [8, 8, 8],
					"color": 0,
					"children": [78, 79, 80, 81, 82, 83, 84, 85]
				},
				{
					"name": "group",
					"origin": [8, 8, 8],
					"color": 0,
					"children": [86, 87, 88, 89]
				},
				{
					"name": "octagon",
					"origin": [8, 8, 8],
					"color": 0,
					"children": [90, 91, 92, 93]
				},
				{
					"name": "tank",
					"origin": [4, 17.09541, -15.83593],
					"color": 0,
					"children": [94, 95, 96, 97, 98, 99, 100, 101]
				}
			]
		},
		{
			"name": "spear",
			"origin": [8, 8, 8],
			"color": 0,
			"children": [
				102,
				103,
				104,
				105,
				106,
				107,
				108,
				109,
				{
					"name": "tank",
					"origin": [8, 8, 1],
					"color": 0,
					"children": [110, 111, 112, 113, 114, 115, 116, 117]
				},
				{
					"name": "tank",
					"origin": [8, 8, 1],
					"color": 0,
					"children": [118, 119, 120, 121, 122, 123, 124, 125]
				},
				{
					"name": "tank_inside",
					"origin": [8, 8, 1],
					"color": 0,
					"children": [126, 127, 128, 129, 130, 131, 132, 133]
				},
				{
					"name": "tank",
					"origin": [8, 8, 1],
					"color": 0,
					"children": [134, 135, 136, 137, 138, 139, 140, 141]
				}
			]
		}
	]
}