{
	"credit": "Made with Blockbench",
	"textures": {
		"0": "custom/odmgear/dark_metal",
		"particle": "custom/odmgear/dark_metal"
	},
	"elements": [
		{
			"from": [5.9, 0, 5.4],
			"to": [10.1, 1, 11.6],
			"rotation": {"angle": 0, "axis": "y", "origin": [6, 0, 9]},
			"faces": {
				"north": {"uv": [11, 0, 13, 16], "rotation": 90, "texture": "#0"},
				"east": {"uv": [11, 0, 13, 16], "rotation": 90, "texture": "#0"},
				"south": {"uv": [11, 0, 13, 16], "rotation": 90, "texture": "#0"},
				"west": {"uv": [11, 0, 13, 16], "rotation": 90, "texture": "#0"},
				"up": {"uv": [3.5, 0, 7.7, 16], "texture": "#0"},
				"down": {"uv": [0, 0, 4.2, 16], "texture": "#0"}
			}
		},
		{
			"from": [5.9, 20, 5.9],
			"to": [10.1, 20.5, 11.35],
			"rotation": {"angle": 0, "axis": "y", "origin": [6, 20, 9]},
			"faces": {
				"north": {"uv": [11, 0, 13, 16], "rotation": 90, "texture": "#0"},
				"east": {"uv": [11, 0, 13, 16], "rotation": 90, "texture": "#0"},
				"south": {"uv": [11, 0, 13, 16], "rotation": 90, "texture": "#0"},
				"west": {"uv": [11, 0, 13, 16], "rotation": 90, "texture": "#0"},
				"up": {"uv": [3.5, 0, 7.7, 16], "texture": "#0"},
				"down": {"uv": [0, 0, 4.2, 16], "texture": "#0"}
			}
		},
		{
			"from": [6.06, 1, 6.5225],
			"to": [9.94, 20, 10.9175],
			"rotation": {"angle": 0, "axis": "y", "origin": [6.06, 0, 9.9175]},
			"faces": {
				"north": {"uv": [0, 0, 4, 14], "texture": "#0"},
				"east": {"uv": [0, 0, 3.5, 14], "texture": "#0"},
				"south": {"uv": [0, 0, 4, 14], "texture": "#0"},
				"west": {"uv": [6, 0, 9.5, 16], "texture": "#0"},
				"up": {"uv": [0, 0, 4, 3.5], "texture": "#0"},
				"down": {"uv": [0, 0, 4, 3.5], "texture": "#0"}
			}
		},
		{
			"from": [6.545, 1, 6.0375],
			"to": [9.455, 20, 6.5225],
			"rotation": {"angle": 0, "axis": "y", "origin": [6.06, 0, 9.9175]},
			"faces": {
				"north": {"uv": [3, 0, 5.5, 16], "texture": "#0"},
				"east": {"uv": [0, 0, 0.5, 14], "texture": "#missing"},
				"south": {"uv": [0, 0, 3, 14], "texture": "#missing"},
				"west": {"uv": [0, 0, 0.5, 14], "texture": "#missing"},
				"up": {"uv": [0, 0, 3, 0.5], "texture": "#missing"},
				"down": {"uv": [0, 0, 3, 0.5], "texture": "#missing"}
			}
		},
		{
			"from": [6.46363, 1, 6.99531],
			"to": [7.14263, 20, 7.48031],
			"rotation": {"angle": 45, "axis": "y", "origin": [5.68763, 8, 7.23781]},
			"faces": {
				"north": {"uv": [11, 0, 11.5, 16], "texture": "#0"},
				"east": {"uv": [0, 0, 0.5, 14], "texture": "#missing"},
				"south": {"uv": [0, 0, 0.7, 14], "texture": "#missing"},
				"west": {"uv": [0, 0, 0.5, 14], "texture": "#missing"},
				"up": {"uv": [0, 0, 0.7, 0.5], "texture": "#missing"},
				"down": {"uv": [0, 0, 0.7, 0.5], "texture": "#missing"}
			}
		},
		{
			"from": [8.85737, 1, 6.99531],
			"to": [9.53637, 20, 7.48031],
			"rotation": {"angle": -45, "axis": "y", "origin": [10.31237, 8, 7.23781]},
			"faces": {
				"north": {"uv": [11, 0, 11.5, 16], "texture": "#0"},
				"east": {"uv": [0.5, 0, 0, 14], "texture": "#missing"},
				"south": {"uv": [0.7, 0, 0, 14], "texture": "#missing"},
				"west": {"uv": [0.5, 0, 0, 14], "texture": "#missing"},
				"up": {"uv": [0.7, 0, 0, 0.5], "texture": "#missing"},
				"down": {"uv": [0.7, 0, 0, 0.5], "texture": "#missing"}
			}
		}
	],
	"display": {
		"thirdperson_righthand": {
			"translation": [0, -2.5, -1],
			"scale": [0.29, 0.29, 0.29]
		},
		"thirdperson_lefthand": {
			"translation": [0, -2.5, -1],
			"scale": [0.29, 0.29, 0.29]
		},
		"firstperson_righthand": {
			"rotation": [174.99, 6.9, 172.56],
			"translation": [3.75, 1.25, -0.5],
			"scale": [0.37, 0.37, 0.38]
		},
		"firstperson_lefthand": {
			"rotation": [174.99, 6.9, 172.56],
			"translation": [3.75, 1.25, -0.5],
			"scale": [0.37, 0.37, 0.38]
		},
		"ground": {
			"rotation": [90, 90, 0],
			"translation": [-0.25, 0, -0.75],
			"scale": [0.34, 0.34, 0.34]
		},
		"gui": {
			"rotation": [-143.78, 53.23, 152.89],
			"translation": [0.25, -1.25, 0],
			"scale": [0.64, 0.64, 0.64]
		},
		"head": {
			"rotation": [-83.55, -0.33, 1.21],
			"translation": [7, -29.5, 0.5],
			"scale": [0.43, 0.43, 0.43]
		},
		"fixed": {
			"translation": [0, -1.5, 0],
			"scale": [0.76, 0.76, 0.76]
		}
	},
	"groups": [
		0,
		1,
		{
			"name": "group",
			"origin": [8, 8, 8],
			"color": 0,
			"children": [2, 3, 4, 5]
		}
	]
}