{
	"credit": "Made with Blockbench",
	"textures": {
		"0": "custom/odmgear/3dmg_gas_tank",
		"1": "custom/odmgear/3dmg_main",
		"2": "custom/odmgear/copper_metal",
		"3": "custom/odmgear/ring",
		"particle": "custom/odmgear/3dmg_gas_tank"
	},
	"elements": [
		{
			"from": [7.4632, 6.53601, 6.536],
			"to": [7.4632, 9.46401, 9.464],
			"rotation": {"angle": 0, "axis": "y", "origin": [12.3432, 3.36401, 9.342]},
			"faces": {
				"east": {"uv": [16, 0, 0, 16], "texture": "#3"},
				"west": {"uv": [16, 0, 0, 16], "texture": "#3"}
			}
		},
		{
			"name": "Cube",
			"from": [7.53796, 6.54957, 7.95418],
			"to": [8.60844, 9.45045, 8.04583],
			"rotation": {"angle": 0, "axis": "y", "origin": [5.48582, 8.00001, 8]},
			"faces": {
				"north": {"uv": [2.33929, 2.25, 2.10714, 5.75], "rotation": 180, "texture": "#1"},
				"east": {"uv": [3.26786, 5.75, 3.5, 2.25], "rotation": 90, "texture": "#1"},
				"south": {"uv": [2.33929, 2.25, 2.10714, 5.75], "rotation": 180, "texture": "#1"},
				"west": {"uv": [1.64286, 5.75, 1.875, 2.25], "rotation": 90, "texture": "#1"},
				"up": {"uv": [2.10714, 5.75, 2.33929, 2.25], "rotation": 270, "texture": "#1"},
				"down": {"uv": [0.25, 5.75, 0.48214, 2.25], "rotation": 270, "texture": "#1"}
			}
		},
		{
			"name": "Cube",
			"from": [7.53796, 7.95418, 6.54956],
			"to": [8.60844, 8.04583, 9.45045],
			"rotation": {"angle": 45, "axis": "x", "origin": [8.0732, 8.00001, 8]},
			"faces": {
				"north": {"uv": [2.10714, 5.75, 2.33929, 2.25], "rotation": 90, "texture": "#1"},
				"east": {"uv": [3.5, 2.25, 3.26786, 5.75], "texture": "#1"},
				"south": {"uv": [0.25, 5.75, 0.48214, 2.25], "rotation": 270, "texture": "#1"},
				"west": {"uv": [1.875, 2.25, 1.64286, 5.75], "rotation": 180, "texture": "#1"},
				"up": {"uv": [2.33929, 2.25, 2.10714, 5.75], "rotation": 180, "texture": "#1"},
				"down": {"uv": [2.33929, 2.25, 2.10714, 5.75], "texture": "#1"}
			}
		},
		{
			"name": "Cube",
			"from": [7.53796, 7.95418, 6.54956],
			"to": [8.60844, 8.04583, 9.45045],
			"rotation": {"angle": 0, "axis": "y", "origin": [8.0732, 8.00001, 8]},
			"faces": {
				"north": {"uv": [2.10714, 5.75, 2.33929, 2.25], "rotation": 90, "texture": "#1"},
				"east": {"uv": [3.5, 2.25, 3.26786, 5.75], "texture": "#1"},
				"south": {"uv": [0.25, 5.75, 0.48214, 2.25], "rotation": 270, "texture": "#1"},
				"west": {"uv": [1.875, 2.25, 1.64286, 5.75], "rotation": 180, "texture": "#1"},
				"up": {"uv": [2.33929, 2.25, 2.10714, 5.75], "rotation": 180, "texture": "#1"},
				"down": {"uv": [2.33929, 2.25, 2.10714, 5.75], "texture": "#1"}
			}
		},
		{
			"name": "Cube",
			"from": [7.53796, 7.95418, 6.54956],
			"to": [8.60844, 8.04583, 9.45045],
			"rotation": {"angle": -45, "axis": "x", "origin": [8.0732, 8.00001, 8]},
			"faces": {
				"north": {"uv": [2.10714, 5.75, 2.33929, 2.25], "rotation": 90, "texture": "#1"},
				"east": {"uv": [3.5, 2.25, 3.26786, 5.75], "texture": "#1"},
				"south": {"uv": [0.25, 5.75, 0.48214, 2.25], "rotation": 270, "texture": "#1"},
				"west": {"uv": [1.875, 2.25, 1.64286, 5.75], "rotation": 180, "texture": "#1"},
				"up": {"uv": [2.33929, 2.25, 2.10714, 5.75], "rotation": 180, "texture": "#1"},
				"down": {"uv": [2.33929, 2.25, 2.10714, 5.75], "texture": "#1"}
			}
		},
		{
			"name": "Cube",
			"from": [7.49638, 6.53836, 7.70767],
			"to": [7.64376, 9.46166, 8.29233],
			"rotation": {"angle": 45, "axis": "x", "origin": [7.146, 8.00001, 8]},
			"faces": {
				"north": {"uv": [3.87097, 0, 3.6129, 8], "rotation": 180, "texture": "#0"},
				"east": {"uv": [7.48387, 0, 7.22581, 8], "texture": "#0"},
				"south": {"uv": [3.87097, 0, 3.6129, 8], "rotation": 180, "texture": "#0"},
				"west": {"uv": [3.87097, 0, 3.6129, 8], "rotation": 180, "texture": "#0"},
				"up": {"uv": [3.6129, 8, 3.87097, 0], "rotation": 270, "texture": "#0"},
				"down": {"uv": [7.74194, 8, 8, 0], "rotation": 90, "texture": "#0"}
			}
		},
		{
			"name": "Cube",
			"from": [7.50732, 7.70896, 6.53963],
			"to": [7.64034, 8.29106, 9.46038],
			"rotation": {"angle": -22.5, "axis": "x", "origin": [7.146, 8.00001, 8]},
			"faces": {
				"north": {"uv": [7.22581, 8, 7.48387, 0], "rotation": 90, "texture": "#0"},
				"east": {"uv": [7.22581, 8, 7.48387, 0], "rotation": 90, "texture": "#0"},
				"south": {"uv": [3.09677, 8, 3.35484, 0], "rotation": 270, "texture": "#0"},
				"west": {"uv": [3.6129, 8, 3.87097, 0], "rotation": 90, "texture": "#0"},
				"up": {"uv": [7.48387, 0, 7.22581, 8], "rotation": 180, "texture": "#0"},
				"down": {"uv": [7.48387, 0, 7.22581, 8], "texture": "#0"}
			}
		},
		{
			"name": "Cube",
			"from": [7.50576, 7.70877, 6.53945],
			"to": [7.64083, 8.29124, 9.46056],
			"rotation": {"angle": 0, "axis": "y", "origin": [7.146, 8.00001, 8]},
			"faces": {
				"north": {"uv": [6.70968, 8, 6.96774, 0], "rotation": 90, "texture": "#0"},
				"east": {"uv": [7.22581, 8, 7.48387, 0], "rotation": 90, "texture": "#0"},
				"south": {"uv": [2.83871, 0, 2.58065, 8], "texture": "#0"},
				"west": {"uv": [3.6129, 8, 3.87097, 0], "rotation": 90, "texture": "#0"},
				"up": {"uv": [6.96774, 0, 6.70968, 8], "rotation": 180, "texture": "#0"},
				"down": {"uv": [6.96774, 0, 6.70968, 8], "texture": "#0"}
			}
		},
		{
			"name": "Cube",
			"from": [7.50107, 6.5389, 7.70822],
			"to": [7.6423, 9.46111, 8.29179],
			"rotation": {"angle": -22.5, "axis": "x", "origin": [7.146, 8.00001, 8]},
			"faces": {
				"north": {"uv": [5.41935, 0, 5.16129, 8], "rotation": 180, "texture": "#0"},
				"east": {"uv": [7.22581, 8, 7.48387, 0], "rotation": 90, "texture": "#0"},
				"south": {"uv": [5.41935, 0, 5.16129, 8], "rotation": 180, "texture": "#0"},
				"west": {"uv": [3.6129, 8, 3.87097, 0], "rotation": 90, "texture": "#0"},
				"up": {"uv": [5.16129, 8, 5.41935, 0], "rotation": 270, "texture": "#0"},
				"down": {"uv": [1.03226, 8, 1.29032, 0], "rotation": 270, "texture": "#0"}
			}
		},
		{
			"name": "Cube",
			"from": [7.50263, 7.70841, 6.53908],
			"to": [7.64181, 8.29161, 9.46092],
			"rotation": {"angle": 45, "axis": "x", "origin": [7.146, 8.00001, 8]},
			"faces": {
				"north": {"uv": [5.67742, 8, 5.93548, 0], "rotation": 90, "texture": "#0"},
				"east": {"uv": [7.48387, 0, 7.22581, 8], "texture": "#0"},
				"south": {"uv": [1.54839, 8, 1.80645, 0], "rotation": 270, "texture": "#0"},
				"west": {"uv": [3.87097, 0, 3.6129, 8], "rotation": 180, "texture": "#0"},
				"up": {"uv": [5.93548, 0, 5.67742, 8], "rotation": 180, "texture": "#0"},
				"down": {"uv": [5.93548, 0, 5.67742, 8], "texture": "#0"}
			}
		},
		{
			"name": "Cube",
			"from": [7.5042, 7.70859, 6.53927],
			"to": [7.64132, 8.29142, 9.46074],
			"rotation": {"angle": 22.5, "axis": "x", "origin": [7.146, 8.00001, 8]},
			"faces": {
				"north": {"uv": [6.19355, 8, 6.45161, 0], "rotation": 90, "texture": "#0"},
				"east": {"uv": [7.48387, 0, 7.22581, 8], "texture": "#0"},
				"south": {"uv": [2.06452, 8, 2.32258, 0], "rotation": 270, "texture": "#0"},
				"west": {"uv": [3.87097, 0, 3.6129, 8], "rotation": 180, "texture": "#0"},
				"up": {"uv": [6.45161, 0, 6.19355, 8], "rotation": 180, "texture": "#0"},
				"down": {"uv": [6.45161, 0, 6.19355, 8], "texture": "#0"}
			}
		},
		{
			"name": "Cube",
			"from": [7.49951, 6.53872, 7.70804],
			"to": [7.64278, 9.46129, 8.29197],
			"rotation": {"angle": 0, "axis": "y", "origin": [7.146, 8.00001, 8]},
			"faces": {
				"north": {"uv": [4.90323, 0, 4.64516, 8], "rotation": 180, "texture": "#0"},
				"east": {"uv": [7.22581, 8, 7.48387, 0], "rotation": 90, "texture": "#0"},
				"south": {"uv": [4.90323, 0, 4.64516, 8], "rotation": 180, "texture": "#0"},
				"west": {"uv": [3.6129, 8, 3.87097, 0], "rotation": 90, "texture": "#0"},
				"up": {"uv": [4.64516, 8, 4.90323, 0], "rotation": 270, "texture": "#0"},
				"down": {"uv": [0.51613, 8, 0.77419, 0], "rotation": 270, "texture": "#0"}
			}
		},
		{
			"name": "Cube",
			"from": [7.49795, 6.53854, 7.70786],
			"to": [7.64327, 9.46148, 8.29215],
			"rotation": {"angle": 22.5, "axis": "x", "origin": [7.146, 8.00001, 8]},
			"faces": {
				"north": {"uv": [4.3871, 0, 4.12903, 8], "rotation": 180, "texture": "#0"},
				"east": {"uv": [7.48387, 0, 7.22581, 8], "texture": "#0"},
				"south": {"uv": [4.3871, 0, 4.12903, 8], "rotation": 180, "texture": "#0"},
				"west": {"uv": [3.87097, 0, 3.6129, 8], "rotation": 180, "texture": "#0"},
				"up": {"uv": [4.12903, 8, 4.3871, 0], "rotation": 270, "texture": "#0"},
				"down": {"uv": [0, 8, 0.25806, 0], "rotation": 270, "texture": "#0"}
			}
		},
		{
			"name": "Cube",
			"from": [8.46311, 6.53836, 7.70767],
			"to": [8.61049, 9.46166, 8.29233],
			"rotation": {"angle": 45, "axis": "x", "origin": [8.0732, 8.00001, 8]},
			"faces": {
				"north": {"uv": [3.87097, 0, 3.6129, 8], "rotation": 180, "texture": "#0"},
				"east": {"uv": [7.48387, 0, 7.22581, 8], "texture": "#0"},
				"south": {"uv": [3.87097, 0, 3.6129, 8], "rotation": 180, "texture": "#0"},
				"west": {"uv": [3.87097, 0, 3.6129, 8], "rotation": 180, "texture": "#0"},
				"up": {"uv": [3.6129, 8, 3.87097, 0], "rotation": 270, "texture": "#0"},
				"down": {"uv": [7.74194, 8, 8, 0], "rotation": 90, "texture": "#0"}
			}
		},
		{
			"name": "Cube",
			"from": [8.47029, 7.70896, 6.53963],
			"to": [8.60331, 8.29106, 9.46038],
			"rotation": {"angle": -22.5, "axis": "x", "origin": [8.0732, 8.00001, 8]},
			"faces": {
				"north": {"uv": [7.22581, 8, 7.48387, 0], "rotation": 90, "texture": "#0"},
				"east": {"uv": [7.22581, 8, 7.48387, 0], "rotation": 90, "texture": "#0"},
				"south": {"uv": [3.09677, 8, 3.35484, 0], "rotation": 270, "texture": "#0"},
				"west": {"uv": [3.6129, 8, 3.87097, 0], "rotation": 90, "texture": "#0"},
				"up": {"uv": [7.48387, 0, 7.22581, 8], "rotation": 180, "texture": "#0"},
				"down": {"uv": [7.48387, 0, 7.22581, 8], "texture": "#0"}
			}
		},
		{
			"name": "Cube",
			"from": [8.46926, 7.70877, 6.53945],
			"to": [8.60434, 8.29124, 9.46056],
			"rotation": {"angle": 0, "axis": "y", "origin": [8.0732, 8.00001, 8]},
			"faces": {
				"north": {"uv": [6.70968, 8, 6.96774, 0], "rotation": 90, "texture": "#0"},
				"east": {"uv": [7.22581, 8, 7.48387, 0], "rotation": 90, "texture": "#0"},
				"south": {"uv": [2.83871, 0, 2.58065, 8], "texture": "#0"},
				"west": {"uv": [3.6129, 8, 3.87097, 0], "rotation": 90, "texture": "#0"},
				"up": {"uv": [6.96774, 0, 6.70968, 8], "rotation": 180, "texture": "#0"},
				"down": {"uv": [6.96774, 0, 6.70968, 8], "texture": "#0"}
			}
		},
		{
			"name": "Cube",
			"from": [8.46619, 6.5389, 7.70822],
			"to": [8.60741, 9.46111, 8.29179],
			"rotation": {"angle": -22.5, "axis": "x", "origin": [8.0732, 8.00001, 8]},
			"faces": {
				"north": {"uv": [5.41935, 0, 5.16129, 8], "rotation": 180, "texture": "#0"},
				"east": {"uv": [7.22581, 8, 7.48387, 0], "rotation": 90, "texture": "#0"},
				"south": {"uv": [5.41935, 0, 5.16129, 8], "rotation": 180, "texture": "#0"},
				"west": {"uv": [3.6129, 8, 3.87097, 0], "rotation": 90, "texture": "#0"},
				"up": {"uv": [5.16129, 8, 5.41935, 0], "rotation": 270, "texture": "#0"},
				"down": {"uv": [1.03226, 8, 1.29032, 0], "rotation": 270, "texture": "#0"}
			}
		},
		{
			"name": "Cube",
			"from": [8.46721, 7.70841, 6.53908],
			"to": [8.60639, 8.29161, 9.46092],
			"rotation": {"angle": 45, "axis": "x", "origin": [8.0732, 8.00001, 8]},
			"faces": {
				"north": {"uv": [5.67742, 8, 5.93548, 0], "rotation": 90, "texture": "#0"},
				"east": {"uv": [7.48387, 0, 7.22581, 8], "texture": "#0"},
				"south": {"uv": [1.54839, 8, 1.80645, 0], "rotation": 270, "texture": "#0"},
				"west": {"uv": [3.87097, 0, 3.6129, 8], "rotation": 180, "texture": "#0"},
				"up": {"uv": [5.93548, 0, 5.67742, 8], "rotation": 180, "texture": "#0"},
				"down": {"uv": [5.93548, 0, 5.67742, 8], "texture": "#0"}
			}
		},
		{
			"name": "Cube",
			"from": [8.46824, 7.70859, 6.53927],
			"to": [8.60536, 8.29142, 9.46074],
			"rotation": {"angle": 22.5, "axis": "x", "origin": [8.0732, 8.00001, 8]},
			"faces": {
				"north": {"uv": [6.19355, 8, 6.45161, 0], "rotation": 90, "texture": "#0"},
				"east": {"uv": [7.48387, 0, 7.22581, 8], "texture": "#0"},
				"south": {"uv": [2.06452, 8, 2.32258, 0], "rotation": 270, "texture": "#0"},
				"west": {"uv": [3.87097, 0, 3.6129, 8], "rotation": 180, "texture": "#0"},
				"up": {"uv": [6.45161, 0, 6.19355, 8], "rotation": 180, "texture": "#0"},
				"down": {"uv": [6.45161, 0, 6.19355, 8], "texture": "#0"}
			}
		},
		{
			"name": "Cube",
			"from": [8.46516, 6.53872, 7.70804],
			"to": [8.60844, 9.46129, 8.29197],
			"rotation": {"angle": 0, "axis": "y", "origin": [8.0732, 8.00001, 8]},
			"faces": {
				"north": {"uv": [4.90323, 0, 4.64516, 8], "rotation": 180, "texture": "#0"},
				"east": {"uv": [7.22581, 8, 7.48387, 0], "rotation": 90, "texture": "#0"},
				"south": {"uv": [4.90323, 0, 4.64516, 8], "rotation": 180, "texture": "#0"},
				"west": {"uv": [3.6129, 8, 3.87097, 0], "rotation": 90, "texture": "#0"},
				"up": {"uv": [4.64516, 8, 4.90323, 0], "rotation": 270, "texture": "#0"},
				"down": {"uv": [0.51613, 8, 0.77419, 0], "rotation": 270, "texture": "#0"}
			}
		},
		{
			"name": "Cube",
			"from": [8.46414, 6.53854, 7.70786],
			"to": [8.60946, 9.46148, 8.29215],
			"rotation": {"angle": 22.5, "axis": "x", "origin": [8.0732, 8.00001, 8]},
			"faces": {
				"north": {"uv": [4.3871, 0, 4.12903, 8], "rotation": 180, "texture": "#0"},
				"east": {"uv": [7.48387, 0, 7.22581, 8], "texture": "#0"},
				"south": {"uv": [4.3871, 0, 4.12903, 8], "rotation": 180, "texture": "#0"},
				"west": {"uv": [3.87097, 0, 3.6129, 8], "rotation": 180, "texture": "#0"},
				"up": {"uv": [4.12903, 8, 4.3871, 0], "rotation": 270, "texture": "#0"},
				"down": {"uv": [0, 8, 0.25806, 0], "rotation": 270, "texture": "#0"}
			}
		},
		{
			"name": "Cube",
			"from": [7.48711, 6.67123, 7.73425],
			"to": [8.56169, 9.32878, 8.26576],
			"rotation": {"angle": 45, "axis": "x", "origin": [5.48582, 8.00001, 8]},
			"faces": {
				"north": {"uv": [8, 0, 7, 16], "rotation": 180, "texture": "#2"},
				"east": {"uv": [15, 0, 14, 16], "texture": "#2"},
				"south": {"uv": [8, 0, 7, 16], "rotation": 180, "texture": "#2"},
				"west": {"uv": [8, 0, 7, 16], "rotation": 180, "texture": "#2"},
				"up": {"uv": [7, 16, 8, 0], "rotation": 270, "texture": "#2"},
				"down": {"uv": [15, 16, 16, 0], "rotation": 90, "texture": "#2"}
			}
		},
		{
			"name": "Cube",
			"from": [7.46369, 6.72003, 7.73425],
			"to": [8.56169, 9.27998, 7.94856],
			"rotation": {"angle": 45, "axis": "x", "origin": [5.48582, 8.00001, 8]},
			"faces": {
				"north": {"uv": [8, 0, 7, 16], "rotation": 180, "texture": "#0"},
				"east": {"uv": [15, 0, 14, 16], "texture": "#0"},
				"south": {"uv": [8, 0, 7, 16], "rotation": 180, "texture": "#0"},
				"west": {"uv": [5.25, 0, 2.25, 16], "rotation": 180, "texture": "#0"},
				"up": {"uv": [7, 16, 8, 0], "rotation": 270, "texture": "#0"},
				"down": {"uv": [15, 16, 16, 0], "rotation": 90, "texture": "#0"}
			}
		},
		{
			"name": "Cube",
			"from": [7.46369, 6.72003, 8.05145],
			"to": [8.56169, 9.27998, 8.26576],
			"rotation": {"angle": 45, "axis": "x", "origin": [5.48582, 8.00001, 8]},
			"faces": {
				"north": {"uv": [8, 0, 7, 16], "rotation": 180, "texture": "#0"},
				"east": {"uv": [15, 0, 14, 16], "texture": "#0"},
				"south": {"uv": [8, 0, 7, 16], "rotation": 180, "texture": "#0"},
				"west": {"uv": [5.25, 0, 2.25, 16], "rotation": 180, "texture": "#0"},
				"up": {"uv": [7, 16, 8, 0], "rotation": 270, "texture": "#0"},
				"down": {"uv": [15, 16, 16, 0], "rotation": 90, "texture": "#0"}
			}
		},
		{
			"name": "Cube",
			"from": [7.49429, 7.73542, 6.67239],
			"to": [8.55451, 8.2646, 9.32761],
			"rotation": {"angle": -22.5, "axis": "x", "origin": [5.48582, 8.00001, 8]},
			"faces": {
				"north": {"uv": [14, 16, 15, 0], "rotation": 90, "texture": "#2"},
				"east": {"uv": [14, 16, 15, 0], "rotation": 90, "texture": "#2"},
				"south": {"uv": [6, 16, 7, 0], "rotation": 270, "texture": "#2"},
				"west": {"uv": [7, 16, 8, 0], "rotation": 90, "texture": "#2"},
				"up": {"uv": [15, 0, 14, 16], "rotation": 180, "texture": "#2"},
				"down": {"uv": [15, 0, 14, 16], "texture": "#2"}
			}
		},
		{
			"name": "Cube",
			"from": [7.49326, 7.73525, 6.67223],
			"to": [8.55554, 8.26477, 9.32778],
			"rotation": {"angle": 0, "axis": "y", "origin": [5.48582, 8.00001, 8]},
			"faces": {
				"north": {"uv": [13, 16, 14, 0], "rotation": 90, "texture": "#2"},
				"east": {"uv": [14, 16, 15, 0], "rotation": 90, "texture": "#2"},
				"south": {"uv": [6, 0, 5, 16], "texture": "#2"},
				"west": {"uv": [7, 16, 8, 0], "rotation": 90, "texture": "#2"},
				"up": {"uv": [14, 0, 13, 16], "rotation": 180, "texture": "#2"},
				"down": {"uv": [14, 0, 13, 16], "texture": "#2"}
			}
		},
		{
			"name": "Cube",
			"from": [7.49019, 6.67173, 7.73475],
			"to": [8.55861, 9.32828, 8.26526],
			"rotation": {"angle": -22.5, "axis": "x", "origin": [5.48582, 8.00001, 8]},
			"faces": {
				"north": {"uv": [11, 0, 10, 16], "rotation": 180, "texture": "#2"},
				"east": {"uv": [14, 16, 15, 0], "rotation": 90, "texture": "#2"},
				"south": {"uv": [11, 0, 10, 16], "rotation": 180, "texture": "#2"},
				"west": {"uv": [7, 16, 8, 0], "rotation": 90, "texture": "#2"},
				"up": {"uv": [10, 16, 11, 0], "rotation": 270, "texture": "#2"},
				"down": {"uv": [2, 16, 3, 0], "rotation": 270, "texture": "#2"}
			}
		},
		{
			"name": "Cube",
			"from": [7.49121, 7.73492, 6.6719],
			"to": [8.55759, 8.2651, 9.32811],
			"rotation": {"angle": 45, "axis": "x", "origin": [5.48582, 8.00001, 8]},
			"faces": {
				"north": {"uv": [11, 16, 12, 0], "rotation": 90, "texture": "#2"},
				"east": {"uv": [15, 0, 14, 16], "texture": "#2"},
				"south": {"uv": [3, 16, 4, 0], "rotation": 270, "texture": "#2"},
				"west": {"uv": [8, 0, 7, 16], "rotation": 180, "texture": "#2"},
				"up": {"uv": [12, 0, 11, 16], "rotation": 180, "texture": "#2"},
				"down": {"uv": [12, 0, 11, 16], "texture": "#2"}
			}
		},
		{
			"name": "Cube",
			"from": [7.49224, 7.73508, 6.67206],
			"to": [8.55656, 8.26493, 9.32795],
			"rotation": {"angle": 22.5, "axis": "x", "origin": [5.48582, 8.00001, 8]},
			"faces": {
				"north": {"uv": [12, 16, 13, 0], "rotation": 90, "texture": "#2"},
				"east": {"uv": [15, 0, 14, 16], "texture": "#2"},
				"south": {"uv": [4, 16, 5, 0], "rotation": 270, "texture": "#2"},
				"west": {"uv": [8, 0, 7, 16], "rotation": 180, "texture": "#2"},
				"up": {"uv": [13, 0, 12, 16], "rotation": 180, "texture": "#2"},
				"down": {"uv": [13, 0, 12, 16], "texture": "#2"}
			}
		},
		{
			"name": "Cube",
			"from": [7.48916, 6.67157, 7.73458],
			"to": [8.55964, 9.32845, 8.26543],
			"rotation": {"angle": 0, "axis": "y", "origin": [5.48582, 8.00001, 8]},
			"faces": {
				"north": {"uv": [10, 0, 9, 16], "rotation": 180, "texture": "#2"},
				"east": {"uv": [14, 16, 15, 0], "rotation": 90, "texture": "#2"},
				"south": {"uv": [10, 0, 9, 16], "rotation": 180, "texture": "#2"},
				"west": {"uv": [7, 16, 8, 0], "rotation": 90, "texture": "#2"},
				"up": {"uv": [9, 16, 10, 0], "rotation": 270, "texture": "#2"},
				"down": {"uv": [1, 16, 2, 0], "rotation": 270, "texture": "#2"}
			}
		},
		{
			"name": "Cube",
			"from": [7.48814, 6.6714, 7.73442],
			"to": [8.56066, 9.32861, 8.26559],
			"rotation": {"angle": 22.5, "axis": "x", "origin": [5.48582, 8.00001, 8]},
			"faces": {
				"north": {"uv": [9, 0, 8, 16], "rotation": 180, "texture": "#2"},
				"east": {"uv": [15, 0, 14, 16], "texture": "#2"},
				"south": {"uv": [9, 0, 8, 16], "rotation": 180, "texture": "#2"},
				"west": {"uv": [8, 0, 7, 16], "rotation": 180, "texture": "#2"},
				"up": {"uv": [8, 16, 9, 0], "rotation": 270, "texture": "#2"},
				"down": {"uv": [0, 16, 1, 0], "rotation": 270, "texture": "#2"}
			}
		}
	],
	"gui_light": "front",
	"display": {
		"thirdperson_righthand": {
			"rotation": [1.56, -15.21, -40.99],
			"translation": [0, -1.25, -1],
			"scale": [1.41, 1.41, 1.41]
		},
		"thirdperson_lefthand": {
			"rotation": [1.56, -15.21, -40.99],
			"translation": [0, -1.25, -1],
			"scale": [1.41, 1.41, 1.41]
		},
		"firstperson_righthand": {
			"rotation": [64.88, -25.69, -11.48],
			"scale": [1.49, 1.32, 1.53]
		},
		"firstperson_lefthand": {
			"rotation": [64.88, 159, -11.48],
			"scale": [1.36, 1.22, 1.58]
		},
		"ground": {
			"rotation": [0, 0, -90],
			"translation": [0, -1, 0],
			"scale": [1.48, 1.48, 1.48]
		},
		"gui": {
			"rotation": [109.63, -40.88, -41.59],
			"scale": [3.4, 3.4, 3.4]
		},
		"fixed": {
			"rotation": [0, -90, 0],
			"translation": [0, 0, -1.25],
			"scale": [3.23, 3.23, 3.23]
		}
	},
	"groups": [
		{
			"name": "central_piece",
			"origin": [8, 14.48973, 9.48681],
			"color": 0,
			"children": [
				{
					"name": "full_drum",
					"origin": [11.8552, 14.48973, 9.82508],
					"color": 0,
					"children": [
						0,
						1,
						2,
						3,
						4,
						{
							"name": "drum",
							"origin": [21.8552, 14.48973, -11.20377],
							"color": 0,
							"children": [5, 6, 7, 8, 9, 10, 11, 12]
						},
						{
							"name": "drum",
							"origin": [21.8552, 14.48973, -11.20377],
							"color": 0,
							"children": [13, 14, 15, 16, 17, 18, 19, 20]
						},
						{
							"name": "drum",
							"origin": [21.8552, 14.48973, -11.20377],
							"color": 0,
							"children": [21, 22, 23, 24, 25, 26, 27, 28, 29, 30]
						}
					]
				}
			]
		}
	]
}