{
	"credit": "Made with Blockbench",
	"textures": {
		"0": "custom/odmgear/thunder_spear",
		"1": "custom/odmgear/thunder_spear_front",
		"particle": "custom/odmgear/thunder_spear"
	},
	"elements": [
		{
			"name": "Cube",
			"from": [7.76, 6.8, -11.75],
			"to": [8.24, 9.2, 29.25],
			"rotation": {"angle": 0, "axis": "y", "origin": [6.8, 9.2, -6.75]},
			"faces": {
				"north": {"uv": [3.5, 0, 4, 16], "rotation": 180, "texture": "#0"},
				"east": {"uv": [3.5, 0, 4, 16], "rotation": 180, "texture": "#0"},
				"south": {"uv": [7, 0, 7.5, 16], "texture": "#0"},
				"west": {"uv": [3.5, 0, 4, 16], "rotation": 180, "texture": "#0"},
				"up": {"uv": [3.5, 0, 4, 16], "rotation": 180, "texture": "#0"},
				"down": {"uv": [7.5, 0, 8, 16], "rotation": 180, "texture": "#0"}
			}
		},
		{
			"name": "Cube",
			"from": [7.76105, 6.80105, -11.75],
			"to": [8.23895, 9.19895, 29.25],
			"rotation": {"angle": -22.5, "axis": "z", "origin": [8, 8, 1.25]},
			"faces": {
				"north": {"uv": [3.5, 0, 4, 16], "rotation": 180, "texture": "#0"},
				"east": {"uv": [7, 0, 7.5, 16], "texture": "#0"},
				"south": {"uv": [7, 0, 7.5, 16], "texture": "#0"},
				"west": {"uv": [7, 0, 7.5, 16], "texture": "#0"},
				"up": {"uv": [3, 0, 3.5, 16], "rotation": 180, "texture": "#0"},
				"down": {"uv": [7, 0, 7.5, 16], "texture": "#0"}
			}
		},
		{
			"name": "Cube",
			"from": [7.7609, 6.8009, -11.75],
			"to": [8.2391, 9.1991, 29.25],
			"rotation": {"angle": -45, "axis": "z", "origin": [8, 8, 1.25]},
			"faces": {
				"north": {"uv": [3.5, 0, 4, 16], "rotation": 180, "texture": "#0"},
				"east": {"uv": [6.5, 0, 7, 16], "texture": "#0"},
				"south": {"uv": [7, 0, 7.5, 16], "texture": "#0"},
				"west": {"uv": [6.5, 0, 7, 16], "texture": "#0"},
				"up": {"uv": [2.5, 0, 3, 16], "rotation": 270, "texture": "#0"},
				"down": {"uv": [6.5, 0, 7, 16], "texture": "#0"}
			}
		},
		{
			"name": "Cube",
			"from": [6.80045, 7.76045, -11.75],
			"to": [9.19955, 8.23955, 29.25],
			"rotation": {"angle": -22.5, "axis": "z", "origin": [8, 8, 1.25]},
			"faces": {
				"north": {"uv": [3.5, 0, 4, 16], "rotation": 180, "texture": "#0"},
				"east": {"uv": [1, 0, 1.5, 16], "rotation": 270, "texture": "#0"},
				"south": {"uv": [7, 0, 7.5, 16], "texture": "#0"},
				"west": {"uv": [5, 0, 5.5, 16], "rotation": 90, "texture": "#0"},
				"up": {"uv": [5, 0, 5.5, 16], "rotation": 90, "texture": "#0"},
				"down": {"uv": [5, 0, 5.5, 16], "rotation": 90, "texture": "#0"}
			}
		},
		{
			"name": "Cube",
			"from": [6.8006, 7.7606, -11.75],
			"to": [9.1994, 8.2394, 29.25],
			"rotation": {"angle": 0, "axis": "y", "origin": [6.8, 9.2, -6.75]},
			"faces": {
				"north": {"uv": [3.5, 0, 4, 16], "rotation": 180, "texture": "#0"},
				"east": {"uv": [1.5, 0, 2, 16], "rotation": 270, "texture": "#0"},
				"south": {"uv": [7, 0, 7.5, 16], "texture": "#0"},
				"west": {"uv": [5.5, 0, 6, 16], "rotation": 90, "texture": "#0"},
				"up": {"uv": [5.5, 0, 6, 16], "rotation": 90, "texture": "#0"},
				"down": {"uv": [5.5, 0, 6, 16], "rotation": 90, "texture": "#0"}
			}
		},
		{
			"name": "Cube",
			"from": [6.80075, 7.76075, -11.75],
			"to": [9.19925, 8.23925, 29.25],
			"rotation": {"angle": 22.5, "axis": "z", "origin": [8, 8, 1.25]},
			"faces": {
				"north": {"uv": [3.5, 0, 4, 16], "rotation": 180, "texture": "#0"},
				"east": {"uv": [2, 0, 2.5, 16], "rotation": 270, "texture": "#0"},
				"south": {"uv": [7, 0, 7.5, 16], "texture": "#0"},
				"west": {"uv": [6, 0, 6.5, 16], "rotation": 90, "texture": "#0"},
				"up": {"uv": [6, 0, 6.5, 16], "rotation": 90, "texture": "#0"},
				"down": {"uv": [6, 0, 6.5, 16], "rotation": 90, "texture": "#0"}
			}
		},
		{
			"name": "Cube",
			"from": [6.8003, 7.7603, -11.75],
			"to": [9.1997, 8.2397, 29.25],
			"rotation": {"angle": -45, "axis": "z", "origin": [8, 8, 1.25]},
			"faces": {
				"north": {"uv": [3.5, 0, 4, 16], "rotation": 180, "texture": "#0"},
				"east": {"uv": [0.5, 0, 1, 16], "rotation": 270, "texture": "#0"},
				"south": {"uv": [7, 0, 7.5, 16], "texture": "#0"},
				"west": {"uv": [4.5, 0, 5, 16], "rotation": 90, "texture": "#0"},
				"up": {"uv": [4.5, 0, 5, 16], "rotation": 90, "texture": "#0"},
				"down": {"uv": [4.5, 0, 5, 16], "rotation": 90, "texture": "#0"}
			}
		},
		{
			"name": "Cube",
			"from": [7.76015, 6.80015, -11.75],
			"to": [8.23985, 9.19985, 29.25],
			"rotation": {"angle": 22.5, "axis": "z", "origin": [8, 8, 1.25]},
			"faces": {
				"north": {"uv": [3.5, 0, 4, 16], "rotation": 180, "texture": "#0"},
				"east": {"uv": [4, 0, 4.5, 16], "rotation": 180, "texture": "#0"},
				"south": {"uv": [7, 0, 7.5, 16], "texture": "#0"},
				"west": {"uv": [4, 0, 4.5, 16], "rotation": 180, "texture": "#0"},
				"up": {"uv": [4, 0, 4.5, 16], "rotation": 180, "texture": "#0"},
				"down": {"uv": [0, 0, 0.5, 16], "texture": "#0"}
			}
		},
		{
			"name": "Cube",
			"from": [7.808, 7.04, -12],
			"to": [8.192, 8.96, 30],
			"rotation": {"angle": 0, "axis": "y", "origin": [7.04, 8.96, -6.75]},
			"faces": {
				"north": {"uv": [11.5, 0, 12, 16], "rotation": 180, "texture": "#0"},
				"east": {"uv": [11.5, 0, 12, 16], "rotation": 180, "texture": "#0"},
				"south": {"uv": [15, 0, 15.5, 16], "texture": "#0"},
				"west": {"uv": [11.5, 0, 12, 16], "rotation": 180, "texture": "#0"},
				"up": {"uv": [11.5, 0, 12, 16], "rotation": 180, "texture": "#0"},
				"down": {"uv": [15.5, 0, 16, 16], "rotation": 180, "texture": "#0"}
			}
		},
		{
			"name": "Cube",
			"from": [7.80884, 7.04084, -12],
			"to": [8.19116, 8.95916, 30],
			"rotation": {"angle": -22.5, "axis": "z", "origin": [8, 8, 1.25]},
			"faces": {
				"north": {"uv": [11.5, 0, 12, 16], "rotation": 180, "texture": "#0"},
				"east": {"uv": [15, 0, 15.5, 16], "texture": "#0"},
				"south": {"uv": [15, 0, 15.5, 16], "texture": "#0"},
				"west": {"uv": [15, 0, 15.5, 16], "texture": "#0"},
				"up": {"uv": [11, 0, 11.5, 16], "rotation": 180, "texture": "#0"},
				"down": {"uv": [15, 0, 15.5, 16], "texture": "#0"}
			}
		},
		{
			"name": "Cube",
			"from": [7.80872, 7.04072, -12],
			"to": [8.19128, 8.95928, 30],
			"rotation": {"angle": -45, "axis": "z", "origin": [8, 8, 1.25]},
			"faces": {
				"north": {"uv": [11.5, 0, 12, 16], "rotation": 180, "texture": "#0"},
				"east": {"uv": [14.5, 0, 15, 16], "texture": "#0"},
				"south": {"uv": [15, 0, 15.5, 16], "texture": "#0"},
				"west": {"uv": [14.5, 0, 15, 16], "texture": "#0"},
				"up": {"uv": [10.5, 0, 11, 16], "rotation": 270, "texture": "#0"},
				"down": {"uv": [14.5, 0, 15, 16], "texture": "#0"}
			}
		},
		{
			"name": "Cube",
			"from": [7.04036, 7.80836, -12],
			"to": [8.95964, 8.19164, 30],
			"rotation": {"angle": -22.5, "axis": "z", "origin": [8, 8, 1.25]},
			"faces": {
				"north": {"uv": [11.5, 0, 12, 16], "rotation": 180, "texture": "#0"},
				"east": {"uv": [9, 0, 9.5, 16], "rotation": 270, "texture": "#0"},
				"south": {"uv": [15, 0, 15.5, 16], "texture": "#0"},
				"west": {"uv": [13, 0, 13.5, 16], "rotation": 90, "texture": "#0"},
				"up": {"uv": [13, 0, 13.5, 16], "rotation": 90, "texture": "#0"},
				"down": {"uv": [13, 0, 13.5, 16], "rotation": 90, "texture": "#0"}
			}
		},
		{
			"name": "Cube",
			"from": [7.04048, 7.80848, -12],
			"to": [8.95952, 8.19152, 30],
			"rotation": {"angle": 0, "axis": "y", "origin": [7.04, 8.96, -6.75]},
			"faces": {
				"north": {"uv": [11.5, 0, 12, 16], "rotation": 180, "texture": "#0"},
				"east": {"uv": [9.5, 0, 10, 16], "rotation": 270, "texture": "#0"},
				"south": {"uv": [15, 0, 15.5, 16], "texture": "#0"},
				"west": {"uv": [13.5, 0, 14, 16], "rotation": 90, "texture": "#0"},
				"up": {"uv": [13.5, 0, 14, 16], "rotation": 90, "texture": "#0"},
				"down": {"uv": [13.5, 0, 14, 16], "rotation": 90, "texture": "#0"}
			}
		},
		{
			"name": "Cube",
			"from": [7.0406, 7.8086, -12],
			"to": [8.9594, 8.1914, 30],
			"rotation": {"angle": 22.5, "axis": "z", "origin": [8, 8, 1.25]},
			"faces": {
				"north": {"uv": [11.5, 0, 12, 16], "rotation": 180, "texture": "#0"},
				"east": {"uv": [10, 0, 10.5, 16], "rotation": 270, "texture": "#0"},
				"south": {"uv": [15, 0, 15.5, 16], "texture": "#0"},
				"west": {"uv": [14, 0, 14.5, 16], "rotation": 90, "texture": "#0"},
				"up": {"uv": [14, 0, 14.5, 16], "rotation": 90, "texture": "#0"},
				"down": {"uv": [14, 0, 14.5, 16], "rotation": 90, "texture": "#0"}
			}
		},
		{
			"name": "Cube",
			"from": [7.04024, 7.80824, -12],
			"to": [8.95976, 8.19176, 30],
			"rotation": {"angle": -45, "axis": "z", "origin": [8, 8, 1.25]},
			"faces": {
				"north": {"uv": [11.5, 0, 12, 16], "rotation": 180, "texture": "#0"},
				"east": {"uv": [8.5, 0, 9, 16], "rotation": 270, "texture": "#0"},
				"south": {"uv": [15, 0, 15.5, 16], "texture": "#0"},
				"west": {"uv": [12.5, 0, 13, 16], "rotation": 90, "texture": "#0"},
				"up": {"uv": [12.5, 0, 13, 16], "rotation": 90, "texture": "#0"},
				"down": {"uv": [12.5, 0, 13, 16], "rotation": 90, "texture": "#0"}
			}
		},
		{
			"name": "Cube",
			"from": [7.80812, 7.04012, -12],
			"to": [8.19188, 8.95988, 30],
			"rotation": {"angle": 22.5, "axis": "z", "origin": [8, 8, 1.25]},
			"faces": {
				"north": {"uv": [11.5, 0, 12, 16], "rotation": 180, "texture": "#0"},
				"east": {"uv": [12, 0, 12.5, 16], "rotation": 180, "texture": "#0"},
				"south": {"uv": [15, 0, 15.5, 16], "texture": "#0"},
				"west": {"uv": [12, 0, 12.5, 16], "rotation": 180, "texture": "#0"},
				"up": {"uv": [12, 0, 12.5, 16], "rotation": 180, "texture": "#0"},
				"down": {"uv": [8, 0, 8.5, 16], "texture": "#0"}
			}
		},
		{
			"name": "Cube",
			"from": [7.7528, 6.764, -12.25],
			"to": [8.2472, 9.236, -12],
			"rotation": {"angle": 0, "axis": "y", "origin": [6.764, 9.236, -3.25]},
			"faces": {
				"north": {"uv": [3.5, 0, 4, 16], "rotation": 180, "texture": "#0"},
				"east": {"uv": [3.5, 0, 4, 16], "rotation": 180, "texture": "#0"},
				"south": {"uv": [7, 0, 7.5, 16], "texture": "#0"},
				"west": {"uv": [3.5, 0, 4, 16], "rotation": 180, "texture": "#0"},
				"up": {"uv": [3.5, 0, 4, 16], "rotation": 180, "texture": "#0"},
				"down": {"uv": [7.5, 0, 8, 16], "rotation": 180, "texture": "#0"}
			}
		},
		{
			"name": "Cube",
			"from": [7.75388, 6.76508, -12.25],
			"to": [8.24612, 9.23492, -12],
			"rotation": {"angle": -22.5, "axis": "z", "origin": [8, 8, 4.75]},
			"faces": {
				"north": {"uv": [3.5, 0, 4, 16], "rotation": 180, "texture": "#0"},
				"east": {"uv": [7, 0, 7.5, 16], "texture": "#0"},
				"south": {"uv": [7, 0, 7.5, 16], "texture": "#0"},
				"west": {"uv": [7, 0, 7.5, 16], "texture": "#0"},
				"up": {"uv": [3, 0, 3.5, 16], "rotation": 180, "texture": "#0"},
				"down": {"uv": [7, 0, 7.5, 16], "texture": "#0"}
			}
		},
		{
			"name": "Cube",
			"from": [7.75373, 6.76493, -12.25],
			"to": [8.24627, 9.23507, -12],
			"rotation": {"angle": -45, "axis": "z", "origin": [8, 8, 4.75]},
			"faces": {
				"north": {"uv": [3.5, 0, 4, 16], "rotation": 180, "texture": "#0"},
				"east": {"uv": [6.5, 0, 7, 16], "texture": "#0"},
				"south": {"uv": [7, 0, 7.5, 16], "texture": "#0"},
				"west": {"uv": [6.5, 0, 7, 16], "texture": "#0"},
				"up": {"uv": [2.5, 0, 3, 16], "rotation": 270, "texture": "#0"},
				"down": {"uv": [6.5, 0, 7, 16], "texture": "#0"}
			}
		},
		{
			"name": "Cube",
			"from": [6.76446, 7.75326, -12.25],
			"to": [9.23554, 8.24674, -12],
			"rotation": {"angle": -22.5, "axis": "z", "origin": [8, 8, 4.75]},
			"faces": {
				"north": {"uv": [3.5, 0, 4, 16], "rotation": 180, "texture": "#0"},
				"east": {"uv": [1, 0, 1.5, 16], "rotation": 270, "texture": "#0"},
				"south": {"uv": [7, 0, 7.5, 16], "texture": "#0"},
				"west": {"uv": [5, 0, 5.5, 16], "rotation": 90, "texture": "#0"},
				"up": {"uv": [5, 0, 5.5, 16], "rotation": 90, "texture": "#0"},
				"down": {"uv": [5, 0, 5.5, 16], "rotation": 90, "texture": "#0"}
			}
		},
		{
			"name": "Cube",
			"from": [6.76462, 7.75342, -12.25],
			"to": [9.23538, 8.24658, -12],
			"rotation": {"angle": 0, "axis": "y", "origin": [6.764, 9.236, -3.25]},
			"faces": {
				"north": {"uv": [3.5, 0, 4, 16], "rotation": 180, "texture": "#0"},
				"east": {"uv": [1.5, 0, 2, 16], "rotation": 270, "texture": "#0"},
				"south": {"uv": [7, 0, 7.5, 16], "texture": "#0"},
				"west": {"uv": [5.5, 0, 6, 16], "rotation": 90, "texture": "#0"},
				"up": {"uv": [5.5, 0, 6, 16], "rotation": 90, "texture": "#0"},
				"down": {"uv": [5.5, 0, 6, 16], "rotation": 90, "texture": "#0"}
			}
		},
		{
			"name": "Cube",
			"from": [6.76477, 7.75357, -12.25],
			"to": [9.23523, 8.24643, -12],
			"rotation": {"angle": 22.5, "axis": "z", "origin": [8, 8, 4.75]},
			"faces": {
				"north": {"uv": [3.5, 0, 4, 16], "rotation": 180, "texture": "#0"},
				"east": {"uv": [2, 0, 2.5, 16], "rotation": 270, "texture": "#0"},
				"south": {"uv": [7, 0, 7.5, 16], "texture": "#0"},
				"west": {"uv": [6, 0, 6.5, 16], "rotation": 90, "texture": "#0"},
				"up": {"uv": [6, 0, 6.5, 16], "rotation": 90, "texture": "#0"},
				"down": {"uv": [6, 0, 6.5, 16], "rotation": 90, "texture": "#0"}
			}
		},
		{
			"name": "Cube",
			"from": [6.76431, 7.75311, -12.25],
			"to": [9.23569, 8.24689, -12],
			"rotation": {"angle": -45, "axis": "z", "origin": [8, 8, 4.75]},
			"faces": {
				"north": {"uv": [3.5, 0, 4, 16], "rotation": 180, "texture": "#0"},
				"east": {"uv": [0.5, 0, 1, 16], "rotation": 270, "texture": "#0"},
				"south": {"uv": [7, 0, 7.5, 16], "texture": "#0"},
				"west": {"uv": [4.5, 0, 5, 16], "rotation": 90, "texture": "#0"},
				"up": {"uv": [4.5, 0, 5, 16], "rotation": 90, "texture": "#0"},
				"down": {"uv": [4.5, 0, 5, 16], "rotation": 90, "texture": "#0"}
			}
		},
		{
			"name": "Cube",
			"from": [7.75295, 6.76415, -12.25],
			"to": [8.24705, 9.23585, -12],
			"rotation": {"angle": 22.5, "axis": "z", "origin": [8, 8, 4.75]},
			"faces": {
				"north": {"uv": [3.5, 0, 4, 16], "rotation": 180, "texture": "#0"},
				"east": {"uv": [4, 0, 4.5, 16], "rotation": 180, "texture": "#0"},
				"south": {"uv": [7, 0, 7.5, 16], "texture": "#0"},
				"west": {"uv": [4, 0, 4.5, 16], "rotation": 180, "texture": "#0"},
				"up": {"uv": [4, 0, 4.5, 16], "rotation": 180, "texture": "#0"},
				"down": {"uv": [0, 0, 0.5, 16], "texture": "#0"}
			}
		},
		{
			"name": "Cube",
			"from": [7.76, 6.8, 29.75],
			"to": [8.24, 9.2, 32],
			"rotation": {"angle": 0, "axis": "y", "origin": [6.8, 9.2, -6.75]},
			"faces": {
				"north": {"uv": [3.5, 0, 4, 16], "rotation": 180, "texture": "#0"},
				"east": {"uv": [3.5, 0, 4, 16], "rotation": 180, "texture": "#0"},
				"south": {"uv": [7, 0, 7.5, 16], "texture": "#0"},
				"west": {"uv": [3.5, 0, 4, 16], "rotation": 180, "texture": "#0"},
				"up": {"uv": [3.5, 0, 4, 16], "rotation": 180, "texture": "#0"},
				"down": {"uv": [7.5, 0, 8, 16], "rotation": 180, "texture": "#0"}
			}
		},
		{
			"name": "Cube",
			"from": [7.76105, 6.80105, 29.75],
			"to": [8.23895, 9.19895, 32],
			"rotation": {"angle": -22.5, "axis": "z", "origin": [8, 8, 1.25]},
			"faces": {
				"north": {"uv": [3.5, 0, 4, 16], "rotation": 180, "texture": "#0"},
				"east": {"uv": [7, 0, 7.5, 16], "texture": "#0"},
				"south": {"uv": [7, 0, 7.5, 16], "texture": "#0"},
				"west": {"uv": [7, 0, 7.5, 16], "texture": "#0"},
				"up": {"uv": [3, 0, 3.5, 16], "rotation": 180, "texture": "#0"},
				"down": {"uv": [7, 0, 7.5, 16], "texture": "#0"}
			}
		},
		{
			"name": "Cube",
			"from": [7.7609, 6.8009, 29.75],
			"to": [8.2391, 9.1991, 32],
			"rotation": {"angle": -45, "axis": "z", "origin": [8, 8, 1.25]},
			"faces": {
				"north": {"uv": [3.5, 0, 4, 16], "rotation": 180, "texture": "#0"},
				"east": {"uv": [6.5, 0, 7, 16], "texture": "#0"},
				"south": {"uv": [7, 0, 7.5, 16], "texture": "#0"},
				"west": {"uv": [6.5, 0, 7, 16], "texture": "#0"},
				"up": {"uv": [2.5, 0, 3, 16], "rotation": 270, "texture": "#0"},
				"down": {"uv": [6.5, 0, 7, 16], "texture": "#0"}
			}
		},
		{
			"name": "Cube",
			"from": [6.80045, 7.76045, 29.75],
			"to": [9.19955, 8.23955, 32],
			"rotation": {"angle": -22.5, "axis": "z", "origin": [8, 8, 1.25]},
			"faces": {
				"north": {"uv": [3.5, 0, 4, 16], "rotation": 180, "texture": "#0"},
				"east": {"uv": [1, 0, 1.5, 16], "rotation": 270, "texture": "#0"},
				"south": {"uv": [7, 0, 7.5, 16], "texture": "#0"},
				"west": {"uv": [5, 0, 5.5, 16], "rotation": 90, "texture": "#0"},
				"up": {"uv": [5, 0, 5.5, 16], "rotation": 90, "texture": "#0"},
				"down": {"uv": [5, 0, 5.5, 16], "rotation": 90, "texture": "#0"}
			}
		},
		{
			"name": "Cube",
			"from": [6.8006, 7.7606, 29.75],
			"to": [9.1994, 8.2394, 32],
			"rotation": {"angle": 0, "axis": "y", "origin": [6.8, 9.2, -6.75]},
			"faces": {
				"north": {"uv": [3.5, 0, 4, 16], "rotation": 180, "texture": "#0"},
				"east": {"uv": [1.5, 0, 2, 16], "rotation": 270, "texture": "#0"},
				"south": {"uv": [7, 0, 7.5, 16], "texture": "#0"},
				"west": {"uv": [5.5, 0, 6, 16], "rotation": 90, "texture": "#0"},
				"up": {"uv": [5.5, 0, 6, 16], "rotation": 90, "texture": "#0"},
				"down": {"uv": [5.5, 0, 6, 16], "rotation": 90, "texture": "#0"}
			}
		},
		{
			"name": "Cube",
			"from": [6.80075, 7.76075, 29.75],
			"to": [9.19925, 8.23925, 32],
			"rotation": {"angle": 22.5, "axis": "z", "origin": [8, 8, 1.25]},
			"faces": {
				"north": {"uv": [3.5, 0, 4, 16], "rotation": 180, "texture": "#0"},
				"east": {"uv": [2, 0, 2.5, 16], "rotation": 270, "texture": "#0"},
				"south": {"uv": [7, 0, 7.5, 16], "texture": "#0"},
				"west": {"uv": [6, 0, 6.5, 16], "rotation": 90, "texture": "#0"},
				"up": {"uv": [6, 0, 6.5, 16], "rotation": 90, "texture": "#0"},
				"down": {"uv": [6, 0, 6.5, 16], "rotation": 90, "texture": "#0"}
			}
		},
		{
			"name": "Cube",
			"from": [6.8003, 7.7603, 29.75],
			"to": [9.1997, 8.2397, 32],
			"rotation": {"angle": -45, "axis": "z", "origin": [8, 8, 1.25]},
			"faces": {
				"north": {"uv": [3.5, 0, 4, 16], "rotation": 180, "texture": "#0"},
				"east": {"uv": [0.5, 0, 1, 16], "rotation": 270, "texture": "#0"},
				"south": {"uv": [7, 0, 7.5, 16], "texture": "#0"},
				"west": {"uv": [4.5, 0, 5, 16], "rotation": 90, "texture": "#0"},
				"up": {"uv": [4.5, 0, 5, 16], "rotation": 90, "texture": "#0"},
				"down": {"uv": [4.5, 0, 5, 16], "rotation": 90, "texture": "#0"}
			}
		},
		{
			"name": "Cube",
			"from": [7.76015, 6.80015, 29.75],
			"to": [8.23985, 9.19985, 32],
			"rotation": {"angle": 22.5, "axis": "z", "origin": [8, 8, 1.25]},
			"faces": {
				"north": {"uv": [3.5, 0, 4, 16], "rotation": 180, "texture": "#0"},
				"east": {"uv": [4, 0, 4.5, 16], "rotation": 180, "texture": "#0"},
				"south": {"uv": [7, 0, 7.5, 16], "texture": "#0"},
				"west": {"uv": [4, 0, 4.5, 16], "rotation": 180, "texture": "#0"},
				"up": {"uv": [4, 0, 4.5, 16], "rotation": 180, "texture": "#0"},
				"down": {"uv": [0, 0, 0.5, 16], "texture": "#0"}
			}
		},
		{
			"from": [8, 6.75, -16],
			"to": [8, 9.25, -12.25],
			"rotation": {"angle": 0, "axis": "y", "origin": [6, 7, 7.25]},
			"faces": {
				"north": {"uv": [0, 0, 16, 16], "texture": "#1"},
				"east": {"uv": [16, 0, 0, 16], "texture": "#1"},
				"south": {"uv": [0, 0, 16, 16], "texture": "#1"},
				"west": {"uv": [0, 0, 16, 16], "texture": "#1"},
				"up": {"uv": [0, 0, 16, 16], "texture": "#1"},
				"down": {"uv": [0, 0, 16, 16], "texture": "#1"}
			}
		},
		{
			"from": [8, 6.75, -16],
			"to": [8, 9.25, -12.25],
			"rotation": {"angle": 45, "axis": "z", "origin": [8, 8, -14.125]},
			"faces": {
				"north": {"uv": [0, 0, 16, 16], "texture": "#1"},
				"east": {"uv": [16, 0, 0, 16], "texture": "#1"},
				"south": {"uv": [0, 0, 16, 16], "texture": "#1"},
				"west": {"uv": [0, 0, 16, 16], "texture": "#1"},
				"up": {"uv": [0, 0, 16, 16], "texture": "#1"},
				"down": {"uv": [0, 0, 16, 16], "texture": "#1"}
			}
		},
		{
			"from": [6.75, 8, -16],
			"to": [9.25, 8, -12.25],
			"rotation": {"angle": 0, "axis": "y", "origin": [8, 8, -14.125]},
			"faces": {
				"north": {"uv": [0, 0, 16, 16], "rotation": 90, "texture": "#1"},
				"east": {"uv": [0, 0, 16, 16], "rotation": 270, "texture": "#1"},
				"south": {"uv": [0, 0, 16, 16], "rotation": 270, "texture": "#1"},
				"west": {"uv": [0, 0, 16, 16], "rotation": 270, "texture": "#1"},
				"up": {"uv": [16, 0, 0, 16], "rotation": 270, "texture": "#1"},
				"down": {"uv": [0, 0, 16, 16], "rotation": 270, "texture": "#1"}
			}
		},
		{
			"from": [6.75, 8, -16],
			"to": [9.25, 8, -12.25],
			"rotation": {"angle": 45, "axis": "z", "origin": [8, 8, -14.125]},
			"faces": {
				"north": {"uv": [0, 0, 16, 16], "rotation": 90, "texture": "#1"},
				"east": {"uv": [0, 0, 16, 16], "rotation": 270, "texture": "#1"},
				"south": {"uv": [0, 0, 16, 16], "rotation": 270, "texture": "#1"},
				"west": {"uv": [0, 0, 16, 16], "rotation": 270, "texture": "#1"},
				"up": {"uv": [16, 0, 0, 16], "rotation": 270, "texture": "#1"},
				"down": {"uv": [0, 0, 16, 16], "rotation": 270, "texture": "#1"}
			}
		},
		{
			"from": [8, 6.75, -16],
			"to": [8, 9.25, -12.25],
			"rotation": {"angle": -22.5, "axis": "z", "origin": [8, 8, -14.125]},
			"faces": {
				"north": {"uv": [0, 0, 16, 16], "texture": "#1"},
				"east": {"uv": [16, 0, 0, 16], "texture": "#1"},
				"south": {"uv": [0, 0, 16, 16], "texture": "#1"},
				"west": {"uv": [0, 0, 16, 16], "texture": "#1"},
				"up": {"uv": [0, 0, 16, 16], "texture": "#1"},
				"down": {"uv": [0, 0, 16, 16], "texture": "#1"}
			}
		},
		{
			"from": [8, 6.75, -16],
			"to": [8, 9.25, -12.25],
			"rotation": {"angle": 22.5, "axis": "z", "origin": [8, 8, -14.125]},
			"faces": {
				"north": {"uv": [0, 0, 16, 16], "texture": "#1"},
				"east": {"uv": [16, 0, 0, 16], "texture": "#1"},
				"south": {"uv": [0, 0, 16, 16], "texture": "#1"},
				"west": {"uv": [0, 0, 16, 16], "texture": "#1"},
				"up": {"uv": [0, 0, 16, 16], "texture": "#1"},
				"down": {"uv": [0, 0, 16, 16], "texture": "#1"}
			}
		},
		{
			"from": [6.75, 8, -16],
			"to": [9.25, 8, -12.25],
			"rotation": {"angle": -22.5, "axis": "z", "origin": [8, 8, -14.125]},
			"faces": {
				"north": {"uv": [0, 0, 16, 16], "rotation": 90, "texture": "#1"},
				"east": {"uv": [0, 0, 16, 16], "rotation": 270, "texture": "#1"},
				"south": {"uv": [0, 0, 16, 16], "rotation": 270, "texture": "#1"},
				"west": {"uv": [0, 0, 16, 16], "rotation": 270, "texture": "#1"},
				"up": {"uv": [16, 0, 0, 16], "rotation": 270, "texture": "#1"},
				"down": {"uv": [0, 0, 16, 16], "rotation": 270, "texture": "#1"}
			}
		},
		{
			"from": [6.75, 8, -16],
			"to": [9.25, 8, -12.25],
			"rotation": {"angle": 22.5, "axis": "z", "origin": [8, 8, -14.125]},
			"faces": {
				"north": {"uv": [0, 0, 16, 16], "rotation": 90, "texture": "#1"},
				"east": {"uv": [0, 0, 16, 16], "rotation": 270, "texture": "#1"},
				"south": {"uv": [0, 0, 16, 16], "rotation": 270, "texture": "#1"},
				"west": {"uv": [0, 0, 16, 16], "rotation": 270, "texture": "#1"},
				"up": {"uv": [16, 0, 0, 16], "rotation": 270, "texture": "#1"},
				"down": {"uv": [0, 0, 16, 16], "rotation": 270, "texture": "#1"}
			}
		}
	],
	"display": {
		"thirdperson_righthand": {
			"rotation": [74.01, 21.12, -118.53],
			"translation": [-0.25, -1.5, -0.5],
			"scale": [0.63, 0.63, 0.63]
		},
		"thirdperson_lefthand": {
			"rotation": [89.95, 20.37, 48.43],
			"translation": [-0.25, -1.5, -0.5],
			"scale": [0.63, 0.63, 0.63]
		},
		"firstperson_righthand": {
			"rotation": [90, 77.5, -90],
			"translation": [1.5, 0, 0],
			"scale": [0.36, 0.91, 0.91]
		},
		"firstperson_lefthand": {
			"rotation": [90, 77.5, 90],
			"translation": [1.5, 0, 0],
			"scale": [0.36, 0.91, 0.91]
		},
		"ground": {
			"rotation": [0, 0, -69],
			"translation": [0, -1, 0],
			"scale": [0.59, 0.59, 0.59]
		},
		"gui": {
			"rotation": [60.08, 40.28, -80.18],
			"scale": [0.55, 0.55, 0.55]
		},
		"head": {
			"rotation": [90.25, -21.25, 0.08],
			"translation": [5.5, -12, 4.75]
		},
		"fixed": {
			"rotation": [90, 0, 69],
			"translation": [0, 0, -0.25],
			"scale": [1.15, 1.15, 1.15]
		}
	},
	"groups": [
		{
			"name": "tank",
			"origin": [8, 8, 1],
			"color": 0,
			"children": [0, 1, 2, 3, 4, 5, 6, 7]
		},
		{
			"name": "tank_inside",
			"origin": [8, 8, 1],
			"color": 0,
			"children": [8, 9, 10, 11, 12, 13, 14, 15]
		},
		{
			"name": "tank",
			"origin": [8, 8, 1],
			"color": 0,
			"children": [16, 17, 18, 19, 20, 21, 22, 23]
		},
		{
			"name": "tank",
			"origin": [8, 8, 1],
			"color": 0,
			"children": [24, 25, 26, 27, 28, 29, 30, 31]
		},
		32,
		33,
		34,
		35,
		36,
		37,
		38,
		39
	]
}