{
	"credit": "Made with Blockbench",
	"textures": {
		"4": "custom/odmgear/bright_metal",
		"5": "custom/odmgear/semi_bright_metal"
	},
	"elements": [
		{
			"name": "hexadecagon",
			"from": [9.021, 7.87048, 7.161],
			"to": [9.359, 8.40952, 8.839],
			"rotation": {"angle": 22.5, "axis": "z", "origin": [8, 8.14, 8]},
			"faces": {
				"north": {"uv": [5, 0, 6, 16], "rotation": 180, "texture": "#4"},
				"east": {"uv": [5, 0, 6, 16], "texture": "#4"},
				"south": {"uv": [5, 0, 6, 16], "texture": "#4"},
				"west": {"uv": [5, 0, 6, 16], "texture": "#4"},
				"up": {"uv": [5, 0, 6, 16], "texture": "#4"},
				"down": {"uv": [5, 0, 6, 16], "texture": "#4"}
			}
		},
		{
			"name": "hexadecagon",
			"from": [9.02, 7.86948, 7.16],
			"to": [9.36, 8.41052, 8.84],
			"rotation": {"angle": 45, "axis": "z", "origin": [8, 8.14, 8]},
			"faces": {
				"north": {"uv": [7, 0, 6, 16], "rotation": 90, "texture": "#4"},
				"east": {"uv": [6, 0, 7, 16], "rotation": 270, "texture": "#4"},
				"south": {"uv": [6, 0, 7, 16], "rotation": 270, "texture": "#4"},
				"west": {"uv": [6, 0, 7, 16], "rotation": 270, "texture": "#4"},
				"up": {"uv": [6, 0, 7, 16], "rotation": 270, "texture": "#4"},
				"down": {"uv": [6, 0, 7, 16], "rotation": 270, "texture": "#4"}
			}
		},
		{
			"name": "hexadecagon",
			"from": [7.73048, 9.161, 7.161],
			"to": [8.26952, 9.499, 8.839],
			"rotation": {"angle": -22.5, "axis": "z", "origin": [8, 8.14, 8]},
			"faces": {
				"north": {"uv": [8, 0, 7, 16], "rotation": 180, "texture": "#4"},
				"east": {"uv": [7, 0, 8, 16], "rotation": 180, "texture": "#4"},
				"south": {"uv": [7, 0, 8, 16], "rotation": 180, "texture": "#4"},
				"west": {"uv": [7, 0, 8, 16], "rotation": 180, "texture": "#4"},
				"up": {"uv": [7, 0, 8, 16], "rotation": 180, "texture": "#4"},
				"down": {"uv": [7, 0, 8, 16], "rotation": 180, "texture": "#4"}
			}
		},
		{
			"name": "hexadecagon",
			"from": [7.72948, 9.16, 7.16],
			"to": [8.27052, 9.5, 8.84],
			"rotation": {"angle": 0, "axis": "y", "origin": [8, 8.14, 8]},
			"faces": {
				"north": {"uv": [9, 0, 8, 16], "rotation": 180, "texture": "#4"},
				"east": {"uv": [8, 0, 9, 16], "rotation": 180, "texture": "#4"},
				"south": {"uv": [8, 0, 9, 16], "rotation": 180, "texture": "#4"},
				"west": {"uv": [8, 0, 9, 16], "rotation": 180, "texture": "#4"},
				"up": {"uv": [8, 0, 9, 16], "rotation": 180, "texture": "#4"},
				"down": {"uv": [8, 0, 9, 16], "rotation": 180, "texture": "#4"}
			}
		},
		{
			"name": "hexadecagon",
			"from": [7.73048, 9.161, 7.161],
			"to": [8.26952, 9.499, 8.839],
			"rotation": {"angle": 22.5, "axis": "z", "origin": [8, 8.14, 8]},
			"faces": {
				"north": {"uv": [10, 0, 9, 16], "rotation": 180, "texture": "#4"},
				"east": {"uv": [9, 0, 10, 16], "rotation": 180, "texture": "#4"},
				"south": {"uv": [9, 0, 10, 16], "rotation": 180, "texture": "#4"},
				"west": {"uv": [9, 0, 10, 16], "rotation": 180, "texture": "#4"},
				"up": {"uv": [9, 0, 10, 16], "rotation": 180, "texture": "#4"},
				"down": {"uv": [9, 0, 10, 16], "rotation": 180, "texture": "#4"}
			}
		},
		{
			"name": "hexadecagon",
			"from": [6.641, 7.87048, 7.161],
			"to": [6.979, 8.40952, 8.839],
			"rotation": {"angle": 22.5, "axis": "z", "origin": [8, 8.14, 8]},
			"faces": {
				"north": {"uv": [14, 0, 13, 16], "rotation": 270, "texture": "#4"},
				"east": {"uv": [13, 0, 14, 16], "rotation": 90, "texture": "#4"},
				"south": {"uv": [13, 0, 14, 16], "rotation": 90, "texture": "#4"},
				"west": {"uv": [13, 0, 14, 16], "rotation": 90, "texture": "#4"},
				"up": {"uv": [13, 0, 14, 16], "rotation": 90, "texture": "#4"},
				"down": {"uv": [13, 0, 14, 16], "rotation": 90, "texture": "#4"}
			}
		},
		{
			"name": "hexadecagon",
			"from": [6.64, 7.86948, 7.16],
			"to": [6.98, 8.41052, 8.84],
			"rotation": {"angle": 45, "axis": "z", "origin": [8, 8.14, 8]},
			"faces": {
				"north": {"uv": [15, 0, 14, 16], "rotation": 270, "texture": "#4"},
				"east": {"uv": [14, 0, 15, 16], "rotation": 90, "texture": "#4"},
				"south": {"uv": [14, 0, 15, 16], "rotation": 90, "texture": "#4"},
				"west": {"uv": [14, 0, 15, 16], "rotation": 90, "texture": "#4"},
				"up": {"uv": [14, 0, 15, 16], "rotation": 90, "texture": "#4"},
				"down": {"uv": [14, 0, 15, 16], "rotation": 90, "texture": "#4"}
			}
		},
		{
			"name": "hexadecagon",
			"from": [7.73048, 6.781, 7.161],
			"to": [8.26952, 7.119, 8.839],
			"rotation": {"angle": -22.5, "axis": "z", "origin": [8, 8.14, 8]},
			"faces": {
				"north": {"uv": [15, 0, 16, 16], "texture": "#4"},
				"east": {"uv": [15, 0, 16, 16], "texture": "#4"},
				"south": {"uv": [15, 0, 16, 16], "texture": "#4"},
				"west": {"uv": [15, 0, 16, 16], "texture": "#4"},
				"up": {"uv": [15, 0, 16, 16], "texture": "#4"},
				"down": {"uv": [15, 0, 16, 16], "texture": "#4"}
			}
		},
		{
			"name": "hexadecagon",
			"from": [7.72948, 6.78, 7.16],
			"to": [8.27052, 7.12, 8.84],
			"rotation": {"angle": 0, "axis": "y", "origin": [8, 8.14, 8]},
			"faces": {
				"north": {"uv": [1, 0, 0, 16], "texture": "#4"},
				"east": {"uv": [0, 0, 1, 16], "texture": "#4"},
				"south": {"uv": [0, 0, 1, 16], "texture": "#4"},
				"west": {"uv": [0, 0, 1, 16], "texture": "#4"},
				"up": {"uv": [0, 0, 1, 16], "texture": "#4"},
				"down": {"uv": [0, 0, 1, 16], "texture": "#4"}
			}
		},
		{
			"name": "hexadecagon",
			"from": [7.73048, 6.781, 7.161],
			"to": [8.26952, 7.119, 8.839],
			"rotation": {"angle": 22.5, "axis": "z", "origin": [8, 8.14, 8]},
			"faces": {
				"north": {"uv": [2, 0, 1, 16], "texture": "#4"},
				"east": {"uv": [1, 0, 2, 16], "texture": "#4"},
				"south": {"uv": [1, 0, 2, 16], "texture": "#4"},
				"west": {"uv": [1, 0, 2, 16], "texture": "#4"},
				"up": {"uv": [1, 0, 2, 16], "texture": "#4"},
				"down": {"uv": [1, 0, 2, 16], "texture": "#4"}
			}
		},
		{
			"name": "hexadecagon",
			"from": [7.72948, 6.78, 7.16],
			"to": [8.27052, 7.12, 8.84],
			"rotation": {"angle": 45, "axis": "z", "origin": [8, 8.14, 8]},
			"faces": {
				"north": {"uv": [2, 0, 3, 16], "rotation": 180, "texture": "#4"},
				"east": {"uv": [2, 0, 3, 16], "texture": "#4"},
				"south": {"uv": [2, 0, 3, 16], "texture": "#4"},
				"west": {"uv": [2, 0, 3, 16], "texture": "#4"},
				"up": {"uv": [2, 0, 3, 16], "texture": "#4"},
				"down": {"uv": [2, 0, 3, 16], "texture": "#4"}
			}
		},
		{
			"name": "hexadecagon",
			"from": [9.021, 7.87048, 7.161],
			"to": [9.359, 8.40952, 8.839],
			"rotation": {"angle": -22.5, "axis": "z", "origin": [8, 8.14, 8]},
			"faces": {
				"north": {"uv": [3, 0, 4, 16], "rotation": 270, "texture": "#4"},
				"east": {"uv": [3, 0, 4, 16], "rotation": 270, "texture": "#4"},
				"south": {"uv": [3, 0, 4, 16], "rotation": 270, "texture": "#4"},
				"west": {"uv": [3, 0, 4, 16], "rotation": 270, "texture": "#4"},
				"up": {"uv": [3, 0, 4, 16], "rotation": 270, "texture": "#4"},
				"down": {"uv": [3, 0, 4, 16], "rotation": 270, "texture": "#4"}
			}
		},
		{
			"name": "hexadecagon",
			"from": [9.02, 7.86948, 7.16],
			"to": [9.36, 8.41052, 8.84],
			"rotation": {"angle": 0, "axis": "y", "origin": [8, 8.14, 8]},
			"faces": {
				"north": {"uv": [4, 0, 5, 16], "rotation": 270, "texture": "#4"},
				"east": {"uv": [4, 0, 5, 16], "rotation": 270, "texture": "#4"},
				"south": {"uv": [4, 0, 5, 16], "rotation": 270, "texture": "#4"},
				"west": {"uv": [4, 0, 5, 16], "rotation": 270, "texture": "#4"},
				"up": {"uv": [4, 0, 5, 16], "rotation": 270, "texture": "#4"},
				"down": {"uv": [4, 0, 5, 16], "rotation": 270, "texture": "#4"}
			}
		},
		{
			"name": "hexadecagon",
			"from": [7.72948, 9.16, 7.16],
			"to": [8.27052, 9.5, 8.84],
			"rotation": {"angle": 45, "axis": "z", "origin": [8, 8.14, 8]},
			"faces": {
				"north": {"uv": [10, 0, 11, 16], "texture": "#4"},
				"east": {"uv": [10, 0, 11, 16], "rotation": 180, "texture": "#4"},
				"south": {"uv": [10, 0, 11, 16], "rotation": 180, "texture": "#4"},
				"west": {"uv": [10, 0, 11, 16], "rotation": 180, "texture": "#4"},
				"up": {"uv": [10, 0, 11, 16], "rotation": 180, "texture": "#4"},
				"down": {"uv": [10, 0, 11, 16], "rotation": 180, "texture": "#4"}
			}
		},
		{
			"name": "hexadecagon",
			"from": [6.641, 7.87048, 7.161],
			"to": [6.979, 8.40952, 8.839],
			"rotation": {"angle": -22.5, "axis": "z", "origin": [8, 8.14, 8]},
			"faces": {
				"north": {"uv": [11, 0, 12, 16], "rotation": 90, "texture": "#4"},
				"east": {"uv": [11, 0, 12, 16], "rotation": 90, "texture": "#4"},
				"south": {"uv": [11, 0, 12, 16], "rotation": 90, "texture": "#4"},
				"west": {"uv": [11, 0, 12, 16], "rotation": 90, "texture": "#4"},
				"up": {"uv": [11, 0, 12, 16], "rotation": 90, "texture": "#4"},
				"down": {"uv": [11, 0, 12, 16], "rotation": 90, "texture": "#4"}
			}
		},
		{
			"name": "hexadecagon",
			"from": [6.64, 7.86948, 7.16],
			"to": [6.98, 8.41052, 8.84],
			"rotation": {"angle": 0, "axis": "y", "origin": [8, 8.14, 8]},
			"faces": {
				"north": {"uv": [12, 0, 13, 16], "rotation": 90, "texture": "#4"},
				"east": {"uv": [12, 0, 13, 16], "rotation": 90, "texture": "#4"},
				"south": {"uv": [12, 0, 13, 16], "rotation": 90, "texture": "#4"},
				"west": {"uv": [12, 0, 13, 16], "rotation": 90, "texture": "#4"},
				"up": {"uv": [12, 0, 13, 16], "rotation": 90, "texture": "#4"},
				"down": {"uv": [12, 0, 13, 16], "rotation": 90, "texture": "#4"}
			}
		},
		{
			"from": [7.62948, 9.25, 7.185],
			"to": [8.37052, 10, 8.815],
			"rotation": {"angle": 0, "axis": "y", "origin": [8, 8.14, 8]},
			"faces": {
				"north": {"uv": [2, 0, 9.5, 16], "rotation": 180, "texture": "#4"},
				"east": {"uv": [13, 0, 0.5, 16], "rotation": 180, "texture": "#4"},
				"south": {"uv": [2, 0, 9.5, 16], "rotation": 180, "texture": "#4"},
				"west": {"uv": [0.5, 0, 13, 16], "rotation": 180, "texture": "#4"},
				"up": {"uv": [13.5, 0, 16, 16], "rotation": 180, "texture": "#4"},
				"down": {"uv": [8, 0, 9, 16], "rotation": 180, "texture": "#4"}
			}
		},
		{
			"from": [7.72948, 5.75, 7.185],
			"to": [8.27052, 7, 8.815],
			"rotation": {"angle": 0, "axis": "y", "origin": [8, 5.14, 8]},
			"faces": {
				"north": {"uv": [2, 0, 9.5, 16], "rotation": 180, "texture": "#5"},
				"east": {"uv": [13, 0, 0.5, 16], "rotation": 180, "texture": "#5"},
				"south": {"uv": [2, 0, 9.5, 16], "rotation": 180, "texture": "#5"},
				"west": {"uv": [0.5, 0, 13, 16], "rotation": 180, "texture": "#5"},
				"up": {"uv": [13.5, 0, 16, 16], "rotation": 180, "texture": "#5"},
				"down": {"uv": [7, 0, 10.5, 16], "rotation": 180, "texture": "#5"}
			}
		}
	],
	"gui_light": "front",
	"display": {
		"thirdperson_righthand": {
			"rotation": [22.25, 3.64, -10.07],
			"translation": [0, -1.25, -1.25],
			"scale": [0.75, 0.75, 0.75]
		},
		"thirdperson_lefthand": {
			"rotation": [22.25, 3.64, -10.07],
			"translation": [0, -1.25, -1.25],
			"scale": [0.75, 0.75, 0.75]
		},
		"firstperson_righthand": {
			"rotation": [-7, 0, -7],
			"translation": [3, -0.75, 0],
			"scale": [1.02, 1.02, 0.73]
		},
		"firstperson_lefthand": {
			"rotation": [-7, 0, -7],
			"translation": [3, -0.75, 0],
			"scale": [1.02, 1.02, 0.73]
		},
		"ground": {
			"rotation": [90, 90, 0],
			"translation": [0, -1.5, 0]
		},
		"gui": {
			"rotation": [-164.09, 36.87, 175.46],
			"translation": [0.5, 0.75, 0],
			"scale": [2.6, 2.6, 2.6]
		},
		"fixed": {
			"rotation": [-90, 88.75, 90],
			"scale": [2.13, 2.13, 2.13]
		}
	},
	"groups": [
		{
			"name": "hexadecagon",
			"origin": [8, 8, 8],
			"color": 0,
			"children": [0, 1, 2, 3, 4, 5, 6, 7, 8, 9, 10, 11, 12, 13, 14, 15]
		},
		16,
		17
	]
}