{
	"credit": "Made with Blockbench",
	"textures": {
		"0": "custom/odm/hook",
		"particle": "custom/odm/hook"
	},
	"elements": [
		{
			"from": [8, -2, 1],
			"to": [8, 3, 8],
			"rotation": {"angle": 0, "axis": "y", "origin": [7, 7, -1]},
			"faces": {
				"north": {"uv": [9, 0, 11, 5], "texture": "#0"},
				"east": {"uv": [7, 5, 0, 10], "texture": "#0"},
				"south": {"uv": [9, 5, 11, 10], "texture": "#0"},
				"west": {"uv": [0, 5, 7, 10], "texture": "#0"},
				"up": {"uv": [9, 7, 7, 0], "texture": "#0"},
				"down": {"uv": [9, 7, 7, 14], "texture": "#0"}
			}
		}
	],
	"display": {
		"thirdperson_righthand": {
			"rotation": [15, 0, 0],
			"translation": [-5.5, 12.75, 17.5],
			"scale": [1.3, 1.3, 1.3]
		}
	}
}