{"credit":"Shingeki no Craft: Made by Fanfo and Zabat","textures":{"2":"custom/titan/shifter/beast/head/6","5":"custom/titan/shifter/beast/teeth","particle":"custom/titan/shifter/beast/head/6"},"elements":[{"from":[3.75172,15.81784,7.25016],"to":[12.24832,16.71748,9.04944],"rotation":{"angle":0,"axis":"y","origin":[8.00002,16.71555,10.48317]},"faces":{"north":{"uv":[10.5,5.5,12.625,5.75],"texture":"#2"},"east":{"uv":[6.25,5,6.75,5.25],"texture":"#2"},"south":{"uv":[10.5,5.75,12.625,6],"texture":"#2"},"west":{"uv":[7,1.5,7.5,1.75],"texture":"#2"},"up":{"uv":[9.875,9.5,7.75,9],"texture":"#2"},"down":{"uv":[2.125,9.25,0,9.75],"texture":"#2"}}},{"from":[4.50144,16.56752,7.94988],"to":[11.49864,17.867,9.04944],"rotation":{"angle":0,"axis":"y","origin":[8.00002,16.71555,10.48317]},"faces":{"north":{"uv":[9.5,8.5,11.25,8.875],"texture":"#2"},"east":{"uv":[3,10.25,3.25,10.625],"texture":"#2"},"south":{"uv":[9.75,7.25,11.5,7.625],"texture":"#2"},"west":{"uv":[12,6.75,12.25,7.125],"texture":"#2"},"up":{"uv":[12.75,4,11,3.75],"texture":"#2"},"down":{"uv":[12.75,6.5,11,6.75],"texture":"#2"}}},{"from":[5.00124,13.51876,7.30016],"to":[10.99884,15.81784,7.79996],"rotation":{"angle":0,"axis":"y","origin":[8.00002,16.71555,10.48317]},"faces":{"north":{"uv":[9.5,2.5,11,3.125],"texture":"#2"},"east":{"uv":[8.75,12,8.875,12.625],"texture":"#2"},"south":{"uv":[9.5,3.25,11,3.875],"texture":"#2"},"west":{"uv":[9,12,9.125,12.625],"texture":"#2"},"up":{"uv":[13.25,4.125,11.75,4],"texture":"#2"},"down":{"uv":[13.25,4.25,11.75,4.375],"texture":"#2"}}},{"from":[7.6002,13.90576,6.81208],"to":[8.39988,17.40436,7.81168],"rotation":{"angle":22.5,"axis":"x","origin":[8.00002,16.71555,10.48317]},"faces":{"north":{"uv":[1.75,10.5,2,11.375],"texture":"#2"},"east":{"uv":[0.5,11.25,0.75,12.125],"texture":"#2"},"south":{"uv":[6.5,11.5,6.75,12.375],"texture":"#2"},"west":{"uv":[2.75,11.75,3,12.625],"texture":"#2"},"up":{"uv":[8.25,5,8,4.75],"texture":"#2"},"down":{"uv":[10.25,4.5,10,4.75],"texture":"#2"}}},{"from":[7.0754,16.55472,6.61216],"to":[8.92464,18.20404,7.81168],"rotation":{"angle":22.5,"axis":"x","origin":[8.00002,16.71555,10.48317]},"faces":{"north":{"uv":[3.5,11.75,4,12.125],"texture":"#2"},"east":{"uv":[8.25,12,8.5,12.375],"texture":"#2"},"south":{"uv":[4,11.75,4.5,12.125],"texture":"#2"},"west":{"uv":[8.5,12,8.75,12.375],"texture":"#2"},"up":{"uv":[8,3,7.5,2.75],"texture":"#2"},"down":{"uv":[12.5,6,12,6.25],"texture":"#2"}}},{"from":[8.34979,15.26625,6.80112],"to":[9.44935,16.36581,7.30092],"rotation":{"angle":-45,"axis":"z","origin":[8.00002,16.71555,10.48317]},"faces":{"north":{"uv":[3,10.75,3.25,11],"texture":"#2"},"east":{"uv":[0.25,12.5,0.375,12.75],"texture":"#2"},"south":{"uv":[1.75,11.5,2,11.75],"texture":"#2"},"west":{"uv":[12.5,0.25,12.625,0.5],"texture":"#2"},"up":{"uv":[0.75,12.625,0.5,12.5],"texture":"#2"},"down":{"uv":[1,12.5,0.75,12.625],"texture":"#2"}}},{"from":[3.95164,16.8046,6.61316],"to":[12.0484,19.00372,7.81268],"rotation":{"angle":22.5,"axis":"x","origin":[8.00002,16.71555,10.48317]},"faces":{"north":{"uv":[9.5,1.5,11.5,2],"texture":"#2"},"east":{"uv":[6,3,6.25,3.5],"texture":"#2"},"south":{"uv":[9.5,2,11.5,2.5],"texture":"#2"},"west":{"uv":[2,9.75,2.25,10.25],"texture":"#2"},"up":{"uv":[12.75,9.75,10.75,9.5],"texture":"#2"},"down":{"uv":[12.75,9.75,10.75,10],"texture":"#2"}}},{"from":[4.17656,18.89292,7.78032],"to":[11.82348,23.24116,8.97984],"rotation":{"angle":0,"axis":"y","origin":[8.00002,16.71555,10.48317]},"faces":{"north":{"uv":[7.5,1.5,9.375,2.625],"texture":"#2"},"east":{"uv":[5,9,5.25,10.125],"texture":"#2"},"south":{"uv":[7.75,6.5,9.625,7.625],"texture":"#2"},"west":{"uv":[6.5,10.25,6.75,11.375],"texture":"#2"},"up":{"uv":[12.625,10.25,10.75,10],"texture":"#2"},"down":{"uv":[12.625,10.25,10.75,10.5],"texture":"#2"}}},{"from":[5.87588,22.64068,7.23584],"to":[10.12416,24.88976,15.2826],"rotation":{"angle":0,"axis":"y","origin":[8.00002,16.71555,10.48317]},"faces":{"north":{"uv":[0.75,9.75,1.875,10.375],"texture":"#2"},"east":{"uv":[8,4,10,4.625],"texture":"#2"},"south":{"uv":[9.75,6.5,10.875,7.125],"texture":"#2"},"west":{"uv":[8.25,4.75,10.25,5.375],"texture":"#2"},"up":{"uv":[6.375,8.5,5.25,6.5],"texture":"#2"},"down":{"uv":[7.625,6.5,6.5,8.5],"texture":"#2"}}},{"from":[5.87588,22.64068,8.23584],"to":[10.12416,24.48976,14.8826],"rotation":{"angle":0,"axis":"y","origin":[8.00002,16.71555,10.48317]},"faces":{"north":{"uv":[14.625,4.25,15.75,4.875],"texture":"#2"},"east":{"uv":[13.5,3,15.5,3.625],"texture":"#2"},"south":{"uv":[13.5,4.25,14.625,4.875],"texture":"#2"},"west":{"uv":[13.5,3.625,15.5,4.25],"texture":"#2"},"up":{"uv":[14.625,6.875,13.5,4.875],"texture":"#2"},"down":{"uv":[15.75,4.875,14.625,6.875],"texture":"#2"}}},{"from":[4.82632,11.39777,9.22937],"to":[11.17376,18.94477,18.47565],"rotation":{"angle":-45,"axis":"x","origin":[8.00002,16.71555,10.48317]},"faces":{"north":{"uv":[1.75,6,3.375,7.875],"texture":"#2"},"east":{"uv":[2.375,2,0,3.875],"texture":"#2"},"south":{"uv":[6.25,3,7.875,4.875],"texture":"#2"},"west":{"uv":[0,2,2.375,3.875],"texture":"#2"},"up":{"uv":[4.125,5.875,2.5,3.5],"texture":"#2"},"down":{"uv":[1.625,4,0,6.375],"texture":"#2"}}},{"from":[3.077,14.51632,9.7182],"to":[12.92308,19.66428,16.2156],"rotation":{"angle":0,"axis":"y","origin":[8.00002,16.71555,10.48317]},"faces":{"north":{"uv":[5,1.75,7.5,3],"texture":"#2"},"east":{"uv":[1.625,8,0,9.25],"texture":"#2"},"south":{"uv":[4.25,5.25,6.75,6.5],"texture":"#2"},"west":{"uv":[0,8,1.625,9.25],"texture":"#2"},"up":{"uv":[5,1.625,2.5,0],"texture":"#2"},"down":{"uv":[5,1.75,2.5,3.375],"texture":"#2"}}},{"from":[10.37892,9.8172,7.3502],"to":[11.92832,16.71524,13.1478],"rotation":{"angle":0,"axis":"y","origin":[7.75002,16.71555,10.48317]},"faces":{"north":{"uv":[8.25,10.75,8.625,12],"texture":"#2"},"east":{"uv":[1.75,8,3.25,9.25],"texture":"#2"},"south":{"uv":[8.75,10.75,9.125,12],"texture":"#2"},"west":{"uv":[8,2.75,9.5,4],"texture":"#2"},"up":{"uv":[2.375,11.75,2,10.25],"texture":"#2"},"down":{"uv":[2.875,10.25,2.5,11.75],"texture":"#2"}}},{"from":[7.98176,15.69677,6.95028],"to":[12.77984,16.89629,11.04864],"rotation":{"angle":-22.5,"axis":"z","origin":[8.00002,16.71555,10.48317]},"faces":{"north":{"uv":[11.5,3,12.75,3.25],"texture":"#2"},"east":{"uv":[8.5,1.25,9.5,1.5],"texture":"#2"},"south":{"uv":[11.5,3.25,12.75,3.5],"texture":"#2"},"west":{"uv":[11.5,3.5,12.5,3.75],"texture":"#2"},"up":{"uv":[5.25,9,4,8],"texture":"#2"},"down":{"uv":[9.5,5.5,8.25,6.5],"texture":"#2"}}},{"from":[9.95768,13.45451,7.05024],"to":[11.85692,15.00387,10.04904],"rotation":{"angle":22.5,"axis":"z","origin":[8.00002,16.71555,10.48317]},"faces":{"north":{"uv":[11.75,4.5,12.25,4.875],"texture":"#2"},"east":{"uv":[3.5,6,4.25,6.375],"texture":"#2"},"south":{"uv":[11.75,5,12.25,5.375],"texture":"#2"},"west":{"uv":[11.5,7.25,12.25,7.625],"texture":"#2"},"up":{"uv":[4,11.75,3.5,11],"texture":"#2"},"down":{"uv":[4.5,11,4,11.75],"texture":"#2"}}},{"from":[8.79968,16.74756,6.5724],"to":[12.19832,17.99704,8.27172],"rotation":{"angle":22.5,"axis":"x","origin":[8.00002,16.71555,10.48317]},"faces":{"north":{"uv":[10.75,11,11.625,11.375],"texture":"#2"},"east":{"uv":[7.25,11.75,7.625,12.125],"texture":"#2"},"south":{"uv":[11.25,8.5,12.125,8.875],"texture":"#2"},"west":{"uv":[7.75,11.75,8.125,12.125],"texture":"#2"},"up":{"uv":[10.125,11.625,9.25,11.25],"texture":"#2"},"down":{"uv":[12.375,1.5,11.5,1.875],"texture":"#2"}}},{"from":[10.24611,16.64092,6.08163],"to":[11.49559,18.24028,8.63063],"rotation":{"angle":-22.5,"axis":"y","origin":[8.00002,16.71555,10.48317]},"faces":{"north":{"uv":[9.25,11.75,9.625,12.125],"texture":"#2"},"east":{"uv":[11.5,10.5,12.125,10.875],"texture":"#2"},"south":{"uv":[9.75,11.75,10.125,12.125],"texture":"#2"},"west":{"uv":[11.25,11.5,11.875,11.875],"texture":"#2"},"up":{"uv":[12.125,0.625,11.75,0],"texture":"#2"},"down":{"uv":[12.125,0.75,11.75,1.375],"texture":"#2"}}},{"from":[12.64276,15.59136,11.56933],"to":[13.14256,17.24068,13.11869],"rotation":{"angle":22.5,"axis":"y","origin":[8.00002,16.71555,10.48317]},"faces":{"north":{"uv":[10.5,12,10.625,12.375],"texture":"#2"},"east":{"uv":[11.75,11,12.125,11.375],"texture":"#2"},"south":{"uv":[11.25,12,11.375,12.375],"texture":"#2"},"west":{"uv":[0.75,12,1.125,12.375],"texture":"#2"},"up":{"uv":[11.625,12.375,11.5,12],"texture":"#2"},"down":{"uv":[12.125,11.5,12,11.875],"texture":"#2"}}},{"from":[12.47768,19.15849,9.79572],"to":[12.97748,20.80781,11.0952],"rotation":{"angle":-22.5,"axis":"z","origin":[8.00002,16.71555,10.48317]},"faces":{"north":{"uv":[11.75,12,11.875,12.375],"texture":"#2"},"east":{"uv":[1.25,12,1.625,12.375],"texture":"#2"},"south":{"uv":[12,12,12.125,12.375],"texture":"#2"},"west":{"uv":[4.5,12,4.875,12.375],"texture":"#2"},"up":{"uv":[0.125,12.625,0,12.25],"texture":"#2"},"down":{"uv":[12.375,0,12.25,0.375],"texture":"#2"}}},{"from":[11.6714,14.54176,7.98552],"to":[12.92092,21.9888,9.7848],"rotation":{"angle":0,"axis":"y","origin":[8.00002,16.71555,10.48317]},"faces":{"north":{"uv":[6.75,9.75,7.125,11.625],"texture":"#2"},"east":{"uv":[4,9,4.5,10.875],"texture":"#2"},"south":{"uv":[7.25,9.75,7.625,11.625],"texture":"#2"},"west":{"uv":[4.5,9,5,10.875],"texture":"#2"},"up":{"uv":[6.375,12.25,6,11.75],"texture":"#2"},"down":{"uv":[7.125,11.75,6.75,12.25],"texture":"#2"}}},{"from":[12.50024,14.90619,6.73604],"to":[15.34912,21.25367,14.53292],"rotation":{"angle":45,"axis":"z","origin":[8.00002,16.71555,10.48317]},"faces":{"north":{"uv":[5.25,8.5,6,10.125],"texture":"#2"},"east":{"uv":[4.25,3.5,6.25,5.125],"texture":"#2"},"south":{"uv":[6,8.5,6.75,10.125],"texture":"#2"},"west":{"uv":[5,0,7,1.625],"texture":"#2"},"up":{"uv":[2.5,6,1.75,4],"texture":"#2"},"down":{"uv":[4,8,3.25,10],"texture":"#2"}}},{"from":[4.07176,9.8172,7.3502],"to":[5.62112,16.71524,13.1478],"rotation":{"angle":0,"axis":"y","origin":[8.25002,16.71555,10.48317]},"faces":{"north":{"uv":[8.625,10.75,8.25,12],"texture":"#2"},"east":{"uv":[9.5,2.75,8,4],"texture":"#2"},"south":{"uv":[9.125,10.75,8.75,12],"texture":"#2"},"west":{"uv":[3.25,8,1.75,9.25],"texture":"#2"},"up":{"uv":[2,11.75,2.375,10.25],"texture":"#2"},"down":{"uv":[2.5,10.25,2.875,11.75],"texture":"#2"}}},{"from":[3.2202,15.69675,6.95028],"to":[8.01828,16.89627,11.04864],"rotation":{"angle":22.5,"axis":"z","origin":[8.00002,16.71555,10.48317]},"faces":{"north":{"uv":[12.75,3,11.5,3.25],"texture":"#2"},"east":{"uv":[12.5,3.5,11.5,3.75],"texture":"#2"},"south":{"uv":[12.75,3.25,11.5,3.5],"texture":"#2"},"west":{"uv":[9.5,1.25,8.5,1.5],"texture":"#2"},"up":{"uv":[4,9,5.25,8],"texture":"#2"},"down":{"uv":[8.25,5.5,9.5,6.5],"texture":"#2"}}},{"from":[4.14312,13.45453,7.05024],"to":[6.04236,15.00389,10.04904],"rotation":{"angle":-22.5,"axis":"z","origin":[8.00002,16.71555,10.48317]},"faces":{"north":{"uv":[12.25,4.5,11.75,4.875],"texture":"#2"},"east":{"uv":[12.25,7.25,11.5,7.625],"texture":"#2"},"south":{"uv":[12.25,5,11.75,5.375],"texture":"#2"},"west":{"uv":[4.25,6,3.5,6.375],"texture":"#2"},"up":{"uv":[3.5,11.75,4,11],"texture":"#2"},"down":{"uv":[4,11,4.5,11.75],"texture":"#2"}}},{"from":[3.80176,16.74756,6.5724],"to":[7.2004,17.99704,8.27172],"rotation":{"angle":22.5,"axis":"x","origin":[8.00002,16.71555,10.48317]},"faces":{"north":{"uv":[11.625,11,10.75,11.375],"texture":"#2"},"east":{"uv":[8.125,11.75,7.75,12.125],"texture":"#2"},"south":{"uv":[12.125,8.5,11.25,8.875],"texture":"#2"},"west":{"uv":[7.625,11.75,7.25,12.125],"texture":"#2"},"up":{"uv":[9.25,11.625,10.125,11.25],"texture":"#2"},"down":{"uv":[11.5,1.5,12.375,1.875],"texture":"#2"}}},{"from":[4.50444,16.64092,6.08165],"to":[5.75396,18.24028,8.63065],"rotation":{"angle":22.5,"axis":"y","origin":[8.00002,16.71555,10.48317]},"faces":{"north":{"uv":[9.625,11.75,9.25,12.125],"texture":"#2"},"east":{"uv":[11.875,11.5,11.25,11.875],"texture":"#2"},"south":{"uv":[10.125,11.75,9.75,12.125],"texture":"#2"},"west":{"uv":[12.125,10.5,11.5,10.875],"texture":"#2"},"up":{"uv":[11.75,0.625,12.125,0],"texture":"#2"},"down":{"uv":[11.75,0.75,12.125,1.375],"texture":"#2"}}},{"from":[2.85751,15.59136,11.56931],"to":[3.35731,17.24068,13.11867],"rotation":{"angle":-22.5,"axis":"y","origin":[8.00002,16.71555,10.48317]},"faces":{"north":{"uv":[10.625,12,10.5,12.375],"texture":"#2"},"east":{"uv":[1.125,12,0.75,12.375],"texture":"#2"},"south":{"uv":[11.375,12,11.25,12.375],"texture":"#2"},"west":{"uv":[12.125,11,11.75,11.375],"texture":"#2"},"up":{"uv":[11.5,12.375,11.625,12],"texture":"#2"},"down":{"uv":[12,11.5,12.125,11.875],"texture":"#2"}}},{"from":[3.02256,19.15847,9.79572],"to":[3.52236,20.80779,11.0952],"rotation":{"angle":22.5,"axis":"z","origin":[8.00002,16.71555,10.48317]},"faces":{"north":{"uv":[11.875,12,11.75,12.375],"texture":"#2"},"east":{"uv":[4.875,12,4.5,12.375],"texture":"#2"},"south":{"uv":[12.125,12,12,12.375],"texture":"#2"},"west":{"uv":[1.625,12,1.25,12.375],"texture":"#2"},"up":{"uv":[0,12.625,0.125,12.25],"texture":"#2"},"down":{"uv":[12.25,0,12.375,0.375],"texture":"#2"}}},{"from":[3.07916,14.54176,7.98552],"to":[4.32864,21.9888,9.7848],"rotation":{"angle":0,"axis":"y","origin":[8.00002,16.71555,10.48317]},"faces":{"north":{"uv":[7.125,9.75,6.75,11.625],"texture":"#2"},"east":{"uv":[5,9,4.5,10.875],"texture":"#2"},"south":{"uv":[7.625,9.75,7.25,11.625],"texture":"#2"},"west":{"uv":[4.5,9,4,10.875],"texture":"#2"},"up":{"uv":[6,12.25,6.375,11.75],"texture":"#2"},"down":{"uv":[6.75,11.75,7.125,12.25],"texture":"#2"}}},{"from":[0.65095,14.90621,6.73604],"to":[3.49979,21.25369,14.53292],"rotation":{"angle":-45,"axis":"z","origin":[8.00002,16.71555,10.48317]},"faces":{"north":{"uv":[6,8.5,5.25,10.125],"texture":"#2"},"east":{"uv":[7,0,5,1.625],"texture":"#2"},"south":{"uv":[6.75,8.5,6,10.125],"texture":"#2"},"west":{"uv":[6.25,3.5,4.25,5.125],"texture":"#2"},"up":{"uv":[1.75,6,2.5,4],"texture":"#2"},"down":{"uv":[3.25,8,4,10],"texture":"#2"}}},{"from":[1.05095,15.70621,7.93604],"to":[3.49979,20.85369,14.13292],"rotation":{"angle":-45,"axis":"z","origin":[8.00002,16.71555,10.48317]},"faces":{"north":{"uv":[15.625,10.25,14.875,8.625],"texture":"#2"},"east":{"uv":[15.375,10.25,13.375,11.875],"texture":"#2"},"south":{"uv":[15.625,7,14.875,8.625],"texture":"#2"},"west":{"uv":[15.375,13.5,13.375,11.875],"texture":"#2"},"up":{"uv":[14.125,10.25,14.875,8.25],"texture":"#2"},"down":{"uv":[13.375,8.25,14.125,10.25],"texture":"#2"}}},{"from":[12.50028,16.17743,7.93604],"to":[14.94912,20.72491,14.13292],"rotation":{"angle":45,"axis":"z","origin":[8.00002,16.71555,10.48317]},"faces":{"north":{"uv":[15.625,8.625,14.875,10.25],"rotation":180,"texture":"#2"},"east":{"uv":[15.375,11.875,13.375,13.5],"rotation":180,"texture":"#2"},"south":{"uv":[15.625,8.625,14.875,7],"rotation":180,"texture":"#2"},"west":{"uv":[15.375,10.25,13.375,11.875],"rotation":180,"texture":"#2"},"up":{"uv":[14.125,8.25,14.875,10.25],"rotation":180,"texture":"#2"},"down":{"uv":[13.375,10.25,14.125,8.25],"rotation":180,"texture":"#2"}}},{"from":[5.13496,14.34527,7.84992],"to":[5.63476,14.84507,8.34972],"rotation":{"angle":45,"axis":"z","origin":[8.00002,16.71555,10.48317]},"faces":{"north":{"uv":[11,9,11.5,9.5],"texture":"#5"},"east":{"uv":[10,11,10.5,11.5],"texture":"#5"},"south":{"uv":[11,10,11.5,10.5],"texture":"#5"},"west":{"uv":[11,11,11.5,11.5],"texture":"#5"},"up":{"uv":[0.5,12.5,0,12],"texture":"#5"},"down":{"uv":[12.5,0,12,0.5],"texture":"#5"}}},{"from":[7.13416,12.44603,8.54964],"to":[7.63396,13.44563,9.04944],"rotation":{"angle":45,"axis":"z","origin":[8.00002,16.71555,10.48317]},"faces":{"north":{"uv":[0,9,0.5,10],"texture":"#5"},"east":{"uv":[5,9,5.5,10],"texture":"#5"},"south":{"uv":[9,9,9.5,10],"texture":"#5"},"west":{"uv":[0,10,0.5,11],"texture":"#5"},"up":{"uv":[1.5,12.5,1,12],"texture":"#5"},"down":{"uv":[12.5,1,12,1.5],"texture":"#5"}}},{"from":[6.63436,12.94583,8.1998],"to":[7.13416,13.94543,8.6996],"rotation":{"angle":45,"axis":"z","origin":[8.00002,16.71555,10.48317]},"faces":{"north":{"uv":[10,0,10.5,1],"texture":"#5"},"east":{"uv":[1,10,1.5,11],"texture":"#5"},"south":{"uv":[2,10,2.5,11],"texture":"#5"},"west":{"uv":[3,10,3.5,11],"texture":"#5"},"up":{"uv":[2.5,12.5,2,12],"texture":"#5"},"down":{"uv":[12.5,2,12,2.5],"texture":"#5"}}},{"from":[5.62976,13.85047,7.84992],"to":[6.12956,14.85007,8.34972],"rotation":{"angle":45,"axis":"z","origin":[8.00002,16.71555,10.48317]},"faces":{"north":{"uv":[10,3,10.5,4],"texture":"#5"},"east":{"uv":[4,10,4.5,11],"texture":"#5"},"south":{"uv":[5,10,5.5,11],"texture":"#5"},"west":{"uv":[6,10,6.5,11],"texture":"#5"},"up":{"uv":[3.5,12.5,3,12],"texture":"#5"},"down":{"uv":[12.5,3,12,3.5],"texture":"#5"}}},{"from":[9.37571,13.35573,8.04984],"to":[9.87551,14.35533,8.54964],"rotation":{"angle":-45,"axis":"z","origin":[8.00002,16.71555,10.48317]},"faces":{"north":{"uv":[7,10,7.5,11],"texture":"#5"},"east":{"uv":[8,10,8.5,11],"texture":"#5"},"south":{"uv":[9,10,9.5,11],"texture":"#5"},"west":{"uv":[10,9,10.5,10],"texture":"#5"},"up":{"uv":[4.5,12.5,4,12],"texture":"#5"},"down":{"uv":[12.5,4,12,4.5],"texture":"#5"}}},{"from":[8.87591,12.85593,8.1998],"to":[9.37571,13.85553,8.6996],"rotation":{"angle":-45,"axis":"z","origin":[8.00002,16.71555,10.48317]},"faces":{"north":{"uv":[10,10,10.5,11],"texture":"#5"},"east":{"uv":[0,11,0.5,12],"texture":"#5"},"south":{"uv":[11,0,11.5,1],"texture":"#5"},"west":{"uv":[1,11,1.5,12],"texture":"#5"},"up":{"uv":[5.5,12.5,5,12],"texture":"#5"},"down":{"uv":[12.5,5,12,5.5],"texture":"#5"}}},{"from":[8.37611,12.35613,8.54964],"to":[8.87591,13.35573,9.04944],"rotation":{"angle":-45,"axis":"z","origin":[8.00002,16.71555,10.48317]},"faces":{"north":{"uv":[11,1,11.5,2],"texture":"#5"},"east":{"uv":[2,11,2.5,12],"texture":"#5"},"south":{"uv":[11,2,11.5,3],"texture":"#5"},"west":{"uv":[3,11,3.5,12],"texture":"#5"},"up":{"uv":[6.5,12.5,6,12],"texture":"#5"},"down":{"uv":[12.5,6,12,6.5],"texture":"#5"}}},{"from":[10.1366,15.08791,12.9356],"to":[10.6364,15.58771,14.18508],"rotation":{"angle":45,"axis":"x","origin":[8.00002,16.71555,10.48317]},"faces":{"north":{"uv":[7,12,7.5,12.5],"texture":"#5"},"east":{"uv":[4,6,5.25,6.5],"texture":"#5"},"south":{"uv":[12,7,12.5,7.5],"texture":"#5"},"west":{"uv":[6,4,7.25,4.5],"texture":"#5"},"up":{"uv":[6.5,6.25,6,5],"texture":"#5"},"down":{"uv":[0.5,7,0,8.25],"texture":"#5"}}},{"from":[10.1366,14.58811,12.4358],"to":[10.6364,15.08791,13.68528],"rotation":{"angle":45,"axis":"x","origin":[8.00002,16.71555,10.48317]},"faces":{"north":{"uv":[8,12,8.5,12.5],"texture":"#5"},"east":{"uv":[1,7,2.25,7.5],"texture":"#5"},"south":{"uv":[12,8,12.5,8.5],"texture":"#5"},"west":{"uv":[3,7,4.25,7.5],"texture":"#5"},"up":{"uv":[5.5,8.25,5,7],"texture":"#5"},"down":{"uv":[7.5,5,7,6.25],"texture":"#5"}}},{"from":[10.1366,14.08831,11.936],"to":[10.6364,14.58811,13.18548],"rotation":{"angle":45,"axis":"x","origin":[8.00002,16.71555,10.48317]},"faces":{"north":{"uv":[9,12,9.5,12.5],"texture":"#5"},"east":{"uv":[6,7,7.25,7.5],"texture":"#5"},"south":{"uv":[12,9,12.5,9.5],"texture":"#5"},"west":{"uv":[8,0,9.25,0.5],"texture":"#5"},"up":{"uv":[1.5,9.25,1,8],"texture":"#5"},"down":{"uv":[8.5,1,8,2.25],"texture":"#5"}}},{"from":[10.1366,13.63919,11.4362],"to":[10.6364,14.08903,12.68568],"rotation":{"angle":45,"axis":"x","origin":[8.00002,16.71555,10.48317]},"faces":{"north":{"uv":[10,12,10.5,12.5],"texture":"#5"},"east":{"uv":[2,8,3.25,8.5],"texture":"#5"},"south":{"uv":[12,10,12.5,10.5],"texture":"#5"},"west":{"uv":[8,3,9.25,3.5],"texture":"#5"},"up":{"uv":[4.5,9.25,4,8],"texture":"#5"},"down":{"uv":[8.5,4,8,5.25],"texture":"#5"}}},{"from":[10.1366,13.13939,11.4362],"to":[10.6364,13.63919,12.18588],"rotation":{"angle":45,"axis":"x","origin":[8.00002,16.71555,10.48317]},"faces":{"north":{"uv":[11,12,11.5,12.5],"texture":"#5"},"east":{"uv":[11,5,11.75,5.5],"texture":"#5"},"south":{"uv":[12,11,12.5,11.5],"texture":"#5"},"west":{"uv":[6,11,6.75,11.5],"texture":"#5"},"up":{"uv":[11.5,6.75,11,6],"texture":"#5"},"down":{"uv":[7.5,11,7,11.75],"texture":"#5"}}},{"from":[5.36364,15.08791,12.9356],"to":[5.86344,15.58771,14.18508],"rotation":{"angle":45,"axis":"x","origin":[8.00002,16.71555,10.48317]},"faces":{"north":{"uv":[7.5,12,7,12.5],"texture":"#5"},"east":{"uv":[7.25,4,6,4.5],"texture":"#5"},"south":{"uv":[12.5,7,12,7.5],"texture":"#5"},"west":{"uv":[5.25,6,4,6.5],"texture":"#5"},"up":{"uv":[6,6.25,6.5,5],"texture":"#5"},"down":{"uv":[0,7,0.5,8.25],"texture":"#5"}}},{"from":[5.36364,13.13939,11.4362],"to":[5.86344,13.63919,12.18588],"rotation":{"angle":45,"axis":"x","origin":[8.00002,16.71555,10.48317]},"faces":{"north":{"uv":[11.5,12,11,12.5],"texture":"#5"},"east":{"uv":[6.75,11,6,11.5],"texture":"#5"},"south":{"uv":[12.5,11,12,11.5],"texture":"#5"},"west":{"uv":[11.75,5,11,5.5],"texture":"#5"},"up":{"uv":[11,6.75,11.5,6],"texture":"#5"},"down":{"uv":[7,11,7.5,11.75],"texture":"#5"}}},{"from":[5.36364,14.58811,12.4358],"to":[5.86344,15.08791,13.68528],"rotation":{"angle":45,"axis":"x","origin":[8.00002,16.71555,10.48317]},"faces":{"north":{"uv":[8.5,12,8,12.5],"texture":"#5"},"east":{"uv":[4.25,7,3,7.5],"texture":"#5"},"south":{"uv":[12.5,8,12,8.5],"texture":"#5"},"west":{"uv":[2.25,7,1,7.5],"texture":"#5"},"up":{"uv":[5,8.25,5.5,7],"texture":"#5"},"down":{"uv":[7,5,7.5,6.25],"texture":"#5"}}},{"from":[5.36364,13.63919,11.4362],"to":[5.86344,14.08903,12.68568],"rotation":{"angle":45,"axis":"x","origin":[8.00002,16.71555,10.48317]},"faces":{"north":{"uv":[10.5,12,10,12.5],"texture":"#5"},"east":{"uv":[9.25,3,8,3.5],"texture":"#5"},"south":{"uv":[12.5,10,12,10.5],"texture":"#5"},"west":{"uv":[3.25,8,2,8.5],"texture":"#5"},"up":{"uv":[4,9.25,4.5,8],"texture":"#5"},"down":{"uv":[8,4,8.5,5.25],"texture":"#5"}}},{"from":[5.36364,14.08831,11.936],"to":[5.86344,14.58811,13.18548],"rotation":{"angle":45,"axis":"x","origin":[8.00002,16.71555,10.48317]},"faces":{"north":{"uv":[9.5,12,9,12.5],"texture":"#5"},"east":{"uv":[9.25,0,8,0.5],"texture":"#5"},"south":{"uv":[12.5,9,12,9.5],"texture":"#5"},"west":{"uv":[7.25,7,6,7.5],"texture":"#5"},"up":{"uv":[1,9.25,1.5,8],"texture":"#5"},"down":{"uv":[8,1,8.5,2.25],"texture":"#5"}}},{"from":[6.12956,13.35067,8.04984],"to":[6.62936,14.35027,8.54964],"rotation":{"angle":45,"axis":"z","origin":[8.00002,16.71555,10.48317]},"faces":{"north":{"uv":[11,3,11.5,4],"texture":"#5"},"east":{"uv":[4,11,4.5,12],"texture":"#5"},"south":{"uv":[11,4,11.5,5],"texture":"#5"},"west":{"uv":[5,11,5.5,12],"texture":"#5"},"up":{"uv":[12.5,12.5,12,12],"texture":"#5"},"down":{"uv":[0.5,13,0,13.5],"texture":"#5"}}},{"from":[6.95044,6.99876,3.38768],"to":[9.0496,11.09712,5.68676],"rotation":{"angle":-22.5,"axis":"x","origin":[8.00002,14.21555,10.48317]},"faces":{"north":{"uv":[6,10.75,6.5,11.75],"texture":"#2"},"east":{"uv":[3.25,10,3.875,11],"texture":"#2"},"south":{"uv":[7.75,10.75,8.25,11.75],"texture":"#2"},"west":{"uv":[10,9.5,10.625,10.5],"texture":"#2"},"up":{"uv":[10.75,11.875,10.25,11.25],"texture":"#2"},"down":{"uv":[11.25,11.5,10.75,12.125],"texture":"#2"}}},{"from":[5.20116,7.74844,3.63756],"to":[10.79892,10.59732,5.93664],"rotation":{"angle":-22.5,"axis":"x","origin":[8.00002,14.21555,10.48317]},"faces":{"north":{"uv":[9.5,0,10.875,0.75],"texture":"#2"},"east":{"uv":[11,0,11.625,0.75],"texture":"#2"},"south":{"uv":[9.5,0.75,10.875,1.5],"texture":"#2"},"west":{"uv":[11,0.75,11.625,1.5],"texture":"#2"},"up":{"uv":[9.125,10.125,7.75,9.5],"texture":"#2"},"down":{"uv":[10.875,7.75,9.5,8.375],"texture":"#2"}}},{"from":[4.95124,7.99836,5.88668],"to":[11.0488,9.59772,11.68436],"rotation":{"angle":-22.5,"axis":"x","origin":[8.00002,14.21555,10.48317]},"faces":{"north":{"uv":[10.25,4.5,11.75,4.875],"texture":"#2"},"east":{"uv":[5,10.25,6.5,10.625],"texture":"#2"},"south":{"uv":[10.25,5,11.75,5.375],"texture":"#2"},"west":{"uv":[7.75,10.25,9.25,10.625],"texture":"#2"},"up":{"uv":[8.25,6.5,6.75,5],"texture":"#2"},"down":{"uv":[8.5,0,7,1.5],"texture":"#2"}}},{"from":[5.37608,10.75968,5.47732],"to":[10.62396,11.65932,6.227],"rotation":{"angle":-22.5,"axis":"x","origin":[8.00002,14.21555,10.48317]},"faces":{"north":{"uv":[11,7.75,12.375,8],"texture":"#2"},"east":{"uv":[12,6.25,12.25,6.5],"texture":"#2"},"south":{"uv":[11,8,12.375,8.25],"texture":"#2"},"west":{"uv":[10.25,12,10.5,12.25],"texture":"#2"},"up":{"uv":[12.375,8.5,11,8.25],"texture":"#2"},"down":{"uv":[10.625,11,9.25,11.25],"texture":"#2"}}},{"from":[5.37608,8.02384,7.517],"to":[10.62396,9.42328,8.0168],"rotation":{"angle":0,"axis":"y","origin":[8.00002,14.21555,10.48317]},"faces":{"north":{"uv":[10.5,6,11.875,6.375],"texture":"#2"},"east":{"uv":[6.25,12.25,6.375,12.625],"texture":"#2"},"south":{"uv":[10,10.5,11.375,10.875],"texture":"#2"},"west":{"uv":[6.75,12.25,6.875,12.625],"texture":"#2"},"up":{"uv":[13.125,9.125,11.75,9],"texture":"#2"},"down":{"uv":[13.125,9.25,11.75,9.375],"texture":"#2"}}},{"from":[4.45144,10.5338,13.81324],"to":[11.5486,16.33148,15.4126],"rotation":{"angle":22.5,"axis":"x","origin":[8.00002,14.21555,10.48317]},"faces":{"north":{"uv":[0,6.5,1.75,8],"texture":"#2"},"east":{"uv":[0.75,10.5,1.125,12],"texture":"#2"},"south":{"uv":[3.5,6.5,5.25,8],"texture":"#2"},"west":{"uv":[1.25,10.5,1.625,12],"texture":"#2"},"up":{"uv":[11.75,4.375,10,4],"texture":"#2"},"down":{"uv":[11.75,9,10,9.375],"texture":"#2"}}},{"from":[6.20076,9.53436,8.97972],"to":[9.79932,10.8838,13.02812],"rotation":{"angle":0,"axis":"y","origin":[8.00002,14.21555,10.48317]},"faces":{"north":{"uv":[11.5,2,12.375,2.375],"texture":"#2"},"east":{"uv":[5,3,6,3.375],"texture":"#2"},"south":{"uv":[11.5,2.5,12.375,2.875],"texture":"#2"},"west":{"uv":[11,6.75,12,7.125],"texture":"#2"},"up":{"uv":[3.125,10.25,2.25,9.25],"texture":"#2"},"down":{"uv":[10.375,5.5,9.5,6.5],"texture":"#2"}}},{"from":[5.06428,11.27979,7.84992],"to":[5.56408,11.77959,8.34972],"rotation":{"angle":45,"axis":"z","origin":[8.00002,14.21555,10.48317]},"faces":{"north":{"uv":[13,0,13.5,0.5],"texture":"#5"},"east":{"uv":[1,13,1.5,13.5],"texture":"#5"},"south":{"uv":[13,1,13.5,1.5],"texture":"#5"},"west":{"uv":[2,13,2.5,13.5],"texture":"#5"},"up":{"uv":[13.5,2.5,13,2],"texture":"#5"},"down":{"uv":[3.5,13,3,13.5],"texture":"#5"}}},{"from":[9.92203,10.78001,8.04984],"to":[11.00159,11.27981,8.54964],"rotation":{"angle":-45,"axis":"z","origin":[8.00002,14.21555,10.48317]},"faces":{"north":{"uv":[9,1,10.125,1.5],"texture":"#5"},"east":{"uv":[13,3,13.5,3.5],"texture":"#5"},"south":{"uv":[2,9,3.125,9.5],"texture":"#5"},"west":{"uv":[4,13,4.5,13.5],"texture":"#5"},"up":{"uv":[10.125,2.5,9,2],"texture":"#5"},"down":{"uv":[10.125,4,9,4.5],"texture":"#5"}}},{"from":[4.99848,10.77999,8.04984],"to":[6.07804,11.27979,8.54964],"rotation":{"angle":45,"axis":"z","origin":[8.00002,14.21555,10.48317]},"faces":{"north":{"uv":[9,5,10.125,5.5],"texture":"#5"},"east":{"uv":[13,4,13.5,4.5],"texture":"#5"},"south":{"uv":[9,6,10.125,6.5],"texture":"#5"},"west":{"uv":[5,13,5.5,13.5],"texture":"#5"},"up":{"uv":[10.125,7.5,9,7],"texture":"#5"},"down":{"uv":[10.125,8,9,8.5],"texture":"#5"}}},{"from":[9.42223,10.28021,8.24976],"to":[10.92163,10.78001,8.74956],"rotation":{"angle":-45,"axis":"z","origin":[8.00002,14.21555,10.48317]},"faces":{"north":{"uv":[0,4,1.5,4.5],"texture":"#5"},"east":{"uv":[13,5,13.5,5.5],"texture":"#5"},"south":{"uv":[4,0,5.5,0.5],"texture":"#5"},"west":{"uv":[6,13,6.5,13.5],"texture":"#5"},"up":{"uv":[5.5,1.5,4,1],"texture":"#5"},"down":{"uv":[3.5,4,2,4.5],"texture":"#5"}}},{"from":[8.92243,9.78041,8.49968],"to":[10.42183,10.28021,8.99948],"rotation":{"angle":-45,"axis":"z","origin":[8.00002,14.21555,10.48317]},"faces":{"north":{"uv":[4,2,5.5,2.5],"texture":"#5"},"east":{"uv":[13,6,13.5,6.5],"texture":"#5"},"south":{"uv":[4,3,5.5,3.5],"texture":"#5"},"west":{"uv":[7,13,7.5,13.5],"texture":"#5"},"up":{"uv":[5.5,4.5,4,4],"texture":"#5"},"down":{"uv":[1.5,5,0,5.5],"texture":"#5"}}},{"from":[10.17692,10.84103,13.76568],"to":[10.67672,12.54035,14.26548],"rotation":{"angle":45,"axis":"x","origin":[8.00002,14.21555,10.48317]},"faces":{"north":{"uv":[0,0,0.5,1.75],"texture":"#5"},"east":{"uv":[1,0,1.5,1.75],"texture":"#5"},"south":{"uv":[0,2,0.5,3.75],"texture":"#5"},"west":{"uv":[2,0,2.5,1.75],"texture":"#5"},"up":{"uv":[13.5,7.5,13,7],"texture":"#5"},"down":{"uv":[8.5,13,8,13.5],"texture":"#5"}}},{"from":[10.17692,10.34123,12.76608],"to":[10.67672,11.54075,13.26588],"rotation":{"angle":45,"axis":"x","origin":[8.00002,14.21555,10.48317]},"faces":{"north":{"uv":[6,8,6.5,9.25],"texture":"#5"},"east":{"uv":[8,6,8.5,7.25],"texture":"#5"},"south":{"uv":[7,8,7.5,9.25],"texture":"#5"},"west":{"uv":[8,8,8.5,9.25],"texture":"#5"},"up":{"uv":[13.5,8.5,13,8],"texture":"#5"},"down":{"uv":[9.5,13,9,13.5],"texture":"#5"}}},{"from":[10.07696,10.34123,12.26628],"to":[10.57676,11.04095,12.76608],"rotation":{"angle":45,"axis":"x","origin":[8.00002,14.21555,10.48317]},"faces":{"north":{"uv":[11,7,11.5,7.75],"texture":"#5"},"east":{"uv":[8,11,8.5,11.75],"texture":"#5"},"south":{"uv":[11,8,11.5,8.75],"texture":"#5"},"west":{"uv":[9,11,9.5,11.75],"texture":"#5"},"up":{"uv":[13.5,9.5,13,9],"texture":"#5"},"down":{"uv":[10.5,13,10,13.5],"texture":"#5"}}},{"from":[10.17692,10.34123,13.26588],"to":[10.67672,12.04055,13.76568],"rotation":{"angle":45,"axis":"x","origin":[8.00002,14.21555,10.48317]},"faces":{"north":{"uv":[1,2,1.5,3.75],"texture":"#5"},"east":{"uv":[2,2,2.5,3.75],"texture":"#5"},"south":{"uv":[3,0,3.5,1.75],"texture":"#5"},"west":{"uv":[3,2,3.5,3.75],"texture":"#5"},"up":{"uv":[13.5,10.5,13,10],"texture":"#5"},"down":{"uv":[11.5,13,11,13.5],"texture":"#5"}}},{"from":[5.42328,10.34123,12.26628],"to":[5.92308,11.04095,12.76608],"rotation":{"angle":45,"axis":"x","origin":[8.00002,14.21555,10.48317]},"faces":{"north":{"uv":[11.5,7,11,7.75],"texture":"#5"},"east":{"uv":[9.5,11,9,11.75],"texture":"#5"},"south":{"uv":[11.5,8,11,8.75],"texture":"#5"},"west":{"uv":[8.5,11,8,11.75],"texture":"#5"},"up":{"uv":[13,9.5,13.5,9],"texture":"#5"},"down":{"uv":[10,13,10.5,13.5],"texture":"#5"}}},{"from":[5.32332,10.34123,12.76608],"to":[5.82312,11.54075,13.26588],"rotation":{"angle":45,"axis":"x","origin":[8.00002,14.21555,10.48317]},"faces":{"north":{"uv":[6.5,8,6,9.25],"texture":"#5"},"east":{"uv":[8.5,8,8,9.25],"texture":"#5"},"south":{"uv":[7.5,8,7,9.25],"texture":"#5"},"west":{"uv":[8.5,6,8,7.25],"texture":"#5"},"up":{"uv":[13,8.5,13.5,8],"texture":"#5"},"down":{"uv":[9,13,9.5,13.5],"texture":"#5"}}},{"from":[5.32332,10.34123,13.26588],"to":[5.82312,12.04055,13.76568],"rotation":{"angle":45,"axis":"x","origin":[8.00002,14.21555,10.48317]},"faces":{"north":{"uv":[1.5,2,1,3.75],"texture":"#5"},"east":{"uv":[3.5,2,3,3.75],"texture":"#5"},"south":{"uv":[3.5,0,3,1.75],"texture":"#5"},"west":{"uv":[2.5,2,2,3.75],"texture":"#5"},"up":{"uv":[13,10.5,13.5,10],"texture":"#5"},"down":{"uv":[11,13,11.5,13.5],"texture":"#5"}}},{"from":[5.32332,10.84103,13.76568],"to":[5.82312,12.54035,14.26548],"rotation":{"angle":45,"axis":"x","origin":[8.00002,14.21555,10.48317]},"faces":{"north":{"uv":[0.5,0,0,1.75],"texture":"#5"},"east":{"uv":[2.5,0,2,1.75],"texture":"#5"},"south":{"uv":[0.5,2,0,3.75],"texture":"#5"},"west":{"uv":[1.5,0,1,1.75],"texture":"#5"},"up":{"uv":[13,7.5,13.5,7],"texture":"#5"},"down":{"uv":[8,13,8.5,13.5],"texture":"#5"}}},{"from":[5.02844,10.28019,8.24976],"to":[6.57784,10.77999,8.74956],"rotation":{"angle":45,"axis":"z","origin":[8.00002,14.21555,10.48317]},"faces":{"north":{"uv":[2,5,3.5,5.5],"texture":"#5"},"east":{"uv":[13,11,13.5,11.5],"texture":"#5"},"south":{"uv":[4,5,5.5,5.5],"texture":"#5"},"west":{"uv":[12,13,12.5,13.5],"texture":"#5"},"up":{"uv":[1.5,6.5,0,6],"texture":"#5"},"down":{"uv":[7.5,0,6,0.5],"texture":"#5"}}},{"from":[5.57824,9.78039,8.49968],"to":[7.07764,10.28019,8.99948],"rotation":{"angle":45,"axis":"z","origin":[8.00002,14.21555,10.48317]},"faces":{"north":{"uv":[6,1,7.5,1.5],"texture":"#5"},"east":{"uv":[13,12,13.5,12.5],"texture":"#5"},"south":{"uv":[2,6,3.5,6.5],"texture":"#5"},"west":{"uv":[13,13,13.5,13.5],"texture":"#5"},"up":{"uv":[7.5,2.5,6,2],"texture":"#5"},"down":{"uv":[7.5,3,6,3.5],"texture":"#5"}}},{"from":[12.43592,8.63573,6.98592],"to":[14.03528,14.23349,9.43496],"rotation":{"angle":-22.5,"axis":"z","origin":[8.00002,14.21555,10.48317]},"faces":{"north":{"uv":[5,10.75,5.375,12.125],"texture":"#2"},"east":{"uv":[9.25,9.5,9.875,10.875],"texture":"#2"},"south":{"uv":[5.5,10.75,5.875,12.125],"texture":"#2"},"west":{"uv":[0,9.75,0.625,11.125],"texture":"#2"},"up":{"uv":[2.125,12.375,1.75,11.75],"texture":"#2"},"down":{"uv":[2.625,11.75,2.25,12.375],"texture":"#2"}}},{"from":[11.68612,11.38533,9.38496],"to":[13.33544,16.38333,13.08348],"rotation":{"angle":-22.5,"axis":"z","origin":[7.75002,15.96555,10.48317]},"faces":{"north":{"uv":[11,2.5,11.375,3.75],"texture":"#2"},"east":{"uv":[8.5,0,9.375,1.25],"texture":"#2"},"south":{"uv":[3,11,3.375,12.25],"texture":"#2"},"west":{"uv":[6.75,8.5,7.625,9.75],"texture":"#2"},"up":{"uv":[4.875,11.875,4.5,11],"texture":"#2"},"down":{"uv":[0.375,11.25,0,12.125],"texture":"#2"}}},{"from":[1.9648,8.63571,6.98592],"to":[3.56416,14.23347,9.43496],"rotation":{"angle":22.5,"axis":"z","origin":[8.00002,14.21555,10.48317]},"faces":{"north":{"uv":[5.375,10.75,5,12.125],"texture":"#2"},"east":{"uv":[0.625,9.75,0,11.125],"texture":"#2"},"south":{"uv":[5.875,10.75,5.5,12.125],"texture":"#2"},"west":{"uv":[9.875,9.5,9.25,10.875],"texture":"#2"},"up":{"uv":[1.75,12.375,2.125,11.75],"texture":"#2"},"down":{"uv":[2.25,11.75,2.625,12.375],"texture":"#2"}}},{"from":[2.6646,11.38531,9.38496],"to":[4.31396,16.38331,13.08348],"rotation":{"angle":22.5,"axis":"z","origin":[8.25002,15.96555,10.48317]},"faces":{"north":{"uv":[11.375,2.5,11,3.75],"texture":"#2"},"east":{"uv":[7.625,8.5,6.75,9.75],"texture":"#2"},"south":{"uv":[3.375,11,3,12.25],"texture":"#2"},"west":{"uv":[9.375,0,8.5,1.25],"texture":"#2"},"up":{"uv":[4.5,11.875,4.875,11],"texture":"#2"},"down":{"uv":[0,11.25,0.375,12.125],"texture":"#2"}}}],"display":{"head":{"translation":[0,-5.75,-3],"scale":[0.4,0.4,0.4]}},"groups":[{"name":"group","origin":[8.075,12.4,7.625],"color":0,"nbt":"{}","children":[{"name":"group","origin":[7.91161,17.12552,6.75078],"color":0,"nbt":"{}","children":[0,1,2,3,4,5,6,7,8,9,10,11,{"name":"side","origin":[0,0,0],"color":0,"nbt":"{}","children":[12,13,14,15,16,17,18,19,20]},{"name":"side","origin":[0,0,0],"color":0,"nbt":"{}","children":[21,22,23,24,25,26,27,28,29,30,31]}]},{"name":"teeth","origin":[0,0,0],"color":0,"nbt":"{}","children":[32,33,34,35,36,37,38,39,40,41,42,43,44,45,46,47,48,49]},{"name":"group","origin":[8.075,12.4,7.625],"color":0,"nbt":"{}","children":[50,51,52,53,54,55,56,{"name":"teeth","origin":[0,0,0],"color":0,"nbt":"{}","children":[57,58,59,60,61,62,63,64,65,66,67,68,69,70,71]},{"name":"side","origin":[11.87995,11.31787,8.21065],"color":0,"nbt":"{}","children":[72,73]},{"name":"side","origin":[11.87995,11.31787,8.21065],"color":0,"nbt":"{}","children":[74,75]}]}]}]}