{"credit":"Shingeki no Craft: Made by Fanfo and Zabat","textures":{"0":"custom/titan/shifter/cart/cart_titan","particle":"custom/titan/shifter/cart/cart_titan"},"elements":[{"name":"cuello","from":[5.75,6.5,-2.5],"to":[10.25,12,1.5],"rotation":{"angle":-45,"axis":"x","origin":[7,9.5,-1.5]},"faces":{"north":{"uv":[9.5,1.75,10.625,3.1875],"texture":"#0"},"east":{"uv":[9.75,8.3125,10.75,9.75],"texture":"#0"},"south":{"uv":[9.5,3.25,10.625,4.6875],"texture":"#0"},"west":{"uv":[9.75,9.8125,10.75,11.25],"texture":"#0"},"up":{"uv":[11.875,5.75,10.75,4.75],"texture":"#0"},"down":{"uv":[11.875,5.75,10.75,6.75],"texture":"#0"}}},{"name":"body","from":[3,5.07283,13.30403],"to":[13,11.57283,18.80403],"rotation":{"angle":0,"axis":"y","origin":[7.99734,7.26892,6.89462]},"faces":{"north":{"uv":[6,0,8.5,1.625],"texture":"#0"},"east":{"uv":[2,9,3.375,10.625],"texture":"#0"},"south":{"uv":[6,1.75,8.5,3.375],"texture":"#0"},"west":{"uv":[3.5,9,4.875,10.625],"texture":"#0"},"up":{"uv":[8.5,4.875,6,3.5],"texture":"#0"},"down":{"uv":[2.5,6.75,0,8.125],"texture":"#0"}}},{"name":"wtf","from":[2,3.32283,-0.19597],"to":[14,11.32283,9.05403],"rotation":{"angle":0,"axis":"y","origin":[7.99734,7.01892,6.89462]},"faces":{"north":{"uv":[3,0,6,2],"texture":"#0"},"east":{"uv":[3,5.75,5.3125,7.75],"texture":"#0"},"south":{"uv":[3,2,6,4],"texture":"#0"},"west":{"uv":[5.5,5.75,7.8125,7.75],"texture":"#0"},"up":{"uv":[3,2.3125,0,0],"texture":"#0"},"down":{"uv":[3,2.5,0,4.8125],"texture":"#0"}}},{"name":"body","from":[2,4.32283,9.05403],"to":[14,11.07283,13.30403],"rotation":{"angle":0,"axis":"y","origin":[7.99734,7.26892,6.89462]},"faces":{"north":{"uv":[3,4,6,5.6875],"texture":"#0"},"east":{"uv":[7,9,8.0625,10.6875],"texture":"#0"},"south":{"uv":[0,5,3,6.6875],"texture":"#0"},"west":{"uv":[9.5,0,10.5625,1.6875],"texture":"#0"},"up":{"uv":[5.5,8.8125,2.5,7.75],"texture":"#0"},"down":{"uv":[8.5,7.75,5.5,8.8125],"texture":"#0"}}},{"name":"dedos","from":[-1.5,-3.64173,1.39711],"to":[1,-2.89173,4.89711],"rotation":{"angle":0,"axis":"y","origin":[0.48646,-2.30974,-0.69285]},"faces":{"north":{"uv":[6.875,11.25,6.25,11.5],"texture":"#0"},"east":{"uv":[2.875,11.5,2,11.75],"texture":"#0"},"south":{"uv":[3.625,11.5,3,11.75],"texture":"#0"},"west":{"uv":[10.125,11.25,9.25,11.5],"texture":"#0"},"up":{"uv":[4.75,12.125,5.375,11.25],"texture":"#0"},"down":{"uv":[5.5,11.25,6.125,12.125],"texture":"#0"}}},{"from":[0.84793,-3.60275,1.7172],"to":[1.59793,-3.10275,5.2172],"rotation":{"angle":0,"axis":"y","origin":[0.48646,-2.30974,-0.69285]},"faces":{"north":{"uv":[8.1875,7.25,8,7.4375],"texture":"#0"},"east":{"uv":[12.625,0,11.75,0.1875],"texture":"#0"},"south":{"uv":[8.1875,7.5,8,7.6875],"texture":"#0"},"west":{"uv":[12.125,11.5,11.25,11.6875],"texture":"#0"},"up":{"uv":[2.5,7.625,2.6875,6.75],"texture":"#0"},"down":{"uv":[2.75,6.75,2.9375,7.625],"texture":"#0"}}},{"name":"hombro","from":[-2,2.07283,1.30403],"to":[2,10.57283,5.80403],"rotation":{"angle":-22.5,"axis":"x","origin":[0,7.07283,1.55403]},"faces":{"north":{"uv":[6,9,5,11.125],"texture":"#0"},"east":{"uv":[9.625,8.25,8.5,10.375],"texture":"#0"},"south":{"uv":[7,9,6,11.125],"texture":"#0"},"west":{"uv":[9.625,6,8.5,8.125],"texture":"#0"},"up":{"uv":[10.75,7.875,11.75,6.75],"texture":"#0"},"down":{"uv":[7,10.75,8,11.875],"texture":"#0"}}},{"name":"antebrazo","from":[-1.75,-2.73783,3.46089],"to":[1.75,4.51217,6.46089],"rotation":{"angle":0,"axis":"y","origin":[0,1.01217,3.46089]},"faces":{"north":{"uv":[9.75,6.5,10.625,4.75],"rotation":180,"texture":"#0"},"east":{"uv":[12.5,1.75,10.75,2.5],"rotation":90,"texture":"#0"},"south":{"uv":[9.75,6.5,10.625,8.25],"texture":"#0"},"west":{"uv":[7.75,5,6,5.75],"rotation":270,"texture":"#0"},"up":{"uv":[11.625,10.75,10.75,11.5],"texture":"#0"},"down":{"uv":[11.625,10,10.75,10.75],"rotation":180,"texture":"#0"}}},{"name":"dedos","from":[15,-0.89173,1.89711],"to":[17.5,-0.14173,5.39711],"rotation":{"angle":-22.5,"axis":"x","origin":[15.51354,0.19026,3.80715]},"faces":{"north":{"uv":[6.25,11.25,6.9375,11.5],"texture":"#0"},"east":{"uv":[9.25,11.25,10.125,11.5],"texture":"#0"},"south":{"uv":[3,11.5,3.625,11.75],"texture":"#0"},"west":{"uv":[2,11.5,2.875,11.75],"texture":"#0"},"up":{"uv":[5.4375,12.125,4.75,11.25],"texture":"#0"},"down":{"uv":[6.1875,11.25,5.5,12.125],"texture":"#0"}}},{"from":[14.40207,-0.85275,2.2172],"to":[15.15207,-0.35275,5.7172],"rotation":{"angle":-22.5,"axis":"x","origin":[15.51354,0.19026,3.80715]},"faces":{"north":{"uv":[8,7.25,8.1875,7.4375],"texture":"#0"},"east":{"uv":[11.25,11.5,12.125,11.6875],"texture":"#0"},"south":{"uv":[8,7.5,8.1875,7.6875],"texture":"#0"},"west":{"uv":[11.75,0,12.625,0.1875],"texture":"#0"},"up":{"uv":[2.6875,7.625,2.5,6.75],"texture":"#0"},"down":{"uv":[2.9375,6.75,2.75,7.625],"texture":"#0"}}},{"name":"hombro","from":[14,4.82283,0.30403],"to":[18,9.32283,8.80403],"rotation":{"angle":22.5,"axis":"x","origin":[16,7.07283,4.55403]},"faces":{"north":{"uv":[11.75,7.875,10.75,6.75],"rotation":180,"texture":"#0"},"east":{"uv":[8.5,6,9.625,8.125],"rotation":90,"texture":"#0"},"south":{"uv":[8,10.75,7,11.875],"texture":"#0"},"west":{"uv":[8.5,8.25,9.625,10.375],"rotation":270,"texture":"#0"},"up":{"uv":[6,9,7,11.125],"texture":"#0"},"down":{"uv":[5,9,6,11.125],"rotation":180,"texture":"#0"}}},{"name":"antebrazo","from":[14.25,-0.20122,5.3725],"to":[17.75,7.04878,8.3725],"rotation":{"angle":22.5,"axis":"x","origin":[16,3.42378,6.8725]},"faces":{"north":{"uv":[10.625,6.5,9.75,4.75],"rotation":180,"texture":"#0"},"east":{"uv":[7.75,5.75,6,5],"rotation":270,"texture":"#0"},"south":{"uv":[10.625,6.5,9.75,8.25],"texture":"#0"},"west":{"uv":[12.5,2.5,10.75,1.75],"rotation":90,"texture":"#0"},"up":{"uv":[10.75,10.75,11.625,11.5],"texture":"#0"},"down":{"uv":[10.75,10,11.625,10.75],"rotation":180,"texture":"#0"}}},{"name":"muslo","from":[10,-0.67717,15.05403],"to":[14,10.57283,19.05403],"rotation":{"angle":-22.5,"axis":"x","origin":[12,8.94783,18.05403]},"faces":{"north":{"uv":[0,8.25,1,11.0625],"texture":"#0"},"east":{"uv":[1,8.25,2,11.0625],"texture":"#0"},"south":{"uv":[8.5,0,9.5,2.8125],"texture":"#0"},"west":{"uv":[8.5,3,9.5,5.8125],"texture":"#0"},"up":{"uv":[11.75,9,10.75,8],"texture":"#0"},"down":{"uv":[11.75,9,10.75,10],"texture":"#0"}}},{"name":"canilla","from":[10.5,0.38533,19.80403],"to":[13.75,3.32283,26.80403],"rotation":{"angle":-22.5,"axis":"x","origin":[11.625,0.58898,26.62794]},"faces":{"north":{"uv":[0,11.25,0.8125,12],"texture":"#0"},"east":{"uv":[2,10.75,3.75,11.5],"texture":"#0"},"south":{"uv":[1,11.25,1.8125,12],"texture":"#0"},"west":{"uv":[10.75,2.5,12.5,3.25],"texture":"#0"},"up":{"uv":[9.0625,12.25,8.25,10.5],"texture":"#0"},"down":{"uv":[11.5625,0,10.75,1.75],"texture":"#0"}}},{"name":"dedos","from":[10.25,-2.3287,27.84206],"to":[13.75,3.1713,28.84206],"rotation":{"angle":-45,"axis":"x","origin":[11.625,0.58898,26.62794]},"faces":{"north":{"uv":[10.75,3.25,11.625,4.625],"texture":"#0"},"east":{"uv":[8,5,8.25,6.375],"texture":"#0"},"south":{"uv":[3.75,10.75,4.625,12.125],"texture":"#0"},"west":{"uv":[8.25,5,8.5,6.375],"texture":"#0"},"up":{"uv":[10.125,11.75,9.25,11.5],"texture":"#0"},"down":{"uv":[11.125,11.5,10.25,11.75],"texture":"#0"}}},{"from":[10.25,-1.67717,27.80403],"to":[11.25,-0.67717,28.80403],"rotation":{"angle":-22.5,"axis":"x","origin":[11.625,0.58898,26.62794]},"faces":{"north":{"uv":[7.75,5,8,5.25],"texture":"#0"},"east":{"uv":[7.75,5.25,8,5.5],"texture":"#0"},"south":{"uv":[7.75,5.5,8,5.75],"texture":"#0"},"west":{"uv":[8,6.5,8.25,6.75],"texture":"#0"},"up":{"uv":[8.25,7,8,6.75],"texture":"#0"},"down":{"uv":[8.25,7,8,7.25],"texture":"#0"}}},{"name":"muslo","from":[2,-0.67717,16.30403],"to":[6,10.57283,20.30403],"rotation":{"angle":-22.5,"axis":"x","origin":[4.5,8.32283,17.80403]},"faces":{"north":{"uv":[1,8.25,0,11.0625],"texture":"#0"},"east":{"uv":[9.5,3,8.5,5.8125],"texture":"#0"},"south":{"uv":[9.5,0,8.5,2.8125],"texture":"#0"},"west":{"uv":[2,8.25,1,11.0625],"texture":"#0"},"up":{"uv":[10.75,9,11.75,8],"texture":"#0"},"down":{"uv":[10.75,9,11.75,10],"texture":"#0"}}},{"name":"canilla","from":[2.25,0.38533,20.55403],"to":[5.5,3.32283,27.55403],"rotation":{"angle":-22.5,"axis":"x","origin":[4.375,0.58898,27.37794]},"faces":{"north":{"uv":[0.8125,11.25,0,12],"texture":"#0"},"east":{"uv":[12.5,2.5,10.75,3.25],"texture":"#0"},"south":{"uv":[1.8125,11.25,1,12],"texture":"#0"},"west":{"uv":[3.75,10.75,2,11.5],"texture":"#0"},"up":{"uv":[8.25,12.25,9.0625,10.5],"texture":"#0"},"down":{"uv":[10.75,0,11.5625,1.75],"texture":"#0"}}},{"name":"dedos","from":[2.25,-2.3287,28.59206],"to":[5.75,3.1713,29.59206],"rotation":{"angle":-45,"axis":"x","origin":[4.375,0.58898,27.37794]},"faces":{"north":{"uv":[11.625,3.25,10.75,4.625],"texture":"#0"},"east":{"uv":[8.5,5,8.25,6.375],"texture":"#0"},"south":{"uv":[4.625,10.75,3.75,12.125],"texture":"#0"},"west":{"uv":[8.25,5,8,6.375],"texture":"#0"},"up":{"uv":[9.25,11.75,10.125,11.5],"texture":"#0"},"down":{"uv":[10.25,11.5,11.125,11.75],"texture":"#0"}}},{"from":[4.75,-1.67717,28.55403],"to":[5.75,-0.67717,29.55403],"rotation":{"angle":-22.5,"axis":"x","origin":[4.375,0.58898,27.37794]},"faces":{"north":{"uv":[8,5,7.75,5.25],"texture":"#0"},"east":{"uv":[8.25,6.5,8,6.75],"texture":"#0"},"south":{"uv":[8,5.5,7.75,5.75],"texture":"#0"},"west":{"uv":[8,5.25,7.75,5.5],"texture":"#0"},"up":{"uv":[8,7,8.25,6.75],"texture":"#0"},"down":{"uv":[8,7,8.25,7.25],"texture":"#0"}}}],"display":{"head":{"translation":[0,3.5,8],"scale":[0.8,0.8,0.8]}},"groups":[{"name":"titan_1","origin":[8,8,8],"color":0,"nbt":"{}","children":[{"name":"group","origin":[0,0,0],"color":0,"nbt":"{}","children":[{"name":"head","origin":[0,0,0],"color":0,"nbt":"{}","children":[]},{"name":"mouth","origin":[0,0,0],"color":0,"nbt":"{}","children":[]},0]},1,2,3,{"name":"right_arm","origin":[0,0,0],"color":0,"nbt":"{}","children":[4,5,6,7]},{"name":"right_arm","origin":[0,0,0],"color":0,"nbt":"{}","children":[8,9,10,11]},{"name":"right_leg","origin":[0,0,0],"color":0,"nbt":"{}","children":[12,13,{"name":"pies","origin":[0,0,0],"color":0,"nbt":"{}","children":[14,15]}]},{"name":"right_leg","origin":[0,0,0],"color":0,"nbt":"{}","children":[16,17,{"name":"pies","origin":[0,0,0],"color":0,"nbt":"{}","children":[18,19]}]}]}]}