{
	"textures": {
		"0": "animated_java:blueprint/armor/1",
		"particle": "minecraft:item/pufferfish"
	},
	"display": {
		"head": {
			"rotation": [0, 180, 0]
		}
	},
	"elements": [
		{
			"from": [4.99432, -5.34076, 2.64988],
			"to": [10.85988, 8.513, 12.5141],
			"rotation": {
				"angle": 0,
				"axis": "y",
				"origin": [8.858, 0.39117, 6.79644]
			},
			"faces": {
				"north": {
					"uv": [4, 7, 3.5, 8.1875],
					"texture": "#0"
				},
				"east": {
					"uv": [9.5625, 10.75, 8.75, 11.9375],
					"texture": "#0"
				},
				"south": {
					"uv": [2.5, 7.75, 2, 8.9375],
					"texture": "#0"
				},
				"west": {
					"uv": [11.3125, 6.5, 10.5, 7.6875],
					"texture": "#0"
				},
				"up": {
					"uv": [0.75, 13.8125, 1.25, 13],
					"texture": "#0"
				},
				"down": {
					"uv": [13, 7, 13.5, 7.8125],
					"texture": "#0"
				}
			}
		},
		{
			"from": [4.9879, -14.59828, 4.6495],
			"to": [10.94187, 9.40172, 11.84755],
			"rotation": {
				"angle": 0,
				"axis": "y",
				"origin": [8.858, 0.39117, 6.79644]
			},
			"faces": {
				"north": {
					"uv": [7.5, 10.25, 7, 12.25],
					"texture": "#0"
				},
				"east": {
					"uv": [2.125, 9, 1.5, 11],
					"texture": "#0"
				},
				"south": {
					"uv": [8, 10.25, 7.5, 12.25],
					"texture": "#0"
				},
				"west": {
					"uv": [1.375, 9, 0.75, 11],
					"texture": "#0"
				},
				"up": {
					"uv": [13.25, 3.375, 13.75, 2.75],
					"texture": "#0"
				},
				"down": {
					"uv": [4.25, 13.25, 4.75, 13.875],
					"texture": "#0"
				}
			}
		},
		{
			"from": [3.5067, -13.11707, 5.3901],
			"to": [12.12683, 8.36488, 10.36635],
			"rotation": {
				"angle": 0,
				"axis": "y",
				"origin": [8.858, 0.39117, 6.79644]
			},
			"faces": {
				"north": {
					"uv": [0.75, 9, 0, 10.8125],
					"texture": "#0"
				},
				"east": {
					"uv": [11.9375, 10.5, 11.5, 12.3125],
					"texture": "#0"
				},
				"south": {
					"uv": [9.75, 0, 9, 1.8125],
					"texture": "#0"
				},
				"west": {
					"uv": [5.4375, 11.5, 5, 13.3125],
					"texture": "#0"
				},
				"up": {
					"uv": [2, 13.6875, 2.75, 13.25],
					"texture": "#0"
				},
				"down": {
					"uv": [2.75, 13.25, 3.5, 13.6875],
					"texture": "#0"
				}
			}
		}
	]
}