{
	"textures": {
		"0": "animated_java:blueprint/armor/1",
		"particle": "minecraft:item/pufferfish"
	},
	"display": {
		"head": {
			"rotation": [0, 180, 0]
		}
	},
	"elements": [
		{
			"from": [-8.92071, -3.12703, -3.50812],
			"to": [15.07929, 19.73803, 19.15856],
			"rotation": {
				"angle": -22.5,
				"axis": "z",
				"origin": [7.61902, 4.3055, 6.95055]
			},
			"faces": {
				"north": {
					"uv": [10.375, 6.75, 9.25, 7.8125],
					"texture": "#0"
				},
				"east": {
					"uv": [6.8125, 9.75, 5.75, 10.8125],
					"texture": "#0"
				},
				"south": {
					"uv": [10.625, 2, 9.5, 3.0625],
					"texture": "#0"
				},
				"west": {
					"uv": [4.3125, 9.75, 3.25, 10.8125],
					"texture": "#0"
				},
				"up": {
					"uv": [9, 10.5625, 10.125, 9.5],
					"texture": "#0"
				},
				"down": {
					"uv": [9.75, 0, 10.875, 1.0625],
					"texture": "#0"
				}
			}
		}
	]
}