{
	"textures": {
		"0": "animated_java:blueprint/armor/1",
		"particle": "minecraft:item/pufferfish"
	},
	"display": {
		"head": {
			"rotation": [0, 180, 0]
		}
	},
	"elements": [
		{
			"from": [3.14283, -14.2127, 4.6156],
			"to": [12.53228, 9.7873, 13.55023],
			"rotation": {
				"angle": 0,
				"axis": "y",
				"origin": [7.83755, -2.21271, 9.08292]
			},
			"faces": {
				"north": {
					"uv": [1.0625, 5, 0, 7.75],
					"texture": "#0"
				},
				"east": {
					"uv": [6, 5.5, 5, 8.25],
					"texture": "#0"
				},
				"south": {
					"uv": [2.3125, 5, 1.25, 7.75],
					"texture": "#0"
				},
				"west": {
					"uv": [5, 5.5, 4, 8.25],
					"texture": "#0"
				},
				"up": {
					"uv": [10.25, 4.25, 11.3125, 3.25],
					"texture": "#0"
				},
				"down": {
					"uv": [10.25, 4.25, 11.3125, 5.25],
					"texture": "#0"
				}
			}
		},
		{
			"from": [5.87079, -9.84796, 3.52441],
			"to": [10.3499, 4.33136, 5.36633],
			"rotation": {
				"angle": 0,
				"axis": "y",
				"origin": [8.11035, -2.7583, 4.44537]
			},
			"faces": {
				"north": {
					"uv": [7, 11, 6.5, 12.625],
					"texture": "#0"
				},
				"east": {
					"uv": [4.9375, 13.25, 4.75, 14.875],
					"texture": "#0"
				},
				"south": {
					"uv": [5, 11.5, 4.5, 13.125],
					"texture": "#0"
				},
				"west": {
					"uv": [6.4375, 13, 6.25, 14.625],
					"texture": "#0"
				},
				"up": {
					"uv": [9, 2.1875, 9.5, 2],
					"texture": "#0"
				},
				"down": {
					"uv": [10.5, 7.75, 11, 7.9375],
					"texture": "#0"
				}
			}
		},
		{
			"from": [2.379, -10.39355, 6.79797],
			"to": [13.2961, 2.14899, 11.36786],
			"rotation": {
				"angle": 0,
				"axis": "y",
				"origin": [7.83755, -4.12228, 9.08292]
			},
			"faces": {
				"north": {
					"uv": [9.5, 2.25, 8.25, 3.6875],
					"texture": "#0"
				},
				"east": {
					"uv": [8.5, 11.75, 8, 13.1875],
					"texture": "#0"
				},
				"south": {
					"uv": [4.75, 8.25, 3.5, 9.6875],
					"texture": "#0"
				},
				"west": {
					"uv": [12.25, 7, 11.75, 8.4375],
					"texture": "#0"
				},
				"up": {
					"uv": [0, 13, 1.25, 12.5],
					"texture": "#0"
				},
				"down": {
					"uv": [12.5, 1, 13.75, 1.5],
					"texture": "#0"
				}
			}
		}
	]
}