{
	"textures": {
		"0": "animated_java:blueprint/armor/1",
		"particle": "minecraft:item/pufferfish"
	},
	"display": {
		"head": {
			"rotation": [0, 180, 0]
		}
	},
	"elements": [
		{
			"from": [2.02211, -3.88847, 0.60195],
			"to": [13.68359, 20.11153, 13.21453],
			"rotation": {
				"angle": -22.5,
				"axis": "x",
				"origin": [7.85285, 10.35662, 8.03079]
			},
			"faces": {
				"north": {
					"uv": [0, 11, 0.6875, 12.3125],
					"texture": "#0"
				},
				"east": {
					"uv": [8, 10.25, 8.75, 11.5625],
					"texture": "#0"
				},
				"south": {
					"uv": [0.75, 11, 1.4375, 12.3125],
					"texture": "#0"
				},
				"west": {
					"uv": [10.25, 9.5, 11, 10.8125],
					"texture": "#0"
				},
				"up": {
					"uv": [2.6875, 13.25, 2, 12.5],
					"texture": "#0"
				},
				"down": {
					"uv": [13.1875, 2.5, 12.5, 3.25],
					"texture": "#0"
				}
			}
		}
	]
}