{
	"textures": {
		"0": "animated_java:blueprint/armor/1",
		"particle": "minecraft:item/pufferfish"
	},
	"display": {
		"head": {
			"rotation": [0, 180, 0]
		}
	},
	"elements": [
		{
			"from": [-13.63143, 5.81104, 1.89605],
			"to": [2.77788, 17.5884, 15.24069],
			"rotation": {
				"angle": -22.5,
				"axis": "z",
				"origin": [-5.42678, 9.87068, 5.74595]
			},
			"faces": {
				"north": {
					"uv": [9.75, 1.25, 10.75, 2],
					"texture": "#0"
				},
				"east": {
					"uv": [12, 12, 12.875, 12.75],
					"texture": "#0"
				},
				"south": {
					"uv": [11.5, 6.25, 12.5, 7],
					"texture": "#0"
				},
				"west": {
					"uv": [12.25, 5, 13.125, 5.75],
					"texture": "#0"
				},
				"up": {
					"uv": [12, 0.875, 11, 0],
					"texture": "#0"
				},
				"down": {
					"uv": [6.5, 11, 5.5, 11.875],
					"texture": "#0"
				}
			}
		},
		{
			"from": [-7.86176, -1.35641, -5.57782],
			"to": [8.14109, 11.64031, 1.01485],
			"rotation": {
				"angle": 22.5,
				"axis": "z",
				"origin": [0.34289, 3.48505, -3.09439]
			},
			"faces": {
				"north": {
					"uv": [11.5, 3, 12.5, 3.8125],
					"texture": "#0"
				},
				"east": {
					"uv": [7, 13.25, 7.375, 14.0625],
					"texture": "#0"
				},
				"south": {
					"uv": [11.5, 4, 12.5, 4.8125],
					"texture": "#0"
				},
				"west": {
					"uv": [7.5, 13.25, 7.875, 14.0625],
					"texture": "#0"
				},
				"up": {
					"uv": [13.75, 10.375, 12.75, 10],
					"texture": "#0"
				},
				"down": {
					"uv": [11.25, 13, 10.25, 13.375],
					"texture": "#0"
				}
			}
		},
		{
			"from": [-10.70239, -6.4116, -5.17136],
			"to": [9.36499, 1.91092, 1.01485],
			"rotation": {
				"angle": 0,
				"axis": "y",
				"origin": [3.1926, 1.9158, -3.09439]
			},
			"faces": {
				"north": {
					"uv": [12.25, 5.75, 13.5, 6.25],
					"texture": "#0"
				},
				"east": {
					"uv": [11, 10.5, 11.375, 11],
					"texture": "#0"
				},
				"south": {
					"uv": [12.25, 8, 13.5, 8.5],
					"texture": "#0"
				},
				"west": {
					"uv": [2.5, 13.75, 2.875, 14.25],
					"texture": "#0"
				},
				"up": {
					"uv": [13.75, 4.375, 12.5, 4],
					"texture": "#0"
				},
				"down": {
					"uv": [13.75, 4.5, 12.5, 4.875],
					"texture": "#0"
				}
			}
		},
		{
			"from": [-11.77018, -3.76966, -5.5014],
			"to": [0.57459, 1.7077, 0.68481],
			"rotation": {
				"angle": 22.5,
				"axis": "z",
				"origin": [-4.93645, -2.25034, -2.89117]
			},
			"faces": {
				"north": {
					"uv": [13.5, 12.5, 14.25, 12.8125],
					"texture": "#0"
				},
				"east": {
					"uv": [13.75, 2.5, 14.125, 2.8125],
					"texture": "#0"
				},
				"south": {
					"uv": [13, 13.5, 13.75, 13.8125],
					"texture": "#0"
				},
				"west": {
					"uv": [3, 13.75, 3.375, 14.0625],
					"texture": "#0"
				},
				"up": {
					"uv": [14.25, 6.875, 13.5, 6.5],
					"texture": "#0"
				},
				"down": {
					"uv": [14.25, 7, 13.5, 7.375],
					"texture": "#0"
				}
			}
		},
		{
			"from": [-12.78632, -1.19383, -5.55268],
			"to": [-1.40565, 10.38031, 1.03999],
			"rotation": {
				"angle": 0,
				"axis": "y",
				"origin": [-8.27701, 0.91485, -2.3831]
			},
			"faces": {
				"north": {
					"uv": [2.75, 12.5, 3.4375, 13.1875],
					"texture": "#0"
				},
				"east": {
					"uv": [9.25, 13.5, 9.625, 14.1875],
					"texture": "#0"
				},
				"south": {
					"uv": [12.5, 3.25, 13.1875, 3.9375],
					"texture": "#0"
				},
				"west": {
					"uv": [11.75, 13.5, 12.125, 14.1875],
					"texture": "#0"
				},
				"up": {
					"uv": [14.1875, 12.375, 13.5, 12],
					"texture": "#0"
				},
				"down": {
					"uv": [12.9375, 13.5, 12.25, 13.875],
					"texture": "#0"
				}
			}
		}
	]
}