{
	"textures": {
		"0": "animated_java:blueprint/armor/1",
		"particle": "minecraft:item/pufferfish"
	},
	"display": {
		"head": {
			"rotation": [0, 180, 0]
		}
	},
	"elements": [
		{
			"from": [4.94595, -5.34076, 2.64988],
			"to": [10.81152, 8.513, 12.5141],
			"rotation": {
				"angle": 0,
				"axis": "y",
				"origin": [6.94784, 0.39117, 6.79644]
			},
			"faces": {
				"north": {
					"uv": [3.5, 7, 4, 8.1875],
					"texture": "#0"
				},
				"east": {
					"uv": [10.5, 6.5, 11.3125, 7.6875],
					"texture": "#0"
				},
				"south": {
					"uv": [2, 7.75, 2.5, 8.9375],
					"texture": "#0"
				},
				"west": {
					"uv": [8.75, 10.75, 9.5625, 11.9375],
					"texture": "#0"
				},
				"up": {
					"uv": [1.25, 13.8125, 0.75, 13],
					"texture": "#0"
				},
				"down": {
					"uv": [13.5, 7, 13, 7.8125],
					"texture": "#0"
				}
			}
		},
		{
			"from": [4.86397, -14.59828, 4.6495],
			"to": [10.81793, 9.40172, 11.84755],
			"rotation": {
				"angle": 0,
				"axis": "y",
				"origin": [6.94784, 0.39117, 6.79644]
			},
			"faces": {
				"north": {
					"uv": [7, 10.25, 7.5, 12.25],
					"texture": "#0"
				},
				"east": {
					"uv": [0.75, 9, 1.375, 11],
					"texture": "#0"
				},
				"south": {
					"uv": [7.5, 10.25, 8, 12.25],
					"texture": "#0"
				},
				"west": {
					"uv": [1.5, 9, 2.125, 11],
					"texture": "#0"
				},
				"up": {
					"uv": [13.75, 3.375, 13.25, 2.75],
					"texture": "#0"
				},
				"down": {
					"uv": [4.75, 13.25, 4.25, 13.875],
					"texture": "#0"
				}
			}
		},
		{
			"from": [3.679, -13.11707, 5.3901],
			"to": [12.29913, 8.36488, 10.36635],
			"rotation": {
				"angle": 0,
				"axis": "y",
				"origin": [6.94784, 0.39117, 6.79644]
			},
			"faces": {
				"north": {
					"uv": [0, 9, 0.75, 10.8125],
					"texture": "#0"
				},
				"east": {
					"uv": [5, 11.5, 5.4375, 13.3125],
					"texture": "#0"
				},
				"south": {
					"uv": [9, 0, 9.75, 1.8125],
					"texture": "#0"
				},
				"west": {
					"uv": [11.5, 10.5, 11.9375, 12.3125],
					"texture": "#0"
				},
				"up": {
					"uv": [2.75, 13.6875, 2, 13.25],
					"texture": "#0"
				},
				"down": {
					"uv": [3.5, 13.25, 2.75, 13.6875],
					"texture": "#0"
				}
			}
		}
	]
}