{
	"textures": {
		"0": "animated_java:blueprint/armor/1",
		"particle": "minecraft:item/pufferfish"
	},
	"display": {
		"head": {
			"rotation": [0, 180, 0]
		}
	},
	"elements": [
		{
			"from": [5.03943, 4.28631, 4.45491],
			"to": [10.80764, 10.61409, 10.49305],
			"rotation": {
				"angle": 0,
				"axis": "y",
				"origin": [7.92354, 7.4502, 7.47398]
			},
			"faces": {
				"north": {
					"uv": [7, 12.25, 7.75, 13.125],
					"texture": "#0"
				},
				"east": {
					"uv": [11.75, 8.5, 12.5625, 9.375],
					"texture": "#0"
				},
				"south": {
					"uv": [12.25, 7, 13, 7.875],
					"texture": "#0"
				},
				"west": {
					"uv": [11.75, 9.5, 12.5625, 10.375],
					"texture": "#0"
				},
				"up": {
					"uv": [2, 13.3125, 1.25, 12.5],
					"texture": "#0"
				},
				"down": {
					"uv": [13.25, 1.5, 12.5, 2.3125],
					"texture": "#0"
				}
			}
		},
		{
			"from": [4.66738, -4.08474, 5.66406],
			"to": [11.17969, 5.9635, 11.7022],
			"rotation": {
				"angle": 0,
				"axis": "y",
				"origin": [7.92354, 0.93938, 8.68313]
			},
			"faces": {
				"north": {
					"uv": [9.25, 3.75, 10.125, 5.125],
					"texture": "#0"
				},
				"east": {
					"uv": [4.5, 10, 5.3125, 11.375],
					"texture": "#0"
				},
				"south": {
					"uv": [9.25, 5.25, 10.125, 6.625],
					"texture": "#0"
				},
				"west": {
					"uv": [10, 8, 10.8125, 9.375],
					"texture": "#0"
				},
				"up": {
					"uv": [12.875, 0.8125, 12, 0],
					"texture": "#0"
				},
				"down": {
					"uv": [6.375, 12, 5.5, 12.8125],
					"texture": "#0"
				}
			}
		},
		{
			"from": [5.50449, -13.38591, 5.75707],
			"to": [10.4356, -3.80273, 9.56293],
			"rotation": {
				"angle": 0,
				"axis": "y",
				"origin": [7.97004, -8.59432, 7.66]
			},
			"faces": {
				"north": {
					"uv": [1.5, 11, 2.1875, 12.3125],
					"texture": "#0"
				},
				"east": {
					"uv": [9.25, 12, 9.75, 13.3125],
					"texture": "#0"
				},
				"south": {
					"uv": [3, 11, 3.6875, 12.3125],
					"texture": "#0"
				},
				"west": {
					"uv": [9.75, 12.25, 10.25, 13.5625],
					"texture": "#0"
				},
				"up": {
					"uv": [10.1875, 3.75, 9.5, 3.25],
					"texture": "#0"
				},
				"down": {
					"uv": [9.1875, 13, 8.5, 13.5],
					"texture": "#0"
				}
			}
		}
	]
}