{
	"textures": {
		"0": "animated_java:blueprint/armor/1",
		"particle": "minecraft:item/pufferfish"
	},
	"display": {
		"head": {
			"rotation": [0, 180, 0]
		}
	},
	"elements": [
		{
			"from": [-2.47192, -10.35055, 6.16127],
			"to": [18.29025, 13.60547, 18.93478],
			"rotation": {
				"angle": 0,
				"axis": "y",
				"origin": [20.69946, -27.33828, 7.7802]
			},
			"faces": {
				"north": {
					"uv": [2.5, 0, 4.375, 2.1875],
					"texture": "#0"
				},
				"east": {
					"uv": [6, 3, 7.125, 5.1875],
					"texture": "#0"
				},
				"south": {
					"uv": [2.5, 2.25, 4.375, 4.4375],
					"texture": "#0"
				},
				"west": {
					"uv": [6, 5.25, 7.125, 7.4375],
					"texture": "#0"
				},
				"up": {
					"uv": [9.125, 7.875, 7.25, 6.75],
					"texture": "#0"
				},
				"down": {
					"uv": [1.9375, 7.75, 0, 8.875],
					"texture": "#0"
				}
			}
		},
		{
			"from": [14.51821, -4.68833, 5.41288],
			"to": [19.90916, 2.92632, 16.20622],
			"rotation": {
				"angle": 0,
				"axis": "y",
				"origin": [18.96709, -27.33828, 7.7802]
			},
			"faces": {
				"north": {
					"uv": [8, 13.25, 8.4375, 13.9375],
					"texture": "#0"
				},
				"east": {
					"uv": [12, 10.5, 13, 11.1875],
					"texture": "#0"
				},
				"south": {
					"uv": [5, 13.5, 5.4375, 14.1875],
					"texture": "#0"
				},
				"west": {
					"uv": [12, 11.25, 13, 11.9375],
					"texture": "#0"
				},
				"up": {
					"uv": [4.4375, 5.5, 4, 4.5],
					"texture": "#0"
				},
				"down": {
					"uv": [6.9375, 12.75, 6.5, 13.75],
					"texture": "#0"
				}
			}
		},
		{
			"from": [-4.09084, -4.68833, 5.41288],
			"to": [1.30011, 2.92632, 16.20622],
			"rotation": {
				"angle": 0,
				"axis": "y",
				"origin": [-3.14876, -27.33828, 7.7802]
			},
			"faces": {
				"north": {
					"uv": [8.4375, 13.25, 8, 13.9375],
					"texture": "#0"
				},
				"east": {
					"uv": [13, 11.25, 12, 11.9375],
					"texture": "#0"
				},
				"south": {
					"uv": [5.4375, 13.5, 5, 14.1875],
					"texture": "#0"
				},
				"west": {
					"uv": [13, 10.5, 12, 11.1875],
					"texture": "#0"
				},
				"up": {
					"uv": [4, 5.5, 4.4375, 4.5],
					"texture": "#0"
				},
				"down": {
					"uv": [6.5, 12.75, 6.9375, 13.75],
					"texture": "#0"
				}
			}
		}
	]
}