{
	"textures": {
		"10": "animated_java:blueprint/attack/body",
		"particle": "minecraft:item/pufferfish"
	},
	"display": {
		"head": {
			"rotation": [0, 180, 0]
		}
	},
	"elements": [
		{
			"from": [6.713, 3.14333, 1.74752],
			"to": [9.287, 8.85668, 14.25248],
			"rotation": {
				"angle": 0,
				"axis": "y",
				"origin": [8, 6, 8]
			},
			"faces": {
				"north": {
					"uv": [11.375, 4.5, 11.25, 4.75],
					"texture": "#10"
				},
				"east": {
					"uv": [11.875, 3.75, 11.25, 4],
					"texture": "#10"
				},
				"south": {
					"uv": [11.375, 6.25, 11.25, 6.5],
					"texture": "#10"
				},
				"west": {
					"uv": [11.875, 1.5, 11.25, 1.75],
					"texture": "#10"
				},
				"up": {
					"uv": [8.5, 8.375, 8.625, 7.75],
					"texture": "#10"
				},
				"down": {
					"uv": [9.25, 6, 9.375, 6.625],
					"texture": "#10"
				}
			}
		}
	]
}