{
	"textures": {
		"0": "animated_java:blueprint/attack/body",
		"particle": "minecraft:item/pufferfish"
	},
	"display": {
		"head": {
			"rotation": [0, 180, 0]
		}
	},
	"elements": [
		{
			"from": [9.65313, 10.07157, 5.4147],
			"to": [24.21284, 20.1608, 14.08002],
			"rotation": {
				"angle": 45,
				"axis": "z",
				"origin": [16.93298, 15.82359, 9.05382]
			},
			"faces": {
				"north": {
					"uv": [8.25, 3, 7.25, 3.6875],
					"texture": "#0"
				},
				"east": {
					"uv": [5.3125, 10.25, 4.5, 10.9375],
					"texture": "#0"
				},
				"south": {
					"uv": [10, 3, 9, 3.6875],
					"texture": "#0"
				},
				"west": {
					"uv": [11.0625, 1, 10.25, 1.6875],
					"texture": "#0"
				},
				"up": {
					"uv": [9, 0.8125, 10, 0],
					"texture": "#0"
				},
				"down": {
					"uv": [9, 2, 10, 2.8125],
					"texture": "#0"
				}
			}
		},
		{
			"from": [4.87603, 0.97317, -2.43613],
			"to": [19.43575, 15.57039, 4.85598],
			"rotation": {
				"angle": -22.5,
				"axis": "z",
				"origin": [5.39391, 7.82098, 2.74264]
			},
			"faces": {
				"north": {
					"uv": [9, 0, 8, 1],
					"texture": "#0"
				},
				"east": {
					"uv": [2.5, 6, 2, 7],
					"texture": "#0"
				},
				"south": {
					"uv": [9.25, 1, 8.25, 2],
					"texture": "#0"
				},
				"west": {
					"uv": [4.5, 5, 4, 6],
					"texture": "#0"
				},
				"up": {
					"uv": [9, 11, 10, 10.5],
					"texture": "#0"
				},
				"down": {
					"uv": [10.5, 9, 11.5, 9.5],
					"texture": "#0"
				}
			}
		},
		{
			"from": [15.67526, -3.8392, -2.42193],
			"to": [23.24867, 9.6761, 4.87019],
			"rotation": {
				"angle": 0,
				"axis": "y",
				"origin": [19.46196, 3.36925, 1.84104]
			},
			"faces": {
				"north": {
					"uv": [4, 10.5, 3.5, 11.4375],
					"texture": "#0"
				},
				"east": {
					"uv": [11.25, 0, 10.75, 0.9375],
					"texture": "#0"
				},
				"south": {
					"uv": [11, 10.5, 10.5, 11.4375],
					"texture": "#0"
				},
				"west": {
					"uv": [10.5, 10.5, 10, 11.4375],
					"texture": "#0"
				},
				"up": {
					"uv": [8.25, 11.25, 8.75, 10.75],
					"texture": "#0"
				},
				"down": {
					"uv": [10.75, 8.25, 11.25, 8.75],
					"texture": "#0"
				}
			}
		}
	]
}