{
    "model": {
        "type": "minecraft:composite",
        "models": [
            {
                "type": "minecraft:select",
                "property": "minecraft:custom_model_data",
                "cases": [
                    {
                        "when": "AJ_INTERNAL_EMPTY",
                        "model": {
                            "type": "minecraft:model",
                            "model": "animated_java:empty"
                        }
                    },
                    {
                        "when": "noskin_1",
                        "model": {
                            "type": "minecraft:model",
                            "model": "animated_java:blueprint/beast/noskin_1/left_bicep",
                            "tints": [
                                {
                                    "type": "minecraft:dye",
                                    "default": [
                                        1,
                                        1,
                                        1
                                    ]
                                }
                            ]
                        }
                    },
                    {
                        "when": "noskin_10",
                        "model": {
                            "type": "minecraft:model",
                            "model": "animated_java:blueprint/beast/noskin_10/left_bicep",
                            "tints": [
                                {
                                    "type": "minecraft:dye",
                                    "default": [
                                        1,
                                        1,
                                        1
                                    ]
                                }
                            ]
                        }
                    },
                    {
                        "when": "noskin_11",
                        "model": {
                            "type": "minecraft:model",
                            "model": "animated_java:blueprint/beast/noskin_11/left_bicep",
                            "tints": [
                                {
                                    "type": "minecraft:dye",
                                    "default": [
                                        1,
                                        1,
                                        1
                                    ]
                                }
                            ]
                        }
                    },
                    {
                        "when": "noskin_12",
                        "model": {
                            "type": "minecraft:model",
                            "model": "animated_java:blueprint/beast/noskin_12/left_bicep",
                            "tints": [
                                {
                                    "type": "minecraft:dye",
                                    "default": [
                                        1,
                                        1,
                                        1
                                    ]
                                }
                            ]
                        }
                    },
                    {
                        "when": "noskin_13",
                        "model": {
                            "type": "minecraft:model",
                            "model": "animated_java:blueprint/beast/noskin_13/left_bicep",
                            "tints": [
                                {
                                    "type": "minecraft:dye",
                                    "default": [
                                        1,
                                        1,
                                        1
                                    ]
                                }
                            ]
                        }
                    },
                    {
                        "when": "noskin_14",
                        "model": {
                            "type": "minecraft:model",
                            "model": "animated_java:blueprint/beast/noskin_14/left_bicep",
                            "tints": [
                                {
                                    "type": "minecraft:dye",
                                    "default": [
                                        1,
                                        1,
                                        1
                                    ]
                                }
                            ]
                        }
                    },
                    {
                        "when": "noskin_15",
                        "model": {
                            "type": "minecraft:model",
                            "model": "animated_java:blueprint/beast/noskin_15/left_bicep",
                            "tints": [
                                {
                                    "type": "minecraft:dye",
                                    "default": [
                                        1,
                                        1,
                                        1
                                    ]
                                }
                            ]
                        }
                    },
                    {
                        "when": "noskin_2",
                        "model": {
                            "type": "minecraft:model",
                            "model": "animated_java:blueprint/beast/noskin_2/left_bicep",
                            "tints": [
                                {
                                    "type": "minecraft:dye",
                                    "default": [
                                        1,
                                        1,
                                        1
                                    ]
                                }
                            ]
                        }
                    },
                    {
                        "when": "noskin_3",
                        "model": {
                            "type": "minecraft:model",
                            "model": "animated_java:blueprint/beast/noskin_3/left_bicep",
                            "tints": [
                                {
                                    "type": "minecraft:dye",
                                    "default": [
                                        1,
                                        1,
                                        1
                                    ]
                                }
                            ]
                        }
                    },
                    {
                        "when": "noskin_4",
                        "model": {
                            "type": "minecraft:model",
                            "model": "animated_java:blueprint/beast/noskin_4/left_bicep",
                            "tints": [
                                {
                                    "type": "minecraft:dye",
                                    "default": [
                                        1,
                                        1,
                                        1
                                    ]
                                }
                            ]
                        }
                    },
                    {
                        "when": "noskin_5",
                        "model": {
                            "type": "minecraft:model",
                            "model": "animated_java:blueprint/beast/noskin_5/left_bicep",
                            "tints": [
                                {
                                    "type": "minecraft:dye",
                                    "default": [
                                        1,
                                        1,
                                        1
                                    ]
                                }
                            ]
                        }
                    },
                    {
                        "when": "noskin_6",
                        "model": {
                            "type": "minecraft:model",
                            "model": "animated_java:blueprint/beast/noskin_6/left_bicep",
                            "tints": [
                                {
                                    "type": "minecraft:dye",
                                    "default": [
                                        1,
                                        1,
                                        1
                                    ]
                                }
                            ]
                        }
                    },
                    {
                        "when": "noskin_7",
                        "model": {
                            "type": "minecraft:model",
                            "model": "animated_java:blueprint/beast/noskin_7/left_bicep",
                            "tints": [
                                {
                                    "type": "minecraft:dye",
                                    "default": [
                                        1,
                                        1,
                                        1
                                    ]
                                }
                            ]
                        }
                    },
                    {
                        "when": "noskin_8",
                        "model": {
                            "type": "minecraft:model",
                            "model": "animated_java:blueprint/beast/noskin_8/left_bicep",
                            "tints": [
                                {
                                    "type": "minecraft:dye",
                                    "default": [
                                        1,
                                        1,
                                        1
                                    ]
                                }
                            ]
                        }
                    },
                    {
                        "when": "noskin_9",
                        "model": {
                            "type": "minecraft:model",
                            "model": "animated_java:blueprint/beast/noskin_9/left_bicep",
                            "tints": [
                                {
                                    "type": "minecraft:dye",
                                    "default": [
                                        1,
                                        1,
                                        1
                                    ]
                                }
                            ]
                        }
                    }
                ],
                "fallback": {
                    "type": "minecraft:model",
                    "model": "animated_java:blueprint/beast/left_bicep",
                    "tints": [
                        {
                            "type": "minecraft:dye",
                            "default": [
                                1,
                                1,
                                1
                            ]
                        }
                    ]
                }
            }
        ]
    }
}