{
    "model": {
        "type": "minecraft:composite",
        "models": [
            {
                "type": "minecraft:select",
                "property": "minecraft:custom_model_data",
                "cases": [
                    {
                        "when": "AJ_INTERNAL_EMPTY",
                        "model": {
                            "type": "minecraft:model",
                            "model": "animated_java:empty"
                        }
                    },
                    {
                        "when": "noskin_1",
                        "model": {
                            "type": "minecraft:model",
                            "model": "animated_java:blueprint/beast/noskin_1/right_fingers_2",
                            "tints": [
                                {
                                    "type": "minecraft:dye",
                                    "default": [
                                        1,
                                        1,
                                        1
                                    ]
                                }
                            ]
                        }
                    },
                    {
                        "when": "noskin_10",
                        "model": {
                            "type": "minecraft:model",
                            "model": "animated_java:blueprint/beast/noskin_10/right_fingers_2",
                            "tints": [
                                {
                                    "type": "minecraft:dye",
                                    "default": [
                                        1,
                                        1,
                                        1
                                    ]
                                }
                            ]
                        }
                    },
                    {
                        "when": "noskin_11",
                        "model": {
                            "type": "minecraft:model",
                            "model": "animated_java:blueprint/beast/noskin_11/right_fingers_2",
                            "tints": [
                                {
                                    "type": "minecraft:dye",
                                    "default": [
                                        1,
                                        1,
                                        1
                                    ]
                                }
                            ]
                        }
                    },
                    {
                        "when": "noskin_12",
                        "model": {
                            "type": "minecraft:model",
                            "model": "animated_java:blueprint/beast/noskin_12/right_fingers_2",
                            "tints": [
                                {
                                    "type": "minecraft:dye",
                                    "default": [
                                        1,
                                        1,
                                        1
                                    ]
                                }
                            ]
                        }
                    },
                    {
                        "when": "noskin_13",
                        "model": {
                            "type": "minecraft:model",
                            "model": "animated_java:blueprint/beast/noskin_13/right_fingers_2",
                            "tints": [
                                {
                                    "type": "minecraft:dye",
                                    "default": [
                                        1,
                                        1,
                                        1
                                    ]
                                }
                            ]
                        }
                    },
                    {
                        "when": "noskin_14",
                        "model": {
                            "type": "minecraft:model",
                            "model": "animated_java:blueprint/beast/noskin_14/right_fingers_2",
                            "tints": [
                                {
                                    "type": "minecraft:dye",
                                    "default": [
                                        1,
                                        1,
                                        1
                                    ]
                                }
                            ]
                        }
                    },
                    {
                        "when": "noskin_15",
                        "model": {
                            "type": "minecraft:model",
                            "model": "animated_java:blueprint/beast/noskin_15/right_fingers_2",
                            "tints": [
                                {
                                    "type": "minecraft:dye",
                                    "default": [
                                        1,
                                        1,
                                        1
                                    ]
                                }
                            ]
                        }
                    },
                    {
                        "when": "noskin_2",
                        "model": {
                            "type": "minecraft:model",
                            "model": "animated_java:blueprint/beast/noskin_2/right_fingers_2",
                            "tints": [
                                {
                                    "type": "minecraft:dye",
                                    "default": [
                                        1,
                                        1,
                                        1
                                    ]
                                }
                            ]
                        }
                    },
                    {
                        "when": "noskin_3",
                        "model": {
                            "type": "minecraft:model",
                            "model": "animated_java:blueprint/beast/noskin_3/right_fingers_2",
                            "tints": [
                                {
                                    "type": "minecraft:dye",
                                    "default": [
                                        1,
                                        1,
                                        1
                                    ]
                                }
                            ]
                        }
                    },
                    {
                        "when": "noskin_4",
                        "model": {
                            "type": "minecraft:model",
                            "model": "animated_java:blueprint/beast/noskin_4/right_fingers_2",
                            "tints": [
                                {
                                    "type": "minecraft:dye",
                                    "default": [
                                        1,
                                        1,
                                        1
                                    ]
                                }
                            ]
                        }
                    },
                    {
                        "when": "noskin_5",
                        "model": {
                            "type": "minecraft:model",
                            "model": "animated_java:blueprint/beast/noskin_5/right_fingers_2",
                            "tints": [
                                {
                                    "type": "minecraft:dye",
                                    "default": [
                                        1,
                                        1,
                                        1
                                    ]
                                }
                            ]
                        }
                    },
                    {
                        "when": "noskin_6",
                        "model": {
                            "type": "minecraft:model",
                            "model": "animated_java:blueprint/beast/noskin_6/right_fingers_2",
                            "tints": [
                                {
                                    "type": "minecraft:dye",
                                    "default": [
                                        1,
                                        1,
                                        1
                                    ]
                                }
                            ]
                        }
                    },
                    {
                        "when": "noskin_7",
                        "model": {
                            "type": "minecraft:model",
                            "model": "animated_java:blueprint/beast/noskin_7/right_fingers_2",
                            "tints": [
                                {
                                    "type": "minecraft:dye",
                                    "default": [
                                        1,
                                        1,
                                        1
                                    ]
                                }
                            ]
                        }
                    },
                    {
                        "when": "noskin_8",
                        "model": {
                            "type": "minecraft:model",
                            "model": "animated_java:blueprint/beast/noskin_8/right_fingers_2",
                            "tints": [
                                {
                                    "type": "minecraft:dye",
                                    "default": [
                                        1,
                                        1,
                                        1
                                    ]
                                }
                            ]
                        }
                    },
                    {
                        "when": "noskin_9",
                        "model": {
                            "type": "minecraft:model",
                            "model": "animated_java:blueprint/beast/noskin_9/right_fingers_2",
                            "tints": [
                                {
                                    "type": "minecraft:dye",
                                    "default": [
                                        1,
                                        1,
                                        1
                                    ]
                                }
                            ]
                        }
                    }
                ],
                "fallback": {
                    "type": "minecraft:model",
                    "model": "animated_java:blueprint/beast/right_fingers_2",
                    "tints": [
                        {
                            "type": "minecraft:dye",
                            "default": [
                                1,
                                1,
                                1
                            ]
                        }
                    ]
                }
            },
            {
                "type": "minecraft:condition",
                "property": "minecraft:component",
                "predicate": "minecraft:custom_data",
                "value": "{hardening:1b}",
                "on_true": {
                    "type": "minecraft:model",
                    "model": "snc:beast/right_fingers_2"
                },
                "on_false": {
                    "type": "minecraft:model",
                    "model": "minecraft:item/air"
                }
            }
        ]
    }
}