{"credit":"Shingeki no Craft: Made by Fanfo and Zabat","textures":{"1":"custom/titan/shifter/colossal/teeth","2":"custom/titan/shifter/colossal/head","3":"custom/titan/shifter/colossal/body"},"elements":[{"from":[7.09324,24.67844,8.28362],"to":[8.90676,28.81812,10.00632],"rotation":{"angle":0,"axis":"y","origin":[8.03778,28.42504,8.0705]},"faces":{"north":{"uv":[3,12.5,3.46875,13.53125],"texture":"#3"},"east":{"uv":[6.25,12.5,6.71875,13.53125],"texture":"#3"},"south":{"uv":[6.75,12.5,7.21875,13.53125],"texture":"#3"},"west":{"uv":[9.75,12.5,10.21875,13.53125],"texture":"#3"},"up":{"uv":[11.71875,4.71875,11.25,4.25],"texture":"#3"},"down":{"uv":[13.46875,7.5,13,7.96875],"texture":"#3"}}},{"from":[2.5,7.75,5],"to":[13.5,15.75,11.5],"rotation":{"angle":0,"axis":"y","origin":[0,9,0]},"faces":{"north":{"uv":[0,0,2.75,2],"texture":"#3"},"east":{"uv":[2.75,8.25,4.375,10.25],"texture":"#3"},"south":{"uv":[0,2,2.75,4],"texture":"#3"},"west":{"uv":[8.25,3,9.875,5],"texture":"#3"},"up":{"uv":[5.5,5.125,2.75,3.5],"texture":"#3"},"down":{"uv":[2.75,4,0,5.625],"texture":"#3"}}},{"from":[2.25,15.75,5.1875],"to":[13.75,20.95,11.9375],"rotation":{"angle":0,"axis":"y","origin":[0,9,0]},"faces":{"north":{"uv":[7.25,1.5,10.125,2.8125],"texture":"#3"},"east":{"uv":[1,8.75,2.6875,10.0625],"texture":"#3"},"south":{"uv":[7.25,5,10.125,6.3125],"texture":"#3"},"west":{"uv":[8.5,9,10.1875,10.3125],"texture":"#3"},"up":{"uv":[5.625,1.6875,2.75,0],"texture":"#3"},"down":{"uv":[5.625,1.75,2.75,3.4375],"texture":"#3"}}},{"from":[2.5,19.75,6.5],"to":[13.5,25.25,12.5],"rotation":{"angle":0,"axis":"y","origin":[0,9,0.5]},"faces":{"north":{"uv":[0,7.25,2.75,8.65625],"texture":"#3"},"east":{"uv":[7,9.25,8.5,10.65625],"texture":"#3"},"south":{"uv":[7.25,0,10,1.40625],"texture":"#3"},"west":{"uv":[10,0,11.5,1.40625],"texture":"#3"},"up":{"uv":[8.25,5,5.5,3.5],"texture":"#3"},"down":{"uv":[2.75,5.75,0,7.25],"texture":"#3"}}},{"from":[2.6,20.35,5.5],"to":[13.4,25,8.5],"rotation":{"angle":22.5,"axis":"x","origin":[8,23,7]},"faces":{"north":{"uv":[8.5,6.5,11.1875,7.65625],"texture":"#3"},"east":{"uv":[8.25,11.5,9,12.65625],"texture":"#3"},"south":{"uv":[8.5,7.75,11.1875,8.90625],"texture":"#3"},"west":{"uv":[9,11.5,9.75,12.65625],"texture":"#3"},"up":{"uv":[12.9375,2.25,10.25,1.5],"texture":"#3"},"down":{"uv":[12.9375,2.25,10.25,3],"texture":"#3"}}},{"from":[5,26.12943,8.74372],"to":[11,26.87943,12.24372],"rotation":{"angle":45,"axis":"x","origin":[8,25.92943,9.74372]},"faces":{"north":{"uv":[13,2.25,14.5,2.4375],"texture":"#3"},"east":{"uv":[10.25,6.25,11.125,6.4375],"texture":"#3"},"south":{"uv":[13,2.5,14.5,2.6875],"texture":"#3"},"west":{"uv":[13,2.75,13.875,2.9375],"texture":"#3"},"up":{"uv":[10,11.375,8.5,10.5],"texture":"#3"},"down":{"uv":[7,10.75,5.5,11.625],"texture":"#3"}}},{"from":[8.9,23.63394,7.5],"to":[12.1,24.88394,10.5],"rotation":{"angle":45,"axis":"x","origin":[10.75,25.13394,9.125]},"faces":{"north":{"uv":[13.8125,4.25,13,4.5625],"texture":"#3"},"east":{"uv":[13.75,7,13,7.3125],"texture":"#3"},"south":{"uv":[13.8125,4.75,13,5.0625],"texture":"#3"},"west":{"uv":[6.25,13,5.5,13.3125],"texture":"#3"},"up":{"uv":[12.25,3.75,13.0625,3],"texture":"#3"},"down":{"uv":[3.5,12.25,4.3125,13],"texture":"#3"}}},{"from":[8.3,24,7.75],"to":[13,26.5,10.5],"rotation":{"angle":-22.5,"axis":"z","origin":[11,25.25,8.875]},"faces":{"north":{"uv":[7.4375,11.75,6.25,12.375],"texture":"#3"},"east":{"uv":[13.1875,8.25,12.5,8.875],"texture":"#3"},"south":{"uv":[12.9375,7,11.75,7.625],"texture":"#3"},"west":{"uv":[13.1875,6.25,12.5,6.875],"texture":"#3"},"up":{"uv":[11.75,4.9375,12.9375,4.25],"texture":"#3"},"down":{"uv":[11.75,5,12.9375,5.6875],"texture":"#3"}}},{"from":[21.56377,3.4691,7.80976],"to":[22.31377,5.0691,10.30976],"rotation":{"angle":0,"axis":"y","origin":[22.8983,6.4401,8.78584]},"faces":{"north":{"uv":[9.9375,11.5,9.75,11.90625],"texture":"#3"},"east":{"uv":[13.625,5.25,13,5.65625],"texture":"#3"},"south":{"uv":[3.6875,11.75,3.5,12.15625],"texture":"#3"},"west":{"uv":[8.125,3,7.5,3.40625],"texture":"#3"},"up":{"uv":[7,8.625,7.1875,8],"texture":"#3"},"down":{"uv":[5.5,9.75,5.6875,10.375],"texture":"#3"}}},{"from":[21.41377,1.4691,7.90976],"to":[21.91377,3.5691,10.20976],"rotation":{"angle":-22.5,"axis":"z","origin":[22.06377,2.5191,9.05976]},"faces":{"north":{"uv":[10.375,13,10.25,13.53125],"texture":"#3"},"east":{"uv":[2.5625,13,2,13.53125],"texture":"#3"},"south":{"uv":[13.125,10.25,13,10.78125],"texture":"#3"},"west":{"uv":[13.5625,1.5,13,2.03125],"texture":"#3"},"up":{"uv":[7.25,13.0625,7.375,12.5],"texture":"#3"},"down":{"uv":[9.5,12.75,9.625,13.3125],"texture":"#3"}}},{"from":[21.09005,2.97912,7.93692],"to":[21.59005,5.22912,8.58692],"rotation":{"angle":-22.5,"axis":"z","origin":[20.71505,3.72912,8.51192]},"faces":{"north":{"uv":[2.875,13,2.75,13.5625],"texture":"#3"},"east":{"uv":[8.15625,11.75,8,12.3125],"texture":"#3"},"south":{"uv":[13.125,9.5,13,10.0625],"texture":"#3"},"west":{"uv":[8.40625,10.75,8.25,11.3125],"texture":"#3"},"up":{"uv":[5.5,5.15625,5.625,5],"texture":"#3"},"down":{"uv":[10,4.75,10.125,4.90625],"texture":"#3"}}},{"from":[15.1,13.75,7.75],"to":[17.1,21.75,10.75],"rotation":{"angle":22.5,"axis":"z","origin":[14.1,18.5,7.5]},"faces":{"north":{"uv":[11.75,6.25,11.25,8.25],"texture":"#3"},"east":{"uv":[11,9,10.25,11],"texture":"#3"},"south":{"uv":[11.75,11,11.25,13],"texture":"#3"},"west":{"uv":[4.5,10.25,3.75,12.25],"texture":"#3"},"up":{"uv":[8,13.5,8.5,12.75],"texture":"#3"},"down":{"uv":[8.5,12.75,9,13.5],"texture":"#3"}}},{"from":[14.82392,21.41253,7.25],"to":[17.07392,25.41253,11.25],"rotation":{"angle":45,"axis":"z","origin":[14.69892,20.91253,8.25]},"faces":{"north":{"uv":[5.0625,12.25,4.5,13.25],"texture":"#3"},"east":{"uv":[12.5,0,11.5,1],"texture":"#3"},"south":{"uv":[12.8125,9.5,12.25,10.5],"texture":"#3"},"west":{"uv":[1,11.5,0,12.5],"texture":"#3"},"up":{"uv":[12.25,11.5,12.8125,10.5],"texture":"#3"},"down":{"uv":[12.25,11.5,12.8125,12.5],"texture":"#3"}}},{"from":[19.59097,3.37897,8.25],"to":[20.59097,9.37897,10],"rotation":{"angle":22.5,"axis":"z","origin":[17.25347,9.52897,6.4375]},"faces":{"north":{"uv":[5.75,8.25,5.5,9.75],"texture":"#3"},"east":{"uv":[12.1875,11,11.75,12.5],"texture":"#3"},"south":{"uv":[5.5,12.25,5.25,13.75],"texture":"#3"},"west":{"uv":[7.9375,11.75,7.5,13.25],"texture":"#3"},"up":{"uv":[7,9.1875,7.25,8.75],"texture":"#3"},"down":{"uv":[10,10.5,10.25,10.9375],"texture":"#3"}}},{"from":[18.84097,9.62897,8],"to":[20.59097,14.62897,10.5],"rotation":{"angle":22.5,"axis":"z","origin":[17.75347,9.77897,6.6875]},"faces":{"north":{"uv":[0.4375,12.5,0,13.75],"texture":"#3"},"east":{"uv":[12.375,5.75,11.75,7],"texture":"#3"},"south":{"uv":[0.9375,12.5,0.5,13.75],"texture":"#3"},"west":{"uv":[6.125,11.75,5.5,13],"texture":"#3"},"up":{"uv":[3.5,13.625,3.9375,13],"texture":"#3"},"down":{"uv":[4,13,4.4375,13.625],"texture":"#3"}}},{"from":[3.9,23.63394,7.5],"to":[7.1,24.88394,10.5],"rotation":{"angle":45,"axis":"x","origin":[5.25,25.13394,9.125]},"faces":{"north":{"uv":[13,4.25,13.8125,4.5625],"texture":"#3"},"east":{"uv":[5.5,13,6.25,13.3125],"texture":"#3"},"south":{"uv":[13,4.75,13.8125,5.0625],"texture":"#3"},"west":{"uv":[13,7,13.75,7.3125],"texture":"#3"},"up":{"uv":[13.0625,3.75,12.25,3],"texture":"#3"},"down":{"uv":[4.3125,12.25,3.5,13],"texture":"#3"}}},{"from":[3,24,7.75],"to":[7.7,26.5,10.5],"rotation":{"angle":22.5,"axis":"z","origin":[5,25.25,8.875]},"faces":{"north":{"uv":[6.25,11.75,7.4375,12.375],"texture":"#3"},"east":{"uv":[12.5,6.25,13.1875,6.875],"texture":"#3"},"south":{"uv":[11.75,7,12.9375,7.625],"texture":"#3"},"west":{"uv":[12.5,8.25,13.1875,8.875],"texture":"#3"},"up":{"uv":[12.9375,4.9375,11.75,4.25],"texture":"#3"},"down":{"uv":[12.9375,5,11.75,5.6875],"texture":"#3"}}},{"from":[-6.31377,3.4691,7.80976],"to":[-5.56377,5.0691,10.30976],"rotation":{"angle":0,"axis":"y","origin":[-6.8983,6.4401,8.78584]},"faces":{"north":{"uv":[9.75,11.5,9.9375,11.90625],"texture":"#3"},"east":{"uv":[7.5,3,8.125,3.40625],"texture":"#3"},"south":{"uv":[3.5,11.75,3.6875,12.15625],"texture":"#3"},"west":{"uv":[13,5.25,13.625,5.65625],"texture":"#3"},"up":{"uv":[7.1875,8.625,7,8],"texture":"#3"},"down":{"uv":[5.6875,9.75,5.5,10.375],"texture":"#3"}}},{"from":[-5.91377,1.4691,7.90976],"to":[-5.41377,3.5691,10.20976],"rotation":{"angle":22.5,"axis":"z","origin":[-6.06377,2.5191,9.05976]},"faces":{"north":{"uv":[10.25,13,10.375,13.53125],"texture":"#3"},"east":{"uv":[13,1.5,13.5625,2.03125],"texture":"#3"},"south":{"uv":[13,10.25,13.125,10.78125],"texture":"#3"},"west":{"uv":[2,13,2.5625,13.53125],"texture":"#3"},"up":{"uv":[7.375,13.0625,7.25,12.5],"texture":"#3"},"down":{"uv":[9.625,12.75,9.5,13.3125],"texture":"#3"}}},{"from":[-5.59005,2.97912,7.93692],"to":[-5.09005,5.22912,8.58692],"rotation":{"angle":22.5,"axis":"z","origin":[-4.71505,3.72912,8.51192]},"faces":{"north":{"uv":[2.75,13,2.875,13.5625],"texture":"#3"},"east":{"uv":[8.25,10.75,8.40625,11.3125],"texture":"#3"},"south":{"uv":[13,9.5,13.125,10.0625],"texture":"#3"},"west":{"uv":[8,11.75,8.15625,12.3125],"texture":"#3"},"up":{"uv":[5.625,5.15625,5.5,5],"texture":"#3"},"down":{"uv":[10.125,4.75,10,4.90625],"texture":"#3"}}},{"from":[-1.1,13.75,7.75],"to":[0.9,21.75,10.75],"rotation":{"angle":-22.5,"axis":"z","origin":[1.9,18.5,7.5]},"faces":{"north":{"uv":[11.25,6.25,11.75,8.25],"texture":"#3"},"east":{"uv":[3.75,10.25,4.5,12.25],"texture":"#3"},"south":{"uv":[11.25,11,11.75,13],"texture":"#3"},"west":{"uv":[10.25,9,11,11],"texture":"#3"},"up":{"uv":[8.5,13.5,8,12.75],"texture":"#3"},"down":{"uv":[9,12.75,8.5,13.5],"texture":"#3"}}},{"from":[-1.07392,21.41253,7.25],"to":[1.17608,25.41253,11.25],"rotation":{"angle":-45,"axis":"z","origin":[1.30108,20.91253,8.25]},"faces":{"north":{"uv":[4.5,12.25,5.0625,13.25],"texture":"#3"},"east":{"uv":[0,11.5,1,12.5],"texture":"#3"},"south":{"uv":[12.25,9.5,12.8125,10.5],"texture":"#3"},"west":{"uv":[11.5,0,12.5,1],"texture":"#3"},"up":{"uv":[12.8125,11.5,12.25,10.5],"texture":"#3"},"down":{"uv":[12.8125,11.5,12.25,12.5],"texture":"#3"}}},{"from":[-4.59097,3.37897,8.25],"to":[-3.59097,9.37897,10],"rotation":{"angle":-22.5,"axis":"z","origin":[-1.25347,9.52897,6.4375]},"faces":{"north":{"uv":[5.5,8.25,5.75,9.75],"texture":"#3"},"east":{"uv":[7.5,11.75,7.9375,13.25],"texture":"#3"},"south":{"uv":[5.25,12.25,5.5,13.75],"texture":"#3"},"west":{"uv":[11.75,11,12.1875,12.5],"texture":"#3"},"up":{"uv":[7.25,9.1875,7,8.75],"texture":"#3"},"down":{"uv":[10.25,10.5,10,10.9375],"texture":"#3"}}},{"from":[-4.59097,9.62897,8],"to":[-2.84097,14.62897,10.5],"rotation":{"angle":-22.5,"axis":"z","origin":[-1.75347,9.77897,6.6875]},"faces":{"north":{"uv":[0,12.5,0.4375,13.75],"texture":"#3"},"east":{"uv":[5.5,11.75,6.125,13],"texture":"#3"},"south":{"uv":[0.5,12.5,0.9375,13.75],"texture":"#3"},"west":{"uv":[11.75,5.75,12.375,7],"texture":"#3"},"up":{"uv":[3.9375,13.625,3.5,13],"texture":"#3"},"down":{"uv":[4.4375,13,4,13.625],"texture":"#3"}}},{"from":[8.75,8.1,9.85],"to":[12,13.1,11.85],"rotation":{"angle":-45,"axis":"z","origin":[8,8.85,9.1]},"faces":{"north":{"uv":[5.3125,11,4.5,12.25],"texture":"#3"},"east":{"uv":[2,12,1.5,13.25],"texture":"#3"},"south":{"uv":[12.0625,3,11.25,4.25],"texture":"#3"},"west":{"uv":[1.5,12,1,13.25],"texture":"#3"},"up":{"uv":[10.25,13,11.0625,12.5],"texture":"#3"},"down":{"uv":[11.75,12.5,12.5625,13],"texture":"#3"}}},{"from":[8.5,-1.15,4.15],"to":[14.25,10.35,9.65],"rotation":{"angle":22.5,"axis":"x","origin":[11.375,5.25,8.25]},"faces":{"north":{"uv":[4.1875,5.25,2.75,8.125],"texture":"#3"},"east":{"uv":[7.125,5,5.75,7.875],"texture":"#3"},"south":{"uv":[5.6875,5.25,4.25,8.125],"texture":"#3"},"west":{"uv":[7.125,0,5.75,2.875],"texture":"#3"},"up":{"uv":[2.25,11.625,3.6875,10.25],"texture":"#3"},"down":{"uv":[10.25,4.75,11.6875,6.125],"texture":"#3"}}},{"from":[9,-10,6],"to":[14,0.5,9.9375],"rotation":{"angle":-22.5,"axis":"x","origin":[11.5,-5.75,6.46875]},"faces":{"north":{"uv":[8.5,6.5,7.25,9.125],"texture":"#3"},"east":{"uv":[1,8.75,0,11.375],"texture":"#3"},"south":{"uv":[7,8,5.75,10.625],"texture":"#3"},"west":{"uv":[5.5,8.25,4.5,10.875],"texture":"#3"},"up":{"uv":[10,12,11.25,11],"texture":"#3"},"down":{"uv":[11,10,12.25,11],"texture":"#3"}}},{"from":[9.35,-13.20095,6.80156],"to":[14.15,-10.30095,8.73906],"rotation":{"angle":22.5,"axis":"x","origin":[11.75,-11.0925,8.69752]},"faces":{"north":{"uv":[12.4375,8.25,11.25,8.96875],"texture":"#3"},"east":{"uv":[13.25,12.5,12.75,13.21875],"texture":"#3"},"south":{"uv":[3.4375,11.75,2.25,12.46875],"texture":"#3"},"west":{"uv":[9.5,12.75,9,13.46875],"texture":"#3"},"up":{"uv":[12.25,4.25,13.4375,3.75],"texture":"#3"},"down":{"uv":[12.25,9,13.4375,9.5],"texture":"#3"}}},{"from":[9.25,-11.16,7.85],"to":[14.25,-9.16,11.7875],"rotation":{"angle":-22.5,"axis":"x","origin":[11.75,-11.0925,8.69752]},"faces":{"north":{"uv":[13,7.75,11.75,8.25],"texture":"#3"},"east":{"uv":[13.5,5.75,12.5,6.25],"texture":"#3"},"south":{"uv":[11,12,9.75,12.5],"texture":"#3"},"west":{"uv":[3,12.5,2,13],"texture":"#3"},"up":{"uv":[7,11.75,8.25,10.75],"texture":"#3"},"down":{"uv":[11,9,12.25,10],"texture":"#3"}}},{"from":[9.25,-12.9,5.1],"to":[14.25,-11.15,11.85],"rotation":{"angle":-22.5,"axis":"x","origin":[11.75,-11.0925,8.69752]},"faces":{"north":{"uv":[13.75,0,12.5,0.4375],"texture":"#3"},"east":{"uv":[13.1875,1,11.5,1.4375],"texture":"#3"},"south":{"uv":[13.75,0.5,12.5,0.9375],"texture":"#3"},"west":{"uv":[7.4375,3,5.75,3.4375],"texture":"#3"},"up":{"uv":[10,4.6875,11.25,3],"texture":"#3"},"down":{"uv":[1,10.25,2.25,11.9375],"texture":"#3"}}},{"from":[4,8.1,9.85],"to":[7.25,13.1,11.85],"rotation":{"angle":45,"axis":"z","origin":[8,8.85,9.1]},"faces":{"north":{"uv":[4.5,11,5.3125,12.25],"texture":"#3"},"east":{"uv":[1,12,1.5,13.25],"texture":"#3"},"south":{"uv":[11.25,3,12.0625,4.25],"texture":"#3"},"west":{"uv":[1.5,12,2,13.25],"texture":"#3"},"up":{"uv":[11.0625,13,10.25,12.5],"texture":"#3"},"down":{"uv":[12.5625,12.5,11.75,13],"texture":"#3"}}},{"from":[1.75,-1.15,4.15],"to":[7.5,10.35,9.65],"rotation":{"angle":22.5,"axis":"x","origin":[4.625,5.25,8.25]},"faces":{"north":{"uv":[2.75,5.25,4.1875,8.125],"texture":"#3"},"east":{"uv":[5.75,0,7.125,2.875],"texture":"#3"},"south":{"uv":[4.25,5.25,5.6875,8.125],"texture":"#3"},"west":{"uv":[5.75,5,7.125,7.875],"texture":"#3"},"up":{"uv":[3.6875,11.625,2.25,10.25],"texture":"#3"},"down":{"uv":[11.6875,4.75,10.25,6.125],"texture":"#3"}}},{"from":[2,-10,6],"to":[7,0.5,9.9375],"rotation":{"angle":-22.5,"axis":"x","origin":[4.5,-5.75,6.46875]},"faces":{"north":{"uv":[7.25,6.5,8.5,9.125],"texture":"#3"},"east":{"uv":[4.5,8.25,5.5,10.875],"texture":"#3"},"south":{"uv":[5.75,8,7,10.625],"texture":"#3"},"west":{"uv":[0,8.75,1,11.375],"texture":"#3"},"up":{"uv":[11.25,12,10,11],"texture":"#3"},"down":{"uv":[12.25,10,11,11],"texture":"#3"}}},{"from":[1.85,-13.20095,6.80156],"to":[6.65,-10.30095,8.73906],"rotation":{"angle":22.5,"axis":"x","origin":[4.25,-11.0925,8.69752]},"faces":{"north":{"uv":[11.25,8.25,12.4375,8.96875],"texture":"#3"},"east":{"uv":[9,12.75,9.5,13.46875],"texture":"#3"},"south":{"uv":[2.25,11.75,3.4375,12.46875],"texture":"#3"},"west":{"uv":[12.75,12.5,13.25,13.21875],"texture":"#3"},"up":{"uv":[13.4375,4.25,12.25,3.75],"texture":"#3"},"down":{"uv":[13.4375,9,12.25,9.5],"texture":"#3"}}},{"from":[1.75,-11.16,7.85],"to":[6.75,-9.16,11.7875],"rotation":{"angle":-22.5,"axis":"x","origin":[4.25,-11.0925,8.69752]},"faces":{"north":{"uv":[11.75,7.75,13,8.25],"texture":"#3"},"east":{"uv":[2,12.5,3,13],"texture":"#3"},"south":{"uv":[9.75,12,11,12.5],"texture":"#3"},"west":{"uv":[12.5,5.75,13.5,6.25],"texture":"#3"},"up":{"uv":[8.25,11.75,7,10.75],"texture":"#3"},"down":{"uv":[12.25,9,11,10],"texture":"#3"}}},{"from":[1.75,-12.9,5.1],"to":[6.75,-11.15,11.85],"rotation":{"angle":-22.5,"axis":"x","origin":[4.25,-11.0925,8.69752]},"faces":{"north":{"uv":[12.5,0,13.75,0.4375],"texture":"#3"},"east":{"uv":[5.75,3,7.4375,3.4375],"texture":"#3"},"south":{"uv":[12.5,0.5,13.75,0.9375],"texture":"#3"},"west":{"uv":[11.5,1,13.1875,1.4375],"texture":"#3"},"up":{"uv":[11.25,4.6875,10,3],"texture":"#3"},"down":{"uv":[2.25,10.25,1,11.9375],"texture":"#3"}}},{"from":[7.17225,28.22132,8.22167],"to":[8.82775,30.63438,10.17442],"rotation":{"angle":0,"axis":"y","origin":[8,29.0478,8.83303]},"faces":{"north":{"uv":[0,2,1.375,4],"texture":"#2"},"east":{"uv":[0,0,1.625,2],"texture":"#2"},"south":{"uv":[1.5,2,2.875,4],"texture":"#2"},"west":{"uv":[1.75,0,3.375,2],"texture":"#2"},"up":{"uv":[4.375,3.625,3,2],"texture":"#2"},"down":{"uv":[4.875,0,3.5,1.625],"texture":"#2"}}},{"from":[7.53183,30.60835,8.5277],"to":[8.46817,30.75679,10.02141],"rotation":{"angle":0,"axis":"y","origin":[8,29.0478,8.83303]},"faces":{"north":{"uv":[8.75,0,9.5,0.125],"texture":"#2"},"east":{"uv":[8.25,2.5,9.5,2.625],"texture":"#2"},"south":{"uv":[8.75,0.25,9.5,0.375],"texture":"#2"},"west":{"uv":[8.25,2.75,9.5,2.875],"texture":"#2"},"up":{"uv":[6.25,3.25,5.5,2],"texture":"#2"},"down":{"uv":[6.25,4.75,5.5,6],"texture":"#2"}}},{"from":[7.50123,28.31313,10.18026],"to":[8.49877,30.42015,10.29684],"rotation":{"angle":0,"axis":"y","origin":[8,29.0478,8.83303]},"faces":{"north":{"uv":[1.5,4,2.3125,5.75],"texture":"#2"},"east":{"uv":[5.75,7.75,5.875,9.5],"texture":"#2"},"south":{"uv":[4.5,1.75,5.3125,3.5],"texture":"#2"},"west":{"uv":[6,7.75,6.125,9.5],"texture":"#2"},"up":{"uv":[9.3125,7.875,8.5,7.75],"texture":"#2"},"down":{"uv":[9.3125,8,8.5,8.125],"texture":"#2"}}},{"from":[7.35466,28.46844,7.61449],"to":[8.64534,28.99291,8.3099],"rotation":{"angle":0,"axis":"y","origin":[8,29.0478,8.83303]},"faces":{"north":{"uv":[6.25,4.75,7.3125,5.1875],"texture":"#2"},"east":{"uv":[7.75,1.25,8.3125,1.6875],"texture":"#2"},"south":{"uv":[6.25,5.25,7.3125,5.6875],"texture":"#2"},"west":{"uv":[7.75,5.75,8.3125,6.1875],"texture":"#2"},"up":{"uv":[3.3125,6.5625,2.25,6],"texture":"#2"},"down":{"uv":[7.0625,3.25,6,3.8125],"texture":"#2"}}},{"from":[7.34969,28.5267,7.73161],"to":[8.65031,29.08177,8.42702],"rotation":{"angle":22.5,"axis":"x","origin":[8,29.0478,8.83303]},"faces":{"north":{"uv":[6.5,5.75,7.5625,6.1875],"texture":"#2"},"east":{"uv":[7.75,6.25,8.3125,6.6875],"texture":"#2"},"south":{"uv":[6.5,6.25,7.5625,6.6875],"texture":"#2"},"west":{"uv":[7.75,6.75,8.3125,7.1875],"texture":"#2"},"up":{"uv":[7.0625,4.5625,6,4],"texture":"#2"},"down":{"uv":[6.3125,6,5.25,6.5625],"texture":"#2"}}},{"from":[7.2246,28.91325,7.40753],"to":[8.7754,30.0218,7.9626],"rotation":{"angle":22.5,"axis":"x","origin":[8,29.0478,8.83303]},"faces":{"north":{"uv":[5,0,6.25,0.875],"texture":"#2"},"east":{"uv":[7.25,3,7.6875,3.875],"texture":"#2"},"south":{"uv":[5.5,1,6.75,1.875],"texture":"#2"},"west":{"uv":[7.25,6.75,7.6875,7.625],"texture":"#2"},"up":{"uv":[7.5,0.4375,6.25,0],"texture":"#2"},"down":{"uv":[7.5,0.5,6.25,0.9375],"texture":"#2"}}},{"from":[7.2552,30.19244,8.51756],"to":[8.7448,30.74751,8.87634],"rotation":{"angle":-22.5,"axis":"x","origin":[8,29.0478,8.83303]},"faces":{"north":{"uv":[6.25,2,7.4375,2.4375],"texture":"#2"},"east":{"uv":[8,8.25,8.3125,8.6875],"texture":"#2"},"south":{"uv":[6.25,2.5,7.4375,2.9375],"texture":"#2"},"west":{"uv":[0,8.5,0.3125,8.9375],"texture":"#2"},"up":{"uv":[8.4375,4.3125,7.25,4],"texture":"#2"},"down":{"uv":[1.9375,7.5,0.75,7.8125],"texture":"#2"}}},{"from":[7.62215,28.15239,7.58923],"to":[8.37785,28.44677,7.67453],"rotation":{"angle":0,"axis":"y","origin":[8,29.0478,8.83303]},"faces":{"north":{"uv":[8.25,3,8.875,3.25],"texture":"#2"},"east":{"uv":[9.5,1.75,9.5625,2],"texture":"#2"},"south":{"uv":[8.25,3.25,8.875,3.5],"texture":"#2"},"west":{"uv":[9.5,2.5,9.5625,2.75],"texture":"#2"},"up":{"uv":[9.875,3.5625,9.25,3.5],"texture":"#2"},"down":{"uv":[9.875,3.75,9.25,3.8125],"texture":"#2"}}},{"from":[7.90728,28.0118,7.59826],"to":[8.09272,29.0097,8.24731],"rotation":{"angle":22.5,"axis":"x","origin":[8,29.0478,8.83303]},"faces":{"north":{"uv":[6.75,8.5,6.875,9.3125],"texture":"#2"},"east":{"uv":[5.25,6.75,5.75,7.5625],"texture":"#2"},"south":{"uv":[8.5,8.25,8.625,9.0625],"texture":"#2"},"west":{"uv":[5.75,6.75,6.25,7.5625],"texture":"#2"},"up":{"uv":[2.875,9.5,2.75,9],"texture":"#2"},"down":{"uv":[3.125,9,3,9.5],"texture":"#2"}}},{"from":[7.89833,28.48046,7.2958],"to":[8.08195,28.56335,7.55923],"rotation":{"angle":0,"axis":"y","origin":[8,29.0478,8.83303]},"faces":{"north":{"uv":[9.5,5.25,9.625,5.3125],"texture":"#2"},"east":{"uv":[9.5,4,9.6875,4.0625],"texture":"#2"},"south":{"uv":[5.5,9.5,5.625,9.5625],"texture":"#2"},"west":{"uv":[4.25,9.5,4.4375,9.5625],"texture":"#2"},"up":{"uv":[9.625,0.4375,9.5,0.25],"texture":"#2"},"down":{"uv":[9.625,0.5,9.5,0.6875],"texture":"#2"}}},{"from":[7.83077,27.72671,8.12199],"to":[8.16923,28.03605,8.3885],"rotation":{"angle":45,"axis":"x","origin":[8,29.0478,8.83303]},"faces":{"north":{"uv":[2.25,5.75,2.5,6],"texture":"#2"},"east":{"uv":[7.25,9,7.4375,9.25],"texture":"#2"},"south":{"uv":[5.25,5.75,5.5,6],"texture":"#2"},"west":{"uv":[9,7.25,9.1875,7.5],"texture":"#2"},"up":{"uv":[7.75,9.1875,7.5,9],"texture":"#2"},"down":{"uv":[8,9,7.75,9.1875],"texture":"#2"}}},{"from":[7.71692,27.80638,7.84714],"to":[8.28308,28.09711,8.15317],"rotation":{"angle":22.5,"axis":"x","origin":[8,29.0478,8.83303]},"faces":{"north":{"uv":[8.5,4.25,8.9375,4.5],"texture":"#2"},"east":{"uv":[6.25,5.75,6.5,6],"texture":"#2"},"south":{"uv":[8.5,5.25,8.9375,5.5],"texture":"#2"},"west":{"uv":[7.5,1.5,7.75,1.75],"texture":"#2"},"up":{"uv":[8.9375,5.75,8.5,5.5],"texture":"#2"},"down":{"uv":[8.9375,5.75,8.5,6],"texture":"#2"}}},{"from":[8.70212,28.84493,7.60183],"to":[8.88574,29.22746,7.90786],"rotation":{"angle":-45,"axis":"z","origin":[8,29.0478,8.83303]},"faces":{"north":{"uv":[4,9.25,4.125,9.5625],"texture":"#2"},"east":{"uv":[6.25,8.75,6.5,9.0625],"texture":"#2"},"south":{"uv":[9.25,4,9.375,4.3125],"texture":"#2"},"west":{"uv":[8.75,6.25,9,6.5625],"texture":"#2"},"up":{"uv":[8.375,9.5,8.25,9.25],"texture":"#2"},"down":{"uv":[8.625,9.25,8.5,9.5],"texture":"#2"}}},{"from":[8.56441,28.67661,7.55593],"to":[8.94695,28.93673,7.86196],"rotation":{"angle":-45,"axis":"z","origin":[8,29.0478,8.83303]},"faces":{"north":{"uv":[9,1.25,9.3125,1.4375],"texture":"#2"},"east":{"uv":[8,9,8.25,9.1875],"texture":"#2"},"south":{"uv":[9,1.75,9.3125,1.9375],"texture":"#2"},"west":{"uv":[8.25,9,8.5,9.1875],"texture":"#2"},"up":{"uv":[9.0625,4.75,8.75,4.5],"texture":"#2"},"down":{"uv":[9.0625,6.75,8.75,7],"texture":"#2"}}},{"from":[8.05346,27.47734,7.63243],"to":[8.16057,28.1659,7.86196],"rotation":{"angle":22.5,"axis":"z","origin":[8,29.0478,8.83303]},"faces":{"north":{"uv":[6.25,9.25,6.3125,9.8125],"texture":"#2"},"east":{"uv":[2.25,8.5,2.4375,9.0625],"texture":"#2"},"south":{"uv":[8,9.25,8.0625,9.8125],"texture":"#2"},"west":{"uv":[8.5,6.25,8.6875,6.8125],"texture":"#2"},"up":{"uv":[9.5625,4.4375,9.5,4.25],"texture":"#2"},"down":{"uv":[4.5625,9.5,4.5,9.6875],"texture":"#2"}}},{"from":[8.70989,28.44314,8.07934],"to":[9.11308,30.00812,8.72885],"rotation":{"angle":22.5,"axis":"y","origin":[8,29.0478,8.83303]},"faces":{"north":{"uv":[6.25,6.75,6.5625,8],"texture":"#2"},"east":{"uv":[4.75,5.75,5.25,7],"texture":"#2"},"south":{"uv":[6.75,6.75,7.0625,8],"texture":"#2"},"west":{"uv":[0,6,0.5,7.25],"texture":"#2"},"up":{"uv":[4.0625,8.75,3.75,8.25],"texture":"#2"},"down":{"uv":[4.5625,8.25,4.25,8.75],"texture":"#2"}}},{"from":[8.80642,28.8437,9.1365],"to":[8.93065,29.46214,9.86765],"rotation":{"angle":22.5,"axis":"y","origin":[8,29.0478,8.83303]},"faces":{"north":{"uv":[9,3,9.125,3.5],"texture":"#2"},"east":{"uv":[2,7.5,2.625,8],"texture":"#2"},"south":{"uv":[3.25,9,3.375,9.5],"texture":"#2"},"west":{"uv":[7.5,2,8.125,2.5],"texture":"#2"},"up":{"uv":[6.625,9.375,6.5,8.75],"texture":"#2"},"down":{"uv":[7.125,8.75,7,9.375],"texture":"#2"}}},{"from":[8.80642,28.29284,9.1365],"to":[8.93065,28.85008,9.72994],"rotation":{"angle":22.5,"axis":"y","origin":[8,29.0478,8.83303]},"faces":{"north":{"uv":[9,5.25,9.125,5.6875],"texture":"#2"},"east":{"uv":[7.25,7.75,7.75,8.1875],"texture":"#2"},"south":{"uv":[9,5.75,9.125,6.1875],"texture":"#2"},"west":{"uv":[7.75,7.25,8.25,7.6875],"texture":"#2"},"up":{"uv":[3.625,9.5,3.5,9],"texture":"#2"},"down":{"uv":[9.125,3.5,9,4],"texture":"#2"}}},{"from":[8.69969,29.10881,8.17576],"to":[9.02397,30.29774,10.03671],"rotation":{"angle":0,"axis":"y","origin":[8,29.0478,8.83303]},"faces":{"north":{"uv":[5.25,7.75,5.5,8.75],"texture":"#2"},"east":{"uv":[3,3.75,4.5,4.75],"texture":"#2"},"south":{"uv":[5.5,7.75,5.75,8.75],"texture":"#2"},"west":{"uv":[0,4,1.5,5],"texture":"#2"},"up":{"uv":[7.75,1.5,7.5,0],"texture":"#2"},"down":{"uv":[0.75,7.5,0.5,9],"texture":"#2"}}},{"from":[8.69969,28.34373,9.17036],"to":[9.02397,29.10423,10.03671],"rotation":{"angle":0,"axis":"y","origin":[8,29.0478,8.83303]},"faces":{"north":{"uv":[7,8,7.25,8.625],"texture":"#2"},"east":{"uv":[6.75,1,7.4375,1.625],"texture":"#2"},"south":{"uv":[4.75,8.25,5,8.875],"texture":"#2"},"west":{"uv":[1.5,6.75,2.1875,7.375],"texture":"#2"},"up":{"uv":[3.25,8.6875,3,8],"texture":"#2"},"down":{"uv":[3.5,8,3.25,8.6875],"texture":"#2"}}},{"from":[8.98826,28.13923,8.21804],"to":[9.07356,28.44891,9.07616],"rotation":{"angle":45,"axis":"y","origin":[8,29.0478,8.83303]},"faces":{"north":{"uv":[2.75,9.5,2.8125,9.75],"texture":"#2"},"east":{"uv":[6.25,8,6.9375,8.25],"texture":"#2"},"south":{"uv":[9.5,2.75,9.5625,3],"texture":"#2"},"west":{"uv":[8.25,1.75,8.9375,2],"texture":"#2"},"up":{"uv":[0.5625,9.9375,0.5,9.25],"texture":"#2"},"down":{"uv":[9.3125,0.5,9.25,1.1875],"texture":"#2"}}},{"from":[8.85658,28.15239,8.24449],"to":[8.94188,28.46207,8.59767],"rotation":{"angle":0,"axis":"y","origin":[8,29.0478,8.83303]},"faces":{"north":{"uv":[3,9.5,3.0625,9.75],"texture":"#2"},"east":{"uv":[7.25,8.75,7.5625,9],"texture":"#2"},"south":{"uv":[3.25,9.5,3.3125,9.75],"texture":"#2"},"west":{"uv":[8.75,7.5,9.0625,7.75],"texture":"#2"},"up":{"uv":[9.5625,1.0625,9.5,0.75],"texture":"#2"},"down":{"uv":[1.0625,9.5,1,9.8125],"texture":"#2"}}},{"from":[7.11426,28.84493,7.60183],"to":[7.29788,29.22746,7.90786],"rotation":{"angle":45,"axis":"z","origin":[8,29.0478,8.83303]},"faces":{"north":{"uv":[4.125,9.25,4,9.5625],"texture":"#2"},"east":{"uv":[9,6.25,8.75,6.5625],"texture":"#2"},"south":{"uv":[9.375,4,9.25,4.3125],"texture":"#2"},"west":{"uv":[6.5,8.75,6.25,9.0625],"texture":"#2"},"up":{"uv":[8.25,9.5,8.375,9.25],"texture":"#2"},"down":{"uv":[8.5,9.25,8.625,9.5],"texture":"#2"}}},{"from":[7.05305,28.67661,7.55593],"to":[7.43559,28.93673,7.86196],"rotation":{"angle":45,"axis":"z","origin":[8,29.0478,8.83303]},"faces":{"north":{"uv":[9.3125,1.25,9,1.4375],"texture":"#2"},"east":{"uv":[8.5,9,8.25,9.1875],"texture":"#2"},"south":{"uv":[9.3125,1.75,9,1.9375],"texture":"#2"},"west":{"uv":[8.25,9,8,9.1875],"texture":"#2"},"up":{"uv":[8.75,4.75,9.0625,4.5],"texture":"#2"},"down":{"uv":[8.75,6.75,9.0625,7],"texture":"#2"}}},{"from":[7.83943,27.47734,7.63243],"to":[7.94654,28.1659,7.86196],"rotation":{"angle":-22.5,"axis":"z","origin":[8,29.0478,8.83303]},"faces":{"north":{"uv":[6.3125,9.25,6.25,9.8125],"texture":"#2"},"east":{"uv":[8.6875,6.25,8.5,6.8125],"texture":"#2"},"south":{"uv":[8.0625,9.25,8,9.8125],"texture":"#2"},"west":{"uv":[2.4375,8.5,2.25,9.0625],"texture":"#2"},"up":{"uv":[9.5,4.4375,9.5625,4.25],"texture":"#2"},"down":{"uv":[4.5,9.5,4.5625,9.6875],"texture":"#2"}}},{"from":[6.88692,28.44314,8.07934],"to":[7.29011,30.00812,8.72885],"rotation":{"angle":-22.5,"axis":"y","origin":[8,29.0478,8.83303]},"faces":{"north":{"uv":[6.5625,6.75,6.25,8],"texture":"#2"},"east":{"uv":[0.5,6,0,7.25],"texture":"#2"},"south":{"uv":[7.0625,6.75,6.75,8],"texture":"#2"},"west":{"uv":[5.25,5.75,4.75,7],"texture":"#2"},"up":{"uv":[3.75,8.75,4.0625,8.25],"texture":"#2"},"down":{"uv":[4.25,8.25,4.5625,8.75],"texture":"#2"}}},{"from":[7.06935,28.8437,9.1365],"to":[7.19358,29.46214,9.86765],"rotation":{"angle":-22.5,"axis":"y","origin":[8,29.0478,8.83303]},"faces":{"north":{"uv":[9.125,3,9,3.5],"texture":"#2"},"east":{"uv":[8.125,2,7.5,2.5],"texture":"#2"},"south":{"uv":[3.375,9,3.25,9.5],"texture":"#2"},"west":{"uv":[2.625,7.5,2,8],"texture":"#2"},"up":{"uv":[6.5,9.375,6.625,8.75],"texture":"#2"},"down":{"uv":[7,8.75,7.125,9.375],"texture":"#2"}}},{"from":[7.06935,28.29284,9.1365],"to":[7.19358,28.85008,9.72994],"rotation":{"angle":-22.5,"axis":"y","origin":[8,29.0478,8.83303]},"faces":{"north":{"uv":[9.125,5.25,9,5.6875],"texture":"#2"},"east":{"uv":[8.25,7.25,7.75,7.6875],"texture":"#2"},"south":{"uv":[9.125,5.75,9,6.1875],"texture":"#2"},"west":{"uv":[7.75,7.75,7.25,8.1875],"texture":"#2"},"up":{"uv":[3.5,9.5,3.625,9],"texture":"#2"},"down":{"uv":[9,3.5,9.125,4],"texture":"#2"}}},{"from":[6.97603,29.10881,8.17576],"to":[7.30031,30.29774,10.03671],"rotation":{"angle":0,"axis":"y","origin":[8,29.0478,8.83303]},"faces":{"north":{"uv":[5.5,7.75,5.25,8.75],"texture":"#2"},"east":{"uv":[1.5,4,0,5],"texture":"#2"},"south":{"uv":[5.75,7.75,5.5,8.75],"texture":"#2"},"west":{"uv":[4.5,3.75,3,4.75],"texture":"#2"},"up":{"uv":[7.5,1.5,7.75,0],"texture":"#2"},"down":{"uv":[0.5,7.5,0.75,9],"texture":"#2"}}},{"from":[6.97603,28.34373,9.17036],"to":[7.30031,29.10423,10.03671],"rotation":{"angle":0,"axis":"y","origin":[8,29.0478,8.83303]},"faces":{"north":{"uv":[7.25,8,7,8.625],"texture":"#2"},"east":{"uv":[2.1875,6.75,1.5,7.375],"texture":"#2"},"south":{"uv":[5,8.25,4.75,8.875],"texture":"#2"},"west":{"uv":[7.4375,1,6.75,1.625],"texture":"#2"},"up":{"uv":[3,8.6875,3.25,8],"texture":"#2"},"down":{"uv":[3.25,8,3.5,8.6875],"texture":"#2"}}},{"from":[6.92644,28.13923,8.21804],"to":[7.01174,28.44891,9.07616],"rotation":{"angle":-45,"axis":"y","origin":[8,29.0478,8.83303]},"faces":{"north":{"uv":[2.8125,9.5,2.75,9.75],"texture":"#2"},"east":{"uv":[8.9375,1.75,8.25,2],"texture":"#2"},"south":{"uv":[9.5625,2.75,9.5,3],"texture":"#2"},"west":{"uv":[6.9375,8,6.25,8.25],"texture":"#2"},"up":{"uv":[0.5,9.9375,0.5625,9.25],"texture":"#2"},"down":{"uv":[9.25,0.5,9.3125,1.1875],"texture":"#2"}}},{"from":[7.05812,28.15239,8.24449],"to":[7.14342,28.46207,8.59767],"rotation":{"angle":0,"axis":"y","origin":[8,29.0478,8.83303]},"faces":{"north":{"uv":[3.0625,9.5,3,9.75],"texture":"#2"},"east":{"uv":[9.0625,7.5,8.75,7.75],"texture":"#2"},"south":{"uv":[3.3125,9.5,3.25,9.75],"texture":"#2"},"west":{"uv":[7.5625,8.75,7.25,9],"texture":"#2"},"up":{"uv":[9.5,1.0625,9.5625,0.75],"texture":"#2"},"down":{"uv":[1,9.5,1.0625,9.8125],"texture":"#2"}}},{"from":[7.72457,28.93945,7.02003],"to":[8.27543,29.07716,7.32606],"rotation":{"angle":-45,"axis":"x","origin":[8,28.9978,8.83303]},"faces":{"north":{"uv":[9,6.25,9.4375,6.375],"texture":"#2"},"east":{"uv":[9.25,8.5,9.5,8.625],"texture":"#2"},"south":{"uv":[9,6.5,9.4375,6.625],"texture":"#2"},"west":{"uv":[8.75,9.25,9,9.375],"texture":"#2"},"up":{"uv":[8.9375,6.25,8.5,6],"texture":"#2"},"down":{"uv":[6.6875,8.5,6.25,8.75],"texture":"#2"}}},{"from":[7.62511,27.59021,7.60671],"to":[8.37489,27.92912,7.72261],"rotation":{"angle":0,"axis":"y","origin":[8,28.9978,8.83303]},"faces":{"north":{"uv":[8.25,3.5,8.875,3.75],"texture":"#2"},"east":{"uv":[9.25,8.75,9.375,9],"texture":"#2"},"south":{"uv":[6.25,8.25,6.875,8.5],"texture":"#2"},"west":{"uv":[9,9.25,9.125,9.5],"texture":"#2"},"up":{"uv":[8.375,8.875,7.75,8.75],"texture":"#2"},"down":{"uv":[9.375,8.25,8.75,8.375],"texture":"#2"}}},{"from":[7.62215,27.36068,7.5761],"to":[8.37785,27.59249,8.18165],"rotation":{"angle":0,"axis":"y","origin":[8,28.9978,8.83303]},"faces":{"north":{"uv":[1.5,8.5,2.125,8.6875],"texture":"#2"},"east":{"uv":[8.75,0.5,9.25,0.6875],"texture":"#2"},"south":{"uv":[8.5,1.5,9.125,1.6875],"texture":"#2"},"west":{"uv":[8.75,0.75,9.25,0.9375],"texture":"#2"},"up":{"uv":[8.125,3,7.5,2.5],"texture":"#2"},"down":{"uv":[3.375,7.5,2.75,8],"texture":"#2"}}},{"from":[7.20399,27.57402,7.55024],"to":[8.79601,27.91385,8.58639],"rotation":{"angle":-22.5,"axis":"x","origin":[8,28.9978,8.83303]},"faces":{"north":{"uv":[6.75,1.75,8.0625,2],"texture":"#2"},"east":{"uv":[3.5,1.75,4.375,2],"texture":"#2"},"south":{"uv":[7.25,4.5,8.5625,4.75],"texture":"#2"},"west":{"uv":[6.25,3,7.125,3.25],"texture":"#2"},"up":{"uv":[5.3125,5.625,4,4.75],"texture":"#2"},"down":{"uv":[1.3125,5,0,5.875],"texture":"#2"}}},{"from":[7.59154,27.57531,7.0184],"to":[8.40846,27.96937,8.22332],"rotation":{"angle":-22.5,"axis":"x","origin":[8,28.9978,8.83303]},"faces":{"north":{"uv":[7.75,7.75,8.4375,8.0625],"texture":"#2"},"east":{"uv":[7.5,4.75,8.5,5.0625],"texture":"#2"},"south":{"uv":[8,0,8.6875,0.3125],"texture":"#2"},"west":{"uv":[7.5,5.25,8.5,5.5625],"texture":"#2"},"up":{"uv":[2.1875,6.75,1.5,5.75],"texture":"#2"},"down":{"uv":[4.6875,5.75,4,6.75],"texture":"#2"}}},{"from":[7.18778,27.58096,8.99935],"to":[8.81222,28.90452,9.1848],"rotation":{"angle":0,"axis":"y","origin":[8,28.9978,8.83303]},"faces":{"north":{"uv":[4.5,3.5,5.8125,4.5625],"texture":"#2"},"east":{"uv":[5,8.25,5.125,9.3125],"texture":"#2"},"south":{"uv":[2.5,4.75,3.8125,5.8125],"texture":"#2"},"west":{"uv":[0.75,8.5,0.875,9.5625],"texture":"#2"},"up":{"uv":[9.5625,2.125,8.25,2],"texture":"#2"},"down":{"uv":[9.5625,2.25,8.25,2.375],"texture":"#2"}}},{"from":[7.53867,27.68989,8.3671],"to":[8.46133,27.95927,9.02996],"rotation":{"angle":0,"axis":"y","origin":[8,28.9978,8.83303]},"faces":{"north":{"uv":[7.75,3.75,8.5,4],"texture":"#2"},"east":{"uv":[7.25,8.25,7.8125,8.5],"texture":"#2"},"south":{"uv":[8,1,8.75,1.25],"texture":"#2"},"west":{"uv":[8.25,7.25,8.8125,7.5],"texture":"#2"},"up":{"uv":[3,7.3125,2.25,6.75],"texture":"#2"},"down":{"uv":[3.75,6.75,3,7.3125],"texture":"#2"}}},{"from":[7.69169,28.00593,7.33595],"to":[8.30831,28.21409,7.99881],"rotation":{"angle":-22.5,"axis":"x","origin":[8,28.9978,8.83303]},"faces":{"north":{"uv":[1,8.75,1.5,8.9375],"texture":"#2"},"east":{"uv":[8.5,7,9.0625,7.1875],"texture":"#2"},"south":{"uv":[8.75,1,9.25,1.1875],"texture":"#2"},"west":{"uv":[7.25,8.5,7.8125,8.6875],"texture":"#2"},"up":{"uv":[3,4.5625,2.5,4],"texture":"#2"},"down":{"uv":[5.5,1,5,1.5625],"texture":"#2"}}},{"from":[8.59346,27.21235,8.24885],"to":[9.06163,27.5137,8.8979],"rotation":{"angle":45,"axis":"y","origin":[8,28.9978,8.83303]},"faces":{"north":{"uv":[1.5,8.75,1.875,9],"texture":"#2"},"east":{"uv":[5.5,3.25,6,3.5],"texture":"#2"},"south":{"uv":[2.5,8.75,2.875,9],"texture":"#2"},"west":{"uv":[8.25,7.5,8.75,7.75],"texture":"#2"},"up":{"uv":[1.875,8.5,1.5,8],"texture":"#2"},"down":{"uv":[2.375,8,2,8.5],"texture":"#2"}}},{"from":[8.60672,27.59202,8.73248],"to":[9.03881,29.17811,9.14036],"rotation":{"angle":0,"axis":"y","origin":[8,28.9978,8.83303]},"faces":{"north":{"uv":[0.5,6,0.875,7.3125],"texture":"#2"},"east":{"uv":[3.75,6.75,4.0625,8.0625],"texture":"#2"},"south":{"uv":[1,6,1.375,7.3125],"texture":"#2"},"west":{"uv":[4.25,6.75,4.5625,8.0625],"texture":"#2"},"up":{"uv":[8.875,4.0625,8.5,3.75],"texture":"#2"},"down":{"uv":[8.875,4.75,8.5,5.0625],"texture":"#2"}}},{"from":[8.63732,27.74881,8.18328],"to":[9.00821,29.2584,8.48404],"rotation":{"angle":-22.5,"axis":"x","origin":[8,28.9978,8.83303]},"faces":{"north":{"uv":[4.75,7,5.0625,8.25],"texture":"#2"},"east":{"uv":[3.5,7.5,3.75,8.75],"texture":"#2"},"south":{"uv":[0,7.25,0.3125,8.5],"texture":"#2"},"west":{"uv":[7.75,0,8,1.25],"texture":"#2"},"up":{"uv":[9.0625,8.75,8.75,8.5],"texture":"#2"},"down":{"uv":[9.0625,8.75,8.75,9],"texture":"#2"}}},{"from":[8.57612,28.36087,8.48931],"to":[9.00821,29.2584,8.79007],"rotation":{"angle":-22.5,"axis":"x","origin":[8,28.9978,8.83303]},"faces":{"north":{"uv":[3.5,6,3.875,6.75],"texture":"#2"},"east":{"uv":[2.5,8,2.75,8.75],"texture":"#2"},"south":{"uv":[7.75,3,8.125,3.75],"texture":"#2"},"west":{"uv":[2.75,8,3,8.75],"texture":"#2"},"up":{"uv":[3.375,9,3,8.75],"texture":"#2"},"down":{"uv":[3.875,8.75,3.5,9],"texture":"#2"}}},{"from":[8.79682,27.59021,8.25369],"to":[8.91272,27.92912,8.85866],"rotation":{"angle":0,"axis":"y","origin":[8,28.9978,8.83303]},"faces":{"north":{"uv":[9.25,9,9.375,9.25],"texture":"#2"},"east":{"uv":[1,8.5,1.5,8.75],"texture":"#2"},"south":{"uv":[9.25,9.25,9.375,9.5],"texture":"#2"},"west":{"uv":[8.5,1.25,9,1.5],"texture":"#2"},"up":{"uv":[3.875,9.5,3.75,9],"texture":"#2"},"down":{"uv":[9.125,4,9,4.5],"texture":"#2"}}},{"from":[8.9424,27.5139,8.23168],"to":[9.0583,27.92932,9.06617],"rotation":{"angle":45,"axis":"y","origin":[8,28.9978,8.83303]},"faces":{"north":{"uv":[9.25,4.5,9.375,4.8125],"texture":"#2"},"east":{"uv":[8,0.5,8.6875,0.8125],"texture":"#2"},"south":{"uv":[9.25,5,9.375,5.3125],"texture":"#2"},"west":{"uv":[0.75,8,1.4375,8.3125],"texture":"#2"},"up":{"uv":[4.375,9.4375,4.25,8.75],"texture":"#2"},"down":{"uv":[4.625,8.75,4.5,9.4375],"texture":"#2"}}},{"from":[8.56402,27.72961,7.28642],"to":[8.76294,28.10396,7.59245],"rotation":{"angle":-22.5,"axis":"x","origin":[8,28.9978,8.83303]},"faces":{"north":{"uv":[1.75,9,1.9375,9.375],"texture":"#2"},"east":{"uv":[2,8.75,2.25,9.125],"texture":"#2"},"south":{"uv":[2.5,9,2.6875,9.375],"texture":"#2"},"west":{"uv":[4,8.75,4.25,9.125],"texture":"#2"},"up":{"uv":[8.9375,9.25,8.75,9],"texture":"#2"},"down":{"uv":[9.1875,9,9,9.25],"texture":"#2"}}},{"from":[9.15585,28.38527,7.60183],"to":[9.49248,28.49238,7.83135],"rotation":{"angle":-45,"axis":"z","origin":[8,28.9978,8.83303]},"faces":{"north":{"uv":[3.5,9.5,3.75,9.5625],"texture":"#2"},"east":{"uv":[9.5,4.5,9.6875,4.5625],"texture":"#2"},"south":{"uv":[3.75,9.5,4,9.5625],"texture":"#2"},"west":{"uv":[4.75,9.5,4.9375,9.5625],"texture":"#2"},"up":{"uv":[0.25,9.4375,0,9.25],"texture":"#2"},"down":{"uv":[0.5,9.25,0.25,9.4375],"texture":"#2"}}},{"from":[8.65746,27.98239,7.55593],"to":[8.87168,28.0895,7.78545],"rotation":{"angle":-22.5,"axis":"z","origin":[8,28.9978,8.83303]},"faces":{"north":{"uv":[9.5,4.75,9.6875,4.8125],"texture":"#2"},"east":{"uv":[5,9.5,5.1875,9.5625],"texture":"#2"},"south":{"uv":[9.5,5,9.6875,5.0625],"texture":"#2"},"west":{"uv":[5.25,9.5,5.4375,9.5625],"texture":"#2"},"up":{"uv":[9.4375,7.4375,9.25,7.25],"texture":"#2"},"down":{"uv":[9.4375,7.5,9.25,7.6875],"texture":"#2"}}},{"from":[6.93837,27.21235,8.24885],"to":[7.40654,27.5137,8.8979],"rotation":{"angle":-45,"axis":"y","origin":[8,28.9978,8.83303]},"faces":{"north":{"uv":[1.875,8.75,1.5,9],"texture":"#2"},"east":{"uv":[8.75,7.5,8.25,7.75],"texture":"#2"},"south":{"uv":[2.875,8.75,2.5,9],"texture":"#2"},"west":{"uv":[6,3.25,5.5,3.5],"texture":"#2"},"up":{"uv":[1.5,8.5,1.875,8],"texture":"#2"},"down":{"uv":[2,8,2.375,8.5],"texture":"#2"}}},{"from":[6.96119,27.59202,8.73248],"to":[7.39328,29.17811,9.14036],"rotation":{"angle":0,"axis":"y","origin":[8,28.9978,8.83303]},"faces":{"north":{"uv":[0.875,6,0.5,7.3125],"texture":"#2"},"east":{"uv":[4.5625,6.75,4.25,8.0625],"texture":"#2"},"south":{"uv":[1.375,6,1,7.3125],"texture":"#2"},"west":{"uv":[4.0625,6.75,3.75,8.0625],"texture":"#2"},"up":{"uv":[8.5,4.0625,8.875,3.75],"texture":"#2"},"down":{"uv":[8.5,4.75,8.875,5.0625],"texture":"#2"}}},{"from":[6.99179,27.74881,8.18328],"to":[7.36268,29.2584,8.48404],"rotation":{"angle":-22.5,"axis":"x","origin":[8,28.9978,8.83303]},"faces":{"north":{"uv":[5.0625,7,4.75,8.25],"texture":"#2"},"east":{"uv":[8,0,7.75,1.25],"texture":"#2"},"south":{"uv":[0.3125,7.25,0,8.5],"texture":"#2"},"west":{"uv":[3.75,7.5,3.5,8.75],"texture":"#2"},"up":{"uv":[8.75,8.75,9.0625,8.5],"texture":"#2"},"down":{"uv":[8.75,8.75,9.0625,9],"texture":"#2"}}},{"from":[6.99179,28.36087,8.48931],"to":[7.42388,29.2584,8.79007],"rotation":{"angle":-22.5,"axis":"x","origin":[8,28.9978,8.83303]},"faces":{"north":{"uv":[3.875,6,3.5,6.75],"texture":"#2"},"east":{"uv":[3,8,2.75,8.75],"texture":"#2"},"south":{"uv":[8.125,3,7.75,3.75],"texture":"#2"},"west":{"uv":[2.75,8,2.5,8.75],"texture":"#2"},"up":{"uv":[3,9,3.375,8.75],"texture":"#2"},"down":{"uv":[3.5,8.75,3.875,9],"texture":"#2"}}},{"from":[7.08728,27.59021,8.25369],"to":[7.20318,27.92912,8.85866],"rotation":{"angle":0,"axis":"y","origin":[8,28.9978,8.83303]},"faces":{"north":{"uv":[9.375,9,9.25,9.25],"texture":"#2"},"east":{"uv":[9,1.25,8.5,1.5],"texture":"#2"},"south":{"uv":[9.375,9.25,9.25,9.5],"texture":"#2"},"west":{"uv":[1.5,8.5,1,8.75],"texture":"#2"},"up":{"uv":[3.75,9.5,3.875,9],"texture":"#2"},"down":{"uv":[9,4,9.125,4.5],"texture":"#2"}}},{"from":[6.9417,27.5139,8.23168],"to":[7.0576,27.92932,9.06617],"rotation":{"angle":-45,"axis":"y","origin":[8,28.9978,8.83303]},"faces":{"north":{"uv":[9.375,4.5,9.25,4.8125],"texture":"#2"},"east":{"uv":[1.4375,8,0.75,8.3125],"texture":"#2"},"south":{"uv":[9.375,5,9.25,5.3125],"texture":"#2"},"west":{"uv":[8.6875,0.5,8,0.8125],"texture":"#2"},"up":{"uv":[4.25,9.4375,4.375,8.75],"texture":"#2"},"down":{"uv":[4.5,8.75,4.625,9.4375],"texture":"#2"}}},{"from":[7.23706,27.72961,7.28642],"to":[7.43598,28.10396,7.59245],"rotation":{"angle":-22.5,"axis":"x","origin":[8,28.9978,8.83303]},"faces":{"north":{"uv":[1.9375,9,1.75,9.375],"texture":"#2"},"east":{"uv":[4.25,8.75,4,9.125],"texture":"#2"},"south":{"uv":[2.6875,9,2.5,9.375],"texture":"#2"},"west":{"uv":[2.25,8.75,2,9.125],"texture":"#2"},"up":{"uv":[8.75,9.25,8.9375,9],"texture":"#2"},"down":{"uv":[9,9,9.1875,9.25],"texture":"#2"}}},{"from":[6.50752,28.38527,7.60183],"to":[6.84415,28.49238,7.83135],"rotation":{"angle":45,"axis":"z","origin":[8,28.9978,8.83303]},"faces":{"north":{"uv":[3.75,9.5,3.5,9.5625],"texture":"#2"},"east":{"uv":[4.9375,9.5,4.75,9.5625],"texture":"#2"},"south":{"uv":[4,9.5,3.75,9.5625],"texture":"#2"},"west":{"uv":[9.6875,4.5,9.5,4.5625],"texture":"#2"},"up":{"uv":[0,9.4375,0.25,9.25],"texture":"#2"},"down":{"uv":[0.25,9.25,0.5,9.4375],"texture":"#2"}}},{"from":[7.12832,27.98239,7.55593],"to":[7.34254,28.0895,7.78545],"rotation":{"angle":22.5,"axis":"z","origin":[8,28.9978,8.83303]},"faces":{"north":{"uv":[9.6875,4.75,9.5,4.8125],"texture":"#2"},"east":{"uv":[5.4375,9.5,5.25,9.5625],"texture":"#2"},"south":{"uv":[9.6875,5,9.5,5.0625],"texture":"#2"},"west":{"uv":[5.1875,9.5,5,9.5625],"texture":"#2"},"up":{"uv":[9.25,7.4375,9.4375,7.25],"texture":"#2"},"down":{"uv":[9.25,7.5,9.4375,7.6875],"texture":"#2"}}},{"from":[8.85688,28.06885,8.24419],"to":[8.94218,28.16065,8.62797],"rotation":{"angle":0,"axis":"y","origin":[8,29.0478,8.83303]},"faces":{"north":{"uv":[8,0,8.25,0.25],"texture":"#1"},"east":{"uv":[6,6,7.25,6.25],"texture":"#1"},"south":{"uv":[1,8,1.25,8.25],"texture":"#1"},"west":{"uv":[0,7,1.25,7.25],"texture":"#1"},"up":{"uv":[2.25,8.25,2,7],"texture":"#1"},"down":{"uv":[3.25,7,3,8.25],"texture":"#1"}}},{"from":[8.99336,28.06578,8.21804],"to":[9.07866,28.15759,9.07616],"rotation":{"angle":45,"axis":"y","origin":[8,29.0478,8.83303]},"faces":{"north":{"uv":[8,1,8.25,1.25],"texture":"#1"},"east":{"uv":[3,2,5.75,2.25],"texture":"#1"},"south":{"uv":[4,8,4.25,8.25],"texture":"#1"},"west":{"uv":[3,3,5.75,3.25],"texture":"#1"},"up":{"uv":[1.25,5.75,1,3],"texture":"#1"},"down":{"uv":[2.25,4,2,6.75],"texture":"#1"}}},{"from":[7.05782,28.06885,8.24419],"to":[7.14312,28.16065,8.62797],"rotation":{"angle":0,"axis":"y","origin":[8,29.0478,8.83303]},"faces":{"north":{"uv":[8.25,0,8,0.25],"texture":"#1"},"east":{"uv":[1.25,7,0,7.25],"texture":"#1"},"south":{"uv":[1.25,8,1,8.25],"texture":"#1"},"west":{"uv":[7.25,6,6,6.25],"texture":"#1"},"up":{"uv":[2,8.25,2.25,7],"texture":"#1"},"down":{"uv":[3,7,3.25,8.25],"texture":"#1"}}},{"from":[6.92134,28.06578,8.21804],"to":[7.00664,28.15759,9.07616],"rotation":{"angle":-45,"axis":"y","origin":[8,29.0478,8.83303]},"faces":{"north":{"uv":[8.25,1,8,1.25],"texture":"#1"},"east":{"uv":[5.75,3,3,3.25],"texture":"#1"},"south":{"uv":[4.25,8,4,8.25],"texture":"#1"},"west":{"uv":[5.75,2,3,2.25],"texture":"#1"},"up":{"uv":[1,5.75,1.25,3],"texture":"#1"},"down":{"uv":[2,4,2.25,6.75],"texture":"#1"}}},{"from":[7.62215,28.0566,7.58923],"to":[8.37785,28.15206,7.67453],"rotation":{"angle":0,"axis":"y","origin":[8,29.0478,8.83303]},"faces":{"north":{"uv":[5,0.875,7.5,1.25],"texture":"#1"},"east":{"uv":[5,8,5.25,8.25],"texture":"#1"},"south":{"uv":[3,5,5.5,5.25],"texture":"#1"},"west":{"uv":[8,5,8.25,5.25],"texture":"#1"},"up":{"uv":[8.5,2.25,6,2],"texture":"#1"},"down":{"uv":[5.5,6,3,6.25],"texture":"#1"}}},{"from":[8.79682,27.92684,8.25369],"to":[8.91272,28.01865,8.85866],"rotation":{"angle":0,"axis":"y","origin":[8,28.9978,8.83303]},"faces":{"north":{"uv":[0,5,0.375,5.25],"texture":"#1"},"east":{"uv":[0,6,2,6.25],"texture":"#1"},"south":{"uv":[4,7,4.375,7.25],"texture":"#1"},"west":{"uv":[6,5,8,5.25],"texture":"#1"},"up":{"uv":[2.375,4,2,2],"texture":"#1"},"down":{"uv":[0.375,3,0,5],"texture":"#1"}}},{"from":[8.9424,27.92841,8.23168],"to":[9.0583,28.02022,9.06617],"rotation":{"angle":45,"axis":"y","origin":[8,28.9978,8.83303]},"faces":{"north":{"uv":[5,7,5.375,7.25],"texture":"#1"},"east":{"uv":[3,4,5.75,4.25],"texture":"#1"},"south":{"uv":[6,7,6.375,7.25],"texture":"#1"},"west":{"uv":[5,0,7.75,0.25],"texture":"#1"},"up":{"uv":[0.375,2.75,0,0],"texture":"#1"},"down":{"uv":[1.375,0,1,2.75],"texture":"#1"}}},{"from":[6.9417,27.92841,8.23168],"to":[7.0576,28.02022,9.06617],"rotation":{"angle":-45,"axis":"y","origin":[8,28.9978,8.83303]},"faces":{"north":{"uv":[5.375,7,5,7.25],"texture":"#1"},"east":{"uv":[7.75,0,5,0.25],"texture":"#1"},"south":{"uv":[6.375,7,6,7.25],"texture":"#1"},"west":{"uv":[5.75,4,3,4.25],"texture":"#1"},"up":{"uv":[0,2.75,0.375,0],"texture":"#1"},"down":{"uv":[1,0,1.375,2.75],"texture":"#1"}}},{"from":[7.08728,27.92684,8.25369],"to":[7.20318,28.01865,8.85866],"rotation":{"angle":0,"axis":"y","origin":[8,28.9978,8.83303]},"faces":{"north":{"uv":[0.375,5,0,5.25],"texture":"#1"},"east":{"uv":[8,5,6,5.25],"texture":"#1"},"south":{"uv":[4.375,7,4,7.25],"texture":"#1"},"west":{"uv":[2,6,0,6.25],"texture":"#1"},"up":{"uv":[2,4,2.375,2],"texture":"#1"},"down":{"uv":[0,3,0.375,5],"texture":"#1"}}},{"from":[7.62511,27.92684,7.60671],"to":[8.37489,28.02093,7.72261],"rotation":{"angle":0,"axis":"y","origin":[8,28.9978,8.83303]},"faces":{"north":{"uv":[6,3,8.5,3.25],"texture":"#1"},"east":{"uv":[7,7,7.375,7.25],"texture":"#1"},"south":{"uv":[6,4,8.5,4.25],"texture":"#1"},"west":{"uv":[0,8,0.375,8.25],"texture":"#1"},"up":{"uv":[4.5,0.375,2,0],"texture":"#1"},"down":{"uv":[4.5,1,2,1.375],"texture":"#1"}}}],"display":{"thirdperson_righthand":{"rotation":[-170,174,-3],"translation":[-11,-31,-1.75],"scale":[3.8,3.8,3.8]},"head":{"translation":[0,-14,-0.5]}},"groups":[{"name":"titan","origin":[8,8,8],"color":0,"nbt":"{}","children":[0,1,2,3,4,5,{"name":"arm","origin":[0,0,0],"color":0,"nbt":"{}","children":[6,7,8,9,10,11,12,13,14]},{"name":"arm","origin":[0,0,0],"color":0,"nbt":"{}","children":[15,16,17,18,19,20,21,22,23]},{"name":"leg","origin":[0,0,0],"color":0,"nbt":"{}","children":[24,25,26,27,28,29]},{"name":"leg","origin":[0,0,0],"color":0,"nbt":"{}","children":[30,31,32,33,34,35]}]},{"name":"head","origin":[-0.0598,0,0],"color":0,"nbt":"{}","children":[{"name":"up","origin":[-0.0598,0,0],"color":0,"nbt":"{}","children":[{"name":"meat","origin":[-0.0598,0,0],"color":0,"nbt":"{}","children":[36,37,38,39,40,41,42,43,44,45,46,47,{"name":"left","origin":[9.5417,15.34388,4.38564],"color":0,"nbt":"{}","children":[48,49,50,51,52,53,54,55,56,57]},{"name":"left","origin":[9.5417,15.34388,4.38564],"color":0,"nbt":"{}","children":[58,59,60,61,62,63,64,65,66,67]}]}]},{"name":"mouth","origin":[-0.0598,0,0],"color":0,"nbt":"{}","children":[68,69,70,71,72,73,74,75,{"name":"right","origin":[-0.0598,0,0],"color":0,"nbt":"{}","children":[76,77,78,79,80,81,82,83,84]},{"name":"right","origin":[-0.0598,0,0],"color":0,"nbt":"{}","children":[85,86,87,88,89,90,91,92,93]}]},{"name":"teeth","origin":[-0.0598,0,0],"color":0,"nbt":"{}","children":[{"name":"up","origin":[-0.0598,0,0],"color":0,"nbt":"{}","children":[94,95,96,97,98]},{"name":"down","origin":[-0.0598,0,0],"color":0,"nbt":"{}","children":[99,100,101,102,103]}]}]}]}