{
	"credit": "ShingekinoCraft:MadebyFanfoandZabat",
	"textures": {
		"3": "custom/titan/shifter/beast/jaw/jaw",
		"particle": "custom/titan/shifter/beast/head/1"
	},
	"elements": [
		{
			"from": [6.25, 18.05433, 4.58097],
			"to": [9.75, 22.90433, 5.98097],
			"rotation": {"angle": 22.5, "axis": "x", "origin": [8, 14.90433, 5.48097]},
			"faces": {
				"north": {"uv": [4.5, 1.5, 6.25, 4], "texture": "#3"},
				"east": {"uv": [7.5, 7.5, 8.25, 10], "texture": "#3"},
				"south": {"uv": [4.5, 4, 6.25, 6.5], "texture": "#3"},
				"west": {"uv": [5.5, 8, 6.25, 10.5], "texture": "#3"},
				"up": {"uv": [8.25, 10.75, 6.5, 10], "texture": "#3"},
				"down": {"uv": [12.25, 0, 10.5, 0.75], "texture": "#3"}
			}
		},
		{
			"from": [7.25, 15.85988, 7.06125],
			"to": [8.75, 18.60988, 8.36125],
			"rotation": {"angle": 22.5, "axis": "x", "origin": [8, 19.73488, 7.21125]},
			"faces": {
				"north": {"uv": [6.5, 8, 7.25, 9.5], "texture": "#3"},
				"east": {"uv": [5.5, 10.5, 6.25, 12], "texture": "#3"},
				"south": {"uv": [10.5, 8, 11.25, 9.5], "texture": "#3"},
				"west": {"uv": [8.5, 10.5, 9.25, 12], "texture": "#3"},
				"up": {"uv": [7.25, 13.25, 6.5, 12.5], "texture": "#3"},
				"down": {"uv": [13.25, 7, 12.5, 7.75], "texture": "#3"}
			}
		},
		{
			"from": [3.5, 17.85272, 6.12683],
			"to": [12.5, 21.44272, 8.62683],
			"rotation": {"angle": 22.5, "axis": "x", "origin": [10.625, 17.32272, 7.37683]},
			"faces": {
				"north": {"uv": [0, 0, 4.5, 1.75], "texture": "#3"},
				"east": {"uv": [4, 6.5, 5.25, 8.25], "texture": "#3"},
				"south": {"uv": [0, 2, 4.5, 3.75], "texture": "#3"},
				"west": {"uv": [6.5, 4.5, 7.75, 6.25], "texture": "#3"},
				"up": {"uv": [4.5, 5.25, 0, 4], "texture": "#3"},
				"down": {"uv": [9, 0, 4.5, 1.25], "texture": "#3"}
			}
		},
		{
			"from": [11.4245, 16.10272, 6.87683],
			"to": [12.9245, 18.44272, 9.22683],
			"rotation": {"angle": 22.5, "axis": "x", "origin": [10.6495, 17.32272, 7.37683]},
			"faces": {
				"north": {"uv": [3.5, 11, 4.25, 12.25], "texture": "#3"},
				"east": {"uv": [4, 8.5, 5.25, 9.75], "texture": "#3"},
				"south": {"uv": [11, 3.5, 11.75, 4.75], "texture": "#3"},
				"west": {"uv": [0, 9, 1.25, 10.25], "texture": "#3"},
				"up": {"uv": [7.25, 12.25, 6.5, 11], "texture": "#3"},
				"down": {"uv": [8.25, 11, 7.5, 12.25], "texture": "#3"}
			}
		},
		{
			"from": [3.0755, 16.10272, 6.87683],
			"to": [4.5755, 18.44272, 9.22683],
			"rotation": {"angle": 22.5, "axis": "x", "origin": [5.3505, 17.32272, 7.37683]},
			"faces": {
				"north": {"uv": [4.25, 11, 3.5, 12.25], "texture": "#3"},
				"east": {"uv": [1.25, 9, 0, 10.25], "texture": "#3"},
				"south": {"uv": [11.75, 3.5, 11, 4.75], "texture": "#3"},
				"west": {"uv": [5.25, 8.5, 4, 9.75], "texture": "#3"},
				"up": {"uv": [6.5, 12.25, 7.25, 11], "texture": "#3"},
				"down": {"uv": [7.5, 11, 8.25, 12.25], "texture": "#3"}
			}
		}
	],
	"display": {
		"head": {
			"rotation": [10, 0, 0],
			"translation": [0, -5.75, -3.5],
			"scale": [0.4, 0.4, 0.4]
		}
	},
	"groups": [
		{
			"name": "jaw",
			"origin": [8, 8, 8],
			"color": 0,
			"children": [
				{
					"name": "upperb",
					"origin": [8, 8, 8],
					"color": 0,
					"children": [
						0,
						1,
						2,
						{
							"name": "side",
							"origin": [8, 8, 8],
							"color": 0,
							"children": [3]
						},
						{
							"name": "side",
							"origin": [8, 8, 8],
							"color": 0,
							"children": [4]
						}
					]
				}
			]
		}
	]
}