{
    "model": {
        "type": "minecraft:composite",
        "models": [
            {
                "type": "minecraft:select",
                "property": "minecraft:custom_model_data",
                "cases": [
                    {
                        "when": "AJ_INTERNAL_EMPTY",
                        "model": {
                            "type": "minecraft:empty"
                        }
                    },
                    {
                        "when": "heatmap",
                        "model": {
                            "type": "minecraft:model",
                            "model": "animated_java:blueprint/jaw/heatmap/left_index_finger",
                            "tints": [
                                {
                                    "type": "minecraft:dye",
                                    "default": [
                                        1,
                                        1,
                                        1
                                    ]
                                }
                            ]
                        }
                    },
                    {
                        "when": "decay1",
                        "model": {
                            "type": "minecraft:model",
                            "model": "animated_java:blueprint/jaw/decay1/left_index_finger",
                            "tints": [
                                {
                                    "type": "minecraft:dye",
                                    "default": [
                                        1,
                                        1,
                                        1
                                    ]
                                }
                            ]
                        }
                    },
                    {
                        "when": "decay2",
                        "model": {
                            "type": "minecraft:model",
                            "model": "animated_java:blueprint/jaw/decay2/left_index_finger",
                            "tints": [
                                {
                                    "type": "minecraft:dye",
                                    "default": [
                                        1,
                                        1,
                                        1
                                    ]
                                }
                            ]
                        }
                    },
                    {
                        "when": "decay3",
                        "model": {
                            "type": "minecraft:model",
                            "model": "animated_java:blueprint/jaw/decay3/left_index_finger",
                            "tints": [
                                {
                                    "type": "minecraft:dye",
                                    "default": [
                                        1,
                                        1,
                                        1
                                    ]
                                }
                            ]
                        }
                    },
                    {
                        "when": "decay4",
                        "model": {
                            "type": "minecraft:model",
                            "model": "animated_java:blueprint/jaw/decay4/left_index_finger",
                            "tints": [
                                {
                                    "type": "minecraft:dye",
                                    "default": [
                                        1,
                                        1,
                                        1
                                    ]
                                }
                            ]
                        }
                    },
                    {
                        "when": "decay5",
                        "model": {
                            "type": "minecraft:model",
                            "model": "animated_java:blueprint/jaw/decay5/left_index_finger",
                            "tints": [
                                {
                                    "type": "minecraft:dye",
                                    "default": [
                                        1,
                                        1,
                                        1
                                    ]
                                }
                            ]
                        }
                    },
                    {
                        "when": "decay6",
                        "model": {
                            "type": "minecraft:model",
                            "model": "animated_java:blueprint/jaw/decay6/left_index_finger",
                            "tints": [
                                {
                                    "type": "minecraft:dye",
                                    "default": [
                                        1,
                                        1,
                                        1
                                    ]
                                }
                            ]
                        }
                    },
                    {
                        "when": "decay7",
                        "model": {
                            "type": "minecraft:model",
                            "model": "animated_java:blueprint/jaw/decay7/left_index_finger",
                            "tints": [
                                {
                                    "type": "minecraft:dye",
                                    "default": [
                                        1,
                                        1,
                                        1
                                    ]
                                }
                            ]
                        }
                    },
                    {
                        "when": "decay8",
                        "model": {
                            "type": "minecraft:model",
                            "model": "animated_java:blueprint/jaw/decay8/left_index_finger",
                            "tints": [
                                {
                                    "type": "minecraft:dye",
                                    "default": [
                                        1,
                                        1,
                                        1
                                    ]
                                }
                            ]
                        }
                    },
                    {
                        "when": "decay9",
                        "model": {
                            "type": "minecraft:model",
                            "model": "animated_java:blueprint/jaw/decay9/left_index_finger",
                            "tints": [
                                {
                                    "type": "minecraft:dye",
                                    "default": [
                                        1,
                                        1,
                                        1
                                    ]
                                }
                            ]
                        }
                    },
                    {
                        "when": "decay10",
                        "model": {
                            "type": "minecraft:model",
                            "model": "animated_java:blueprint/jaw/decay10/left_index_finger",
                            "tints": [
                                {
                                    "type": "minecraft:dye",
                                    "default": [
                                        1,
                                        1,
                                        1
                                    ]
                                }
                            ]
                        }
                    },
                    {
                        "when": "decay11",
                        "model": {
                            "type": "minecraft:model",
                            "model": "animated_java:blueprint/jaw/decay11/left_index_finger",
                            "tints": [
                                {
                                    "type": "minecraft:dye",
                                    "default": [
                                        1,
                                        1,
                                        1
                                    ]
                                }
                            ]
                        }
                    },
                    {
                        "when": "decay12",
                        "model": {
                            "type": "minecraft:model",
                            "model": "animated_java:blueprint/jaw/decay12/left_index_finger",
                            "tints": [
                                {
                                    "type": "minecraft:dye",
                                    "default": [
                                        1,
                                        1,
                                        1
                                    ]
                                }
                            ]
                        }
                    }
                ],
                "fallback": {
                    "type": "minecraft:model",
                    "model": "animated_java:blueprint/jaw/left_index_finger",
                    "tints": [
                        {
                            "type": "minecraft:dye",
                            "default": [
                                1,
                                1,
                                1
                            ]
                        }
                    ]
                }
            },
            {
                "type": "minecraft:condition",
                "property": "minecraft:component",
                "predicate": "minecraft:custom_data",
                "value": "{hardening:1b}",
                "on_true": {
                    "type": "minecraft:model",
                    "model": "snc:hardening/jaw/left_index_finger"
                },
                "on_false": {
                    "type": "minecraft:model",
                    "model": "minecraft:item/air"
                }
            },
            {
                "type": "minecraft:condition",
                "property": "minecraft:component",
                "predicate": "minecraft:custom_data",
                "value": "{berserk:1b}",
                "on_true": {
                    "type": "minecraft:model",
                    "model": "snc:berserk/jaw/left_index_finger"
                },
                "on_false": {
                    "type": "minecraft:model",
                    "model": "minecraft:item/air"
                }
            }
        ]
    }
}