{
	"textures": {
		"0": "animated_java:blueprint/attack/body",
		"particle": "minecraft:item/pufferfish"
	},
	"display": {
		"head": {
			"rotation": [0, 180, 0]
		}
	},
	"elements": [
		{
			"from": [9.62958, 10.38389, 4.76786],
			"to": [23.98192, 20.32942, 13.99342],
			"rotation": {
				"angle": 45,
				"axis": "z",
				"origin": [16.80575, 15.71216, 9.03881]
			},
			"faces": {
				"north": {
					"uv": [8.25, 3, 7.25, 3.6875],
					"texture": "#0"
				},
				"east": {
					"uv": [5.3125, 10.25, 4.5, 10.9375],
					"texture": "#0"
				},
				"south": {
					"uv": [10, 3, 9, 3.6875],
					"texture": "#0"
				},
				"west": {
					"uv": [11.0625, 1, 10.25, 1.6875],
					"texture": "#0"
				},
				"up": {
					"uv": [9, 0.8125, 10, 0],
					"texture": "#0"
				},
				"down": {
					"uv": [9, 2, 10, 2.8125],
					"texture": "#0"
				}
			}
		},
		{
			"from": [4.92053, 1.07325, -2.28749],
			"to": [19.27287, 15.46256, 4.90076],
			"rotation": {
				"angle": -22.5,
				"axis": "z",
				"origin": [5.43103, 7.82353, 2.81752]
			},
			"faces": {
				"north": {
					"uv": [9, 0, 8, 1],
					"texture": "#0"
				},
				"east": {
					"uv": [2.5, 6, 2, 7],
					"texture": "#0"
				},
				"south": {
					"uv": [9.25, 1, 8.25, 2],
					"texture": "#0"
				},
				"west": {
					"uv": [4.5, 5, 4, 6],
					"texture": "#0"
				},
				"up": {
					"uv": [9, 11, 10, 10.5],
					"texture": "#0"
				},
				"down": {
					"uv": [10.5, 9, 11.5, 9.5],
					"texture": "#0"
				}
			}
		},
		{
			"from": [15.56594, -3.67058, -2.27349],
			"to": [23.03149, 9.65223, 4.91477],
			"rotation": {
				"angle": 0,
				"axis": "y",
				"origin": [19.29871, 3.43521, 1.92876]
			},
			"faces": {
				"north": {
					"uv": [4, 10.5, 3.5, 11.4375],
					"texture": "#0"
				},
				"east": {
					"uv": [11.25, 0, 10.75, 0.9375],
					"texture": "#0"
				},
				"south": {
					"uv": [11, 10.5, 10.5, 11.4375],
					"texture": "#0"
				},
				"west": {
					"uv": [10.5, 10.5, 10, 11.4375],
					"texture": "#0"
				},
				"up": {
					"uv": [8.25, 11.25, 8.75, 10.75],
					"texture": "#0"
				},
				"down": {
					"uv": [10.75, 8.25, 11.25, 8.75],
					"texture": "#0"
				}
			}
		}
	]
}