{
	"textures": {
		"0": "animated_java:blueprint/attack/body",
		"particle": "minecraft:item/pufferfish"
	},
	"display": {
		"head": {
			"rotation": [0, 180, 0]
		}
	},
	"elements": [
		{
			"from": [1.0498, 1.00732, -8.53527],
			"to": [12.07023, 5.2249, 12.24417],
			"rotation": {
				"angle": 0,
				"axis": "y",
				"origin": [-1.02254, 84.41333, 7.47061]
			},
			"faces": {
				"north": {
					"uv": [11.875, 4, 11.25, 4.25],
					"texture": "#0"
				},
				"east": {
					"uv": [11.875, 7, 10.75, 7.25],
					"texture": "#0"
				},
				"south": {
					"uv": [11.875, 4.25, 11.25, 4.5],
					"texture": "#0"
				},
				"west": {
					"uv": [11.625, 9.5, 10.5, 9.75],
					"texture": "#0"
				},
				"up": {
					"uv": [9.25, 5.875, 9.875, 4.75],
					"texture": "#0"
				},
				"down": {
					"uv": [9.5, 6, 10.125, 7.125],
					"texture": "#0"
				}
			}
		},
		{
			"from": [1.0544, 2.4221, -5.11966],
			"to": [12.94931, 9.39387, 11.75801],
			"rotation": {
				"angle": -22.5,
				"axis": "x",
				"origin": [4.83865, 5.10468, 5.27006]
			},
			"faces": {
				"north": {
					"uv": [5.375, 11, 4.75, 11.375],
					"texture": "#0"
				},
				"east": {
					"uv": [11.6875, 6.5, 10.75, 6.875],
					"texture": "#0"
				},
				"south": {
					"uv": [11.625, 4.75, 11, 5.125],
					"texture": "#0"
				},
				"west": {
					"uv": [11.6875, 3.25, 10.75, 3.625],
					"texture": "#0"
				},
				"up": {
					"uv": [10, 0.9375, 10.625, 0],
					"texture": "#0"
				},
				"down": {
					"uv": [10, 2, 10.625, 2.9375],
					"texture": "#0"
				}
			}
		},
		{
			"from": [9.68878, 1.00732, -11.75583],
			"to": [12.95298, 4.07732, -8.53527],
			"rotation": {
				"angle": 0,
				"axis": "y",
				"origin": [-1.02254, 84.41333, 7.47061]
			},
			"faces": {
				"north": {
					"uv": [2.25, 7, 2.0625, 7.1875],
					"texture": "#0"
				},
				"east": {
					"uv": [8.6875, 9.5, 8.5, 9.6875],
					"texture": "#0"
				},
				"south": {
					"uv": [2.5, 7, 2.25, 7.1875],
					"texture": "#0"
				},
				"west": {
					"uv": [8.4375, 9.5, 8.25, 9.6875],
					"texture": "#0"
				},
				"up": {
					"uv": [8.8125, 4.9375, 9, 4.75],
					"texture": "#0"
				},
				"down": {
					"uv": [9.0625, 4.75, 9.25, 4.9375],
					"texture": "#0"
				}
			}
		}
	]
}