{
	"textures": {
		"0": "animated_java:blueprint/attack/body",
		"particle": "minecraft:item/pufferfish"
	},
	"display": {
		"head": {
			"rotation": [0, 180, 0]
		}
	},
	"elements": [
		{
			"from": [5.7357, 4.51401, 5.40755],
			"to": [10.73647, 10.18272, 10.40016],
			"rotation": {
				"angle": 0,
				"axis": "y",
				"origin": [8.23609, 7.34836, 7.90386]
			},
			"faces": {
				"north": {
					"uv": [3, 9.75, 2.25, 10.625],
					"texture": "#0"
				},
				"east": {
					"uv": [7, 9.75, 6.25, 10.625],
					"texture": "#0"
				},
				"south": {
					"uv": [6.25, 9.75, 5.5, 10.625],
					"texture": "#0"
				},
				"west": {
					"uv": [10.5, 3.75, 9.75, 4.625],
					"texture": "#0"
				},
				"up": {
					"uv": [9.75, 9.75, 10.5, 9],
					"texture": "#0"
				},
				"down": {
					"uv": [10, 3, 10.75, 3.75],
					"texture": "#0"
				}
			}
		},
		{
			"from": [5.4024, -3.8184, 6.49076],
			"to": [11.13387, 6.01651, 11.06676],
			"rotation": {
				"angle": 0,
				"axis": "y",
				"origin": [8.02778, 1.09906, 8.77876]
			},
			"faces": {
				"north": {
					"uv": [2.8125, 7.25, 2, 8.75],
					"texture": "#0"
				},
				"east": {
					"uv": [8.4375, 5, 7.75, 6.5],
					"texture": "#0"
				},
				"south": {
					"uv": [3.8125, 7.25, 3, 8.75],
					"texture": "#0"
				},
				"west": {
					"uv": [5.6875, 7.75, 5, 9.25],
					"texture": "#0"
				},
				"up": {
					"uv": [10, 5.4375, 10.8125, 4.75],
					"texture": "#0"
				},
				"down": {
					"uv": [10, 9.75, 10.8125, 10.4375],
					"texture": "#0"
				}
			}
		},
		{
			"from": [6.15232, -13.81728, 6.57409],
			"to": [9.64044, -3.14914, 9.98354],
			"rotation": {
				"angle": 0,
				"axis": "y",
				"origin": [7.73614, -8.48321, 8.27882]
			},
			"faces": {
				"north": {
					"uv": [7, 7.75, 6.5, 9.375],
					"texture": "#0"
				},
				"east": {
					"uv": [4.5, 9.25, 4, 10.875],
					"texture": "#0"
				},
				"south": {
					"uv": [7.5, 9, 7, 10.625],
					"texture": "#0"
				},
				"west": {
					"uv": [4, 8.75, 3.5, 10.375],
					"texture": "#0"
				},
				"up": {
					"uv": [4, 6.5, 4.5, 6],
					"texture": "#0"
				},
				"down": {
					"uv": [7.75, 10.75, 8.25, 11.25],
					"texture": "#0"
				}
			}
		}
	]
}