{
	"textures": {
		"0": "animated_java:blueprint/attack/body",
		"particle": "minecraft:item/pufferfish"
	},
	"display": {
		"head": {
			"rotation": [0, 180, 0]
		}
	},
	"elements": [
		{
			"from": [0.06941, -4, 16.62491],
			"to": [17.68977, 20, 20.48525],
			"rotation": {
				"angle": 0,
				"axis": "y",
				"origin": [8.87959, 8, 18.78377]
			},
			"faces": {
				"north": {
					"uv": [7.9375, 0, 7, 1.3125],
					"texture": "#0"
				},
				"east": {
					"uv": [8.9375, 10.75, 8.75, 12.0625],
					"texture": "#0"
				},
				"south": {
					"uv": [8.1875, 1.5, 7.25, 2.8125],
					"texture": "#0"
				},
				"west": {
					"uv": [6.9375, 5, 6.75, 6.3125],
					"texture": "#0"
				},
				"up": {
					"uv": [10.75, 8.9375, 11.6875, 8.75],
					"texture": "#0"
				},
				"down": {
					"uv": [11, 5.25, 11.9375, 5.4375],
					"texture": "#0"
				}
			}
		}
	]
}