{
	"textures": {
		"0": "animated_java:blueprint/attack/body",
		"particle": "minecraft:item/pufferfish"
	},
	"display": {
		"head": {
			"rotation": [0, 180, 0]
		}
	},
	"elements": [
		{
			"from": [1.5806, -9.17527, 7.06288],
			"to": [14.4194, -0.04127, 23.01168],
			"rotation": {
				"angle": 0,
				"axis": "y",
				"origin": [8, -8.60827, 13.53728]
			},
			"faces": {
				"north": {
					"uv": [10.5, 3.75, 11.125, 4.1875],
					"texture": "#0"
				},
				"east": {
					"uv": [0, 8.75, 1.0625, 9.1875],
					"texture": "#0"
				},
				"south": {
					"uv": [10.5, 7.25, 11.125, 7.6875],
					"texture": "#0"
				},
				"west": {
					"uv": [1.25, 8.75, 2.3125, 9.1875],
					"texture": "#0"
				},
				"up": {
					"uv": [8.125, 10.5625, 7.5, 9.5],
					"texture": "#0"
				},
				"down": {
					"uv": [0.625, 9.75, 0, 10.8125],
					"texture": "#0"
				}
			}
		}
	]
}