{
	"credit": "Made with Blockbench",
	"texture_size": [32, 32],
	"textures": {
		"0": "custom/titan/shifter/armor/marks/3",
		"particle": "custom/titan/shifter/armor/marks/3"
	},
	"elements": [
		{
			"from": [3.875, 4, 4],
			"to": [12.125, 12, 12],
			"rotation": {"angle": 0, "axis": "y", "origin": [0.625, 0, 0]},
			"faces": {
				"north": {"uv": [0, 0, 4, 4], "texture": "#0"},
				"east": {"uv": [0, 4.5, 4, 8.5], "texture": "#0"},
				"south": {"uv": [4.5, 0, 8.5, 4], "texture": "#0"},
				"west": {"uv": [4.5, 4.5, 8.5, 8.5], "texture": "#0"},
				"up": {"uv": [4, 13, 0, 9], "texture": "#0"},
				"down": {"uv": [13, 0, 9, 4], "texture": "#0"}
			}
		}
	],
	"gui_light": "front",
	"display": {
		"gui": {
			"rotation": [0, 180, 0]
		},
		"head": {
			"scale": [1.61, 1.61, 1.61]
		}
	}
}