{
	"textures": {
		"0": "animated_java:item/armor/1"
	},
	"display": {
		"head": {
			"rotation": [0, 180, 0]
		}
	},
	"elements": [
		{
			"from": [4.22452, -3.93511, 1.94998],
			"to": [10.34604, 9.78237, 16.29468],
			"rotation": {
				"angle": 0,
				"axis": "y",
				"origin": [7.28528, 2.92363, 9.12233]
			},
			"faces": {
				"north": {
					"uv": [14.0625, 1.75, 13.75, 2.375],
					"texture": "#0"
				},
				"east": {
					"uv": [6.1875, 13, 5.5, 13.625],
					"texture": "#0"
				},
				"south": {
					"uv": [2.3125, 13.75, 2, 14.375],
					"texture": "#0"
				},
				"west": {
					"uv": [13.6875, 0, 13, 0.625],
					"texture": "#0"
				},
				"up": {
					"uv": [13.75, 0.6875, 14.0625, 0],
					"texture": "#0"
				},
				"down": {
					"uv": [13.75, 1, 14.0625, 1.6875],
					"texture": "#0"
				}
			}
		}
	]
}