{
	"textures": {
		"0": "animated_java:item/armor/1"
	},
	"display": {
		"head": {
			"rotation": [0, 180, 0]
		}
	},
	"elements": [
		{
			"from": [3.32468, -14.2127, 4.6156],
			"to": [12.71413, 9.7873, 13.55023],
			"rotation": {
				"angle": 0,
				"axis": "y",
				"origin": [8.01941, -2.21271, 9.08292]
			},
			"faces": {
				"north": {
					"uv": [0, 5, 1.0625, 7.75],
					"texture": "#0"
				},
				"east": {
					"uv": [4, 5.5, 5, 8.25],
					"texture": "#0"
				},
				"south": {
					"uv": [1.25, 5, 2.3125, 7.75],
					"texture": "#0"
				},
				"west": {
					"uv": [5, 5.5, 6, 8.25],
					"texture": "#0"
				},
				"up": {
					"uv": [11.3125, 4.25, 10.25, 3.25],
					"texture": "#0"
				},
				"down": {
					"uv": [11.3125, 4.25, 10.25, 5.25],
					"texture": "#0"
				}
			}
		},
		{
			"from": [5.50706, -9.84796, 2.71662],
			"to": [9.98617, 4.33136, 4.55854],
			"rotation": {
				"angle": 0,
				"axis": "y",
				"origin": [7.74661, -2.7583, 4.44537]
			},
			"faces": {
				"north": {
					"uv": [6.5, 11, 7, 12.625],
					"texture": "#0"
				},
				"east": {
					"uv": [6.25, 13, 6.4375, 14.625],
					"texture": "#0"
				},
				"south": {
					"uv": [4.5, 11.5, 5, 13.125],
					"texture": "#0"
				},
				"west": {
					"uv": [4.75, 13.25, 4.9375, 14.875],
					"texture": "#0"
				},
				"up": {
					"uv": [9.5, 2.1875, 9, 2],
					"texture": "#0"
				},
				"down": {
					"uv": [11, 7.75, 10.5, 7.9375],
					"texture": "#0"
				}
			}
		},
		{
			"from": [2.56086, -10.39355, 6.79797],
			"to": [13.47796, 2.14899, 11.36786],
			"rotation": {
				"angle": 0,
				"axis": "y",
				"origin": [8.01941, -4.12228, 9.08292]
			},
			"faces": {
				"north": {
					"uv": [8.25, 2.25, 9.5, 3.6875],
					"texture": "#0"
				},
				"east": {
					"uv": [11.75, 7, 12.25, 8.4375],
					"texture": "#0"
				},
				"south": {
					"uv": [3.5, 8.25, 4.75, 9.6875],
					"texture": "#0"
				},
				"west": {
					"uv": [8, 11.75, 8.5, 13.1875],
					"texture": "#0"
				},
				"up": {
					"uv": [1.25, 13, 0, 12.5],
					"texture": "#0"
				},
				"down": {
					"uv": [13.75, 1, 12.5, 1.5],
					"texture": "#0"
				}
			}
		}
	]
}