{
	"textures": {
		"0": "animated_java:item/armor/1"
	},
	"display": {
		"head": {
			"rotation": [0, 180, 0]
		}
	},
	"elements": [
		{
			"from": [-4.38155, -0.74426, 17.0603],
			"to": [16.15101, 22.20469, 23.78202],
			"rotation": {
				"angle": 0,
				"axis": "y",
				"origin": [16.43553, -31.38966, 8.43702]
			},
			"faces": {
				"north": {
					"uv": [8.25, 5.5, 9.1875, 6.5625],
					"texture": "#0"
				},
				"east": {
					"uv": [13, 11.5, 13.3125, 12.5625],
					"texture": "#0"
				},
				"south": {
					"uv": [10.25, 5.25, 11.1875, 6.3125],
					"texture": "#0"
				},
				"west": {
					"uv": [13.25, 1.5, 13.5625, 2.5625],
					"texture": "#0"
				},
				"up": {
					"uv": [14.4375, 5.8125, 13.5, 5.5],
					"texture": "#0"
				},
				"down": {
					"uv": [14.4375, 6, 13.5, 6.3125],
					"texture": "#0"
				}
			}
		}
	]
}