{
	"textures": {
		"0": "animated_java:item/armor/1"
	},
	"display": {
		"head": {
			"rotation": [0, 180, 0]
		}
	},
	"elements": [
		{
			"from": [3.97032, -15.54815, 2.47927],
			"to": [11.80616, 8.45185, 13.29721],
			"rotation": {
				"angle": 0,
				"axis": "y",
				"origin": [15.39122, -11.64796, 7.88823]
			},
			"faces": {
				"north": {
					"uv": [10.75, 1.25, 11.3125, 3],
					"texture": "#0"
				},
				"east": {
					"uv": [8.25, 3.75, 9.0625, 5.5],
					"texture": "#0"
				},
				"south": {
					"uv": [2.25, 10.75, 2.8125, 12.5],
					"texture": "#0"
				},
				"west": {
					"uv": [4.75, 8.25, 5.5625, 10],
					"texture": "#0"
				},
				"up": {
					"uv": [4.0625, 13.3125, 3.5, 12.5],
					"texture": "#0"
				},
				"down": {
					"uv": [11.8125, 12.5, 11.25, 13.3125],
					"texture": "#0"
				}
			}
		},
		{
			"from": [2.2651, -12.99031, 4.18449],
			"to": [13.51138, 7.59924, 11.59198],
			"rotation": {
				"angle": 0,
				"axis": "y",
				"origin": [15.39122, -11.64796, 7.88823]
			},
			"faces": {
				"north": {
					"uv": [9, 8, 9.8125, 9.5],
					"texture": "#0"
				},
				"east": {
					"uv": [3.75, 11, 4.3125, 12.5],
					"texture": "#0"
				},
				"south": {
					"uv": [2.25, 9.25, 3.0625, 10.75],
					"texture": "#0"
				},
				"west": {
					"uv": [11, 7.75, 11.5625, 9.25],
					"texture": "#0"
				},
				"up": {
					"uv": [13.3125, 6.8125, 12.5, 6.25],
					"texture": "#0"
				},
				"down": {
					"uv": [13.5625, 8.5, 12.75, 9.0625],
					"texture": "#0"
				}
			}
		}
	]
}