{"credit":"Shingeki no Craft: Made by Fanfo and Zabat","textures":{"5":"custom/titan/shifter/attack/die/4/4h","6":"custom/titan/shifter/attack/teeth","particle":"custom/titan/shifter/attack/die/4/4h"},"elements":[{"from":[13.94047,4.36037,9.85869],"to":[24.38,6.7035,12.41095],"rotation":{"angle":45,"axis":"z","origin":[8,8.96497,3.94633]},"faces":{"north":{"uv":[11,1,12.125,1.25],"texture":"#5"},"east":{"uv":[1,12.5,1.25,12.75],"texture":"#5"},"south":{"uv":[11,1.5,12.125,1.75],"texture":"#5"},"west":{"uv":[12.5,1,12.75,1.25],"texture":"#5"},"up":{"uv":[12.125,3.75,11,3.5],"texture":"#5"},"down":{"uv":[12.125,4,11,4.25],"texture":"#5"}}},{"from":[13.94047,4.36037,7.72469],"to":[22.246,6.7035,9.85015],"rotation":{"angle":45,"axis":"z","origin":[8,8.96497,3.94633]},"faces":{"north":{"uv":[8,11,9,11.25],"texture":"#5"},"east":{"uv":[1.5,12.5,1.75,12.75],"texture":"#5"},"south":{"uv":[11,9,12,9.25],"texture":"#5"},"west":{"uv":[12.5,1.5,12.75,1.75],"texture":"#5"},"up":{"uv":[10.5,11.25,9.5,11],"texture":"#5"},"down":{"uv":[12,9.5,11,9.75],"texture":"#5"}}},{"from":[16.44581,6.18968,0.29244],"to":[18.7676,9.94659,5.82804],"rotation":{"angle":45,"axis":"y","origin":[8,8.96497,3.94633]},"faces":{"north":{"uv":[12,8.5,12.25,8.875],"texture":"#5"},"east":{"uv":[10.5,11,11.125,11.375],"texture":"#5"},"south":{"uv":[12,9,12.25,9.375],"texture":"#5"},"west":{"uv":[0,11.5,0.625,11.875],"texture":"#5"},"up":{"uv":[0.75,12.625,0.5,12],"texture":"#5"},"down":{"uv":[12.25,2,12,2.625],"texture":"#5"}}},{"from":[14.17385,11.75281,-1.34886],"to":[16.49564,18.49732,1.83933],"rotation":{"angle":-22.5,"axis":"x","origin":[8,8.96497,3.94633]},"faces":{"north":{"uv":[8,11.5,8.25,12.25],"texture":"#5"},"east":{"uv":[3.5,11,3.875,11.75],"texture":"#5"},"south":{"uv":[11.5,8,11.75,8.75],"texture":"#5"},"west":{"uv":[11,4.5,11.375,5.25],"texture":"#5"},"up":{"uv":[9.75,12.375,9.5,12],"texture":"#5"},"down":{"uv":[12.25,9.5,12,9.875],"texture":"#5"}}},{"from":[5.48147,11.68203,-5.60918],"to":[8.38478,16.57743,-4.35439],"rotation":{"angle":-45,"axis":"z","origin":[8,8.96497,3.94633]},"faces":{"north":{"uv":[8.5,11.5,8.875,12],"texture":"#5"},"east":{"uv":[2,12.5,2.125,13],"texture":"#5"},"south":{"uv":[9.5,11.5,9.875,12],"texture":"#5"},"west":{"uv":[12.5,2,12.625,2.5],"texture":"#5"},"up":{"uv":[4.375,12.625,4,12.5],"texture":"#5"},"down":{"uv":[12.875,4,12.5,4.125],"texture":"#5"}}},{"from":[-8.38,4.36037,9.85869],"to":[2.05953,6.7035,12.41095],"rotation":{"angle":-45,"axis":"z","origin":[8,8.96497,3.94633]},"faces":{"north":{"uv":[12.125,1,11,1.25],"texture":"#5"},"east":{"uv":[12.75,1,12.5,1.25],"texture":"#5"},"south":{"uv":[12.125,1.5,11,1.75],"texture":"#5"},"west":{"uv":[1.25,12.5,1,12.75],"texture":"#5"},"up":{"uv":[11,3.75,12.125,3.5],"texture":"#5"},"down":{"uv":[11,4,12.125,4.25],"texture":"#5"}}},{"from":[-6.246,4.36037,7.72469],"to":[2.05953,6.7035,9.85015],"rotation":{"angle":-45,"axis":"z","origin":[8,8.96497,3.94633]},"faces":{"north":{"uv":[9,11,8,11.25],"texture":"#5"},"east":{"uv":[12.75,1.5,12.5,1.75],"texture":"#5"},"south":{"uv":[12,9,11,9.25],"texture":"#5"},"west":{"uv":[1.75,12.5,1.5,12.75],"texture":"#5"},"up":{"uv":[9.5,11.25,10.5,11],"texture":"#5"},"down":{"uv":[11,9.5,12,9.75],"texture":"#5"}}},{"from":[-2.7676,6.18968,0.29244],"to":[-0.44581,9.94659,5.82804],"rotation":{"angle":-45,"axis":"y","origin":[8,8.96497,3.94633]},"faces":{"north":{"uv":[12.25,8.5,12,8.875],"texture":"#5"},"east":{"uv":[0.625,11.5,0,11.875],"texture":"#5"},"south":{"uv":[12.25,9,12,9.375],"texture":"#5"},"west":{"uv":[11.125,11,10.5,11.375],"texture":"#5"},"up":{"uv":[0.5,12.625,0.75,12],"texture":"#5"},"down":{"uv":[12,2,12.25,2.625],"texture":"#5"}}},{"from":[-0.49564,11.75281,-1.34886],"to":[1.82615,18.49732,1.83933],"rotation":{"angle":-22.5,"axis":"x","origin":[8,8.96497,3.94633]},"faces":{"north":{"uv":[8.25,11.5,8,12.25],"texture":"#5"},"east":{"uv":[11.375,4.5,11,5.25],"texture":"#5"},"south":{"uv":[11.75,8,11.5,8.75],"texture":"#5"},"west":{"uv":[3.875,11,3.5,11.75],"texture":"#5"},"up":{"uv":[9.5,12.375,9.75,12],"texture":"#5"},"down":{"uv":[12,9.5,12.25,9.875],"texture":"#5"}}},{"from":[7.61522,11.68203,-5.60918],"to":[10.51853,16.57743,-4.35439],"rotation":{"angle":45,"axis":"z","origin":[8,8.96497,3.94633]},"faces":{"north":{"uv":[8.875,11.5,8.5,12],"texture":"#5"},"east":{"uv":[12.625,2,12.5,2.5],"texture":"#5"},"south":{"uv":[9.875,11.5,9.5,12],"texture":"#5"},"west":{"uv":[2.125,12.5,2,13],"texture":"#5"},"up":{"uv":[4,12.625,4.375,12.5],"texture":"#5"},"down":{"uv":[12.5,4,12.875,4.125],"texture":"#5"}}},{"from":[3.19653,1.41329,-4.48347],"to":[12.80347,5.46789,-2.77648],"rotation":{"angle":22.5,"axis":"x","origin":[8,8.96497,3.94633]},"faces":{"north":{"uv":[7.5,1,8.625,1.5],"texture":"#5"},"east":{"uv":[5.5,12,5.75,12.5],"texture":"#5"},"south":{"uv":[10,2,11.125,2.5],"texture":"#5"},"west":{"uv":[12,5.5,12.25,6],"texture":"#5"},"up":{"uv":[7.625,11.25,6.5,11],"texture":"#5"},"down":{"uv":[12.125,7,11,7.25],"texture":"#5"}}},{"from":[3.00857,12.2065,-2.93677],"to":[14.05843,21.29862,10.78698],"rotation":{"angle":0,"axis":"y","origin":[8,8.96497,3.94633]},"faces":{"north":{"uv":[8,3.5,9.25,4.5],"texture":"#5"},"east":{"uv":[7,2.5,8.5,3.5],"texture":"#5"},"south":{"uv":[8,4.5,9.25,5.5],"texture":"#5"},"west":{"uv":[0,7.5,1.5,8.5],"texture":"#5"},"up":{"uv":[1.25,7.5,0,6],"texture":"#5"},"down":{"uv":[7.25,0,6,1.5],"texture":"#5"}}},{"from":[-0.19243,-8.92326,9.27243],"to":[17.25943,17.6375,20.43255],"rotation":{"angle":-22.5,"axis":"x","origin":[8,8.96497,3.94633]},"faces":{"north":{"uv":[0,0,2,3],"texture":"#5"},"east":{"uv":[0,3,1.25,6],"texture":"#5"},"south":{"uv":[2,0,4,3],"texture":"#5"},"west":{"uv":[1.5,3,2.75,6],"texture":"#5"},"up":{"uv":[7,3.25,5,2],"texture":"#5"},"down":{"uv":[5,5,3,6.25],"texture":"#5"}}},{"from":[1.02097,12.95522,-6.96636],"to":[14.97903,16.92446,1.2346],"rotation":{"angle":22.5,"axis":"x","origin":[8,8.96497,3.94633]},"faces":{"north":{"uv":[9.5,0,11.125,0.5],"texture":"#5"},"east":{"uv":[10,7.5,10.875,8],"texture":"#5"},"south":{"uv":[9.5,0.5,11.125,1],"texture":"#5"},"west":{"uv":[0,10.5,0.875,11],"texture":"#5"},"up":{"uv":[9.125,0.875,7.5,0],"texture":"#5"},"down":{"uv":[6.125,7.5,4.5,8.375],"texture":"#5"}}},{"from":[1.57319,6.81853,-4.6185],"to":[14.42681,16.92178,5.33981],"rotation":{"angle":0,"axis":"y","origin":[8,8.96497,3.94633]},"faces":{"north":{"uv":[1.375,6,3,7.25],"texture":"#5"},"east":{"uv":[7.5,7.5,8.625,8.625],"texture":"#5"},"south":{"uv":[3,6.5,4.5,7.625],"texture":"#5"},"west":{"uv":[2.5,8,3.625,9.125],"texture":"#5"},"up":{"uv":[8,4.625,6.5,3.5],"texture":"#5"},"down":{"uv":[8,5,6.5,6.125],"texture":"#5"}}},{"from":[4.30124,4.59153,-6.95449],"to":[11.69876,6.87598,-5.49003],"rotation":{"angle":0,"axis":"y","origin":[8,8.96497,3.94633]},"faces":{"north":{"uv":[11.5,4.5,12.375,4.75],"texture":"#5"},"east":{"uv":[5,12.5,5.125,12.75],"texture":"#5"},"south":{"uv":[5,11.5,5.875,11.75],"texture":"#5"},"west":{"uv":[12.5,5,12.625,5.25],"texture":"#5"},"up":{"uv":[12.875,8.125,12,8],"texture":"#5"},"down":{"uv":[9.375,12,8.5,12.125],"texture":"#5"}}},{"name":"nose","from":[7.25523,1.5532,-6.96192],"to":[8.74477,6.68281,-3.44722],"rotation":{"angle":22.5,"axis":"x","origin":[8,8.96497,3.94633]},"faces":{"north":{"uv":[12,11.5,12.125,12.125],"texture":"#5"},"east":{"uv":[11.5,0,11.875,0.625],"texture":"#5"},"south":{"uv":[12.5,0,12.625,0.625],"texture":"#5"},"west":{"uv":[1.5,11.5,1.875,12.125],"texture":"#5"},"up":{"uv":[4.625,12.875,4.5,12.5],"texture":"#5"},"down":{"uv":[12.625,4.5,12.5,4.875],"texture":"#5"}}},{"name":"nose","from":[7.25737,4.76652,-8.964],"to":[8.74263,6.303,-6.822],"rotation":{"angle":0,"axis":"y","origin":[8,8.96497,3.94633]},"faces":{"north":{"uv":[7.5,12.5,7.625,12.625],"texture":"#5"},"east":{"uv":[5.5,12.5,5.75,12.625],"texture":"#5"},"south":{"uv":[12.5,7.5,12.625,7.625],"texture":"#5"},"west":{"uv":[12.5,5.5,12.75,5.625],"texture":"#5"},"up":{"uv":[6.125,12.75,6,12.5],"texture":"#5"},"down":{"uv":[12.625,6,12.5,6.25],"texture":"#5"}}},{"name":"nose","from":[7.25737,9.31194,-7.00864],"to":[8.74263,11.01914,-4.43984],"rotation":{"angle":0,"axis":"y","origin":[8,8.96497,3.94633]},"faces":{"north":{"uv":[6.5,12.5,6.625,12.75],"texture":"#5"},"east":{"uv":[2.5,12.5,2.75,12.75],"texture":"#5"},"south":{"uv":[12.5,6.5,12.625,6.75],"texture":"#5"},"west":{"uv":[12.5,2.5,12.75,2.75],"texture":"#5"},"up":{"uv":[7.125,12.75,7,12.5],"texture":"#5"},"down":{"uv":[12.625,7,12.5,7.25],"texture":"#5"}}},{"name":"nose","from":[6.51047,-1.27919,-2.74256],"to":[9.48953,1.04719,-0.55008],"rotation":{"angle":45,"axis":"x","origin":[8,8.96497,3.94633]},"faces":{"north":{"uv":[10,12,10.375,12.25],"texture":"#5"},"east":{"uv":[3,12.5,3.25,12.75],"texture":"#5"},"south":{"uv":[12,10,12.375,10.25],"texture":"#5"},"west":{"uv":[12.5,3,12.75,3.25],"texture":"#5"},"up":{"uv":[10.875,12.25,10.5,12],"texture":"#5"},"down":{"uv":[12.375,10.5,12,10.75],"texture":"#5"}}},{"from":[15.7211,5.75318,-1.1188],"to":[20.6293,13.86238,15.5264],"rotation":{"angle":22.5,"axis":"z","origin":[8,8.96497,3.94633]},"faces":{"north":{"uv":[4.5,6.5,5,7.375],"texture":"#5"},"east":{"uv":[6.5,6.5,8.375,7.375],"texture":"#5"},"south":{"uv":[8.5,6.5,9,7.375],"texture":"#5"},"west":{"uv":[7,1.5,8.875,2.375],"texture":"#5"},"up":{"uv":[1.5,10.375,1,8.5],"texture":"#5"},"down":{"uv":[6.5,8.5,6,10.375],"texture":"#5"}}},{"from":[15.80875,-4.86823,1.0152],"to":[20.71695,10.70997,14.8862],"rotation":{"angle":0,"axis":"y","origin":[8,8.96497,3.94633]},"faces":{"north":{"uv":[9,8,9.5,9.75],"texture":"#5"},"east":{"uv":[3,3,4.625,4.75],"texture":"#5"},"south":{"uv":[8.5,9,9,10.75],"texture":"#5"},"west":{"uv":[4,0,5.625,1.75],"texture":"#5"},"up":{"uv":[2,11.125,1.5,9.5],"texture":"#5"},"down":{"uv":[2.5,9.5,2,11.125],"texture":"#5"}}},{"from":[-1.16943,17.79551,-1.9724],"to":[8.22017,23.13051,15.0996],"rotation":{"angle":-45,"axis":"z","origin":[8,8.96497,3.94633]},"faces":{"north":{"uv":[9.5,3.5,10.625,4.125],"texture":"#5"},"east":{"uv":[8,5.5,10,6.125],"texture":"#5"},"south":{"uv":[9.5,4.5,10.625,5.125],"texture":"#5"},"west":{"uv":[8.5,2.5,10.5,3.125],"texture":"#5"},"up":{"uv":[6.125,5.5,5,3.5],"texture":"#5"},"down":{"uv":[6.125,5.5,5,7.5],"texture":"#5"}}},{"from":[14.73533,6.16151,-6.027],"to":[19.00333,16.40471,-0.9054],"rotation":{"angle":22.5,"axis":"z","origin":[8,8.96497,3.94633]},"faces":{"north":{"uv":[3.5,9.5,4,10.625],"texture":"#5"},"east":{"uv":[6.5,9.5,7.125,10.625],"texture":"#5"},"south":{"uv":[10,5.5,10.5,6.625],"texture":"#5"},"west":{"uv":[9.5,8,10.125,9.125],"texture":"#5"},"up":{"uv":[6.5,11.125,6,10.5],"texture":"#5"},"down":{"uv":[11,9,10.5,9.625],"texture":"#5"}}},{"from":[-0.74263,17.36871,-7.094],"to":[8.22017,22.06351,-1.9724],"rotation":{"angle":-45,"axis":"z","origin":[8,8.96497,3.94633]},"faces":{"north":{"uv":[6,1.5,7,2],"texture":"#5"},"east":{"uv":[9.5,10.5,10.125,11],"texture":"#5"},"south":{"uv":[10,7,11,7.5],"texture":"#5"},"west":{"uv":[10.5,10,11.125,10.5],"texture":"#5"},"up":{"uv":[5,2.625,4,2],"texture":"#5"},"down":{"uv":[10.5,9.5,9.5,10.125],"texture":"#5"}}},{"from":[-4.6293,5.75318,-1.1188],"to":[0.2789,13.86238,15.5264],"rotation":{"angle":-22.5,"axis":"z","origin":[8,8.96497,3.94633]},"faces":{"north":{"uv":[5,6.5,4.5,7.375],"texture":"#5"},"east":{"uv":[8.875,1.5,7,2.375],"texture":"#5"},"south":{"uv":[9,6.5,8.5,7.375],"texture":"#5"},"west":{"uv":[8.375,6.5,6.5,7.375],"texture":"#5"},"up":{"uv":[1,10.375,1.5,8.5],"texture":"#5"},"down":{"uv":[6,8.5,6.5,10.375],"texture":"#5"}}},{"from":[-4.71695,-4.86823,1.0152],"to":[0.19125,10.70997,14.8862],"rotation":{"angle":0,"axis":"y","origin":[8,8.96497,3.94633]},"faces":{"north":{"uv":[9.5,8,9,9.75],"texture":"#5"},"east":{"uv":[5.625,0,4,1.75],"texture":"#5"},"south":{"uv":[9,9,8.5,10.75],"texture":"#5"},"west":{"uv":[4.625,3,3,4.75],"texture":"#5"},"up":{"uv":[1.5,11.125,2,9.5],"texture":"#5"},"down":{"uv":[2,9.5,2.5,11.125],"texture":"#5"}}},{"from":[7.77983,17.79551,-1.9724],"to":[17.16943,23.13051,15.0996],"rotation":{"angle":45,"axis":"z","origin":[8,8.96497,3.94633]},"faces":{"north":{"uv":[10.625,3.5,9.5,4.125],"texture":"#5"},"east":{"uv":[10.5,2.5,8.5,3.125],"texture":"#5"},"south":{"uv":[10.625,4.5,9.5,5.125],"texture":"#5"},"west":{"uv":[10,5.5,8,6.125],"texture":"#5"},"up":{"uv":[5,5.5,6.125,3.5],"texture":"#5"},"down":{"uv":[5,5.5,6.125,7.5],"texture":"#5"}}},{"from":[-3.00333,6.16151,-6.027],"to":[1.26467,16.40471,-0.9054],"rotation":{"angle":-22.5,"axis":"z","origin":[8,8.96497,3.94633]},"faces":{"north":{"uv":[4,9.5,3.5,10.625],"texture":"#5"},"east":{"uv":[10.125,8,9.5,9.125],"texture":"#5"},"south":{"uv":[10.5,5.5,10,6.625],"texture":"#5"},"west":{"uv":[7.125,9.5,6.5,10.625],"texture":"#5"},"up":{"uv":[6,11.125,6.5,10.5],"texture":"#5"},"down":{"uv":[10.5,9,11,9.625],"texture":"#5"}}},{"from":[7.77983,17.36871,-7.094],"to":[16.74263,22.06351,-1.9724],"rotation":{"angle":45,"axis":"z","origin":[8,8.96497,3.94633]},"faces":{"north":{"uv":[7,1.5,6,2],"texture":"#5"},"east":{"uv":[11.125,10,10.5,10.5],"texture":"#5"},"south":{"uv":[11,7,10,7.5],"texture":"#5"},"west":{"uv":[10.125,10.5,9.5,11],"texture":"#5"},"up":{"uv":[4,2.625,5,2],"texture":"#5"},"down":{"uv":[9.5,9.5,10.5,10.125],"texture":"#5"}}},{"from":[14.66158,4.4891,-2.8203],"to":[15.94198,6.1963,1.16282],"rotation":{"angle":22.5,"axis":"y","origin":[8,8.96497,3.94633]},"faces":{"north":{"uv":[10,6,10.625,6.75],"texture":"#6"},"east":{"uv":[0.125,4,1.75,4.75],"texture":"#6"},"south":{"uv":[8,10,8.625,10.75],"texture":"#6"},"west":{"uv":[4,0,5.625,0.75],"texture":"#6"},"up":{"uv":[6.625,5.75,6,4],"texture":"#6"},"down":{"uv":[6.625,6.125,6,7.75],"texture":"#6"}}},{"from":[5.866,2.97396,-6.51936],"to":[10.134,5.1245,-5.23896],"rotation":{"angle":0,"axis":"y","origin":[8,8.96497,3.94633]},"faces":{"north":{"uv":[0,0,1.875,1],"texture":"#6"},"east":{"uv":[8,8,8.625,9],"texture":"#6"},"south":{"uv":[0,2,1.875,3],"texture":"#6"},"west":{"uv":[0,10,0.625,11],"texture":"#6"},"up":{"uv":[6,4.625,4,4],"texture":"#6"},"down":{"uv":[1.875,6,0,6.625],"texture":"#6"}}},{"from":[15.80822,2.9953,-1.74679],"to":[17.08862,5.14584,0.81401],"rotation":{"angle":45,"axis":"y","origin":[8,8.96497,3.94633]},"faces":{"north":{"uv":[6,8,6.625,9],"texture":"#6"},"east":{"uv":[5.875,2,7.125,3],"texture":"#6"},"south":{"uv":[8,6,8.625,7],"texture":"#6"},"west":{"uv":[4,6,5.25,7],"texture":"#6"},"up":{"uv":[4.625,9.125,4,8],"texture":"#6"},"down":{"uv":[8.625,4,8,5.25],"texture":"#6"}}},{"from":[-1.08862,2.9953,-1.74679],"to":[0.19178,5.14584,0.81401],"rotation":{"angle":-45,"axis":"y","origin":[8,8.96497,3.94633]},"faces":{"north":{"uv":[6.625,8,6,9],"texture":"#6"},"east":{"uv":[5.25,6,4,7],"texture":"#6"},"south":{"uv":[8.625,6,8,7],"texture":"#6"},"west":{"uv":[7.125,2,5.875,3],"texture":"#6"},"up":{"uv":[4,9.125,4.625,8],"texture":"#6"},"down":{"uv":[8,4,8.625,5.25],"texture":"#6"}}},{"from":[0.05802,4.4891,-2.8203],"to":[1.33842,6.1963,1.16282],"rotation":{"angle":-22.5,"axis":"y","origin":[8,8.96497,3.94633]},"faces":{"north":{"uv":[10.625,6,10,6.75],"texture":"#6"},"east":{"uv":[5.625,0,4,0.75],"texture":"#6"},"south":{"uv":[8.625,10,8,10.75],"texture":"#6"},"west":{"uv":[1.75,4,0.125,4.75],"texture":"#6"},"up":{"uv":[6,5.75,6.625,4],"texture":"#6"},"down":{"uv":[6,6.125,6.625,7.75],"texture":"#6"}}},{"name":"tongue","from":[5.07109,-0.34818,2.07329],"to":[10.92892,2.46663,11.14232],"rotation":{"angle":0,"axis":"x","origin":[8,0.55553,3.3078]},"faces":{"north":{"uv":[2.5,11.5,3.125,11.875],"texture":"#5"},"east":{"uv":[10.5,2.5,11.5,2.875],"texture":"#5"},"south":{"uv":[11.5,3,12.125,3.375],"texture":"#5"},"west":{"uv":[10.5,3,11.5,3.375],"texture":"#5"},"up":{"uv":[10.625,2,10,1],"texture":"#5"},"down":{"uv":[5.625,10,5,11],"texture":"#5"}}},{"name":"tongue","from":[5.51109,-2.12597,-2.15063],"to":[10.48892,0.07403,2.5184],"rotation":{"angle":-22.5,"axis":"x","origin":[8,-0.52597,0.18388]},"faces":{"north":{"uv":[2.5,12,3.125,12.25],"texture":"#5"},"east":{"uv":[7.5,12,8,12.25],"texture":"#5"},"south":{"uv":[3.5,12,4.125,12.25],"texture":"#5"},"west":{"uv":[12,7.5,12.5,7.75],"texture":"#5"},"up":{"uv":[11.125,11,10.5,10.5],"texture":"#5"},"down":{"uv":[0.625,11,0,11.5],"texture":"#5"}}},{"from":[4.09476,-3.17832,-2.24725],"to":[11.90524,-0.58513,10.00237],"rotation":{"angle":-22.5,"axis":"x","origin":[8,1.16538,2.97133]},"faces":{"north":{"uv":[11.5,5,12.375,5.25],"texture":"#5"},"east":{"uv":[10.5,5.5,11.875,5.75],"texture":"#5"},"south":{"uv":[6,11.5,6.875,11.75],"texture":"#5"},"west":{"uv":[10.5,6,11.875,6.25],"texture":"#5"},"up":{"uv":[5.875,9.875,5,8.5],"texture":"#5"},"down":{"uv":[9.875,1,9,2.375],"texture":"#5"}}},{"from":[4.09476,-0.56463,9.34843],"to":[11.90524,13.88499,11.94162],"rotation":{"angle":-22.5,"axis":"x","origin":[8,1.16538,2.97133]},"faces":{"north":{"uv":[1.5,7.5,2.375,9.125],"texture":"#5"},"east":{"uv":[9,10,9.25,11.625],"texture":"#5"},"south":{"uv":[6.5,7.5,7.375,9.125],"texture":"#5"},"west":{"uv":[1,10.5,1.25,12.125],"texture":"#5"},"up":{"uv":[12.375,6.75,11.5,6.5],"texture":"#5"},"down":{"uv":[7.875,11.5,7,11.75],"texture":"#5"}}},{"from":[5.71555,-2.5258,-5.61844],"to":[10.28445,-0.7183,-3.72718],"rotation":{"angle":-22.5,"axis":"x","origin":[8,1.16538,2.97133]},"faces":{"north":{"uv":[6,12,6.5,12.25],"texture":"#5"},"east":{"uv":[3.5,12.5,3.75,12.75],"texture":"#5"},"south":{"uv":[12,6,12.5,6.25],"texture":"#5"},"west":{"uv":[12.5,3.5,12.75,3.75],"texture":"#5"},"up":{"uv":[7,12.25,6.5,12],"texture":"#5"},"down":{"uv":[7.5,12,7,12.25],"texture":"#5"}}},{"from":[5.69528,-8.95283,-3.10862],"to":[10.30472,-4.15773,0.48984],"rotation":{"angle":0,"axis":"x","origin":[8,1.16538,2.97133]},"faces":{"north":{"uv":[2.5,7.5,3,8],"texture":"#5"},"east":{"uv":[10,11.5,10.375,12],"texture":"#5"},"south":{"uv":[4,8,4.5,8.5],"texture":"#5"},"west":{"uv":[11.5,10,11.875,10.5],"texture":"#5"},"up":{"uv":[11,11.875,10.5,11.5],"texture":"#5"},"down":{"uv":[12,10.5,11.5,10.875],"texture":"#5"}}},{"from":[3.90779,-6.61988,-2.89522],"to":[12.09221,-3.10518,-0.13382],"rotation":{"angle":0,"axis":"x","origin":[8,1.16538,2.97133]},"faces":{"north":{"uv":[10.5,6.5,11.375,6.875],"texture":"#5"},"east":{"uv":[4.5,12,4.875,12.375],"texture":"#5"},"south":{"uv":[7.5,10.5,8.375,10.875],"texture":"#5"},"west":{"uv":[5,12,5.375,12.375],"texture":"#5"},"up":{"uv":[11.375,8.375,10.5,8],"texture":"#5"},"down":{"uv":[11.375,8.5,10.5,8.875],"texture":"#5"}}},{"from":[11.575,-2.7392,-3.91715],"to":[13.53422,0.7755,3.11225],"rotation":{"angle":-22.5,"axis":"x","origin":[8,1.16538,2.97133]},"faces":{"north":{"uv":[12,11,12.25,11.375],"texture":"#5"},"east":{"uv":[5,11,5.75,11.375],"texture":"#5"},"south":{"uv":[11.5,12,11.75,12.375],"texture":"#5"},"west":{"uv":[11,7.5,11.75,7.875],"texture":"#5"},"up":{"uv":[11.25,12.25,11,11.5],"texture":"#5"},"down":{"uv":[11.75,11,11.5,11.75],"texture":"#5"}}},{"from":[12.0018,-1.99355,0.17883],"to":[14.63782,10.71625,11.29452],"rotation":{"angle":0,"axis":"x","origin":[8,1.16538,2.97133]},"faces":{"north":{"uv":[4,10.5,4.25,12],"texture":"#5"},"east":{"uv":[9,6.5,9.75,8],"texture":"#5"},"south":{"uv":[4.5,10.5,4.75,12],"texture":"#5"},"west":{"uv":[7.5,9,8.25,10.5],"texture":"#5"},"up":{"uv":[0.25,12.75,0,12],"texture":"#5"},"down":{"uv":[12.25,0,12,0.75],"texture":"#5"}}},{"from":[2.46578,-2.7392,-3.91715],"to":[4.425,0.7755,3.11225],"rotation":{"angle":-22.5,"axis":"x","origin":[8,1.16538,2.97133]},"faces":{"north":{"uv":[12.25,11,12,11.375],"texture":"#5"},"east":{"uv":[11.75,7.5,11,7.875],"texture":"#5"},"south":{"uv":[11.75,12,11.5,12.375],"texture":"#5"},"west":{"uv":[5.75,11,5,11.375],"texture":"#5"},"up":{"uv":[11,12.25,11.25,11.5],"texture":"#5"},"down":{"uv":[11.5,11,11.75,11.75],"texture":"#5"}}},{"from":[1.36218,-1.99355,0.17883],"to":[3.9982,10.71625,11.29452],"rotation":{"angle":0,"axis":"x","origin":[8,1.16538,2.97133]},"faces":{"north":{"uv":[4.25,10.5,4,12],"texture":"#5"},"east":{"uv":[8.25,9,7.5,10.5],"texture":"#5"},"south":{"uv":[4.75,10.5,4.5,12],"texture":"#5"},"west":{"uv":[9.75,6.5,9,8],"texture":"#5"},"up":{"uv":[0,12.75,0.25,12],"texture":"#5"},"down":{"uv":[12,0,12.25,0.75],"texture":"#5"}}},{"from":[10.86126,0.772,-2.7748],"to":[12.14166,2.4792,1.20831],"rotation":{"angle":-22.5,"axis":"x","origin":[8,1.16538,2.97133]},"faces":{"north":{"uv":[10,8,10.625,8.75],"texture":"#6"},"east":{"uv":[2.125,4,3.75,4.75],"texture":"#6"},"south":{"uv":[10,10,10.625,10.75],"texture":"#6"},"west":{"uv":[4,2,5.625,2.75],"texture":"#6"},"up":{"uv":[0.625,9.75,0,8.125],"texture":"#6"},"down":{"uv":[8.625,0,8,1.75],"texture":"#6"}}},{"from":[5.866,-1.16004,-5.34256],"to":[10.134,0.9905,-4.06216],"rotation":{"angle":-22.5,"axis":"x","origin":[8,1.16538,2.97133]},"faces":{"north":{"uv":[2,0,3.875,1],"texture":"#6"},"east":{"uv":[10,4,10.625,5],"texture":"#6"},"south":{"uv":[2,2,3.875,3],"texture":"#6"},"west":{"uv":[6,10,6.625,11],"texture":"#6"},"up":{"uv":[7.75,0.625,5.875,0],"texture":"#6"},"down":{"uv":[4,6,2,6.625],"texture":"#6"}}},{"from":[4.32843,-1.1508,-4.02698],"to":[6.46243,0.99974,-2.74658],"rotation":{"angle":-22.5,"axis":"x","origin":[8,1.16538,2.97133]},"faces":{"north":{"uv":[1.75,8,3,9],"texture":"#6"},"east":{"uv":[10,0,10.625,1],"texture":"#6"},"south":{"uv":[8,2,9.25,3],"texture":"#6"},"west":{"uv":[2,10,2.625,11],"texture":"#6"},"up":{"uv":[11,2.625,9.75,2],"texture":"#6"},"down":{"uv":[5,10,4,10.625],"texture":"#6"}}},{"from":[3.85834,0.772,-2.7748],"to":[5.13874,2.4792,1.20831],"rotation":{"angle":-22.5,"axis":"x","origin":[8,1.16538,2.97133]},"faces":{"north":{"uv":[10.625,8,10,8.75],"texture":"#6"},"east":{"uv":[5.75,2,4,2.75],"texture":"#6"},"south":{"uv":[10.625,10,10,10.75],"texture":"#6"},"west":{"uv":[3.75,4,2,4.75],"texture":"#6"},"up":{"uv":[0,9.75,0.625,8],"texture":"#6"},"down":{"uv":[8,0,8.625,1.75],"texture":"#6"}}},{"from":[9.78757,-1.1508,-4.02698],"to":[11.92157,0.99974,-2.74658],"rotation":{"angle":-22.5,"axis":"x","origin":[8,1.16538,2.97133]},"faces":{"north":{"uv":[3,8,1.75,9],"texture":"#6"},"east":{"uv":[2.625,10,2,11],"texture":"#6"},"south":{"uv":[9.25,2,8,3],"texture":"#6"},"west":{"uv":[10.625,0,10,1],"texture":"#6"},"up":{"uv":[9.75,2.625,11,2],"texture":"#6"},"down":{"uv":[4,10,5,10.625],"texture":"#6"}}}],"display":{"thirdperson_righthand":{"scale":[0.3,0.3,0.3]},"thirdperson_lefthand":{"scale":[0.3,0.3,0.3]},"firstperson_righthand":{"rotation":[0,140,0],"translation":[18,5.5,-19.5]},"firstperson_lefthand":{"rotation":[0,140,0],"translation":[18,5.5,-19.5]},"ground":{"translation":[0,6,0],"scale":[0.7,0.7,0.7]},"gui":{"rotation":[8.5,-147,0],"translation":[0,-0.25,-8],"scale":[0.45,0.45,0.45]},"head":{"translation":[0,0.5,0],"scale":[0.48,0.47,0.47]},"fixed":{"translation":[0,0,-2.75]}},"groups":[{"name":"head","origin":[0.24,0,0],"color":0,"nbt":"{}","children":[{"name":"skull","origin":[0.24,0,0],"color":0,"nbt":"{}","children":[{"name":"side","origin":[7.74,-20.50629,9.67809],"color":0,"nbt":"{}","children":[0,1,2,3,4]},{"name":"side","origin":[7.74,-20.50629,9.67809],"color":0,"nbt":"{}","children":[5,6,7,8,9]},{"name":"mid","origin":[7.69,-20.50629,9.67809],"color":0,"nbt":"{}","children":[10,11,12,13,14,15,16,17,18,19,{"name":"hair","origin":[7.69,-20.50629,9.67809],"color":0,"nbt":"{}","children":[{"name":"group","origin":[8.43134,29.96194,7],"color":0,"nbt":"{}","children":[20,21,22]},{"name":"group","origin":[8.43134,29.96194,7],"color":0,"nbt":"{}","children":[23,24]}]},{"name":"hair","origin":[7.69,-20.50629,9.67809],"color":0,"nbt":"{}","children":[{"name":"group","origin":[8.43134,29.96194,7],"color":0,"nbt":"{}","children":[25,26,27]},{"name":"group","origin":[8.43134,29.96194,7],"color":0,"nbt":"{}","children":[28,29]}]}]},{"name":"teeth","origin":[10.29547,17.52166,5.71637],"color":0,"nbt":"{}","children":[30,31,32,33,34]}]},{"name":"jaw","origin":[0.13138,0,0],"color":0,"nbt":"{}","children":[{"name":"mid","origin":[8.65175,6.6036,6.92204],"color":0,"nbt":"{}","children":[35,36,37,38,39,40,41]},{"name":"side","origin":[8.59313,6.6036,6.92204],"color":0,"nbt":"{}","children":[42,43]},{"name":"side","origin":[8.59313,6.6036,6.92204],"color":0,"nbt":"{}","children":[44,45]},{"name":"teeth","origin":[10.29547,17.52166,5.71637],"color":0,"nbt":"{}","children":[46,47,48,49,50]}]}]}]}