{
    "model": {
        "type": "minecraft:composite",
        "models": [
            {
                "type": "minecraft:select",
                "property": "minecraft:custom_model_data",
                "cases": [
                    {
                        "when": "AJ_INTERNAL_EMPTY",
                        "model": {
                            "type": "minecraft:empty"
                        }
                    },
                    {
                        "when": "skin_10",
                        "model": {
                            "type": "minecraft:model",
                            "model": "animated_java:blueprint/armor/skin_10/left_forearm",
                            "tints": [
                                {
                                    "type": "minecraft:dye",
                                    "default": [
                                        1,
                                        1,
                                        1
                                    ]
                                }
                            ]
                        }
                    },
                    {
                        "when": "skin_11",
                        "model": {
                            "type": "minecraft:model",
                            "model": "animated_java:blueprint/armor/skin_11/left_forearm",
                            "tints": [
                                {
                                    "type": "minecraft:dye",
                                    "default": [
                                        1,
                                        1,
                                        1
                                    ]
                                }
                            ]
                        }
                    },
                    {
                        "when": "skin_12",
                        "model": {
                            "type": "minecraft:model",
                            "model": "animated_java:blueprint/armor/skin_12/left_forearm",
                            "tints": [
                                {
                                    "type": "minecraft:dye",
                                    "default": [
                                        1,
                                        1,
                                        1
                                    ]
                                }
                            ]
                        }
                    },
                    {
                        "when": "skin_2",
                        "model": {
                            "type": "minecraft:model",
                            "model": "animated_java:blueprint/armor/skin_2/left_forearm",
                            "tints": [
                                {
                                    "type": "minecraft:dye",
                                    "default": [
                                        1,
                                        1,
                                        1
                                    ]
                                }
                            ]
                        }
                    },
                    {
                        "when": "skin_3",
                        "model": {
                            "type": "minecraft:model",
                            "model": "animated_java:blueprint/armor/skin_3/left_forearm",
                            "tints": [
                                {
                                    "type": "minecraft:dye",
                                    "default": [
                                        1,
                                        1,
                                        1
                                    ]
                                }
                            ]
                        }
                    },
                    {
                        "when": "skin_4",
                        "model": {
                            "type": "minecraft:model",
                            "model": "animated_java:blueprint/armor/skin_4/left_forearm",
                            "tints": [
                                {
                                    "type": "minecraft:dye",
                                    "default": [
                                        1,
                                        1,
                                        1
                                    ]
                                }
                            ]
                        }
                    },
                    {
                        "when": "skin_5",
                        "model": {
                            "type": "minecraft:model",
                            "model": "animated_java:blueprint/armor/skin_5/left_forearm",
                            "tints": [
                                {
                                    "type": "minecraft:dye",
                                    "default": [
                                        1,
                                        1,
                                        1
                                    ]
                                }
                            ]
                        }
                    },
                    {
                        "when": "skin_6",
                        "model": {
                            "type": "minecraft:model",
                            "model": "animated_java:blueprint/armor/skin_6/left_forearm",
                            "tints": [
                                {
                                    "type": "minecraft:dye",
                                    "default": [
                                        1,
                                        1,
                                        1
                                    ]
                                }
                            ]
                        }
                    },
                    {
                        "when": "skin_7",
                        "model": {
                            "type": "minecraft:model",
                            "model": "animated_java:blueprint/armor/skin_7/left_forearm",
                            "tints": [
                                {
                                    "type": "minecraft:dye",
                                    "default": [
                                        1,
                                        1,
                                        1
                                    ]
                                }
                            ]
                        }
                    },
                    {
                        "when": "skin_8",
                        "model": {
                            "type": "minecraft:model",
                            "model": "animated_java:blueprint/armor/skin_8/left_forearm",
                            "tints": [
                                {
                                    "type": "minecraft:dye",
                                    "default": [
                                        1,
                                        1,
                                        1
                                    ]
                                }
                            ]
                        }
                    },
                    {
                        "when": "skin_9",
                        "model": {
                            "type": "minecraft:model",
                            "model": "animated_java:blueprint/armor/skin_9/left_forearm",
                            "tints": [
                                {
                                    "type": "minecraft:dye",
                                    "default": [
                                        1,
                                        1,
                                        1
                                    ]
                                }
                            ]
                        }
                    }
                ],
                "fallback": {
                    "type": "minecraft:model",
                    "model": "animated_java:blueprint/armor/left_forearm",
                    "tints": [
                        {
                            "type": "minecraft:dye",
                            "default": [
                                1,
                                1,
                                1
                            ]
                        }
                    ]
                }
            },
            {
                "type": "minecraft:condition",
                "property": "minecraft:component",
                "predicate": "minecraft:custom_data",
                "value": "{berserk:1b}",
                "on_true": {
                    "type": "minecraft:model",
                    "model": "snc:berserk/armor/left_forearm"
                },
                "on_false": {
                    "type": "minecraft:model",
                    "model": "minecraft:item/air"
                }
            }
        ]
    }
}