{
	"model": {
		"type": "minecraft:select",
		"property": "minecraft:custom_model_data",
		"cases": [
			{
				"when": "AJ_INTERNAL_EMPTY",
				"model": {
					"type": "minecraft:model",
					"model": "animated_java:empty"
				}
			},
			{
				"when": "skin_10",
				"model": {
					"type": "minecraft:model",
					"model": "animated_java:blueprint/armor/skin_10/right_hand",
					"tints": [
						{"type": "minecraft:dye", "default": [1, 1, 1]}
					]
				}
			},
			{
				"when": "skin_11",
				"model": {
					"type": "minecraft:model",
					"model": "animated_java:blueprint/armor/skin_11/right_hand",
					"tints": [
						{"type": "minecraft:dye", "default": [1, 1, 1]}
					]
				}
			},
			{
				"when": "skin_12",
				"model": {
					"type": "minecraft:model",
					"model": "animated_java:blueprint/armor/skin_12/right_hand",
					"tints": [
						{"type": "minecraft:dye", "default": [1, 1, 1]}
					]
				}
			},
			{
				"when": "skin_2",
				"model": {
					"type": "minecraft:model",
					"model": "animated_java:blueprint/armor/skin_2/right_hand",
					"tints": [
						{"type": "minecraft:dye", "default": [1, 1, 1]}
					]
				}
			},
			{
				"when": "skin_3",
				"model": {
					"type": "minecraft:model",
					"model": "animated_java:blueprint/armor/skin_3/right_hand",
					"tints": [
						{"type": "minecraft:dye", "default": [1, 1, 1]}
					]
				}
			},
			{
				"when": "skin_4",
				"model": {
					"type": "minecraft:model",
					"model": "animated_java:blueprint/armor/skin_4/right_hand",
					"tints": [
						{"type": "minecraft:dye", "default": [1, 1, 1]}
					]
				}
			},
			{
				"when": "skin_5",
				"model": {
					"type": "minecraft:model",
					"model": "animated_java:blueprint/armor/skin_5/right_hand",
					"tints": [
						{"type": "minecraft:dye", "default": [1, 1, 1]}
					]
				}
			},
			{
				"when": "skin_6",
				"model": {
					"type": "minecraft:model",
					"model": "animated_java:blueprint/armor/skin_6/right_hand",
					"tints": [
						{"type": "minecraft:dye", "default": [1, 1, 1]}
					]
				}
			},
			{
				"when": "skin_7",
				"model": {
					"type": "minecraft:model",
					"model": "animated_java:blueprint/armor/skin_7/right_hand",
					"tints": [
						{"type": "minecraft:dye", "default": [1, 1, 1]}
					]
				}
			},
			{
				"when": "skin_8",
				"model": {
					"type": "minecraft:model",
					"model": "animated_java:blueprint/armor/skin_8/right_hand",
					"tints": [
						{"type": "minecraft:dye", "default": [1, 1, 1]}
					]
				}
			},
			{
				"when": "skin_9",
				"model": {
					"type": "minecraft:model",
					"model": "animated_java:blueprint/armor/skin_9/right_hand",
					"tints": [
						{"type": "minecraft:dye", "default": [1, 1, 1]}
					]
				}
			}
		],
		"fallback": {
			"type": "minecraft:model",
			"model": "animated_java:blueprint/armor/right_hand",
			"tints": [
				{"type": "minecraft:dye", "default": [1, 1, 1]}
			]
		}
	}
}