{
	"credit": "Made with Blockbench",
	"texture_size": [64, 64],
	"textures": {
		"0": "custom/titan/shifter/beast/item/atk_3",
		"particle": "custom/titan/shifter/beast/item/atk_3"
	},
	"elements": [
		{
			"from": [0, 0, 15],
			"to": [16, 16, 16],
			"faces": {
				"north": {"uv": [0, 0, 4, 4], "texture": "#0"},
				"east": {"uv": [4, 0, 4.25, 4], "texture": "#0"},
				"south": {"uv": [0, 4, 4, 8], "texture": "#0"},
				"west": {"uv": [4, 4, 4.25, 8], "texture": "#0"},
				"up": {"uv": [8.25, 0.25, 4.25, 0], "texture": "#0"},
				"down": {"uv": [8.25, 0.25, 4.25, 0.5], "texture": "#0"}
			}
		}
	],
	"gui_light": "front",
	"display": {
		"thirdperson_righthand": {
			"scale": [0, 0, 0]
		},
		"thirdperson_lefthand": {
			"scale": [0, 0, 0]
		},
		"firstperson_righthand": {
			"translation": [-8.96, -0.2, -20],
			"scale": [0.4, 0.4, 0.4]
		},
		"firstperson_lefthand": {
			"translation": [-8.96, -0.2, -20],
			"scale": [0.4, 0.4, 0.4]
		},
		"ground": {
			"translation": [0, 0.5, -4.5],
			"scale": [0.6, 0.6, 0.6]
		},
		"gui": {
			"rotation": [-40, 0, 0],
			"translation": [0, -5.25, 0],
			"scale": [1, 1.31, 1]
		},
		"fixed": {
			"rotation": [0, -180, 0],
			"translation": [0, 0, 6.75]
		}
	}
}