{
	"textures": {
		"3": "animated_java:blueprint/jaw/000",
		"particle": "minecraft:item/pufferfish"
	},
	"display": {
		"head": {
			"rotation": [0, 180, 0]
		}
	},
	"elements": [
		{
			"from": [4.21388, 4.696, 8.67653],
			"to": [11.78612, 10.37518, 17.46899],
			"rotation": {
				"angle": 0,
				"axis": "y",
				"origin": [5.59947, 15.64124, 27.01987]
			},
			"faces": {
				"north": {
					"uv": [1.25, 3.75, 3, 5.0625],
					"texture": "#3"
				},
				"east": {
					"uv": [0, 2.25, 2.0625, 3.5625],
					"texture": "#3"
				},
				"south": {
					"uv": [3, 3.75, 4.75, 5.0625],
					"texture": "#3"
				},
				"west": {
					"uv": [2.25, 2.25, 4.3125, 3.5625],
					"texture": "#3"
				},
				"up": {
					"uv": [1.75, 2.0625, 0, 0],
					"texture": "#3"
				},
				"down": {
					"uv": [3.4375, 0, 1.75, 2.0625],
					"texture": "#3"
				}
			}
		},
		{
			"from": [6.97234, 9.43392, 6.74423],
			"to": [9.02766, 14.11573, 9.9408],
			"rotation": {
				"angle": -45,
				"axis": "x",
				"origin": [8, 19.7969, 14.02046]
			},
			"faces": {
				"north": {
					"uv": [11, 12.25, 11.5, 13.3125],
					"texture": "#3"
				},
				"east": {
					"uv": [6.5, 11.75, 7.25, 12.8125],
					"texture": "#3"
				},
				"south": {
					"uv": [3, 13.25, 3.4375, 14.3125],
					"texture": "#3"
				},
				"west": {
					"uv": [2, 12, 2.75, 13.0625],
					"texture": "#3"
				},
				"up": {
					"uv": [2.25, 8.25, 1.75, 7.5],
					"texture": "#3"
				},
				"down": {
					"uv": [10, 5.5, 9.5, 6.25],
					"texture": "#3"
				}
			}
		},
		{
			"from": [10.21103, 7.67081, 10.53964],
			"to": [13.99715, 10.91606, 18.52079],
			"rotation": {
				"angle": -22.5,
				"axis": "y",
				"origin": [11.84637, 18.68745, 12.42576]
			},
			"faces": {
				"north": {
					"uv": [4.25, 12.75, 5.125, 13.5],
					"texture": "#3"
				},
				"east": {
					"uv": [8.75, 8.5, 10.625, 9.25],
					"texture": "#3"
				},
				"south": {
					"uv": [12.75, 4.25, 13.625, 5],
					"texture": "#3"
				},
				"west": {
					"uv": [9.25, 0, 11.125, 0.75],
					"texture": "#3"
				},
				"up": {
					"uv": [4.625, 8.875, 3.75, 7],
					"texture": "#3"
				},
				"down": {
					"uv": [5.625, 7.75, 4.75, 9.625],
					"texture": "#3"
				}
			}
		},
		{
			"from": [10.75663, 9.19056, 7.89724],
			"to": [15.89494, 13.51756, 15.17525],
			"rotation": {
				"angle": -22.5,
				"axis": "z",
				"origin": [8.81768, 19.95245, 13.77795]
			},
			"faces": {
				"north": {
					"uv": [9.25, 7.25, 10.4375, 8.25],
					"texture": "#3"
				},
				"east": {
					"uv": [7.5, 1.5, 9.1875, 2.5],
					"texture": "#3"
				},
				"south": {
					"uv": [8.75, 9.25, 9.9375, 10.25],
					"texture": "#3"
				},
				"west": {
					"uv": [5.75, 7.5, 7.4375, 8.5],
					"texture": "#3"
				},
				"up": {
					"uv": [3.4375, 6.9375, 2.25, 5.25],
					"texture": "#3"
				},
				"down": {
					"uv": [4.6875, 5.25, 3.5, 6.9375],
					"texture": "#3"
				}
			}
		},
		{
			"from": [2.00285, 7.67081, 10.53964],
			"to": [5.78897, 10.91606, 18.52079],
			"rotation": {
				"angle": 22.5,
				"axis": "y",
				"origin": [4.15363, 18.68745, 12.42576]
			},
			"faces": {
				"north": {
					"uv": [5.25, 12.75, 6.125, 13.5],
					"texture": "#3"
				},
				"east": {
					"uv": [9.25, 0.75, 11.125, 1.5],
					"texture": "#3"
				},
				"south": {
					"uv": [12.75, 7, 13.625, 7.75],
					"texture": "#3"
				},
				"west": {
					"uv": [9.25, 1.5, 11.125, 2.25],
					"texture": "#3"
				},
				"up": {
					"uv": [2.625, 10.375, 1.75, 8.5],
					"texture": "#3"
				},
				"down": {
					"uv": [9.375, 2.5, 8.5, 4.375],
					"texture": "#3"
				}
			}
		},
		{
			"from": [0.10506, 9.19056, 7.89724],
			"to": [5.24337, 13.51756, 15.17525],
			"rotation": {
				"angle": 22.5,
				"axis": "z",
				"origin": [7.18232, 19.95245, 13.77795]
			},
			"faces": {
				"north": {
					"uv": [9.5, 2.25, 10.6875, 3.25],
					"texture": "#3"
				},
				"east": {
					"uv": [7.5, 7.5, 9.1875, 8.5],
					"texture": "#3"
				},
				"south": {
					"uv": [9.5, 3.25, 10.6875, 4.25],
					"texture": "#3"
				},
				"west": {
					"uv": [0, 7.75, 1.6875, 8.75],
					"texture": "#3"
				},
				"up": {
					"uv": [6.9375, 5.4375, 5.75, 3.75],
					"texture": "#3"
				},
				"down": {
					"uv": [6.9375, 5.5, 5.75, 7.1875],
					"texture": "#3"
				}
			}
		},
		{
			"from": [11.13267, 5.58952, 7.1108],
			"to": [14.41816, 10.18696, 11.32703],
			"rotation": {
				"angle": 22.5,
				"axis": "y",
				"origin": [6.08647, 15.64124, 27.01987]
			},
			"faces": {
				"north": {
					"uv": [2.75, 12, 3.5, 13.0625],
					"texture": "#3"
				},
				"east": {
					"uv": [5.75, 9.5, 6.75, 10.5625],
					"texture": "#3"
				},
				"south": {
					"uv": [12, 7, 12.75, 8.0625],
					"texture": "#3"
				},
				"west": {
					"uv": [6.75, 9.5, 7.75, 10.5625],
					"texture": "#3"
				},
				"up": {
					"uv": [13, 12.25, 12.25, 11.25],
					"texture": "#3"
				},
				"down": {
					"uv": [13, 12.25, 12.25, 13.25],
					"texture": "#3"
				}
			}
		},
		{
			"from": [1.58184, 5.58952, 7.1108],
			"to": [4.86733, 10.18696, 11.32703],
			"rotation": {
				"angle": -22.5,
				"axis": "y",
				"origin": [9.91353, 15.64124, 27.01987]
			},
			"faces": {
				"north": {
					"uv": [3.5, 12, 2.75, 13.0625],
					"texture": "#3"
				},
				"east": {
					"uv": [7.75, 9.5, 6.75, 10.5625],
					"texture": "#3"
				},
				"south": {
					"uv": [12.75, 7, 12, 8.0625],
					"texture": "#3"
				},
				"west": {
					"uv": [6.75, 9.5, 5.75, 10.5625],
					"texture": "#3"
				},
				"up": {
					"uv": [12.25, 12.25, 13, 11.25],
					"texture": "#3"
				},
				"down": {
					"uv": [12.25, 12.25, 13, 13.25],
					"texture": "#3"
				}
			}
		},
		{
			"from": [16.01137, 4.29142, 9.26949],
			"to": [20, 8.75039, 12.72849],
			"rotation": {
				"angle": 22.5,
				"axis": "y",
				"origin": [9.91353, 15.64124, 27.01987]
			},
			"faces": {
				"north": {
					"uv": [3.5, 10.75, 4.4375, 11.75],
					"texture": "#3"
				},
				"east": {
					"uv": [3.5, 11.75, 4.3125, 12.75],
					"texture": "#3"
				},
				"south": {
					"uv": [4.5, 10.75, 5.4375, 11.75],
					"texture": "#3"
				},
				"west": {
					"uv": [11.75, 4.25, 12.5625, 5.25],
					"texture": "#3"
				},
				"up": {
					"uv": [13.1875, 9.0625, 12.25, 8.25],
					"texture": "#3"
				},
				"down": {
					"uv": [9.9375, 12.25, 9, 13.0625],
					"texture": "#3"
				}
			}
		},
		{
			"from": [8.6628, 4.3996, 9.87568],
			"to": [13.73317, 7.66864, 13.17242],
			"rotation": {
				"angle": 0,
				"axis": "y",
				"origin": [9.91353, 15.64124, 28.10162]
			},
			"faces": {
				"north": {
					"uv": [4.75, 1.5, 5.9375, 2.25],
					"texture": "#3"
				},
				"east": {
					"uv": [13.25, 7.75, 14, 8.5],
					"texture": "#3"
				},
				"south": {
					"uv": [10.75, 3.5, 11.9375, 4.25],
					"texture": "#3"
				},
				"west": {
					"uv": [8, 13.25, 8.75, 14],
					"texture": "#3"
				},
				"up": {
					"uv": [11.9375, 8.75, 10.75, 8],
					"texture": "#3"
				},
				"down": {
					"uv": [1.1875, 11, 0, 11.75],
					"texture": "#3"
				}
			}
		},
		{
			"from": [14.49398, 4.31176, 12.34086],
			"to": [17.77947, 5.41731, 13.79862],
			"rotation": {
				"angle": 22.5,
				"axis": "y",
				"origin": [9.91353, 15.64124, 28.10162]
			},
			"faces": {
				"north": {
					"uv": [5.75, 7.25, 6.5, 7.5],
					"texture": "#3"
				},
				"east": {
					"uv": [10, 7, 10.3125, 7.25],
					"texture": "#3"
				},
				"south": {
					"uv": [1, 7.5, 1.75, 7.75],
					"texture": "#3"
				},
				"west": {
					"uv": [1.5, 12.75, 1.8125, 13],
					"texture": "#3"
				},
				"up": {
					"uv": [14.75, 6.5625, 14, 6.25],
					"texture": "#3"
				},
				"down": {
					"uv": [7.75, 14, 7, 14.3125],
					"texture": "#3"
				}
			}
		},
		{
			"from": [8.10817, 4.29229, 7.6216],
			"to": [11.13707, 7.53753, 11.78374],
			"rotation": {
				"angle": 0,
				"axis": "y",
				"origin": [9.91353, 15.64124, 27.01987]
			},
			"faces": {
				"north": {
					"uv": [13.25, 9.25, 13.9375, 10],
					"texture": "#3"
				},
				"east": {
					"uv": [6, 3, 6.9375, 3.75],
					"texture": "#3"
				},
				"south": {
					"uv": [9.5, 13.25, 10.1875, 14],
					"texture": "#3"
				},
				"west": {
					"uv": [7.75, 9.5, 8.6875, 10.25],
					"texture": "#3"
				},
				"up": {
					"uv": [13.6875, 11.9375, 13, 11],
					"texture": "#3"
				},
				"down": {
					"uv": [13.6875, 12, 13, 12.9375],
					"texture": "#3"
				}
			}
		},
		{
			"from": [-4, 4.29142, 9.26949],
			"to": [-0.01137, 8.75039, 12.72849],
			"rotation": {
				"angle": -22.5,
				"axis": "y",
				"origin": [6.08647, 15.64124, 27.01987]
			},
			"faces": {
				"north": {
					"uv": [5.5, 10.75, 6.4375, 11.75],
					"texture": "#3"
				},
				"east": {
					"uv": [4.5, 11.75, 5.3125, 12.75],
					"texture": "#3"
				},
				"south": {
					"uv": [6.5, 10.75, 7.4375, 11.75],
					"texture": "#3"
				},
				"west": {
					"uv": [5.5, 11.75, 6.3125, 12.75],
					"texture": "#3"
				},
				"up": {
					"uv": [13.1875, 10.0625, 12.25, 9.25],
					"texture": "#3"
				},
				"down": {
					"uv": [10.9375, 12.25, 10, 13.0625],
					"texture": "#3"
				}
			}
		},
		{
			"from": [4.86293, 4.29229, 7.6216],
			"to": [7.89183, 7.53753, 11.78374],
			"rotation": {
				"angle": 0,
				"axis": "y",
				"origin": [6.08647, 15.64124, 27.01987]
			},
			"faces": {
				"north": {
					"uv": [10.25, 13.25, 10.9375, 14],
					"texture": "#3"
				},
				"east": {
					"uv": [12, 3.5, 12.9375, 4.25],
					"texture": "#3"
				},
				"south": {
					"uv": [11.5, 13.25, 12.1875, 14],
					"texture": "#3"
				},
				"west": {
					"uv": [12.5, 2, 13.4375, 2.75],
					"texture": "#3"
				},
				"up": {
					"uv": [13.6875, 13.9375, 13, 13],
					"texture": "#3"
				},
				"down": {
					"uv": [2.1875, 13.25, 1.5, 14.1875],
					"texture": "#3"
				}
			}
		},
		{
			"from": [-1.77947, 4.31176, 12.34086],
			"to": [1.50602, 5.41731, 13.79862],
			"rotation": {
				"angle": -22.5,
				"axis": "y",
				"origin": [6.08647, 15.64124, 28.10162]
			},
			"faces": {
				"north": {
					"uv": [8.5, 7.25, 9.25, 7.5],
					"texture": "#3"
				},
				"east": {
					"uv": [12.75, 7.75, 13.0625, 8],
					"texture": "#3"
				},
				"south": {
					"uv": [9.25, 8.25, 10, 8.5],
					"texture": "#3"
				},
				"west": {
					"uv": [12.75, 8, 13.0625, 8.25],
					"texture": "#3"
				},
				"up": {
					"uv": [8.5, 14.3125, 7.75, 14],
					"texture": "#3"
				},
				"down": {
					"uv": [14.75, 7.75, 14, 8.0625],
					"texture": "#3"
				}
			}
		},
		{
			"from": [2.26683, 4.3996, 9.87568],
			"to": [7.3372, 7.66864, 13.17242],
			"rotation": {
				"angle": 0,
				"axis": "y",
				"origin": [6.08647, 15.64124, 28.10162]
			},
			"faces": {
				"north": {
					"uv": [11.25, 0, 12.4375, 0.75],
					"texture": "#3"
				},
				"east": {
					"uv": [13.25, 8.5, 14, 9.25],
					"texture": "#3"
				},
				"south": {
					"uv": [11.25, 0.75, 12.4375, 1.5],
					"texture": "#3"
				},
				"west": {
					"uv": [8.75, 13.25, 9.5, 14],
					"texture": "#3"
				},
				"up": {
					"uv": [12.4375, 2.25, 11.25, 1.5],
					"texture": "#3"
				},
				"down": {
					"uv": [12.4375, 5.25, 11.25, 6],
					"texture": "#3"
				}
			}
		}
	]
}