{
	"textures": {
		"3": "animated_java:blueprint/jaw/000",
		"particle": "minecraft:item/pufferfish"
	},
	"display": {
		"head": {
			"rotation": [0, 180, 0]
		}
	},
	"elements": [
		{
			"from": [1.61802, -7.74262, 10.72396],
			"to": [14.38154, 12.1753, 14.76668],
			"rotation": {
				"angle": 0,
				"axis": "y",
				"origin": [7.99978, 2.21634, 12.74532]
			},
			"faces": {
				"north": {
					"uv": [0.75, 11.75, 0, 12.875],
					"texture": "#3"
				},
				"east": {
					"uv": [1.75, 8.75, 1.5, 9.875],
					"texture": "#3"
				},
				"south": {
					"uv": [12.5, 2.25, 11.75, 3.375],
					"texture": "#3"
				},
				"west": {
					"uv": [1.25, 6, 1, 7.125],
					"texture": "#3"
				},
				"up": {
					"uv": [10, 8.5, 10.75, 8.25],
					"texture": "#3"
				},
				"down": {
					"uv": [10.5, 5.25, 11.25, 5.5],
					"texture": "#3"
				}
			}
		},
		{
			"from": [1.62242, -4.62091, 7.50202],
			"to": [14.37802, 11.55701, 14.18474],
			"rotation": {
				"angle": -22.5,
				"axis": "x",
				"origin": [8.00022, 3.46805, 10.84338]
			},
			"faces": {
				"north": {
					"uv": [1.5, 12.75, 0.75, 13.6875],
					"texture": "#3"
				},
				"east": {
					"uv": [6.125, 13.5, 5.75, 14.4375],
					"texture": "#3"
				},
				"south": {
					"uv": [4.25, 12.75, 3.5, 13.6875],
					"texture": "#3"
				},
				"west": {
					"uv": [1.125, 11.75, 0.75, 12.6875],
					"texture": "#3"
				},
				"up": {
					"uv": [13.75, 12.875, 14.5, 12.5],
					"texture": "#3"
				},
				"down": {
					"uv": [13.75, 13, 14.5, 13.375],
					"texture": "#3"
				}
			}
		}
	]
}