{
	"textures": {
		"3": "animated_java:blueprint/jaw/000",
		"particle": "minecraft:item/pufferfish"
	},
	"display": {
		"head": {
			"rotation": [0, 180, 0]
		}
	},
	"elements": [
		{
			"from": [2.09768, -10.85639, -0.59832],
			"to": [13.90232, 13.14361, 10.63453],
			"rotation": {
				"angle": 22.5,
				"axis": "x",
				"origin": [8, 1.14361, 5.0181]
			},
			"faces": {
				"north": {
					"uv": [4.5625, 0, 3.5, 2.1875],
					"texture": "#3"
				},
				"east": {
					"uv": [2.25, 5.25, 1.25, 7.4375],
					"texture": "#3"
				},
				"south": {
					"uv": [1.0625, 3.75, 0, 5.9375],
					"texture": "#3"
				},
				"west": {
					"uv": [5.75, 3.75, 4.75, 5.9375],
					"texture": "#3"
				},
				"up": {
					"uv": [10, 6.5, 11.0625, 5.5],
					"texture": "#3"
				},
				"down": {
					"uv": [10, 9.25, 11.0625, 10.25],
					"texture": "#3"
				}
			}
		}
	]
}