{
	"textures": {
		"3": "animated_java:blueprint/jaw/000",
		"particle": "minecraft:item/pufferfish"
	},
	"display": {
		"head": {
			"rotation": [0, 180, 0]
		}
	},
	"elements": [
		{
			"from": [1.3584, -12.34748, 1.17911],
			"to": [13.29497, 11.65252, 14.82089],
			"rotation": {
				"angle": -22.5,
				"axis": "z",
				"origin": [7.2249, 8, 8]
			},
			"faces": {
				"north": {
					"uv": [3.625, 8.5, 2.75, 10.25],
					"texture": "#3"
				},
				"east": {
					"uv": [5.75, 6, 4.75, 7.75],
					"texture": "#3"
				},
				"south": {
					"uv": [9.375, 4.5, 8.5, 6.25],
					"texture": "#3"
				},
				"west": {
					"uv": [1, 6, 0, 7.75],
					"texture": "#3"
				},
				"up": {
					"uv": [7.5, 12.25, 8.375, 11.25],
					"texture": "#3"
				},
				"down": {
					"uv": [8.5, 11.25, 9.375, 12.25],
					"texture": "#3"
				}
			}
		}
	]
}