{
	"textures": {
		"3": "animated_java:blueprint/jaw/000",
		"particle": "minecraft:item/pufferfish"
	},
	"display": {
		"head": {
			"rotation": [0, 180, 0]
		}
	},
	"elements": [
		{
			"from": [0.19, -0.8, -0.8],
			"to": [15.81, 16.8, 16.8],
			"rotation": {
				"angle": 0,
				"axis": "y",
				"origin": [8, 8, 8]
			},
			"faces": {
				"north": {
					"uv": [12.125, 8.75, 11.25, 9.75],
					"texture": "#3"
				},
				"east": {
					"uv": [2.5, 10.5, 1.5, 11.5],
					"texture": "#3"
				},
				"south": {
					"uv": [10.375, 11.25, 9.5, 12.25],
					"texture": "#3"
				},
				"west": {
					"uv": [11.25, 10.25, 10.25, 11.25],
					"texture": "#3"
				},
				"up": {
					"uv": [11.25, 10.75, 12.125, 9.75],
					"texture": "#3"
				},
				"down": {
					"uv": [10.5, 11.25, 11.375, 12.25],
					"texture": "#3"
				}
			}
		}
	]
}