{
	"textures": {
		"3": "animated_java:blueprint/jaw/000",
		"particle": "minecraft:item/pufferfish"
	},
	"display": {
		"head": {
			"rotation": [0, 180, 0]
		}
	},
	"elements": [
		{
			"from": [-0.36, 5.88782, 11.1147],
			"to": [16.36, 12.48782, 24.48507],
			"rotation": {
				"angle": 22.5,
				"axis": "x",
				"origin": [8, 45.893, 7.96476]
			},
			"faces": {
				"north": {
					"uv": [12.1875, 6, 11.25, 6.375],
					"texture": "#3"
				},
				"east": {
					"uv": [14.5, 12, 13.75, 12.375],
					"texture": "#3"
				},
				"south": {
					"uv": [7.9375, 13.5, 7, 13.875],
					"texture": "#3"
				},
				"west": {
					"uv": [14.5, 11.5, 13.75, 11.875],
					"texture": "#3"
				},
				"up": {
					"uv": [12.5, 3.5, 13.4375, 2.75],
					"texture": "#3"
				},
				"down": {
					"uv": [12.5, 5.25, 13.4375, 6],
					"texture": "#3"
				}
			}
		}
	]
}