{
	"textures": {
		"3": "animated_java:blueprint/jaw/000",
		"particle": "minecraft:item/pufferfish"
	},
	"display": {
		"head": {
			"rotation": [0, 180, 0]
		}
	},
	"elements": [
		{
			"from": [1.18, 5.63191, -0.43981],
			"to": [14.82, 8.71895, 8.36019],
			"rotation": {
				"angle": 0,
				"axis": "y",
				"origin": [6.00724, 51.51636, 10.26312]
			},
			"faces": {
				"north": {
					"uv": [14, 6.75, 14.8125, 6.9375],
					"texture": "#3"
				},
				"east": {
					"uv": [6.5, 7.25, 7, 7.4375],
					"texture": "#3"
				},
				"south": {
					"uv": [14, 10.5, 14.75, 10.6875],
					"texture": "#3"
				},
				"west": {
					"uv": [1.75, 8.25, 2.25, 8.4375],
					"texture": "#3"
				},
				"up": {
					"uv": [8.25, 3, 7.4375, 2.5],
					"texture": "#3"
				},
				"down": {
					"uv": [8.5, 1, 7.6875, 1.5],
					"texture": "#3"
				}
			}
		}
	]
}