{
	"textures": {
		"3": "animated_java:blueprint/jaw/000",
		"particle": "minecraft:item/pufferfish"
	},
	"display": {
		"head": {
			"rotation": [0, 180, 0]
		}
	},
	"elements": [
		{
			"from": [3.71922, 6.74052, 5.99525],
			"to": [12.32705, 15.75114, 15.4381],
			"rotation": {
				"angle": -22.5,
				"axis": "x",
				"origin": [8.02314, 11.24583, 10.71668]
			},
			"faces": {
				"north": {
					"uv": [3, 13.25, 2.25, 14.0625],
					"texture": "#3"
				},
				"east": {
					"uv": [13.375, 1, 12.5, 1.8125],
					"texture": "#3"
				},
				"south": {
					"uv": [14, 6, 13.25, 6.8125],
					"texture": "#3"
				},
				"west": {
					"uv": [13.375, 0, 12.5, 0.8125],
					"texture": "#3"
				},
				"up": {
					"uv": [0, 13.875, 0.75, 13],
					"texture": "#3"
				},
				"down": {
					"uv": [6.25, 13, 7, 13.875],
					"texture": "#3"
				}
			}
		},
		{
			"from": [3.16402, 10.10323, 15.2364],
			"to": [12.88225, 16.33785, 23.29124],
			"rotation": {
				"angle": -22.5,
				"axis": "x",
				"origin": [8.02314, 13.22054, 19.26382]
			},
			"faces": {
				"north": {
					"uv": [14.375, 1, 13.5, 1.5625],
					"texture": "#3"
				},
				"east": {
					"uv": [14.25, 5, 13.5, 5.5625],
					"texture": "#3"
				},
				"south": {
					"uv": [14.375, 1.75, 13.5, 2.3125],
					"texture": "#3"
				},
				"west": {
					"uv": [5.75, 13.5, 5, 14.0625],
					"texture": "#3"
				},
				"up": {
					"uv": [13, 4.25, 13.875, 3.5],
					"texture": "#3"
				},
				"down": {
					"uv": [13, 10.25, 13.875, 11],
					"texture": "#3"
				}
			}
		},
		{
			"from": [4.27442, 13.09404, 22.63441],
			"to": [11.63305, 17.38546, 29.99525],
			"rotation": {
				"angle": -22.5,
				"axis": "x",
				"origin": [7.95374, 15.23975, 26.31483]
			},
			"faces": {
				"north": {
					"uv": [14.6875, 3.25, 14, 3.625],
					"texture": "#3"
				},
				"east": {
					"uv": [6.9375, 14, 6.25, 14.375],
					"texture": "#3"
				},
				"south": {
					"uv": [14.6875, 5.75, 14, 6.125],
					"texture": "#3"
				},
				"west": {
					"uv": [14.6875, 3.75, 14, 4.125],
					"texture": "#3"
				},
				"up": {
					"uv": [13.5, 3.1875, 14.1875, 2.5],
					"texture": "#3"
				},
				"down": {
					"uv": [4.25, 13.5, 4.9375, 14.1875],
					"texture": "#3"
				}
			}
		}
	]
}