{
	"textures": {
		"3": "animated_java:blueprint/jaw/000",
		"particle": "minecraft:item/pufferfish"
	},
	"display": {
		"head": {
			"rotation": [0, 180, 0]
		}
	},
	"elements": [
		{
			"from": [-16, 3.29855, -0.94651],
			"to": [3.63048, 22.16951, 17.79168],
			"rotation": {
				"angle": 22.5,
				"axis": "z",
				"origin": [5.56647, 41.10399, 11.10914]
			},
			"faces": {
				"north": {
					"uv": [7.375, 1.5, 6, 2.8125],
					"texture": "#3"
				},
				"east": {
					"uv": [8.3125, 6, 7, 7.3125],
					"texture": "#3"
				},
				"south": {
					"uv": [7.625, 0, 6.25, 1.3125],
					"texture": "#3"
				},
				"west": {
					"uv": [8.3125, 4.5, 7, 5.8125],
					"texture": "#3"
				},
				"up": {
					"uv": [2.25, 8.3125, 3.625, 7],
					"texture": "#3"
				},
				"down": {
					"uv": [7, 3, 8.375, 4.3125],
					"texture": "#3"
				}
			}
		}
	]
}