{
	"textures": {
		"3": "animated_java:blueprint/jaw/000",
		"particle": "minecraft:item/pufferfish"
	},
	"display": {
		"head": {
			"rotation": [0, 180, 0]
		}
	},
	"elements": [
		{
			"from": [2.61, 5.25, -1.03518],
			"to": [13.39, 10.75, 9.03519],
			"rotation": {
				"angle": 0,
				"axis": "y",
				"origin": [8, 8, 4]
			},
			"faces": {
				"north": {
					"uv": [9.125, 14, 8.5, 14.3125],
					"texture": "#3"
				},
				"east": {
					"uv": [14.5625, 9.5, 14, 9.8125],
					"texture": "#3"
				},
				"south": {
					"uv": [14.625, 9, 14, 9.3125],
					"texture": "#3"
				},
				"west": {
					"uv": [9.8125, 14, 9.25, 14.3125],
					"texture": "#3"
				},
				"up": {
					"uv": [0.75, 14.3125, 1.375, 13.75],
					"texture": "#3"
				},
				"down": {
					"uv": [3.5, 13.75, 4.125, 14.3125],
					"texture": "#3"
				}
			}
		}
	]
}