{
	"textures": {
		"3": "animated_java:blueprint/jaw/000",
		"particle": "minecraft:item/pufferfish"
	},
	"display": {
		"head": {
			"rotation": [0, 180, 0]
		}
	},
	"elements": [
		{
			"from": [5.7465, 4.52535, -7.70231],
			"to": [11.35277, 11.84604, 3.12883],
			"rotation": {
				"angle": -22.5,
				"axis": "x",
				"origin": [8.54963, 25.02771, 6.48065]
			},
			"faces": {
				"north": {
					"uv": [12.875, 13.25, 12.25, 14.0625],
					"texture": "#3"
				},
				"east": {
					"uv": [10.25, 10.25, 9, 11.0625],
					"texture": "#3"
				},
				"south": {
					"uv": [14.125, 0, 13.5, 0.8125],
					"texture": "#3"
				},
				"west": {
					"uv": [9, 10.25, 7.75, 11.0625],
					"texture": "#3"
				},
				"up": {
					"uv": [11.5, 13.25, 12.125, 12],
					"texture": "#3"
				},
				"down": {
					"uv": [7.25, 12.25, 7.875, 13.5],
					"texture": "#3"
				}
			}
		},
		{
			"from": [4.64723, 3.67825, -16],
			"to": [10.2535, 8.25077, 2.13795],
			"rotation": {
				"angle": -22.5,
				"axis": "x",
				"origin": [7.45037, 22.80652, 1.83637]
			},
			"faces": {
				"north": {
					"uv": [9.125, 1, 8.5, 1.5],
					"texture": "#3"
				},
				"east": {
					"uv": [4.8125, 10.25, 2.75, 10.75],
					"texture": "#3"
				},
				"south": {
					"uv": [14.375, 11, 13.75, 11.5],
					"texture": "#3"
				},
				"west": {
					"uv": [12.0625, 6.5, 10, 7],
					"texture": "#3"
				},
				"up": {
					"uv": [0, 10.8125, 0.625, 8.75],
					"texture": "#3"
				},
				"down": {
					"uv": [0.75, 8.75, 1.375, 10.8125],
					"texture": "#3"
				}
			}
		}
	]
}