{
	"textures": {
		"3": "animated_java:blueprint/jaw/000",
		"particle": "minecraft:item/pufferfish"
	},
	"display": {
		"head": {
			"rotation": [0, 180, 0]
		}
	},
	"elements": [
		{
			"from": [2.83, 4.59997, -1.0352],
			"to": [13.17, 7.89997, 9.03517],
			"rotation": {
				"angle": -22.5,
				"axis": "x",
				"origin": [8, 6.24997, 3.99999]
			},
			"faces": {
				"north": {
					"uv": [14.5625, 10.75, 14, 10.9375],
					"texture": "#3"
				},
				"east": {
					"uv": [14.8125, 0, 14.25, 0.1875],
					"texture": "#3"
				},
				"south": {
					"uv": [14.3125, 14, 13.75, 14.1875],
					"texture": "#3"
				},
				"west": {
					"uv": [13.5625, 14, 13, 14.1875],
					"texture": "#3"
				},
				"up": {
					"uv": [13.75, 4.8125, 14.3125, 4.25],
					"texture": "#3"
				},
				"down": {
					"uv": [13.75, 7, 14.3125, 7.5625],
					"texture": "#3"
				}
			}
		}
	]
}