{
	"textures": {
		"3": "animated_java:blueprint/jaw/000",
		"particle": "minecraft:item/pufferfish"
	},
	"display": {
		"head": {
			"rotation": [0, 180, 0]
		}
	},
	"elements": [
		{
			"from": [0.3, -2.27133, -8.62975],
			"to": [15.7, 13.12867, 11.58825],
			"rotation": {
				"angle": 22.5,
				"axis": "x",
				"origin": [7.1882, -1.31657, -4.57075]
			},
			"faces": {
				"north": {
					"uv": [12.25, 6, 13.125, 6.875],
					"texture": "#3"
				},
				"east": {
					"uv": [10.5, 4.25, 11.625, 5.125],
					"texture": "#3"
				},
				"south": {
					"uv": [8, 12.25, 8.875, 13.125],
					"texture": "#3"
				},
				"west": {
					"uv": [10.5, 7, 11.625, 7.875],
					"texture": "#3"
				},
				"up": {
					"uv": [11.625, 3.375, 10.75, 2.25],
					"texture": "#3"
				},
				"down": {
					"uv": [3.375, 10.75, 2.5, 11.875],
					"texture": "#3"
				}
			}
		}
	]
}