{
	"textures": {
		"3": "animated_java:blueprint/jaw/000",
		"particle": "minecraft:item/pufferfish"
	},
	"display": {
		"head": {
			"rotation": [0, 180, 0]
		}
	},
	"elements": [
		{
			"from": [2.61, 5.25, -1.03523],
			"to": [13.39, 10.75, 9.03514],
			"rotation": {
				"angle": 0,
				"axis": "y",
				"origin": [8, 8, 3.99995]
			},
			"faces": {
				"north": {
					"uv": [8.5, 14, 9.125, 14.3125],
					"texture": "#3"
				},
				"east": {
					"uv": [9.25, 14, 9.8125, 14.3125],
					"texture": "#3"
				},
				"south": {
					"uv": [14, 9, 14.625, 9.3125],
					"texture": "#3"
				},
				"west": {
					"uv": [14, 9.5, 14.5625, 9.8125],
					"texture": "#3"
				},
				"up": {
					"uv": [1.375, 14.3125, 0.75, 13.75],
					"texture": "#3"
				},
				"down": {
					"uv": [4.125, 13.75, 3.5, 14.3125],
					"texture": "#3"
				}
			}
		}
	]
}