{
	"textures": {
		"3": "animated_java:blueprint/jaw/000",
		"particle": "minecraft:item/pufferfish"
	},
	"display": {
		"head": {
			"rotation": [0, 180, 0]
		}
	},
	"elements": [
		{
			"from": [6.02, 5.25, -1.03518],
			"to": [9.98, 10.75, 9.03519],
			"rotation": {
				"angle": 0,
				"axis": "y",
				"origin": [8, 8, 4]
			},
			"faces": {
				"north": {
					"uv": [8.25, 2.5, 8.5, 2.8125],
					"texture": "#3"
				},
				"east": {
					"uv": [10, 14, 10.5625, 14.3125],
					"texture": "#3"
				},
				"south": {
					"uv": [4.75, 9.75, 5, 10.0625],
					"texture": "#3"
				},
				"west": {
					"uv": [14, 10, 14.5625, 10.3125],
					"texture": "#3"
				},
				"up": {
					"uv": [12, 7.5625, 11.75, 7],
					"texture": "#3"
				},
				"down": {
					"uv": [11, 14, 10.75, 14.5625],
					"texture": "#3"
				}
			}
		}
	]
}