{
	"textures": {
		"3": "animated_java:blueprint/jaw/000",
		"particle": "minecraft:item/pufferfish"
	},
	"display": {
		"head": {
			"rotation": [0, 180, 0]
		}
	},
	"elements": [
		{
			"from": [3.67295, 6.42777, 6.03643],
			"to": [12.28078, 15.43839, 15.47927],
			"rotation": {
				"angle": -22.5,
				"axis": "x",
				"origin": [7.97686, 10.93308, 10.75785]
			},
			"faces": {
				"north": {
					"uv": [2.25, 13.25, 3, 14.0625],
					"texture": "#3"
				},
				"east": {
					"uv": [12.5, 0, 13.375, 0.8125],
					"texture": "#3"
				},
				"south": {
					"uv": [13.25, 6, 14, 6.8125],
					"texture": "#3"
				},
				"west": {
					"uv": [12.5, 1, 13.375, 1.8125],
					"texture": "#3"
				},
				"up": {
					"uv": [0.75, 13.875, 0, 13],
					"texture": "#3"
				},
				"down": {
					"uv": [7, 13, 6.25, 13.875],
					"texture": "#3"
				}
			}
		},
		{
			"from": [3.11775, 9.79048, 15.27757],
			"to": [12.83598, 16.0251, 23.33241],
			"rotation": {
				"angle": -22.5,
				"axis": "x",
				"origin": [7.97686, 12.90779, 19.30499]
			},
			"faces": {
				"north": {
					"uv": [13.5, 1, 14.375, 1.5625],
					"texture": "#3"
				},
				"east": {
					"uv": [5, 13.5, 5.75, 14.0625],
					"texture": "#3"
				},
				"south": {
					"uv": [13.5, 1.75, 14.375, 2.3125],
					"texture": "#3"
				},
				"west": {
					"uv": [13.5, 5, 14.25, 5.5625],
					"texture": "#3"
				},
				"up": {
					"uv": [13.875, 4.25, 13, 3.5],
					"texture": "#3"
				},
				"down": {
					"uv": [13.875, 10.25, 13, 11],
					"texture": "#3"
				}
			}
		},
		{
			"from": [4.36695, 12.78128, 22.67558],
			"to": [11.72558, 17.0727, 30.03643],
			"rotation": {
				"angle": -22.5,
				"axis": "x",
				"origin": [8.04626, 14.92699, 26.35601]
			},
			"faces": {
				"north": {
					"uv": [14, 3.25, 14.6875, 3.625],
					"texture": "#3"
				},
				"east": {
					"uv": [14, 3.75, 14.6875, 4.125],
					"texture": "#3"
				},
				"south": {
					"uv": [14, 5.75, 14.6875, 6.125],
					"texture": "#3"
				},
				"west": {
					"uv": [6.25, 14, 6.9375, 14.375],
					"texture": "#3"
				},
				"up": {
					"uv": [14.1875, 3.1875, 13.5, 2.5],
					"texture": "#3"
				},
				"down": {
					"uv": [4.9375, 13.5, 4.25, 14.1875],
					"texture": "#3"
				}
			}
		}
	]
}