{
	"textures": {
		"3": "animated_java:blueprint/jaw/000",
		"particle": "minecraft:item/pufferfish"
	},
	"display": {
		"head": {
			"rotation": [0, 180, 0]
		}
	},
	"elements": [
		{
			"from": [1.61846, -7.74262, 10.72396],
			"to": [14.38198, 12.1753, 14.76668],
			"rotation": {
				"angle": 0,
				"axis": "y",
				"origin": [8.00022, 40.21634, 12.74532]
			},
			"faces": {
				"north": {
					"uv": [0, 11.75, 0.75, 12.875],
					"texture": "#3"
				},
				"east": {
					"uv": [1, 6, 1.25, 7.125],
					"texture": "#3"
				},
				"south": {
					"uv": [11.75, 2.25, 12.5, 3.375],
					"texture": "#3"
				},
				"west": {
					"uv": [1.5, 8.75, 1.75, 9.875],
					"texture": "#3"
				},
				"up": {
					"uv": [10.75, 8.5, 10, 8.25],
					"texture": "#3"
				},
				"down": {
					"uv": [11.25, 5.25, 10.5, 5.5],
					"texture": "#3"
				}
			}
		},
		{
			"from": [1.62198, -1.72833, -7.03995],
			"to": [14.37758, 14.44959, -0.35723],
			"rotation": {
				"angle": -22.5,
				"axis": "x",
				"origin": [7.99978, 41.46806, 10.84338]
			},
			"faces": {
				"north": {
					"uv": [0.75, 12.75, 1.5, 13.6875],
					"texture": "#3"
				},
				"east": {
					"uv": [0.75, 11.75, 1.125, 12.6875],
					"texture": "#3"
				},
				"south": {
					"uv": [3.5, 12.75, 4.25, 13.6875],
					"texture": "#3"
				},
				"west": {
					"uv": [5.75, 13.5, 6.125, 14.4375],
					"texture": "#3"
				},
				"up": {
					"uv": [14.5, 12.875, 13.75, 12.5],
					"texture": "#3"
				},
				"down": {
					"uv": [14.5, 13, 13.75, 13.375],
					"texture": "#3"
				}
			}
		}
	]
}