{
	"textures": {
		"3": "animated_java:blueprint/jaw/000",
		"particle": "minecraft:item/pufferfish"
	},
	"display": {
		"head": {
			"rotation": [0, 180, 0]
		}
	},
	"elements": [
		{
			"from": [6.46, 4.62892, -0.86593],
			"to": [9.54, 7.92892, 9.20444],
			"rotation": {
				"angle": -22.5,
				"axis": "x",
				"origin": [8, 6.27892, 4.16925]
			},
			"faces": {
				"north": {
					"uv": [1.5, 10, 1.6875, 10.1875],
					"texture": "#3"
				},
				"east": {
					"uv": [14.25, 0.25, 14.8125, 0.4375],
					"texture": "#3"
				},
				"south": {
					"uv": [1.5, 10.25, 1.6875, 10.4375],
					"texture": "#3"
				},
				"west": {
					"uv": [14.25, 0.5, 14.8125, 0.6875],
					"texture": "#3"
				},
				"up": {
					"uv": [12.1875, 14.5625, 12, 14],
					"texture": "#3"
				},
				"down": {
					"uv": [1.6875, 14.25, 1.5, 14.8125],
					"texture": "#3"
				}
			}
		}
	]
}