{
	"textures": {
		"3": "animated_java:blueprint/jaw/000",
		"particle": "minecraft:item/pufferfish"
	},
	"display": {
		"head": {
			"rotation": [0, 180, 0]
		}
	},
	"elements": [
		{
			"from": [1.18, 5.6319, -0.43981],
			"to": [14.82, 8.71894, 8.36019],
			"rotation": {
				"angle": 0,
				"axis": "y",
				"origin": [8, 7.17542, 3.96019]
			},
			"faces": {
				"north": {
					"uv": [14.8125, 6.75, 14, 6.9375],
					"texture": "#3"
				},
				"east": {
					"uv": [2.25, 8.25, 1.75, 8.4375],
					"texture": "#3"
				},
				"south": {
					"uv": [14.75, 10.5, 14, 10.6875],
					"texture": "#3"
				},
				"west": {
					"uv": [7, 7.25, 6.5, 7.4375],
					"texture": "#3"
				},
				"up": {
					"uv": [7.4375, 3, 8.25, 2.5],
					"texture": "#3"
				},
				"down": {
					"uv": [7.6875, 1, 8.5, 1.5],
					"texture": "#3"
				}
			}
		}
	]
}