{
	"textures": {
		"3": "animated_java:blueprint/jaw/000",
		"particle": "minecraft:item/pufferfish"
	},
	"display": {
		"head": {
			"rotation": [0, 180, 0]
		}
	},
	"elements": [
		{
			"from": [4.64723, 4.52538, -7.70232],
			"to": [10.2535, 11.84606, 3.12881],
			"rotation": {
				"angle": -22.5,
				"axis": "x",
				"origin": [7.45037, 25.02772, 6.48063]
			},
			"faces": {
				"north": {
					"uv": [12.25, 13.25, 12.875, 14.0625],
					"texture": "#3"
				},
				"east": {
					"uv": [7.75, 10.25, 9, 11.0625],
					"texture": "#3"
				},
				"south": {
					"uv": [13.5, 0, 14.125, 0.8125],
					"texture": "#3"
				},
				"west": {
					"uv": [9, 10.25, 10.25, 11.0625],
					"texture": "#3"
				},
				"up": {
					"uv": [12.125, 13.25, 11.5, 12],
					"texture": "#3"
				},
				"down": {
					"uv": [7.875, 12.25, 7.25, 13.5],
					"texture": "#3"
				}
			}
		},
		{
			"from": [5.7465, 3.67828, -16],
			"to": [11.35277, 8.2508, 2.13793],
			"rotation": {
				"angle": -22.5,
				"axis": "x",
				"origin": [8.54963, 22.80653, 1.83635]
			},
			"faces": {
				"north": {
					"uv": [8.5, 1, 9.125, 1.5],
					"texture": "#3"
				},
				"east": {
					"uv": [10, 6.5, 12.0625, 7],
					"texture": "#3"
				},
				"south": {
					"uv": [13.75, 11, 14.375, 11.5],
					"texture": "#3"
				},
				"west": {
					"uv": [2.75, 10.25, 4.8125, 10.75],
					"texture": "#3"
				},
				"up": {
					"uv": [0.625, 10.8125, 0, 8.75],
					"texture": "#3"
				},
				"down": {
					"uv": [1.375, 8.75, 0.75, 10.8125],
					"texture": "#3"
				}
			}
		}
	]
}