{
	"textures": {
		"3": "animated_java:blueprint/jaw/000",
		"particle": "minecraft:item/pufferfish"
	},
	"display": {
		"head": {
			"rotation": [0, 180, 0]
		}
	},
	"elements": [
		{
			"from": [12.36952, 3.29855, -0.94651],
			"to": [32, 22.16951, 17.79168],
			"rotation": {
				"angle": -22.5,
				"axis": "z",
				"origin": [10.43353, 41.10399, 11.10914]
			},
			"faces": {
				"north": {
					"uv": [6, 1.5, 7.375, 2.8125],
					"texture": "#3"
				},
				"east": {
					"uv": [7, 4.5, 8.3125, 5.8125],
					"texture": "#3"
				},
				"south": {
					"uv": [6.25, 0, 7.625, 1.3125],
					"texture": "#3"
				},
				"west": {
					"uv": [7, 6, 8.3125, 7.3125],
					"texture": "#3"
				},
				"up": {
					"uv": [3.625, 8.3125, 2.25, 7],
					"texture": "#3"
				},
				"down": {
					"uv": [8.375, 3, 7, 4.3125],
					"texture": "#3"
				}
			}
		}
	]
}