{
	"textures": {
		"3": "animated_java:blueprint/jaw/000",
		"particle": "minecraft:item/pufferfish"
	},
	"display": {
		"head": {
			"rotation": [0, 180, 0]
		}
	},
	"elements": [
		{
			"from": [2.09768, -8.4403, 11.68169],
			"to": [13.90232, 15.5597, 22.91454],
			"rotation": {
				"angle": 22.5,
				"axis": "x",
				"origin": [8, 32.7356, 4.8351]
			},
			"faces": {
				"north": {
					"uv": [3.5, 0, 4.5625, 2.1875],
					"texture": "#3"
				},
				"east": {
					"uv": [4.75, 3.75, 5.75, 5.9375],
					"texture": "#3"
				},
				"south": {
					"uv": [0, 3.75, 1.0625, 5.9375],
					"texture": "#3"
				},
				"west": {
					"uv": [1.25, 5.25, 2.25, 7.4375],
					"texture": "#3"
				},
				"up": {
					"uv": [11.0625, 6.5, 10, 5.5],
					"texture": "#3"
				},
				"down": {
					"uv": [11.0625, 9.25, 10, 10.25],
					"texture": "#3"
				}
			}
		}
	]
}