{
	"textures": {
		"3": "animated_java:blueprint/jaw/000",
		"particle": "minecraft:item/pufferfish"
	},
	"display": {
		"head": {
			"rotation": [0, 180, 0]
		}
	},
	"elements": [
		{
			"from": [5.26765, 4.59157, -4.43747],
			"to": [10.54765, 11.19157, 7.44253],
			"rotation": {
				"angle": 22.5,
				"axis": "y",
				"origin": [7.27334, 45.8554, 3.0339]
			},
			"faces": {
				"north": {
					"uv": [10.75, 8.75, 11.0625, 9.125],
					"texture": "#3"
				},
				"east": {
					"uv": [13.75, 13.5, 14.4375, 13.875],
					"texture": "#3"
				},
				"south": {
					"uv": [2, 11.5, 2.3125, 11.875],
					"texture": "#3"
				},
				"west": {
					"uv": [0, 14, 0.6875, 14.375],
					"texture": "#3"
				},
				"up": {
					"uv": [11.3125, 14.1875, 11, 13.5],
					"texture": "#3"
				},
				"down": {
					"uv": [14.3125, 8.25, 14, 8.9375],
					"texture": "#3"
				}
			}
		},
		{
			"from": [4.24235, 5.69157, -13.97425],
			"to": [7.54235, 10.09157, -2.80388],
			"rotation": {
				"angle": -22.5,
				"axis": "y",
				"origin": [6.52666, 45.8554, -6.8577]
			},
			"faces": {
				"north": {
					"uv": [1, 7.25, 1.1875, 7.5],
					"texture": "#3"
				},
				"east": {
					"uv": [12.75, 5, 13.375, 5.25],
					"texture": "#3"
				},
				"south": {
					"uv": [9.25, 2.25, 9.4375, 2.5],
					"texture": "#3"
				},
				"west": {
					"uv": [13.25, 10, 13.875, 10.25],
					"texture": "#3"
				},
				"up": {
					"uv": [11.6875, 14.625, 11.5, 14],
					"texture": "#3"
				},
				"down": {
					"uv": [11.9375, 14, 11.75, 14.625],
					"texture": "#3"
				}
			}
		}
	]
}