{
	"textures": {
		"3": "animated_java:blueprint/jaw/000",
		"particle": "minecraft:item/pufferfish"
	},
	"display": {
		"head": {
			"rotation": [0, 180, 0]
		}
	},
	"elements": [
		{
			"from": [-5.32139, -9.51751, 1.17911],
			"to": [6.61517, 14.48249, 14.82089],
			"rotation": {
				"angle": 22.5,
				"axis": "z",
				"origin": [11.87551, 29.59077, 10.56707]
			},
			"faces": {
				"north": {
					"uv": [2.75, 8.5, 3.625, 10.25],
					"texture": "#3"
				},
				"east": {
					"uv": [0, 6, 1, 7.75],
					"texture": "#3"
				},
				"south": {
					"uv": [8.5, 4.5, 9.375, 6.25],
					"texture": "#3"
				},
				"west": {
					"uv": [4.75, 6, 5.75, 7.75],
					"texture": "#3"
				},
				"up": {
					"uv": [8.375, 12.25, 7.5, 11.25],
					"texture": "#3"
				},
				"down": {
					"uv": [9.375, 11.25, 8.5, 12.25],
					"texture": "#3"
				}
			}
		}
	]
}