{
	"textures": {
		"3": "animated_java:blueprint/jaw/000",
		"particle": "minecraft:item/pufferfish"
	},
	"display": {
		"head": {
			"rotation": [0, 180, 0]
		}
	},
	"elements": [
		{
			"from": [-4, -5.2531, 4.19584],
			"to": [20, 11.1805, 28.19584],
			"rotation": {
				"angle": 0,
				"axis": "y",
				"origin": [8, 2.9637, 16.19584]
			},
			"faces": {
				"north": {
					"uv": [7.75, 0, 9.25, 1],
					"texture": "#3"
				},
				"east": {
					"uv": [5.75, 8.5, 7.25, 9.5],
					"texture": "#3"
				},
				"south": {
					"uv": [8.5, 6.25, 10, 7.25],
					"texture": "#3"
				},
				"west": {
					"uv": [7.25, 8.5, 8.75, 9.5],
					"texture": "#3"
				},
				"up": {
					"uv": [6, 3.75, 4.5, 2.25],
					"texture": "#3"
				},
				"down": {
					"uv": [6.25, 0, 4.8125, 1.5],
					"texture": "#3"
				}
			}
		}
	]
}