{
	"credit": "Made with Blockbench",
	"textures": {
		"0": "custom/box_wings",
		"1": "custom/odmgear/bright_metal",
		"2": "custom/odmgear/ap_gun_cartridge_cap_side",
		"3": "custom/odmgear/ap_gun_cartridge_cap_top",
		"4": "custom/odmgear/dark_metal",
		"particle": "custom/box_wings"
	},
	"elements": [
		{
			"from": [2, 16, 2],
			"to": [14, 17, 14],
			"rotation": {"angle": -22.5, "axis": "y", "origin": [8, 16.5, 8]},
			"faces": {
				"north": {"uv": [0, 6, 3, 6.375], "texture": "#0"},
				"east": {"uv": [9, 6, 12, 6.375], "texture": "#0"},
				"south": {"uv": [6, 6, 9, 6.375], "texture": "#0"},
				"west": {"uv": [3, 5.9375, 6, 6.375], "texture": "#0"},
				"up": {"uv": [6, 0, 9, 5.9375], "texture": "#0"},
				"down": {"uv": [3, 0, 6, 5.9375], "texture": "#0"}
			}
		},
		{
			"from": [2.01, 0.01, 2.01],
			"to": [13.99, 0.99, 13.99],
			"faces": {
				"north": {"uv": [0, 6, 3, 13.9375], "texture": "#0"},
				"east": {"uv": [9, 6, 12, 13.9375], "texture": "#0"},
				"south": {"uv": [6, 6, 9, 13.9375], "texture": "#0"},
				"west": {"uv": [3, 5.9375, 6, 13.875], "texture": "#0"},
				"up": {"uv": [6, 0, 9, 5.9375], "texture": "#0"},
				"down": {"uv": [3, 0, 6, 5.9375], "texture": "#0"}
			}
		},
		{
			"from": [2, 0, 2],
			"to": [14, 16, 3],
			"faces": {
				"north": {"uv": [0, 6, 3, 13.9375], "texture": "#0"},
				"east": {"uv": [11.6875, 6, 12, 13.9375], "texture": "#0"},
				"south": {"uv": [6, 6, 9, 13.9375], "texture": "#0"},
				"west": {"uv": [3, 5.9375, 3.25, 13.875], "texture": "#0"},
				"up": {"uv": [6, 0, 9, 0.25], "texture": "#0"},
				"down": {"uv": [3, 5.625, 6, 5.9375], "texture": "#0"}
			}
		},
		{
			"from": [2, 0, 13],
			"to": [14, 16, 14],
			"faces": {
				"north": {"uv": [0, 6, 3, 13.9375], "texture": "#0"},
				"east": {"uv": [9, 6, 9.3125, 13.9375], "texture": "#0"},
				"south": {"uv": [6, 6, 9, 13.9375], "texture": "#0"},
				"west": {"uv": [5.6875, 5.9375, 6, 13.875], "texture": "#0"},
				"up": {"uv": [6, 0, 9, 0.25], "texture": "#0"},
				"down": {"uv": [3, 5.5625, 6, 5.9375], "texture": "#0"}
			}
		},
		{
			"from": [13.005, 0.005, 2.005],
			"to": [13.995, 15.995, 13.995],
			"faces": {
				"north": {"uv": [0, 6, 3, 13.9375], "texture": "#0"},
				"east": {"uv": [9, 6, 12, 13.9375], "texture": "#0"},
				"south": {"uv": [6, 6, 9, 13.9375], "texture": "#0"},
				"west": {"uv": [3, 5.9375, 6, 13.875], "texture": "#0"},
				"up": {"uv": [8.75, 0, 9, 5.9375], "texture": "#0"},
				"down": {"uv": [3, 0, 3.25, 5.9375], "texture": "#0"}
			}
		},
		{
			"from": [2.005, 0.005, 2.005],
			"to": [2.995, 15.995, 13.995],
			"faces": {
				"north": {"uv": [0, 6, 3, 13.9375], "texture": "#0"},
				"east": {"uv": [9, 6, 12, 13.9375], "texture": "#0"},
				"south": {"uv": [6, 6, 9, 13.9375], "texture": "#0"},
				"west": {"uv": [3, 5.9375, 6, 13.875], "texture": "#0"},
				"up": {"uv": [6, 0, 6.3125, 5.9375], "texture": "#0"},
				"down": {"uv": [5.625, 0, 6, 5.9375], "texture": "#0"}
			}
		},
		{
			"name": "octagon",
			"from": [3.90903, 17.09615, 8.74449],
			"to": [4.43472, 18.32885, 9.25551],
			"rotation": {"angle": 0, "axis": "z", "origin": [8, 17.7125, 9]},
			"faces": {
				"north": {"uv": [4, 0, 8, 16], "rotation": 90, "texture": "#2"},
				"east": {"uv": [0.5, 0, 15.5, 16], "rotation": 90, "texture": "#3"},
				"south": {"uv": [4, 0, 8, 16], "rotation": 270, "texture": "#2"},
				"west": {"uv": [0.5, 0, 15.5, 16], "rotation": 270, "texture": "#3"},
				"up": {"uv": [4, 0, 8, 16], "rotation": 270, "texture": "#2"},
				"down": {"uv": [4, 0, 8, 16], "rotation": 270, "texture": "#2"}
			}
		},
		{
			"name": "octagon",
			"from": [3.90798, 17.45594, 8.3826],
			"to": [4.43577, 17.96906, 9.6174],
			"rotation": {"angle": -45, "axis": "x", "origin": [8, 17.7125, 9]},
			"faces": {
				"north": {"uv": [0, 0, 4, 16], "rotation": 90, "texture": "#2"},
				"east": {"uv": [0, 0, 16, 16], "texture": "#3"},
				"south": {"uv": [0, 0, 4, 16], "rotation": 270, "texture": "#2"},
				"west": {"uv": [0, 0, 16, 16], "texture": "#3"},
				"up": {"uv": [0, 0, 4, 16], "rotation": 270, "texture": "#2"},
				"down": {"uv": [0, 0, 4, 16], "rotation": 270, "texture": "#2"}
			}
		},
		{
			"name": "octagon",
			"from": [3.90867, 17.45664, 8.3833],
			"to": [4.43508, 17.96836, 9.6167],
			"rotation": {"angle": 0, "axis": "z", "origin": [8, 17.7125, 9]},
			"faces": {
				"north": {"uv": [12, 0, 16, 16], "rotation": 90, "texture": "#2"},
				"east": {"uv": [0.5, 0, 15.5, 16], "texture": "#3"},
				"south": {"uv": [12, 0, 16, 16], "rotation": 270, "texture": "#2"},
				"west": {"uv": [0.5, 0, 15.5, 16], "rotation": 180, "texture": "#3"},
				"up": {"uv": [12, 0, 16, 16], "rotation": 270, "texture": "#2"},
				"down": {"uv": [12, 0, 16, 16], "rotation": 270, "texture": "#2"}
			}
		},
		{
			"name": "octagon",
			"from": [3.90833, 17.09545, 8.74379],
			"to": [4.43543, 18.32955, 9.25621],
			"rotation": {"angle": -45, "axis": "x", "origin": [8, 17.7125, 9]},
			"faces": {
				"north": {"uv": [8, 0, 12, 16], "rotation": 90, "texture": "#2"},
				"east": {"uv": [0, 0, 16, 16], "rotation": 270, "texture": "#3"},
				"south": {"uv": [8, 0, 12, 16], "rotation": 270, "texture": "#2"},
				"west": {"uv": [0, 0, 16, 16], "rotation": 270, "texture": "#3"},
				"up": {"uv": [8, 0, 12, 16], "rotation": 270, "texture": "#2"},
				"down": {"uv": [8, 0, 12, 16], "rotation": 270, "texture": "#2"}
			}
		},
		{
			"name": "octagon",
			"from": [4.08403, 17.37351, 8.85947],
			"to": [11.25973, 18.05149, 9.14053],
			"rotation": {"angle": 0, "axis": "z", "origin": [8, 17.7125, 9]},
			"faces": {
				"north": {"uv": [4, 0, 8, 16], "rotation": 90, "texture": "#4"},
				"east": {"uv": [4, 2.5, 8, 6.5], "texture": "#4"},
				"south": {"uv": [4, 0, 8, 16], "rotation": 270, "texture": "#4"},
				"west": {"uv": [4, 2.5, 8, 6.5], "rotation": 180, "texture": "#4"},
				"up": {"uv": [4, 0, 8, 16], "rotation": 270, "texture": "#4"},
				"down": {"uv": [4, 0, 8, 16], "rotation": 270, "texture": "#4"}
			}
		},
		{
			"name": "octagon",
			"from": [4.08437, 17.57216, 8.6612],
			"to": [11.25938, 17.85284, 9.3388],
			"rotation": {"angle": -45, "axis": "x", "origin": [8, 17.7125, 9]},
			"faces": {
				"north": {"uv": [0, 0, 4, 16], "rotation": 90, "texture": "#4"},
				"east": {"uv": [4, 2.5, 8, 6.5], "rotation": 270, "texture": "#4"},
				"south": {"uv": [0, 0, 4, 16], "rotation": 270, "texture": "#4"},
				"west": {"uv": [4, 2.5, 8, 6.5], "rotation": 270, "texture": "#4"},
				"up": {"uv": [0, 0, 4, 16], "rotation": 270, "texture": "#4"},
				"down": {"uv": [0, 0, 4, 16], "rotation": 270, "texture": "#4"}
			}
		},
		{
			"name": "octagon",
			"from": [4.08367, 17.57178, 8.66082],
			"to": [11.26008, 17.85322, 9.33919],
			"rotation": {"angle": 0, "axis": "z", "origin": [8, 17.7125, 9]},
			"faces": {
				"north": {"uv": [12, 0, 16, 16], "rotation": 90, "texture": "#4"},
				"east": {"uv": [4, 2.5, 8, 6.5], "texture": "#4"},
				"south": {"uv": [12, 0, 16, 16], "rotation": 270, "texture": "#4"},
				"west": {"uv": [4, 2.5, 8, 6.5], "rotation": 180, "texture": "#4"},
				"up": {"uv": [12, 0, 16, 16], "rotation": 270, "texture": "#4"},
				"down": {"uv": [12, 0, 16, 16], "rotation": 270, "texture": "#4"}
			}
		},
		{
			"name": "octagon",
			"from": [4.08333, 17.37312, 8.85909],
			"to": [11.26043, 18.05188, 9.14091],
			"rotation": {"angle": -45, "axis": "x", "origin": [8, 17.7125, 9]},
			"faces": {
				"north": {"uv": [8, 0, 12, 16], "rotation": 90, "texture": "#4"},
				"east": {"uv": [4, 2.5, 8, 6.5], "rotation": 270, "texture": "#4"},
				"south": {"uv": [8, 0, 12, 16], "rotation": 270, "texture": "#4"},
				"west": {"uv": [4, 2.5, 8, 6.5], "rotation": 270, "texture": "#4"},
				"up": {"uv": [8, 0, 12, 16], "rotation": 270, "texture": "#4"},
				"down": {"uv": [8, 0, 12, 16], "rotation": 270, "texture": "#4"}
			}
		},
		{
			"name": "octagon",
			"from": [4.87153, 17.13282, 8.7597],
			"to": [4.95972, 18.29218, 9.2403],
			"rotation": {"angle": 0, "axis": "z", "origin": [8, 17.7125, 9]},
			"faces": {
				"north": {"uv": [4, 0, 8, 16], "rotation": 90, "texture": "#4"},
				"east": {"uv": [4, 2.5, 8, 6.5], "texture": "#4"},
				"south": {"uv": [4, 0, 8, 16], "rotation": 270, "texture": "#4"},
				"west": {"uv": [4, 2.5, 8, 6.5], "rotation": 180, "texture": "#4"},
				"up": {"uv": [4, 0, 8, 16], "rotation": 270, "texture": "#4"},
				"down": {"uv": [4, 0, 8, 16], "rotation": 270, "texture": "#4"}
			}
		},
		{
			"name": "octagon",
			"from": [4.87188, 17.47253, 8.42065],
			"to": [4.95937, 17.95247, 9.57935],
			"rotation": {"angle": -45, "axis": "x", "origin": [8, 17.7125, 9]},
			"faces": {
				"north": {"uv": [0, 0, 4, 16], "rotation": 90, "texture": "#4"},
				"east": {"uv": [4, 2.5, 8, 6.5], "rotation": 270, "texture": "#4"},
				"south": {"uv": [0, 0, 4, 16], "rotation": 270, "texture": "#4"},
				"west": {"uv": [4, 2.5, 8, 6.5], "rotation": 270, "texture": "#4"},
				"up": {"uv": [0, 0, 4, 16], "rotation": 270, "texture": "#4"},
				"down": {"uv": [0, 0, 4, 16], "rotation": 270, "texture": "#4"}
			}
		},
		{
			"name": "octagon",
			"from": [4.87117, 17.47187, 8.41999],
			"to": [4.96008, 17.95313, 9.58001],
			"rotation": {"angle": 0, "axis": "z", "origin": [8, 17.7125, 9]},
			"faces": {
				"north": {"uv": [12, 0, 16, 16], "rotation": 90, "texture": "#4"},
				"east": {"uv": [4, 2.5, 8, 6.5], "texture": "#4"},
				"south": {"uv": [12, 0, 16, 16], "rotation": 270, "texture": "#4"},
				"west": {"uv": [4, 2.5, 8, 6.5], "rotation": 180, "texture": "#4"},
				"up": {"uv": [12, 0, 16, 16], "rotation": 270, "texture": "#4"},
				"down": {"uv": [12, 0, 16, 16], "rotation": 270, "texture": "#4"}
			}
		},
		{
			"name": "octagon",
			"from": [4.87083, 17.13216, 8.75904],
			"to": [4.96043, 18.29284, 9.24096],
			"rotation": {"angle": -45, "axis": "x", "origin": [8, 17.7125, 9]},
			"faces": {
				"north": {"uv": [8, 0, 12, 16], "rotation": 90, "texture": "#4"},
				"east": {"uv": [4, 2.5, 8, 6.5], "rotation": 270, "texture": "#4"},
				"south": {"uv": [8, 0, 12, 16], "rotation": 270, "texture": "#4"},
				"west": {"uv": [4, 2.5, 8, 6.5], "rotation": 270, "texture": "#4"},
				"up": {"uv": [8, 0, 12, 16], "rotation": 270, "texture": "#4"},
				"down": {"uv": [8, 0, 12, 16], "rotation": 270, "texture": "#4"}
			}
		},
		{
			"name": "octagon",
			"from": [4.69653, 17.24296, 8.80535],
			"to": [4.95972, 18.18204, 9.19465],
			"rotation": {"angle": 0, "axis": "z", "origin": [8, 17.7125, 9]},
			"faces": {
				"north": {"uv": [4, 0, 8, 16], "rotation": 90, "texture": "#4"},
				"east": {"uv": [4, 2.5, 8, 6.5], "texture": "#4"},
				"south": {"uv": [4, 0, 8, 16], "rotation": 270, "texture": "#4"},
				"west": {"uv": [4, 2.5, 8, 6.5], "rotation": 180, "texture": "#4"},
				"up": {"uv": [4, 0, 8, 16], "rotation": 270, "texture": "#4"},
				"down": {"uv": [4, 0, 8, 16], "rotation": 270, "texture": "#4"}
			}
		},
		{
			"name": "octagon",
			"from": [4.69688, 17.51812, 8.53073],
			"to": [4.95937, 17.90688, 9.46927],
			"rotation": {"angle": -45, "axis": "x", "origin": [8, 17.7125, 9]},
			"faces": {
				"north": {"uv": [0, 0, 4, 16], "rotation": 90, "texture": "#4"},
				"east": {"uv": [4, 2.5, 8, 6.5], "rotation": 270, "texture": "#4"},
				"south": {"uv": [0, 0, 4, 16], "rotation": 270, "texture": "#4"},
				"west": {"uv": [4, 2.5, 8, 6.5], "rotation": 270, "texture": "#4"},
				"up": {"uv": [0, 0, 4, 16], "rotation": 270, "texture": "#4"},
				"down": {"uv": [0, 0, 4, 16], "rotation": 270, "texture": "#4"}
			}
		},
		{
			"name": "octagon",
			"from": [4.69617, 17.51759, 8.53019],
			"to": [4.96008, 17.90741, 9.46981],
			"rotation": {"angle": 0, "axis": "z", "origin": [8, 17.7125, 9]},
			"faces": {
				"north": {"uv": [12, 0, 16, 16], "rotation": 90, "texture": "#4"},
				"east": {"uv": [4, 2.5, 8, 6.5], "texture": "#4"},
				"south": {"uv": [12, 0, 16, 16], "rotation": 270, "texture": "#4"},
				"west": {"uv": [4, 2.5, 8, 6.5], "rotation": 180, "texture": "#4"},
				"up": {"uv": [12, 0, 16, 16], "rotation": 270, "texture": "#4"},
				"down": {"uv": [12, 0, 16, 16], "rotation": 270, "texture": "#4"}
			}
		},
		{
			"name": "octagon",
			"from": [4.69583, 17.24243, 8.80482],
			"to": [4.96043, 18.18257, 9.19518],
			"rotation": {"angle": -45, "axis": "x", "origin": [8, 17.7125, 9]},
			"faces": {
				"north": {"uv": [8, 0, 12, 16], "rotation": 90, "texture": "#4"},
				"east": {"uv": [4, 2.5, 8, 6.5], "rotation": 270, "texture": "#4"},
				"south": {"uv": [8, 0, 12, 16], "rotation": 270, "texture": "#4"},
				"west": {"uv": [4, 2.5, 8, 6.5], "rotation": 270, "texture": "#4"},
				"up": {"uv": [8, 0, 12, 16], "rotation": 270, "texture": "#4"},
				"down": {"uv": [8, 0, 12, 16], "rotation": 270, "texture": "#4"}
			}
		},
		{
			"name": "octagon",
			"from": [11.78403, 17.13282, 8.7597],
			"to": [11.87222, 18.29218, 9.2403],
			"rotation": {"angle": 0, "axis": "z", "origin": [8, 17.7125, 9]},
			"faces": {
				"north": {"uv": [4, 0, 8, 16], "rotation": 90, "texture": "#4"},
				"east": {"uv": [4, 2.5, 8, 6.5], "texture": "#4"},
				"south": {"uv": [4, 0, 8, 16], "rotation": 270, "texture": "#4"},
				"west": {"uv": [4, 2.5, 8, 6.5], "rotation": 180, "texture": "#4"},
				"up": {"uv": [4, 0, 8, 16], "rotation": 270, "texture": "#4"},
				"down": {"uv": [4, 0, 8, 16], "rotation": 270, "texture": "#4"}
			}
		},
		{
			"name": "octagon",
			"from": [11.78438, 17.47253, 8.42065],
			"to": [11.87188, 17.95247, 9.57935],
			"rotation": {"angle": -45, "axis": "x", "origin": [8, 17.7125, 9]},
			"faces": {
				"north": {"uv": [0, 0, 4, 16], "rotation": 90, "texture": "#4"},
				"east": {"uv": [4, 2.5, 8, 6.5], "rotation": 270, "texture": "#4"},
				"south": {"uv": [0, 0, 4, 16], "rotation": 270, "texture": "#4"},
				"west": {"uv": [4, 2.5, 8, 6.5], "rotation": 270, "texture": "#4"},
				"up": {"uv": [0, 0, 4, 16], "rotation": 270, "texture": "#4"},
				"down": {"uv": [0, 0, 4, 16], "rotation": 270, "texture": "#4"}
			}
		},
		{
			"name": "octagon",
			"from": [11.78367, 17.47187, 8.41999],
			"to": [11.87258, 17.95313, 9.58001],
			"rotation": {"angle": 0, "axis": "z", "origin": [8, 17.7125, 9]},
			"faces": {
				"north": {"uv": [12, 0, 16, 16], "rotation": 90, "texture": "#4"},
				"east": {"uv": [4, 2.5, 8, 6.5], "texture": "#4"},
				"south": {"uv": [12, 0, 16, 16], "rotation": 270, "texture": "#4"},
				"west": {"uv": [4, 2.5, 8, 6.5], "rotation": 180, "texture": "#4"},
				"up": {"uv": [12, 0, 16, 16], "rotation": 270, "texture": "#4"},
				"down": {"uv": [12, 0, 16, 16], "rotation": 270, "texture": "#4"}
			}
		},
		{
			"name": "octagon",
			"from": [11.78333, 17.13216, 8.75904],
			"to": [11.87293, 18.29284, 9.24096],
			"rotation": {"angle": -45, "axis": "x", "origin": [8, 17.7125, 9]},
			"faces": {
				"north": {"uv": [8, 0, 12, 16], "rotation": 90, "texture": "#4"},
				"east": {"uv": [4, 2.5, 8, 6.5], "rotation": 270, "texture": "#4"},
				"south": {"uv": [8, 0, 12, 16], "rotation": 270, "texture": "#4"},
				"west": {"uv": [4, 2.5, 8, 6.5], "rotation": 270, "texture": "#4"},
				"up": {"uv": [8, 0, 12, 16], "rotation": 270, "texture": "#4"},
				"down": {"uv": [8, 0, 12, 16], "rotation": 270, "texture": "#4"}
			}
		},
		{
			"name": "octagon",
			"from": [4.95903, 17.09615, 8.74449],
			"to": [10.90972, 18.32885, 9.25551],
			"rotation": {"angle": 0, "axis": "z", "origin": [8, 17.7125, 9]},
			"faces": {
				"north": {"uv": [4, 0, 8, 16], "rotation": 90, "texture": "#1"},
				"east": {"uv": [4, 2.5, 8, 6.5], "texture": "#1"},
				"south": {"uv": [4, 0, 8, 16], "rotation": 270, "texture": "#1"},
				"west": {"uv": [4, 2.5, 8, 6.5], "rotation": 180, "texture": "#1"},
				"up": {"uv": [4, 0, 8, 16], "rotation": 270, "texture": "#1"},
				"down": {"uv": [4, 0, 8, 16], "rotation": 270, "texture": "#1"}
			}
		},
		{
			"name": "octagon",
			"from": [4.95937, 17.45734, 8.384],
			"to": [10.90938, 17.96766, 9.616],
			"rotation": {"angle": -45, "axis": "x", "origin": [8, 17.7125, 9]},
			"faces": {
				"north": {"uv": [0, 0, 4, 16], "rotation": 90, "texture": "#1"},
				"east": {"uv": [4, 2.5, 8, 6.5], "rotation": 270, "texture": "#1"},
				"south": {"uv": [0, 0, 4, 16], "rotation": 270, "texture": "#1"},
				"west": {"uv": [4, 2.5, 8, 6.5], "rotation": 270, "texture": "#1"},
				"up": {"uv": [0, 0, 4, 16], "rotation": 270, "texture": "#1"},
				"down": {"uv": [0, 0, 4, 16], "rotation": 270, "texture": "#1"}
			}
		},
		{
			"name": "octagon",
			"from": [4.95867, 17.45664, 8.3833],
			"to": [10.91008, 17.96836, 9.6167],
			"rotation": {"angle": 0, "axis": "z", "origin": [8, 17.7125, 9]},
			"faces": {
				"north": {"uv": [12, 0, 16, 16], "rotation": 90, "texture": "#1"},
				"east": {"uv": [4, 2.5, 8, 6.5], "texture": "#1"},
				"south": {"uv": [12, 0, 16, 16], "rotation": 270, "texture": "#1"},
				"west": {"uv": [4, 2.5, 8, 6.5], "rotation": 180, "texture": "#1"},
				"up": {"uv": [12, 0, 16, 16], "rotation": 270, "texture": "#1"},
				"down": {"uv": [12, 0, 16, 16], "rotation": 270, "texture": "#1"}
			}
		},
		{
			"name": "octagon",
			"from": [4.95833, 17.09545, 8.74379],
			"to": [10.91043, 18.32955, 9.25621],
			"rotation": {"angle": -45, "axis": "x", "origin": [8, 17.7125, 9]},
			"faces": {
				"north": {"uv": [8, 0, 12, 16], "rotation": 90, "texture": "#1"},
				"east": {"uv": [4, 2.5, 8, 6.5], "rotation": 270, "texture": "#1"},
				"south": {"uv": [8, 0, 12, 16], "rotation": 270, "texture": "#1"},
				"west": {"uv": [4, 2.5, 8, 6.5], "rotation": 270, "texture": "#1"},
				"up": {"uv": [8, 0, 12, 16], "rotation": 270, "texture": "#1"},
				"down": {"uv": [8, 0, 12, 16], "rotation": 270, "texture": "#1"}
			}
		},
		{
			"name": "octagon",
			"from": [11.08403, 17.09615, 8.74449],
			"to": [11.78472, 18.32885, 9.25551],
			"rotation": {"angle": 0, "axis": "z", "origin": [8, 17.7125, 9]},
			"faces": {
				"north": {"uv": [4, 0, 8, 16], "rotation": 90, "texture": "#1"},
				"east": {"uv": [4, 2.5, 8, 6.5], "texture": "#1"},
				"south": {"uv": [4, 0, 8, 16], "rotation": 270, "texture": "#1"},
				"west": {"uv": [4, 2.5, 8, 6.5], "rotation": 180, "texture": "#1"},
				"up": {"uv": [4, 0, 8, 16], "rotation": 270, "texture": "#1"},
				"down": {"uv": [4, 0, 8, 16], "rotation": 270, "texture": "#1"}
			}
		},
		{
			"name": "octagon",
			"from": [11.08438, 17.45734, 8.384],
			"to": [11.78438, 17.96766, 9.616],
			"rotation": {"angle": -45, "axis": "x", "origin": [8, 17.7125, 9]},
			"faces": {
				"north": {"uv": [0, 0, 4, 16], "rotation": 90, "texture": "#1"},
				"east": {"uv": [4, 2.5, 8, 6.5], "rotation": 270, "texture": "#1"},
				"south": {"uv": [0, 0, 4, 16], "rotation": 270, "texture": "#1"},
				"west": {"uv": [4, 2.5, 8, 6.5], "rotation": 270, "texture": "#1"},
				"up": {"uv": [0, 0, 4, 16], "rotation": 270, "texture": "#1"},
				"down": {"uv": [0, 0, 4, 16], "rotation": 270, "texture": "#1"}
			}
		},
		{
			"name": "octagon",
			"from": [11.08368, 17.45664, 8.3833],
			"to": [11.78508, 17.96836, 9.6167],
			"rotation": {"angle": 0, "axis": "z", "origin": [8, 17.7125, 9]},
			"faces": {
				"north": {"uv": [12, 0, 16, 16], "rotation": 90, "texture": "#1"},
				"east": {"uv": [4, 2.5, 8, 6.5], "texture": "#1"},
				"south": {"uv": [12, 0, 16, 16], "rotation": 270, "texture": "#1"},
				"west": {"uv": [4, 2.5, 8, 6.5], "rotation": 180, "texture": "#1"},
				"up": {"uv": [12, 0, 16, 16], "rotation": 270, "texture": "#1"},
				"down": {"uv": [12, 0, 16, 16], "rotation": 270, "texture": "#1"}
			}
		},
		{
			"name": "octagon",
			"from": [11.08333, 17.09545, 8.74379],
			"to": [11.78543, 18.32955, 9.25621],
			"rotation": {"angle": -45, "axis": "x", "origin": [8, 17.7125, 9]},
			"faces": {
				"north": {"uv": [8, 0, 12, 16], "rotation": 90, "texture": "#1"},
				"east": {"uv": [4, 2.5, 8, 6.5], "rotation": 270, "texture": "#1"},
				"south": {"uv": [8, 0, 12, 16], "rotation": 270, "texture": "#1"},
				"west": {"uv": [4, 2.5, 8, 6.5], "rotation": 270, "texture": "#1"},
				"up": {"uv": [8, 0, 12, 16], "rotation": 270, "texture": "#1"},
				"down": {"uv": [8, 0, 12, 16], "rotation": 270, "texture": "#1"}
			}
		},
		{
			"name": "octagon",
			"from": [8.74449, 18.29615, 3.40903],
			"to": [9.25551, 19.52885, 3.93472],
			"rotation": {"angle": 0, "axis": "z", "origin": [9, 18.9125, 7.5]},
			"faces": {
				"north": {"uv": [0.5, 0, 15.5, 16], "rotation": 270, "texture": "#3"},
				"east": {"uv": [4, 0, 8, 16], "rotation": 90, "texture": "#2"},
				"south": {"uv": [0.5, 0, 15.5, 16], "rotation": 90, "texture": "#3"},
				"west": {"uv": [4, 0, 8, 16], "rotation": 270, "texture": "#2"},
				"up": {"uv": [4, 0, 8, 16], "texture": "#2"},
				"down": {"uv": [4, 0, 8, 16], "rotation": 180, "texture": "#2"}
			}
		},
		{
			"name": "octagon",
			"from": [8.3826, 18.65594, 3.40798],
			"to": [9.6174, 19.16906, 3.93577],
			"rotation": {"angle": -45, "axis": "z", "origin": [9, 18.9125, 7.5]},
			"faces": {
				"north": {"uv": [0, 0, 16, 16], "texture": "#3"},
				"east": {"uv": [0, 0, 4, 16], "rotation": 90, "texture": "#2"},
				"south": {"uv": [0, 0, 16, 16], "texture": "#3"},
				"west": {"uv": [0, 0, 4, 16], "rotation": 270, "texture": "#2"},
				"up": {"uv": [0, 0, 4, 16], "texture": "#2"},
				"down": {"uv": [0, 0, 4, 16], "rotation": 180, "texture": "#2"}
			}
		},
		{
			"name": "octagon",
			"from": [8.3833, 18.65664, 3.40867],
			"to": [9.6167, 19.16836, 3.93508],
			"rotation": {"angle": 0, "axis": "z", "origin": [9, 18.9125, 7.5]},
			"faces": {
				"north": {"uv": [0.5, 0, 15.5, 16], "rotation": 180, "texture": "#3"},
				"east": {"uv": [12, 0, 16, 16], "rotation": 90, "texture": "#2"},
				"south": {"uv": [0.5, 0, 15.5, 16], "texture": "#3"},
				"west": {"uv": [12, 0, 16, 16], "rotation": 270, "texture": "#2"},
				"up": {"uv": [12, 0, 16, 16], "texture": "#2"},
				"down": {"uv": [12, 0, 16, 16], "rotation": 180, "texture": "#2"}
			}
		},
		{
			"name": "octagon",
			"from": [8.74379, 18.29545, 3.40833],
			"to": [9.25621, 19.52955, 3.93543],
			"rotation": {"angle": -45, "axis": "z", "origin": [9, 18.9125, 7.5]},
			"faces": {
				"north": {"uv": [0, 0, 16, 16], "rotation": 270, "texture": "#3"},
				"east": {"uv": [8, 0, 12, 16], "rotation": 90, "texture": "#2"},
				"south": {"uv": [0, 0, 16, 16], "rotation": 270, "texture": "#3"},
				"west": {"uv": [8, 0, 12, 16], "rotation": 270, "texture": "#2"},
				"up": {"uv": [8, 0, 12, 16], "texture": "#2"},
				"down": {"uv": [8, 0, 12, 16], "rotation": 180, "texture": "#2"}
			}
		},
		{
			"name": "octagon",
			"from": [8.85947, 18.57351, 3.58403],
			"to": [9.14053, 19.25149, 10.75973],
			"rotation": {"angle": 0, "axis": "z", "origin": [9, 18.9125, 7.5]},
			"faces": {
				"north": {"uv": [4, 2.5, 8, 6.5], "rotation": 180, "texture": "#4"},
				"east": {"uv": [4, 0, 8, 16], "rotation": 90, "texture": "#4"},
				"south": {"uv": [4, 2.5, 8, 6.5], "texture": "#4"},
				"west": {"uv": [4, 0, 8, 16], "rotation": 270, "texture": "#4"},
				"up": {"uv": [4, 0, 8, 16], "texture": "#4"},
				"down": {"uv": [4, 0, 8, 16], "rotation": 180, "texture": "#4"}
			}
		},
		{
			"name": "octagon",
			"from": [8.6612, 18.77216, 3.58437],
			"to": [9.3388, 19.05284, 10.75938],
			"rotation": {"angle": -45, "axis": "z", "origin": [9, 18.9125, 7.5]},
			"faces": {
				"north": {"uv": [4, 2.5, 8, 6.5], "rotation": 270, "texture": "#4"},
				"east": {"uv": [0, 0, 4, 16], "rotation": 90, "texture": "#4"},
				"south": {"uv": [4, 2.5, 8, 6.5], "rotation": 270, "texture": "#4"},
				"west": {"uv": [0, 0, 4, 16], "rotation": 270, "texture": "#4"},
				"up": {"uv": [0, 0, 4, 16], "texture": "#4"},
				"down": {"uv": [0, 0, 4, 16], "rotation": 180, "texture": "#4"}
			}
		},
		{
			"name": "octagon",
			"from": [8.66082, 18.77178, 3.58367],
			"to": [9.33919, 19.05322, 10.76008],
			"rotation": {"angle": 0, "axis": "z", "origin": [9, 18.9125, 7.5]},
			"faces": {
				"north": {"uv": [4, 2.5, 8, 6.5], "rotation": 180, "texture": "#4"},
				"east": {"uv": [12, 0, 16, 16], "rotation": 90, "texture": "#4"},
				"south": {"uv": [4, 2.5, 8, 6.5], "texture": "#4"},
				"west": {"uv": [12, 0, 16, 16], "rotation": 270, "texture": "#4"},
				"up": {"uv": [12, 0, 16, 16], "texture": "#4"},
				"down": {"uv": [12, 0, 16, 16], "rotation": 180, "texture": "#4"}
			}
		},
		{
			"name": "octagon",
			"from": [8.85909, 18.57312, 3.58333],
			"to": [9.14091, 19.25188, 10.76043],
			"rotation": {"angle": -45, "axis": "z", "origin": [9, 18.9125, 7.5]},
			"faces": {
				"north": {"uv": [4, 2.5, 8, 6.5], "rotation": 270, "texture": "#4"},
				"east": {"uv": [8, 0, 12, 16], "rotation": 90, "texture": "#4"},
				"south": {"uv": [4, 2.5, 8, 6.5], "rotation": 270, "texture": "#4"},
				"west": {"uv": [8, 0, 12, 16], "rotation": 270, "texture": "#4"},
				"up": {"uv": [8, 0, 12, 16], "texture": "#4"},
				"down": {"uv": [8, 0, 12, 16], "rotation": 180, "texture": "#4"}
			}
		},
		{
			"name": "octagon",
			"from": [8.7597, 18.33282, 4.37153],
			"to": [9.2403, 19.49218, 4.45972],
			"rotation": {"angle": 0, "axis": "z", "origin": [9, 18.9125, 7.5]},
			"faces": {
				"north": {"uv": [4, 2.5, 8, 6.5], "rotation": 180, "texture": "#4"},
				"east": {"uv": [4, 0, 8, 16], "rotation": 90, "texture": "#4"},
				"south": {"uv": [4, 2.5, 8, 6.5], "texture": "#4"},
				"west": {"uv": [4, 0, 8, 16], "rotation": 270, "texture": "#4"},
				"up": {"uv": [4, 0, 8, 16], "texture": "#4"},
				"down": {"uv": [4, 0, 8, 16], "rotation": 180, "texture": "#4"}
			}
		},
		{
			"name": "octagon",
			"from": [8.42065, 18.67253, 4.37188],
			"to": [9.57935, 19.15247, 4.45937],
			"rotation": {"angle": -45, "axis": "z", "origin": [9, 18.9125, 7.5]},
			"faces": {
				"north": {"uv": [4, 2.5, 8, 6.5], "rotation": 270, "texture": "#4"},
				"east": {"uv": [0, 0, 4, 16], "rotation": 90, "texture": "#4"},
				"south": {"uv": [4, 2.5, 8, 6.5], "rotation": 270, "texture": "#4"},
				"west": {"uv": [0, 0, 4, 16], "rotation": 270, "texture": "#4"},
				"up": {"uv": [0, 0, 4, 16], "texture": "#4"},
				"down": {"uv": [0, 0, 4, 16], "rotation": 180, "texture": "#4"}
			}
		},
		{
			"name": "octagon",
			"from": [8.41999, 18.67187, 4.37117],
			"to": [9.58001, 19.15313, 4.46008],
			"rotation": {"angle": 0, "axis": "z", "origin": [9, 18.9125, 7.5]},
			"faces": {
				"north": {"uv": [4, 2.5, 8, 6.5], "rotation": 180, "texture": "#4"},
				"east": {"uv": [12, 0, 16, 16], "rotation": 90, "texture": "#4"},
				"south": {"uv": [4, 2.5, 8, 6.5], "texture": "#4"},
				"west": {"uv": [12, 0, 16, 16], "rotation": 270, "texture": "#4"},
				"up": {"uv": [12, 0, 16, 16], "texture": "#4"},
				"down": {"uv": [12, 0, 16, 16], "rotation": 180, "texture": "#4"}
			}
		},
		{
			"name": "octagon",
			"from": [8.75904, 18.33216, 4.37083],
			"to": [9.24096, 19.49284, 4.46043],
			"rotation": {"angle": -45, "axis": "z", "origin": [9, 18.9125, 7.5]},
			"faces": {
				"north": {"uv": [4, 2.5, 8, 6.5], "rotation": 270, "texture": "#4"},
				"east": {"uv": [8, 0, 12, 16], "rotation": 90, "texture": "#4"},
				"south": {"uv": [4, 2.5, 8, 6.5], "rotation": 270, "texture": "#4"},
				"west": {"uv": [8, 0, 12, 16], "rotation": 270, "texture": "#4"},
				"up": {"uv": [8, 0, 12, 16], "texture": "#4"},
				"down": {"uv": [8, 0, 12, 16], "rotation": 180, "texture": "#4"}
			}
		},
		{
			"name": "octagon",
			"from": [8.80535, 18.44296, 4.19653],
			"to": [9.19465, 19.38204, 4.45972],
			"rotation": {"angle": 0, "axis": "z", "origin": [9, 18.9125, 7.5]},
			"faces": {
				"north": {"uv": [4, 2.5, 8, 6.5], "rotation": 180, "texture": "#4"},
				"east": {"uv": [4, 0, 8, 16], "rotation": 90, "texture": "#4"},
				"south": {"uv": [4, 2.5, 8, 6.5], "texture": "#4"},
				"west": {"uv": [4, 0, 8, 16], "rotation": 270, "texture": "#4"},
				"up": {"uv": [4, 0, 8, 16], "texture": "#4"},
				"down": {"uv": [4, 0, 8, 16], "rotation": 180, "texture": "#4"}
			}
		},
		{
			"name": "octagon",
			"from": [8.53073, 18.71812, 4.19688],
			"to": [9.46927, 19.10688, 4.45937],
			"rotation": {"angle": -45, "axis": "z", "origin": [9, 18.9125, 7.5]},
			"faces": {
				"north": {"uv": [4, 2.5, 8, 6.5], "rotation": 270, "texture": "#4"},
				"east": {"uv": [0, 0, 4, 16], "rotation": 90, "texture": "#4"},
				"south": {"uv": [4, 2.5, 8, 6.5], "rotation": 270, "texture": "#4"},
				"west": {"uv": [0, 0, 4, 16], "rotation": 270, "texture": "#4"},
				"up": {"uv": [0, 0, 4, 16], "texture": "#4"},
				"down": {"uv": [0, 0, 4, 16], "rotation": 180, "texture": "#4"}
			}
		},
		{
			"name": "octagon",
			"from": [8.53019, 18.71759, 4.19617],
			"to": [9.46981, 19.10741, 4.46008],
			"rotation": {"angle": 0, "axis": "z", "origin": [9, 18.9125, 7.5]},
			"faces": {
				"north": {"uv": [4, 2.5, 8, 6.5], "rotation": 180, "texture": "#4"},
				"east": {"uv": [12, 0, 16, 16], "rotation": 90, "texture": "#4"},
				"south": {"uv": [4, 2.5, 8, 6.5], "texture": "#4"},
				"west": {"uv": [12, 0, 16, 16], "rotation": 270, "texture": "#4"},
				"up": {"uv": [12, 0, 16, 16], "texture": "#4"},
				"down": {"uv": [12, 0, 16, 16], "rotation": 180, "texture": "#4"}
			}
		},
		{
			"name": "octagon",
			"from": [8.80482, 18.44243, 4.19583],
			"to": [9.19518, 19.38257, 4.46043],
			"rotation": {"angle": -45, "axis": "z", "origin": [9, 18.9125, 7.5]},
			"faces": {
				"north": {"uv": [4, 2.5, 8, 6.5], "rotation": 270, "texture": "#4"},
				"east": {"uv": [8, 0, 12, 16], "rotation": 90, "texture": "#4"},
				"south": {"uv": [4, 2.5, 8, 6.5], "rotation": 270, "texture": "#4"},
				"west": {"uv": [8, 0, 12, 16], "rotation": 270, "texture": "#4"},
				"up": {"uv": [8, 0, 12, 16], "texture": "#4"},
				"down": {"uv": [8, 0, 12, 16], "rotation": 180, "texture": "#4"}
			}
		},
		{
			"name": "octagon",
			"from": [8.7597, 18.33282, 11.28403],
			"to": [9.2403, 19.49218, 11.37222],
			"rotation": {"angle": 0, "axis": "z", "origin": [9, 18.9125, 7.5]},
			"faces": {
				"north": {"uv": [4, 2.5, 8, 6.5], "rotation": 180, "texture": "#4"},
				"east": {"uv": [4, 0, 8, 16], "rotation": 90, "texture": "#4"},
				"south": {"uv": [4, 2.5, 8, 6.5], "texture": "#4"},
				"west": {"uv": [4, 0, 8, 16], "rotation": 270, "texture": "#4"},
				"up": {"uv": [4, 0, 8, 16], "texture": "#4"},
				"down": {"uv": [4, 0, 8, 16], "rotation": 180, "texture": "#4"}
			}
		},
		{
			"name": "octagon",
			"from": [8.42065, 18.67253, 11.28438],
			"to": [9.57935, 19.15247, 11.37188],
			"rotation": {"angle": -45, "axis": "z", "origin": [9, 18.9125, 7.5]},
			"faces": {
				"north": {"uv": [4, 2.5, 8, 6.5], "rotation": 270, "texture": "#4"},
				"east": {"uv": [0, 0, 4, 16], "rotation": 90, "texture": "#4"},
				"south": {"uv": [4, 2.5, 8, 6.5], "rotation": 270, "texture": "#4"},
				"west": {"uv": [0, 0, 4, 16], "rotation": 270, "texture": "#4"},
				"up": {"uv": [0, 0, 4, 16], "texture": "#4"},
				"down": {"uv": [0, 0, 4, 16], "rotation": 180, "texture": "#4"}
			}
		},
		{
			"name": "octagon",
			"from": [8.41999, 18.67187, 11.28367],
			"to": [9.58001, 19.15313, 11.37258],
			"rotation": {"angle": 0, "axis": "z", "origin": [9, 18.9125, 7.5]},
			"faces": {
				"north": {"uv": [4, 2.5, 8, 6.5], "rotation": 180, "texture": "#4"},
				"east": {"uv": [12, 0, 16, 16], "rotation": 90, "texture": "#4"},
				"south": {"uv": [4, 2.5, 8, 6.5], "texture": "#4"},
				"west": {"uv": [12, 0, 16, 16], "rotation": 270, "texture": "#4"},
				"up": {"uv": [12, 0, 16, 16], "texture": "#4"},
				"down": {"uv": [12, 0, 16, 16], "rotation": 180, "texture": "#4"}
			}
		},
		{
			"name": "octagon",
			"from": [8.75904, 18.33216, 11.28333],
			"to": [9.24096, 19.49284, 11.37293],
			"rotation": {"angle": -45, "axis": "z", "origin": [9, 18.9125, 7.5]},
			"faces": {
				"north": {"uv": [4, 2.5, 8, 6.5], "rotation": 270, "texture": "#4"},
				"east": {"uv": [8, 0, 12, 16], "rotation": 90, "texture": "#4"},
				"south": {"uv": [4, 2.5, 8, 6.5], "rotation": 270, "texture": "#4"},
				"west": {"uv": [8, 0, 12, 16], "rotation": 270, "texture": "#4"},
				"up": {"uv": [8, 0, 12, 16], "texture": "#4"},
				"down": {"uv": [8, 0, 12, 16], "rotation": 180, "texture": "#4"}
			}
		},
		{
			"name": "octagon",
			"from": [8.74449, 18.29615, 4.45903],
			"to": [9.25551, 19.52885, 10.40972],
			"rotation": {"angle": 0, "axis": "z", "origin": [9, 18.9125, 7.5]},
			"faces": {
				"north": {"uv": [4, 2.5, 8, 6.5], "rotation": 180, "texture": "#1"},
				"east": {"uv": [4, 0, 8, 16], "rotation": 90, "texture": "#1"},
				"south": {"uv": [4, 2.5, 8, 6.5], "texture": "#1"},
				"west": {"uv": [4, 0, 8, 16], "rotation": 270, "texture": "#1"},
				"up": {"uv": [4, 0, 8, 16], "texture": "#1"},
				"down": {"uv": [4, 0, 8, 16], "rotation": 180, "texture": "#1"}
			}
		},
		{
			"name": "octagon",
			"from": [8.384, 18.65734, 4.45937],
			"to": [9.616, 19.16766, 10.40938],
			"rotation": {"angle": -45, "axis": "z", "origin": [9, 18.9125, 7.5]},
			"faces": {
				"north": {"uv": [4, 2.5, 8, 6.5], "rotation": 270, "texture": "#1"},
				"east": {"uv": [0, 0, 4, 16], "rotation": 90, "texture": "#1"},
				"south": {"uv": [4, 2.5, 8, 6.5], "rotation": 270, "texture": "#1"},
				"west": {"uv": [0, 0, 4, 16], "rotation": 270, "texture": "#1"},
				"up": {"uv": [0, 0, 4, 16], "texture": "#1"},
				"down": {"uv": [0, 0, 4, 16], "rotation": 180, "texture": "#1"}
			}
		},
		{
			"name": "octagon",
			"from": [8.3833, 18.65664, 4.45867],
			"to": [9.6167, 19.16836, 10.41008],
			"rotation": {"angle": 0, "axis": "z", "origin": [9, 18.9125, 7.5]},
			"faces": {
				"north": {"uv": [4, 2.5, 8, 6.5], "rotation": 180, "texture": "#1"},
				"east": {"uv": [12, 0, 16, 16], "rotation": 90, "texture": "#1"},
				"south": {"uv": [4, 2.5, 8, 6.5], "texture": "#1"},
				"west": {"uv": [12, 0, 16, 16], "rotation": 270, "texture": "#1"},
				"up": {"uv": [12, 0, 16, 16], "texture": "#1"},
				"down": {"uv": [12, 0, 16, 16], "rotation": 180, "texture": "#1"}
			}
		},
		{
			"name": "octagon",
			"from": [8.74379, 18.29545, 4.45833],
			"to": [9.25621, 19.52955, 10.41043],
			"rotation": {"angle": -45, "axis": "z", "origin": [9, 18.9125, 7.5]},
			"faces": {
				"north": {"uv": [4, 2.5, 8, 6.5], "rotation": 270, "texture": "#1"},
				"east": {"uv": [8, 0, 12, 16], "rotation": 90, "texture": "#1"},
				"south": {"uv": [4, 2.5, 8, 6.5], "rotation": 270, "texture": "#1"},
				"west": {"uv": [8, 0, 12, 16], "rotation": 270, "texture": "#1"},
				"up": {"uv": [8, 0, 12, 16], "texture": "#1"},
				"down": {"uv": [8, 0, 12, 16], "rotation": 180, "texture": "#1"}
			}
		},
		{
			"name": "octagon",
			"from": [8.74449, 18.29615, 10.58403],
			"to": [9.25551, 19.52885, 11.28472],
			"rotation": {"angle": 0, "axis": "z", "origin": [9, 18.9125, 7.5]},
			"faces": {
				"north": {"uv": [4, 2.5, 8, 6.5], "rotation": 180, "texture": "#1"},
				"east": {"uv": [4, 0, 8, 16], "rotation": 90, "texture": "#1"},
				"south": {"uv": [4, 2.5, 8, 6.5], "texture": "#1"},
				"west": {"uv": [4, 0, 8, 16], "rotation": 270, "texture": "#1"},
				"up": {"uv": [4, 0, 8, 16], "texture": "#1"},
				"down": {"uv": [4, 0, 8, 16], "rotation": 180, "texture": "#1"}
			}
		},
		{
			"name": "octagon",
			"from": [8.384, 18.65734, 10.58438],
			"to": [9.616, 19.16766, 11.28438],
			"rotation": {"angle": -45, "axis": "z", "origin": [9, 18.9125, 7.5]},
			"faces": {
				"north": {"uv": [4, 2.5, 8, 6.5], "rotation": 270, "texture": "#1"},
				"east": {"uv": [0, 0, 4, 16], "rotation": 90, "texture": "#1"},
				"south": {"uv": [4, 2.5, 8, 6.5], "rotation": 270, "texture": "#1"},
				"west": {"uv": [0, 0, 4, 16], "rotation": 270, "texture": "#1"},
				"up": {"uv": [0, 0, 4, 16], "texture": "#1"},
				"down": {"uv": [0, 0, 4, 16], "rotation": 180, "texture": "#1"}
			}
		},
		{
			"name": "octagon",
			"from": [8.3833, 18.65664, 10.58368],
			"to": [9.6167, 19.16836, 11.28508],
			"rotation": {"angle": 0, "axis": "z", "origin": [9, 18.9125, 7.5]},
			"faces": {
				"north": {"uv": [4, 2.5, 8, 6.5], "rotation": 180, "texture": "#1"},
				"east": {"uv": [12, 0, 16, 16], "rotation": 90, "texture": "#1"},
				"south": {"uv": [4, 2.5, 8, 6.5], "texture": "#1"},
				"west": {"uv": [12, 0, 16, 16], "rotation": 270, "texture": "#1"},
				"up": {"uv": [12, 0, 16, 16], "texture": "#1"},
				"down": {"uv": [12, 0, 16, 16], "rotation": 180, "texture": "#1"}
			}
		},
		{
			"name": "octagon",
			"from": [8.74379, 18.29545, 10.58333],
			"to": [9.25621, 19.52955, 11.28543],
			"rotation": {"angle": -45, "axis": "z", "origin": [9, 18.9125, 7.5]},
			"faces": {
				"north": {"uv": [4, 2.5, 8, 6.5], "rotation": 270, "texture": "#1"},
				"east": {"uv": [8, 0, 12, 16], "rotation": 90, "texture": "#1"},
				"south": {"uv": [4, 2.5, 8, 6.5], "rotation": 270, "texture": "#1"},
				"west": {"uv": [8, 0, 12, 16], "rotation": 270, "texture": "#1"},
				"up": {"uv": [8, 0, 12, 16], "texture": "#1"},
				"down": {"uv": [8, 0, 12, 16], "rotation": 180, "texture": "#1"}
			}
		},
		{
			"name": "octagon",
			"from": [9.99449, 7.47777, 0.63365],
			"to": [10.50551, 8.00347, 1.86635],
			"rotation": {"angle": 0, "axis": "x", "origin": [10.25, 3.9125, 1.25]},
			"faces": {
				"north": {"uv": [4, 0, 8, 16], "texture": "#2"},
				"east": {"uv": [4, 0, 8, 16], "texture": "#2"},
				"south": {"uv": [4, 0, 8, 16], "texture": "#2"},
				"west": {"uv": [4, 0, 8, 16], "texture": "#2"},
				"up": {"uv": [0.5, 0, 15.5, 16], "rotation": 90, "texture": "#3"},
				"down": {"uv": [0.5, 0, 15.5, 16], "rotation": 90, "texture": "#3"}
			}
		},
		{
			"name": "octagon",
			"from": [9.6326, 7.47672, 0.99344],
			"to": [10.8674, 8.00452, 1.50656],
			"rotation": {"angle": 45, "axis": "y", "origin": [10.25, 3.9125, 1.25]},
			"faces": {
				"north": {"uv": [0, 0, 4, 16], "texture": "#2"},
				"east": {"uv": [0, 0, 4, 16], "texture": "#2"},
				"south": {"uv": [0, 0, 4, 16], "texture": "#2"},
				"west": {"uv": [0, 0, 4, 16], "texture": "#2"},
				"up": {"uv": [0, 0, 16, 16], "rotation": 180, "texture": "#3"},
				"down": {"uv": [0, 0, 16, 16], "texture": "#3"}
			}
		},
		{
			"name": "octagon",
			"from": [9.6333, 7.47742, 0.99414],
			"to": [10.8667, 8.00382, 1.50586],
			"rotation": {"angle": 0, "axis": "x", "origin": [10.25, 3.9125, 1.25]},
			"faces": {
				"north": {"uv": [12, 0, 16, 16], "texture": "#2"},
				"east": {"uv": [12, 0, 16, 16], "texture": "#2"},
				"south": {"uv": [12, 0, 16, 16], "texture": "#2"},
				"west": {"uv": [12, 0, 16, 16], "texture": "#2"},
				"up": {"uv": [0.5, 0, 15.5, 16], "texture": "#3"},
				"down": {"uv": [0.5, 0, 15.5, 16], "texture": "#3"}
			}
		},
		{
			"name": "octagon",
			"from": [9.99379, 7.47707, 0.63295],
			"to": [10.50621, 8.00417, 1.86705],
			"rotation": {"angle": 45, "axis": "y", "origin": [10.25, 3.9125, 1.25]},
			"faces": {
				"north": {"uv": [8, 0, 12, 16], "texture": "#2"},
				"east": {"uv": [8, 0, 12, 16], "texture": "#2"},
				"south": {"uv": [8, 0, 12, 16], "texture": "#2"},
				"west": {"uv": [8, 0, 12, 16], "texture": "#2"},
				"up": {"uv": [0, 0, 16, 16], "rotation": 90, "texture": "#3"},
				"down": {"uv": [0, 0, 16, 16], "rotation": 270, "texture": "#3"}
			}
		},
		{
			"name": "octagon",
			"from": [10.10947, 0.65277, 0.91101],
			"to": [10.39053, 7.82847, 1.58899],
			"rotation": {"angle": 0, "axis": "x", "origin": [10.25, 3.9125, 1.25]},
			"faces": {
				"north": {"uv": [4, 0, 8, 16], "texture": "#4"},
				"east": {"uv": [4, 0, 8, 16], "texture": "#4"},
				"south": {"uv": [4, 0, 8, 16], "texture": "#4"},
				"west": {"uv": [4, 0, 8, 16], "texture": "#4"},
				"up": {"uv": [4, 2.5, 8, 6.5], "texture": "#4"},
				"down": {"uv": [4, 2.5, 8, 6.5], "texture": "#4"}
			}
		},
		{
			"name": "octagon",
			"from": [9.9112, 0.65312, 1.10966],
			"to": [10.5888, 7.82812, 1.39034],
			"rotation": {"angle": 45, "axis": "y", "origin": [10.25, 3.9125, 1.25]},
			"faces": {
				"north": {"uv": [0, 0, 4, 16], "texture": "#4"},
				"east": {"uv": [0, 0, 4, 16], "texture": "#4"},
				"south": {"uv": [0, 0, 4, 16], "texture": "#4"},
				"west": {"uv": [0, 0, 4, 16], "texture": "#4"},
				"up": {"uv": [4, 2.5, 8, 6.5], "rotation": 90, "texture": "#4"},
				"down": {"uv": [4, 2.5, 8, 6.5], "rotation": 270, "texture": "#4"}
			}
		},
		{
			"name": "octagon",
			"from": [9.91082, 0.65242, 1.10928],
			"to": [10.58919, 7.82882, 1.39072],
			"rotation": {"angle": 0, "axis": "x", "origin": [10.25, 3.9125, 1.25]},
			"faces": {
				"north": {"uv": [12, 0, 16, 16], "texture": "#4"},
				"east": {"uv": [12, 0, 16, 16], "texture": "#4"},
				"south": {"uv": [12, 0, 16, 16], "texture": "#4"},
				"west": {"uv": [12, 0, 16, 16], "texture": "#4"},
				"up": {"uv": [4, 2.5, 8, 6.5], "texture": "#4"},
				"down": {"uv": [4, 2.5, 8, 6.5], "texture": "#4"}
			}
		},
		{
			"name": "octagon",
			"from": [10.10909, 0.65207, 0.91062],
			"to": [10.39091, 7.82917, 1.58938],
			"rotation": {"angle": 45, "axis": "y", "origin": [10.25, 3.9125, 1.25]},
			"faces": {
				"north": {"uv": [8, 0, 12, 16], "texture": "#4"},
				"east": {"uv": [8, 0, 12, 16], "texture": "#4"},
				"south": {"uv": [8, 0, 12, 16], "texture": "#4"},
				"west": {"uv": [8, 0, 12, 16], "texture": "#4"},
				"up": {"uv": [4, 2.5, 8, 6.5], "rotation": 90, "texture": "#4"},
				"down": {"uv": [4, 2.5, 8, 6.5], "rotation": 270, "texture": "#4"}
			}
		},
		{
			"name": "octagon",
			"from": [10.0097, 6.95277, 0.67032],
			"to": [10.4903, 7.04097, 1.82968],
			"rotation": {"angle": 0, "axis": "x", "origin": [10.25, 3.9125, 1.25]},
			"faces": {
				"north": {"uv": [4, 0, 8, 16], "texture": "#4"},
				"east": {"uv": [4, 0, 8, 16], "texture": "#4"},
				"south": {"uv": [4, 0, 8, 16], "texture": "#4"},
				"west": {"uv": [4, 0, 8, 16], "texture": "#4"},
				"up": {"uv": [4, 2.5, 8, 6.5], "texture": "#4"},
				"down": {"uv": [4, 2.5, 8, 6.5], "texture": "#4"}
			}
		},
		{
			"name": "octagon",
			"from": [9.67065, 6.95312, 1.01003],
			"to": [10.82935, 7.04062, 1.48997],
			"rotation": {"angle": 45, "axis": "y", "origin": [10.25, 3.9125, 1.25]},
			"faces": {
				"north": {"uv": [0, 0, 4, 16], "texture": "#4"},
				"east": {"uv": [0, 0, 4, 16], "texture": "#4"},
				"south": {"uv": [0, 0, 4, 16], "texture": "#4"},
				"west": {"uv": [0, 0, 4, 16], "texture": "#4"},
				"up": {"uv": [4, 2.5, 8, 6.5], "rotation": 90, "texture": "#4"},
				"down": {"uv": [4, 2.5, 8, 6.5], "rotation": 270, "texture": "#4"}
			}
		},
		{
			"name": "octagon",
			"from": [9.66999, 6.95242, 1.00937],
			"to": [10.83001, 7.04132, 1.49063],
			"rotation": {"angle": 0, "axis": "x", "origin": [10.25, 3.9125, 1.25]},
			"faces": {
				"north": {"uv": [12, 0, 16, 16], "texture": "#4"},
				"east": {"uv": [12, 0, 16, 16], "texture": "#4"},
				"south": {"uv": [12, 0, 16, 16], "texture": "#4"},
				"west": {"uv": [12, 0, 16, 16], "texture": "#4"},
				"up": {"uv": [4, 2.5, 8, 6.5], "texture": "#4"},
				"down": {"uv": [4, 2.5, 8, 6.5], "texture": "#4"}
			}
		},
		{
			"name": "octagon",
			"from": [10.00904, 6.95207, 0.66966],
			"to": [10.49096, 7.04167, 1.83034],
			"rotation": {"angle": 45, "axis": "y", "origin": [10.25, 3.9125, 1.25]},
			"faces": {
				"north": {"uv": [8, 0, 12, 16], "texture": "#4"},
				"east": {"uv": [8, 0, 12, 16], "texture": "#4"},
				"south": {"uv": [8, 0, 12, 16], "texture": "#4"},
				"west": {"uv": [8, 0, 12, 16], "texture": "#4"},
				"up": {"uv": [4, 2.5, 8, 6.5], "rotation": 90, "texture": "#4"},
				"down": {"uv": [4, 2.5, 8, 6.5], "rotation": 270, "texture": "#4"}
			}
		},
		{
			"name": "octagon",
			"from": [10.05535, 6.95277, 0.78046],
			"to": [10.44465, 7.21597, 1.71954],
			"rotation": {"angle": 0, "axis": "x", "origin": [10.25, 3.9125, 1.25]},
			"faces": {
				"north": {"uv": [4, 0, 8, 16], "texture": "#4"},
				"east": {"uv": [4, 0, 8, 16], "texture": "#4"},
				"south": {"uv": [4, 0, 8, 16], "texture": "#4"},
				"west": {"uv": [4, 0, 8, 16], "texture": "#4"},
				"up": {"uv": [4, 2.5, 8, 6.5], "texture": "#4"},
				"down": {"uv": [4, 2.5, 8, 6.5], "texture": "#4"}
			}
		},
		{
			"name": "octagon",
			"from": [9.78073, 6.95312, 1.05562],
			"to": [10.71927, 7.21562, 1.44438],
			"rotation": {"angle": 45, "axis": "y", "origin": [10.25, 3.9125, 1.25]},
			"faces": {
				"north": {"uv": [0, 0, 4, 16], "texture": "#4"},
				"east": {"uv": [0, 0, 4, 16], "texture": "#4"},
				"south": {"uv": [0, 0, 4, 16], "texture": "#4"},
				"west": {"uv": [0, 0, 4, 16], "texture": "#4"},
				"up": {"uv": [4, 2.5, 8, 6.5], "rotation": 90, "texture": "#4"},
				"down": {"uv": [4, 2.5, 8, 6.5], "rotation": 270, "texture": "#4"}
			}
		},
		{
			"name": "octagon",
			"from": [9.78019, 6.95242, 1.05509],
			"to": [10.71981, 7.21632, 1.44491],
			"rotation": {"angle": 0, "axis": "x", "origin": [10.25, 3.9125, 1.25]},
			"faces": {
				"north": {"uv": [12, 0, 16, 16], "texture": "#4"},
				"east": {"uv": [12, 0, 16, 16], "texture": "#4"},
				"south": {"uv": [12, 0, 16, 16], "texture": "#4"},
				"west": {"uv": [12, 0, 16, 16], "texture": "#4"},
				"up": {"uv": [4, 2.5, 8, 6.5], "texture": "#4"},
				"down": {"uv": [4, 2.5, 8, 6.5], "texture": "#4"}
			}
		},
		{
			"name": "octagon",
			"from": [10.05482, 6.95207, 0.77993],
			"to": [10.44518, 7.21667, 1.72007],
			"rotation": {"angle": 45, "axis": "y", "origin": [10.25, 3.9125, 1.25]},
			"faces": {
				"north": {"uv": [8, 0, 12, 16], "texture": "#4"},
				"east": {"uv": [8, 0, 12, 16], "texture": "#4"},
				"south": {"uv": [8, 0, 12, 16], "texture": "#4"},
				"west": {"uv": [8, 0, 12, 16], "texture": "#4"},
				"up": {"uv": [4, 2.5, 8, 6.5], "rotation": 90, "texture": "#4"},
				"down": {"uv": [4, 2.5, 8, 6.5], "rotation": 270, "texture": "#4"}
			}
		},
		{
			"name": "octagon",
			"from": [10.0097, 0.04027, 0.67032],
			"to": [10.4903, 0.12847, 1.82968],
			"rotation": {"angle": 0, "axis": "x", "origin": [10.25, 3.9125, 1.25]},
			"faces": {
				"north": {"uv": [4, 0, 8, 16], "texture": "#4"},
				"east": {"uv": [4, 0, 8, 16], "texture": "#4"},
				"south": {"uv": [4, 0, 8, 16], "texture": "#4"},
				"west": {"uv": [4, 0, 8, 16], "texture": "#4"},
				"up": {"uv": [4, 2.5, 8, 6.5], "texture": "#4"},
				"down": {"uv": [4, 2.5, 8, 6.5], "texture": "#4"}
			}
		},
		{
			"name": "octagon",
			"from": [9.67065, 0.04062, 1.01003],
			"to": [10.82935, 0.12812, 1.48997],
			"rotation": {"angle": 45, "axis": "y", "origin": [10.25, 3.9125, 1.25]},
			"faces": {
				"north": {"uv": [0, 0, 4, 16], "texture": "#4"},
				"east": {"uv": [0, 0, 4, 16], "texture": "#4"},
				"south": {"uv": [0, 0, 4, 16], "texture": "#4"},
				"west": {"uv": [0, 0, 4, 16], "texture": "#4"},
				"up": {"uv": [4, 2.5, 8, 6.5], "rotation": 90, "texture": "#4"},
				"down": {"uv": [4, 2.5, 8, 6.5], "rotation": 270, "texture": "#4"}
			}
		},
		{
			"name": "octagon",
			"from": [9.66999, 0.03992, 1.00937],
			"to": [10.83001, 0.12882, 1.49063],
			"rotation": {"angle": 0, "axis": "x", "origin": [10.25, 3.9125, 1.25]},
			"faces": {
				"north": {"uv": [12, 0, 16, 16], "texture": "#4"},
				"east": {"uv": [12, 0, 16, 16], "texture": "#4"},
				"south": {"uv": [12, 0, 16, 16], "texture": "#4"},
				"west": {"uv": [12, 0, 16, 16], "texture": "#4"},
				"up": {"uv": [4, 2.5, 8, 6.5], "texture": "#4"},
				"down": {"uv": [4, 2.5, 8, 6.5], "texture": "#4"}
			}
		},
		{
			"name": "octagon",
			"from": [10.00904, 0.03957, 0.66966],
			"to": [10.49096, 0.12917, 1.83034],
			"rotation": {"angle": 45, "axis": "y", "origin": [10.25, 3.9125, 1.25]},
			"faces": {
				"north": {"uv": [8, 0, 12, 16], "texture": "#4"},
				"east": {"uv": [8, 0, 12, 16], "texture": "#4"},
				"south": {"uv": [8, 0, 12, 16], "texture": "#4"},
				"west": {"uv": [8, 0, 12, 16], "texture": "#4"},
				"up": {"uv": [4, 2.5, 8, 6.5], "rotation": 90, "texture": "#4"},
				"down": {"uv": [4, 2.5, 8, 6.5], "rotation": 270, "texture": "#4"}
			}
		},
		{
			"name": "octagon",
			"from": [9.99449, 1.00277, 0.63365],
			"to": [10.50551, 6.95347, 1.86635],
			"rotation": {"angle": 0, "axis": "x", "origin": [10.25, 3.9125, 1.25]},
			"faces": {
				"north": {"uv": [4, 0, 8, 16], "texture": "#1"},
				"east": {"uv": [4, 0, 8, 16], "texture": "#1"},
				"south": {"uv": [4, 0, 8, 16], "texture": "#1"},
				"west": {"uv": [4, 0, 8, 16], "texture": "#1"},
				"up": {"uv": [4, 2.5, 8, 6.5], "texture": "#1"},
				"down": {"uv": [4, 2.5, 8, 6.5], "texture": "#1"}
			}
		},
		{
			"name": "octagon",
			"from": [9.634, 1.00312, 0.99484],
			"to": [10.866, 6.95312, 1.50516],
			"rotation": {"angle": 45, "axis": "y", "origin": [10.25, 3.9125, 1.25]},
			"faces": {
				"north": {"uv": [0, 0, 4, 16], "texture": "#1"},
				"east": {"uv": [0, 0, 4, 16], "texture": "#1"},
				"south": {"uv": [0, 0, 4, 16], "texture": "#1"},
				"west": {"uv": [0, 0, 4, 16], "texture": "#1"},
				"up": {"uv": [4, 2.5, 8, 6.5], "rotation": 90, "texture": "#1"},
				"down": {"uv": [4, 2.5, 8, 6.5], "rotation": 270, "texture": "#1"}
			}
		},
		{
			"name": "octagon",
			"from": [9.6333, 1.00242, 0.99414],
			"to": [10.8667, 6.95382, 1.50586],
			"rotation": {"angle": 0, "axis": "x", "origin": [10.25, 3.9125, 1.25]},
			"faces": {
				"north": {"uv": [12, 0, 16, 16], "texture": "#1"},
				"east": {"uv": [12, 0, 16, 16], "texture": "#1"},
				"south": {"uv": [12, 0, 16, 16], "texture": "#1"},
				"west": {"uv": [12, 0, 16, 16], "texture": "#1"},
				"up": {"uv": [4, 2.5, 8, 6.5], "texture": "#1"},
				"down": {"uv": [4, 2.5, 8, 6.5], "texture": "#1"}
			}
		},
		{
			"name": "octagon",
			"from": [9.99379, 1.00207, 0.63295],
			"to": [10.50621, 6.95417, 1.86705],
			"rotation": {"angle": 45, "axis": "y", "origin": [10.25, 3.9125, 1.25]},
			"faces": {
				"north": {"uv": [8, 0, 12, 16], "texture": "#1"},
				"east": {"uv": [8, 0, 12, 16], "texture": "#1"},
				"south": {"uv": [8, 0, 12, 16], "texture": "#1"},
				"west": {"uv": [8, 0, 12, 16], "texture": "#1"},
				"up": {"uv": [4, 2.5, 8, 6.5], "rotation": 90, "texture": "#1"},
				"down": {"uv": [4, 2.5, 8, 6.5], "rotation": 270, "texture": "#1"}
			}
		},
		{
			"name": "octagon",
			"from": [9.99449, 0.12777, 0.63365],
			"to": [10.50551, 0.82847, 1.86635],
			"rotation": {"angle": 0, "axis": "x", "origin": [10.25, 3.9125, 1.25]},
			"faces": {
				"north": {"uv": [4, 0, 8, 16], "texture": "#1"},
				"east": {"uv": [4, 0, 8, 16], "texture": "#1"},
				"south": {"uv": [4, 0, 8, 16], "texture": "#1"},
				"west": {"uv": [4, 0, 8, 16], "texture": "#1"},
				"up": {"uv": [4, 2.5, 8, 6.5], "texture": "#1"},
				"down": {"uv": [4, 2.5, 8, 6.5], "texture": "#1"}
			}
		},
		{
			"name": "octagon",
			"from": [9.634, 0.12812, 0.99484],
			"to": [10.866, 0.82812, 1.50516],
			"rotation": {"angle": 45, "axis": "y", "origin": [10.25, 3.9125, 1.25]},
			"faces": {
				"north": {"uv": [0, 0, 4, 16], "texture": "#1"},
				"east": {"uv": [0, 0, 4, 16], "texture": "#1"},
				"south": {"uv": [0, 0, 4, 16], "texture": "#1"},
				"west": {"uv": [0, 0, 4, 16], "texture": "#1"},
				"up": {"uv": [4, 2.5, 8, 6.5], "rotation": 90, "texture": "#1"},
				"down": {"uv": [4, 2.5, 8, 6.5], "rotation": 270, "texture": "#1"}
			}
		},
		{
			"name": "octagon",
			"from": [9.6333, 0.12742, 0.99414],
			"to": [10.8667, 0.82882, 1.50586],
			"rotation": {"angle": 0, "axis": "x", "origin": [10.25, 3.9125, 1.25]},
			"faces": {
				"north": {"uv": [12, 0, 16, 16], "texture": "#1"},
				"east": {"uv": [12, 0, 16, 16], "texture": "#1"},
				"south": {"uv": [12, 0, 16, 16], "texture": "#1"},
				"west": {"uv": [12, 0, 16, 16], "texture": "#1"},
				"up": {"uv": [4, 2.5, 8, 6.5], "texture": "#1"},
				"down": {"uv": [4, 2.5, 8, 6.5], "texture": "#1"}
			}
		},
		{
			"name": "octagon",
			"from": [9.99379, 0.12707, 0.63295],
			"to": [10.50621, 0.82917, 1.86705],
			"rotation": {"angle": 45, "axis": "y", "origin": [10.25, 3.9125, 1.25]},
			"faces": {
				"north": {"uv": [8, 0, 12, 16], "texture": "#1"},
				"east": {"uv": [8, 0, 12, 16], "texture": "#1"},
				"south": {"uv": [8, 0, 12, 16], "texture": "#1"},
				"west": {"uv": [8, 0, 12, 16], "texture": "#1"},
				"up": {"uv": [4, 2.5, 8, 6.5], "rotation": 90, "texture": "#1"},
				"down": {"uv": [4, 2.5, 8, 6.5], "rotation": 270, "texture": "#1"}
			}
		},
		{
			"name": "octagon",
			"from": [14.74449, 7.47777, 2.63365],
			"to": [15.25551, 8.00347, 3.86635],
			"rotation": {"angle": 0, "axis": "x", "origin": [15, 3.9125, 3.25]},
			"faces": {
				"north": {"uv": [4, 0, 8, 16], "texture": "#2"},
				"east": {"uv": [4, 0, 8, 16], "texture": "#2"},
				"south": {"uv": [4, 0, 8, 16], "texture": "#2"},
				"west": {"uv": [4, 0, 8, 16], "texture": "#2"},
				"up": {"uv": [0.5, 0, 15.5, 16], "rotation": 90, "texture": "#3"},
				"down": {"uv": [0.5, 0, 15.5, 16], "rotation": 90, "texture": "#3"}
			}
		},
		{
			"name": "octagon",
			"from": [14.3826, 7.47672, 2.99344],
			"to": [15.6174, 8.00452, 3.50656],
			"rotation": {"angle": 45, "axis": "y", "origin": [15, 3.9125, 3.25]},
			"faces": {
				"north": {"uv": [0, 0, 4, 16], "texture": "#2"},
				"east": {"uv": [0, 0, 4, 16], "texture": "#2"},
				"south": {"uv": [0, 0, 4, 16], "texture": "#2"},
				"west": {"uv": [0, 0, 4, 16], "texture": "#2"},
				"up": {"uv": [0, 0, 16, 16], "rotation": 180, "texture": "#3"},
				"down": {"uv": [0, 0, 16, 16], "texture": "#3"}
			}
		},
		{
			"name": "octagon",
			"from": [14.3833, 7.47742, 2.99414],
			"to": [15.6167, 8.00382, 3.50586],
			"rotation": {"angle": 0, "axis": "x", "origin": [15, 3.9125, 3.25]},
			"faces": {
				"north": {"uv": [12, 0, 16, 16], "texture": "#2"},
				"east": {"uv": [12, 0, 16, 16], "texture": "#2"},
				"south": {"uv": [12, 0, 16, 16], "texture": "#2"},
				"west": {"uv": [12, 0, 16, 16], "texture": "#2"},
				"up": {"uv": [0.5, 0, 15.5, 16], "texture": "#3"},
				"down": {"uv": [0.5, 0, 15.5, 16], "texture": "#3"}
			}
		},
		{
			"name": "octagon",
			"from": [14.74379, 7.47707, 2.63295],
			"to": [15.25621, 8.00417, 3.86705],
			"rotation": {"angle": 45, "axis": "y", "origin": [15, 3.9125, 3.25]},
			"faces": {
				"north": {"uv": [8, 0, 12, 16], "texture": "#2"},
				"east": {"uv": [8, 0, 12, 16], "texture": "#2"},
				"south": {"uv": [8, 0, 12, 16], "texture": "#2"},
				"west": {"uv": [8, 0, 12, 16], "texture": "#2"},
				"up": {"uv": [0, 0, 16, 16], "rotation": 90, "texture": "#3"},
				"down": {"uv": [0, 0, 16, 16], "rotation": 270, "texture": "#3"}
			}
		},
		{
			"name": "octagon",
			"from": [14.85947, 0.65277, 2.91101],
			"to": [15.14053, 7.82847, 3.58899],
			"rotation": {"angle": 0, "axis": "x", "origin": [15, 3.9125, 3.25]},
			"faces": {
				"north": {"uv": [4, 0, 8, 16], "texture": "#4"},
				"east": {"uv": [4, 0, 8, 16], "texture": "#4"},
				"south": {"uv": [4, 0, 8, 16], "texture": "#4"},
				"west": {"uv": [4, 0, 8, 16], "texture": "#4"},
				"up": {"uv": [4, 2.5, 8, 6.5], "texture": "#4"},
				"down": {"uv": [4, 2.5, 8, 6.5], "texture": "#4"}
			}
		},
		{
			"name": "octagon",
			"from": [14.6612, 0.65312, 3.10966],
			"to": [15.3388, 7.82812, 3.39034],
			"rotation": {"angle": 45, "axis": "y", "origin": [15, 3.9125, 3.25]},
			"faces": {
				"north": {"uv": [0, 0, 4, 16], "texture": "#4"},
				"east": {"uv": [0, 0, 4, 16], "texture": "#4"},
				"south": {"uv": [0, 0, 4, 16], "texture": "#4"},
				"west": {"uv": [0, 0, 4, 16], "texture": "#4"},
				"up": {"uv": [4, 2.5, 8, 6.5], "rotation": 90, "texture": "#4"},
				"down": {"uv": [4, 2.5, 8, 6.5], "rotation": 270, "texture": "#4"}
			}
		},
		{
			"name": "octagon",
			"from": [14.66082, 0.65242, 3.10928],
			"to": [15.33919, 7.82882, 3.39072],
			"rotation": {"angle": 0, "axis": "x", "origin": [15, 3.9125, 3.25]},
			"faces": {
				"north": {"uv": [12, 0, 16, 16], "texture": "#4"},
				"east": {"uv": [12, 0, 16, 16], "texture": "#4"},
				"south": {"uv": [12, 0, 16, 16], "texture": "#4"},
				"west": {"uv": [12, 0, 16, 16], "texture": "#4"},
				"up": {"uv": [4, 2.5, 8, 6.5], "texture": "#4"},
				"down": {"uv": [4, 2.5, 8, 6.5], "texture": "#4"}
			}
		},
		{
			"name": "octagon",
			"from": [14.85909, 0.65207, 2.91062],
			"to": [15.14091, 7.82917, 3.58938],
			"rotation": {"angle": 45, "axis": "y", "origin": [15, 3.9125, 3.25]},
			"faces": {
				"north": {"uv": [8, 0, 12, 16], "texture": "#4"},
				"east": {"uv": [8, 0, 12, 16], "texture": "#4"},
				"south": {"uv": [8, 0, 12, 16], "texture": "#4"},
				"west": {"uv": [8, 0, 12, 16], "texture": "#4"},
				"up": {"uv": [4, 2.5, 8, 6.5], "rotation": 90, "texture": "#4"},
				"down": {"uv": [4, 2.5, 8, 6.5], "rotation": 270, "texture": "#4"}
			}
		},
		{
			"name": "octagon",
			"from": [14.7597, 6.95277, 2.67032],
			"to": [15.2403, 7.04097, 3.82968],
			"rotation": {"angle": 0, "axis": "x", "origin": [15, 3.9125, 3.25]},
			"faces": {
				"north": {"uv": [4, 0, 8, 16], "texture": "#4"},
				"east": {"uv": [4, 0, 8, 16], "texture": "#4"},
				"south": {"uv": [4, 0, 8, 16], "texture": "#4"},
				"west": {"uv": [4, 0, 8, 16], "texture": "#4"},
				"up": {"uv": [4, 2.5, 8, 6.5], "texture": "#4"},
				"down": {"uv": [4, 2.5, 8, 6.5], "texture": "#4"}
			}
		},
		{
			"name": "octagon",
			"from": [14.42065, 6.95312, 3.01003],
			"to": [15.57935, 7.04062, 3.48997],
			"rotation": {"angle": 45, "axis": "y", "origin": [15, 3.9125, 3.25]},
			"faces": {
				"north": {"uv": [0, 0, 4, 16], "texture": "#4"},
				"east": {"uv": [0, 0, 4, 16], "texture": "#4"},
				"south": {"uv": [0, 0, 4, 16], "texture": "#4"},
				"west": {"uv": [0, 0, 4, 16], "texture": "#4"},
				"up": {"uv": [4, 2.5, 8, 6.5], "rotation": 90, "texture": "#4"},
				"down": {"uv": [4, 2.5, 8, 6.5], "rotation": 270, "texture": "#4"}
			}
		},
		{
			"name": "octagon",
			"from": [14.41999, 6.95242, 3.00937],
			"to": [15.58001, 7.04132, 3.49063],
			"rotation": {"angle": 0, "axis": "x", "origin": [15, 3.9125, 3.25]},
			"faces": {
				"north": {"uv": [12, 0, 16, 16], "texture": "#4"},
				"east": {"uv": [12, 0, 16, 16], "texture": "#4"},
				"south": {"uv": [12, 0, 16, 16], "texture": "#4"},
				"west": {"uv": [12, 0, 16, 16], "texture": "#4"},
				"up": {"uv": [4, 2.5, 8, 6.5], "texture": "#4"},
				"down": {"uv": [4, 2.5, 8, 6.5], "texture": "#4"}
			}
		},
		{
			"name": "octagon",
			"from": [14.75904, 6.95207, 2.66966],
			"to": [15.24096, 7.04167, 3.83034],
			"rotation": {"angle": 45, "axis": "y", "origin": [15, 3.9125, 3.25]},
			"faces": {
				"north": {"uv": [8, 0, 12, 16], "texture": "#4"},
				"east": {"uv": [8, 0, 12, 16], "texture": "#4"},
				"south": {"uv": [8, 0, 12, 16], "texture": "#4"},
				"west": {"uv": [8, 0, 12, 16], "texture": "#4"},
				"up": {"uv": [4, 2.5, 8, 6.5], "rotation": 90, "texture": "#4"},
				"down": {"uv": [4, 2.5, 8, 6.5], "rotation": 270, "texture": "#4"}
			}
		},
		{
			"name": "octagon",
			"from": [14.80535, 6.95277, 2.78046],
			"to": [15.19465, 7.21597, 3.71954],
			"rotation": {"angle": 0, "axis": "x", "origin": [15, 3.9125, 3.25]},
			"faces": {
				"north": {"uv": [4, 0, 8, 16], "texture": "#4"},
				"east": {"uv": [4, 0, 8, 16], "texture": "#4"},
				"south": {"uv": [4, 0, 8, 16], "texture": "#4"},
				"west": {"uv": [4, 0, 8, 16], "texture": "#4"},
				"up": {"uv": [4, 2.5, 8, 6.5], "texture": "#4"},
				"down": {"uv": [4, 2.5, 8, 6.5], "texture": "#4"}
			}
		},
		{
			"name": "octagon",
			"from": [14.53073, 6.95312, 3.05562],
			"to": [15.46927, 7.21562, 3.44438],
			"rotation": {"angle": 45, "axis": "y", "origin": [15, 3.9125, 3.25]},
			"faces": {
				"north": {"uv": [0, 0, 4, 16], "texture": "#4"},
				"east": {"uv": [0, 0, 4, 16], "texture": "#4"},
				"south": {"uv": [0, 0, 4, 16], "texture": "#4"},
				"west": {"uv": [0, 0, 4, 16], "texture": "#4"},
				"up": {"uv": [4, 2.5, 8, 6.5], "rotation": 90, "texture": "#4"},
				"down": {"uv": [4, 2.5, 8, 6.5], "rotation": 270, "texture": "#4"}
			}
		},
		{
			"name": "octagon",
			"from": [14.53019, 6.95242, 3.05509],
			"to": [15.46981, 7.21632, 3.44491],
			"rotation": {"angle": 0, "axis": "x", "origin": [15, 3.9125, 3.25]},
			"faces": {
				"north": {"uv": [12, 0, 16, 16], "texture": "#4"},
				"east": {"uv": [12, 0, 16, 16], "texture": "#4"},
				"south": {"uv": [12, 0, 16, 16], "texture": "#4"},
				"west": {"uv": [12, 0, 16, 16], "texture": "#4"},
				"up": {"uv": [4, 2.5, 8, 6.5], "texture": "#4"},
				"down": {"uv": [4, 2.5, 8, 6.5], "texture": "#4"}
			}
		},
		{
			"name": "octagon",
			"from": [14.80482, 6.95207, 2.77993],
			"to": [15.19518, 7.21667, 3.72007],
			"rotation": {"angle": 45, "axis": "y", "origin": [15, 3.9125, 3.25]},
			"faces": {
				"north": {"uv": [8, 0, 12, 16], "texture": "#4"},
				"east": {"uv": [8, 0, 12, 16], "texture": "#4"},
				"south": {"uv": [8, 0, 12, 16], "texture": "#4"},
				"west": {"uv": [8, 0, 12, 16], "texture": "#4"},
				"up": {"uv": [4, 2.5, 8, 6.5], "rotation": 90, "texture": "#4"},
				"down": {"uv": [4, 2.5, 8, 6.5], "rotation": 270, "texture": "#4"}
			}
		},
		{
			"name": "octagon",
			"from": [14.7597, 0.04027, 2.67032],
			"to": [15.2403, 0.12847, 3.82968],
			"rotation": {"angle": 0, "axis": "x", "origin": [15, 3.9125, 3.25]},
			"faces": {
				"north": {"uv": [4, 0, 8, 16], "texture": "#4"},
				"east": {"uv": [4, 0, 8, 16], "texture": "#4"},
				"south": {"uv": [4, 0, 8, 16], "texture": "#4"},
				"west": {"uv": [4, 0, 8, 16], "texture": "#4"},
				"up": {"uv": [4, 2.5, 8, 6.5], "texture": "#4"},
				"down": {"uv": [4, 2.5, 8, 6.5], "texture": "#4"}
			}
		},
		{
			"name": "octagon",
			"from": [14.42065, 0.04062, 3.01003],
			"to": [15.57935, 0.12812, 3.48997],
			"rotation": {"angle": 45, "axis": "y", "origin": [15, 3.9125, 3.25]},
			"faces": {
				"north": {"uv": [0, 0, 4, 16], "texture": "#4"},
				"east": {"uv": [0, 0, 4, 16], "texture": "#4"},
				"south": {"uv": [0, 0, 4, 16], "texture": "#4"},
				"west": {"uv": [0, 0, 4, 16], "texture": "#4"},
				"up": {"uv": [4, 2.5, 8, 6.5], "rotation": 90, "texture": "#4"},
				"down": {"uv": [4, 2.5, 8, 6.5], "rotation": 270, "texture": "#4"}
			}
		},
		{
			"name": "octagon",
			"from": [14.41999, 0.03992, 3.00937],
			"to": [15.58001, 0.12882, 3.49063],
			"rotation": {"angle": 0, "axis": "x", "origin": [15, 3.9125, 3.25]},
			"faces": {
				"north": {"uv": [12, 0, 16, 16], "texture": "#4"},
				"east": {"uv": [12, 0, 16, 16], "texture": "#4"},
				"south": {"uv": [12, 0, 16, 16], "texture": "#4"},
				"west": {"uv": [12, 0, 16, 16], "texture": "#4"},
				"up": {"uv": [4, 2.5, 8, 6.5], "texture": "#4"},
				"down": {"uv": [4, 2.5, 8, 6.5], "texture": "#4"}
			}
		},
		{
			"name": "octagon",
			"from": [14.75904, 0.03957, 2.66966],
			"to": [15.24096, 0.12917, 3.83034],
			"rotation": {"angle": 45, "axis": "y", "origin": [15, 3.9125, 3.25]},
			"faces": {
				"north": {"uv": [8, 0, 12, 16], "texture": "#4"},
				"east": {"uv": [8, 0, 12, 16], "texture": "#4"},
				"south": {"uv": [8, 0, 12, 16], "texture": "#4"},
				"west": {"uv": [8, 0, 12, 16], "texture": "#4"},
				"up": {"uv": [4, 2.5, 8, 6.5], "rotation": 90, "texture": "#4"},
				"down": {"uv": [4, 2.5, 8, 6.5], "rotation": 270, "texture": "#4"}
			}
		},
		{
			"name": "octagon",
			"from": [14.74449, 1.00277, 2.63365],
			"to": [15.25551, 6.95347, 3.86635],
			"rotation": {"angle": 0, "axis": "x", "origin": [15, 3.9125, 3.25]},
			"faces": {
				"north": {"uv": [4, 0, 8, 16], "texture": "#1"},
				"east": {"uv": [4, 0, 8, 16], "texture": "#1"},
				"south": {"uv": [4, 0, 8, 16], "texture": "#1"},
				"west": {"uv": [4, 0, 8, 16], "texture": "#1"},
				"up": {"uv": [4, 2.5, 8, 6.5], "texture": "#1"},
				"down": {"uv": [4, 2.5, 8, 6.5], "texture": "#1"}
			}
		},
		{
			"name": "octagon",
			"from": [14.384, 1.00312, 2.99484],
			"to": [15.616, 6.95312, 3.50516],
			"rotation": {"angle": 45, "axis": "y", "origin": [15, 3.9125, 3.25]},
			"faces": {
				"north": {"uv": [0, 0, 4, 16], "texture": "#1"},
				"east": {"uv": [0, 0, 4, 16], "texture": "#1"},
				"south": {"uv": [0, 0, 4, 16], "texture": "#1"},
				"west": {"uv": [0, 0, 4, 16], "texture": "#1"},
				"up": {"uv": [4, 2.5, 8, 6.5], "rotation": 90, "texture": "#1"},
				"down": {"uv": [4, 2.5, 8, 6.5], "rotation": 270, "texture": "#1"}
			}
		},
		{
			"name": "octagon",
			"from": [14.3833, 1.00242, 2.99414],
			"to": [15.6167, 6.95382, 3.50586],
			"rotation": {"angle": 0, "axis": "x", "origin": [15, 3.9125, 3.25]},
			"faces": {
				"north": {"uv": [12, 0, 16, 16], "texture": "#1"},
				"east": {"uv": [12, 0, 16, 16], "texture": "#1"},
				"south": {"uv": [12, 0, 16, 16], "texture": "#1"},
				"west": {"uv": [12, 0, 16, 16], "texture": "#1"},
				"up": {"uv": [4, 2.5, 8, 6.5], "texture": "#1"},
				"down": {"uv": [4, 2.5, 8, 6.5], "texture": "#1"}
			}
		},
		{
			"name": "octagon",
			"from": [14.74379, 1.00207, 2.63295],
			"to": [15.25621, 6.95417, 3.86705],
			"rotation": {"angle": 45, "axis": "y", "origin": [15, 3.9125, 3.25]},
			"faces": {
				"north": {"uv": [8, 0, 12, 16], "texture": "#1"},
				"east": {"uv": [8, 0, 12, 16], "texture": "#1"},
				"south": {"uv": [8, 0, 12, 16], "texture": "#1"},
				"west": {"uv": [8, 0, 12, 16], "texture": "#1"},
				"up": {"uv": [4, 2.5, 8, 6.5], "rotation": 90, "texture": "#1"},
				"down": {"uv": [4, 2.5, 8, 6.5], "rotation": 270, "texture": "#1"}
			}
		},
		{
			"name": "octagon",
			"from": [14.74449, 0.12777, 2.63365],
			"to": [15.25551, 0.82847, 3.86635],
			"rotation": {"angle": 0, "axis": "x", "origin": [15, 3.9125, 3.25]},
			"faces": {
				"north": {"uv": [4, 0, 8, 16], "texture": "#1"},
				"east": {"uv": [4, 0, 8, 16], "texture": "#1"},
				"south": {"uv": [4, 0, 8, 16], "texture": "#1"},
				"west": {"uv": [4, 0, 8, 16], "texture": "#1"},
				"up": {"uv": [4, 2.5, 8, 6.5], "texture": "#1"},
				"down": {"uv": [4, 2.5, 8, 6.5], "texture": "#1"}
			}
		},
		{
			"name": "octagon",
			"from": [14.384, 0.12812, 2.99484],
			"to": [15.616, 0.82812, 3.50516],
			"rotation": {"angle": 45, "axis": "y", "origin": [15, 3.9125, 3.25]},
			"faces": {
				"north": {"uv": [0, 0, 4, 16], "texture": "#1"},
				"east": {"uv": [0, 0, 4, 16], "texture": "#1"},
				"south": {"uv": [0, 0, 4, 16], "texture": "#1"},
				"west": {"uv": [0, 0, 4, 16], "texture": "#1"},
				"up": {"uv": [4, 2.5, 8, 6.5], "rotation": 90, "texture": "#1"},
				"down": {"uv": [4, 2.5, 8, 6.5], "rotation": 270, "texture": "#1"}
			}
		},
		{
			"name": "octagon",
			"from": [14.3833, 0.12742, 2.99414],
			"to": [15.6167, 0.82882, 3.50586],
			"rotation": {"angle": 0, "axis": "x", "origin": [15, 3.9125, 3.25]},
			"faces": {
				"north": {"uv": [12, 0, 16, 16], "texture": "#1"},
				"east": {"uv": [12, 0, 16, 16], "texture": "#1"},
				"south": {"uv": [12, 0, 16, 16], "texture": "#1"},
				"west": {"uv": [12, 0, 16, 16], "texture": "#1"},
				"up": {"uv": [4, 2.5, 8, 6.5], "texture": "#1"},
				"down": {"uv": [4, 2.5, 8, 6.5], "texture": "#1"}
			}
		},
		{
			"name": "octagon",
			"from": [14.74379, 0.12707, 2.63295],
			"to": [15.25621, 0.82917, 3.86705],
			"rotation": {"angle": 45, "axis": "y", "origin": [15, 3.9125, 3.25]},
			"faces": {
				"north": {"uv": [8, 0, 12, 16], "texture": "#1"},
				"east": {"uv": [8, 0, 12, 16], "texture": "#1"},
				"south": {"uv": [8, 0, 12, 16], "texture": "#1"},
				"west": {"uv": [8, 0, 12, 16], "texture": "#1"},
				"up": {"uv": [4, 2.5, 8, 6.5], "rotation": 90, "texture": "#1"},
				"down": {"uv": [4, 2.5, 8, 6.5], "rotation": 270, "texture": "#1"}
			}
		},
		{
			"name": "octagon",
			"from": [5.90903, 17.09615, 5.74449],
			"to": [6.43472, 18.32885, 6.25551],
			"rotation": {"angle": 0, "axis": "y", "origin": [10, 17.7125, 6]},
			"faces": {
				"north": {"uv": [4, 0, 8, 16], "rotation": 90, "texture": "#2"},
				"east": {"uv": [0.5, 0, 15.5, 16], "rotation": 90, "texture": "#3"},
				"south": {"uv": [4, 0, 8, 16], "rotation": 270, "texture": "#2"},
				"west": {"uv": [0.5, 0, 15.5, 16], "rotation": 270, "texture": "#3"},
				"up": {"uv": [4, 0, 8, 16], "rotation": 270, "texture": "#2"},
				"down": {"uv": [4, 0, 8, 16], "rotation": 270, "texture": "#2"}
			}
		},
		{
			"name": "octagon",
			"from": [5.90798, 17.45594, 5.3826],
			"to": [6.43578, 17.96906, 6.6174],
			"rotation": {"angle": -45, "axis": "x", "origin": [10, 17.7125, 6]},
			"faces": {
				"north": {"uv": [0, 0, 4, 16], "rotation": 90, "texture": "#2"},
				"east": {"uv": [0, 0, 16, 16], "texture": "#3"},
				"south": {"uv": [0, 0, 4, 16], "rotation": 270, "texture": "#2"},
				"west": {"uv": [0, 0, 16, 16], "texture": "#3"},
				"up": {"uv": [0, 0, 4, 16], "rotation": 270, "texture": "#2"},
				"down": {"uv": [0, 0, 4, 16], "rotation": 270, "texture": "#2"}
			}
		},
		{
			"name": "octagon",
			"from": [5.90868, 17.45664, 5.3833],
			"to": [6.43508, 17.96836, 6.6167],
			"rotation": {"angle": 0, "axis": "y", "origin": [10, 17.7125, 6]},
			"faces": {
				"north": {"uv": [12, 0, 16, 16], "rotation": 90, "texture": "#2"},
				"east": {"uv": [0.5, 0, 15.5, 16], "texture": "#3"},
				"south": {"uv": [12, 0, 16, 16], "rotation": 270, "texture": "#2"},
				"west": {"uv": [0.5, 0, 15.5, 16], "rotation": 180, "texture": "#3"},
				"up": {"uv": [12, 0, 16, 16], "rotation": 270, "texture": "#2"},
				"down": {"uv": [12, 0, 16, 16], "rotation": 270, "texture": "#2"}
			}
		},
		{
			"name": "octagon",
			"from": [5.90833, 17.09545, 5.74379],
			"to": [6.43543, 18.32955, 6.25621],
			"rotation": {"angle": -45, "axis": "x", "origin": [10, 17.7125, 6]},
			"faces": {
				"north": {"uv": [8, 0, 12, 16], "rotation": 90, "texture": "#2"},
				"east": {"uv": [0, 0, 16, 16], "rotation": 270, "texture": "#3"},
				"south": {"uv": [8, 0, 12, 16], "rotation": 270, "texture": "#2"},
				"west": {"uv": [0, 0, 16, 16], "rotation": 270, "texture": "#3"},
				"up": {"uv": [8, 0, 12, 16], "rotation": 270, "texture": "#2"},
				"down": {"uv": [8, 0, 12, 16], "rotation": 270, "texture": "#2"}
			}
		},
		{
			"name": "octagon",
			"from": [6.08403, 17.37351, 5.85947],
			"to": [13.25973, 18.05149, 6.14053],
			"rotation": {"angle": 0, "axis": "y", "origin": [10, 17.7125, 6]},
			"faces": {
				"north": {"uv": [4, 0, 8, 16], "rotation": 90, "texture": "#4"},
				"east": {"uv": [4, 2.5, 8, 6.5], "texture": "#4"},
				"south": {"uv": [4, 0, 8, 16], "rotation": 270, "texture": "#4"},
				"west": {"uv": [4, 2.5, 8, 6.5], "rotation": 180, "texture": "#4"},
				"up": {"uv": [4, 0, 8, 16], "rotation": 270, "texture": "#4"},
				"down": {"uv": [4, 0, 8, 16], "rotation": 270, "texture": "#4"}
			}
		},
		{
			"name": "octagon",
			"from": [6.08438, 17.57216, 5.6612],
			"to": [13.25938, 17.85284, 6.3388],
			"rotation": {"angle": -45, "axis": "x", "origin": [10, 17.7125, 6]},
			"faces": {
				"north": {"uv": [0, 0, 4, 16], "rotation": 90, "texture": "#4"},
				"east": {"uv": [4, 2.5, 8, 6.5], "rotation": 270, "texture": "#4"},
				"south": {"uv": [0, 0, 4, 16], "rotation": 270, "texture": "#4"},
				"west": {"uv": [4, 2.5, 8, 6.5], "rotation": 270, "texture": "#4"},
				"up": {"uv": [0, 0, 4, 16], "rotation": 270, "texture": "#4"},
				"down": {"uv": [0, 0, 4, 16], "rotation": 270, "texture": "#4"}
			}
		},
		{
			"name": "octagon",
			"from": [6.08368, 17.57178, 5.66082],
			"to": [13.26008, 17.85322, 6.33919],
			"rotation": {"angle": 0, "axis": "y", "origin": [10, 17.7125, 6]},
			"faces": {
				"north": {"uv": [12, 0, 16, 16], "rotation": 90, "texture": "#4"},
				"east": {"uv": [4, 2.5, 8, 6.5], "texture": "#4"},
				"south": {"uv": [12, 0, 16, 16], "rotation": 270, "texture": "#4"},
				"west": {"uv": [4, 2.5, 8, 6.5], "rotation": 180, "texture": "#4"},
				"up": {"uv": [12, 0, 16, 16], "rotation": 270, "texture": "#4"},
				"down": {"uv": [12, 0, 16, 16], "rotation": 270, "texture": "#4"}
			}
		},
		{
			"name": "octagon",
			"from": [6.08333, 17.37312, 5.85909],
			"to": [13.26043, 18.05188, 6.14091],
			"rotation": {"angle": -45, "axis": "x", "origin": [10, 17.7125, 6]},
			"faces": {
				"north": {"uv": [8, 0, 12, 16], "rotation": 90, "texture": "#4"},
				"east": {"uv": [4, 2.5, 8, 6.5], "rotation": 270, "texture": "#4"},
				"south": {"uv": [8, 0, 12, 16], "rotation": 270, "texture": "#4"},
				"west": {"uv": [4, 2.5, 8, 6.5], "rotation": 270, "texture": "#4"},
				"up": {"uv": [8, 0, 12, 16], "rotation": 270, "texture": "#4"},
				"down": {"uv": [8, 0, 12, 16], "rotation": 270, "texture": "#4"}
			}
		},
		{
			"name": "octagon",
			"from": [6.87153, 17.13282, 5.7597],
			"to": [6.95972, 18.29218, 6.2403],
			"rotation": {"angle": 0, "axis": "y", "origin": [10, 17.7125, 6]},
			"faces": {
				"north": {"uv": [4, 0, 8, 16], "rotation": 90, "texture": "#4"},
				"east": {"uv": [4, 2.5, 8, 6.5], "texture": "#4"},
				"south": {"uv": [4, 0, 8, 16], "rotation": 270, "texture": "#4"},
				"west": {"uv": [4, 2.5, 8, 6.5], "rotation": 180, "texture": "#4"},
				"up": {"uv": [4, 0, 8, 16], "rotation": 270, "texture": "#4"},
				"down": {"uv": [4, 0, 8, 16], "rotation": 270, "texture": "#4"}
			}
		},
		{
			"name": "octagon",
			"from": [6.87188, 17.47253, 5.42065],
			"to": [6.95938, 17.95247, 6.57935],
			"rotation": {"angle": -45, "axis": "x", "origin": [10, 17.7125, 6]},
			"faces": {
				"north": {"uv": [0, 0, 4, 16], "rotation": 90, "texture": "#4"},
				"east": {"uv": [4, 2.5, 8, 6.5], "rotation": 270, "texture": "#4"},
				"south": {"uv": [0, 0, 4, 16], "rotation": 270, "texture": "#4"},
				"west": {"uv": [4, 2.5, 8, 6.5], "rotation": 270, "texture": "#4"},
				"up": {"uv": [0, 0, 4, 16], "rotation": 270, "texture": "#4"},
				"down": {"uv": [0, 0, 4, 16], "rotation": 270, "texture": "#4"}
			}
		},
		{
			"name": "octagon",
			"from": [6.87117, 17.47187, 5.41999],
			"to": [6.96008, 17.95313, 6.58001],
			"rotation": {"angle": 0, "axis": "y", "origin": [10, 17.7125, 6]},
			"faces": {
				"north": {"uv": [12, 0, 16, 16], "rotation": 90, "texture": "#4"},
				"east": {"uv": [4, 2.5, 8, 6.5], "texture": "#4"},
				"south": {"uv": [12, 0, 16, 16], "rotation": 270, "texture": "#4"},
				"west": {"uv": [4, 2.5, 8, 6.5], "rotation": 180, "texture": "#4"},
				"up": {"uv": [12, 0, 16, 16], "rotation": 270, "texture": "#4"},
				"down": {"uv": [12, 0, 16, 16], "rotation": 270, "texture": "#4"}
			}
		},
		{
			"name": "octagon",
			"from": [6.87083, 17.13216, 5.75904],
			"to": [6.96043, 18.29284, 6.24096],
			"rotation": {"angle": -45, "axis": "x", "origin": [10, 17.7125, 6]},
			"faces": {
				"north": {"uv": [8, 0, 12, 16], "rotation": 90, "texture": "#4"},
				"east": {"uv": [4, 2.5, 8, 6.5], "rotation": 270, "texture": "#4"},
				"south": {"uv": [8, 0, 12, 16], "rotation": 270, "texture": "#4"},
				"west": {"uv": [4, 2.5, 8, 6.5], "rotation": 270, "texture": "#4"},
				"up": {"uv": [8, 0, 12, 16], "rotation": 270, "texture": "#4"},
				"down": {"uv": [8, 0, 12, 16], "rotation": 270, "texture": "#4"}
			}
		},
		{
			"name": "octagon",
			"from": [6.69653, 17.24296, 5.80535],
			"to": [6.95972, 18.18204, 6.19465],
			"rotation": {"angle": 0, "axis": "y", "origin": [10, 17.7125, 6]},
			"faces": {
				"north": {"uv": [4, 0, 8, 16], "rotation": 90, "texture": "#4"},
				"east": {"uv": [4, 2.5, 8, 6.5], "texture": "#4"},
				"south": {"uv": [4, 0, 8, 16], "rotation": 270, "texture": "#4"},
				"west": {"uv": [4, 2.5, 8, 6.5], "rotation": 180, "texture": "#4"},
				"up": {"uv": [4, 0, 8, 16], "rotation": 270, "texture": "#4"},
				"down": {"uv": [4, 0, 8, 16], "rotation": 270, "texture": "#4"}
			}
		},
		{
			"name": "octagon",
			"from": [6.69688, 17.51812, 5.53073],
			"to": [6.95938, 17.90688, 6.46927],
			"rotation": {"angle": -45, "axis": "x", "origin": [10, 17.7125, 6]},
			"faces": {
				"north": {"uv": [0, 0, 4, 16], "rotation": 90, "texture": "#4"},
				"east": {"uv": [4, 2.5, 8, 6.5], "rotation": 270, "texture": "#4"},
				"south": {"uv": [0, 0, 4, 16], "rotation": 270, "texture": "#4"},
				"west": {"uv": [4, 2.5, 8, 6.5], "rotation": 270, "texture": "#4"},
				"up": {"uv": [0, 0, 4, 16], "rotation": 270, "texture": "#4"},
				"down": {"uv": [0, 0, 4, 16], "rotation": 270, "texture": "#4"}
			}
		},
		{
			"name": "octagon",
			"from": [6.69617, 17.51759, 5.53019],
			"to": [6.96008, 17.90741, 6.46981],
			"rotation": {"angle": 0, "axis": "y", "origin": [10, 17.7125, 6]},
			"faces": {
				"north": {"uv": [12, 0, 16, 16], "rotation": 90, "texture": "#4"},
				"east": {"uv": [4, 2.5, 8, 6.5], "texture": "#4"},
				"south": {"uv": [12, 0, 16, 16], "rotation": 270, "texture": "#4"},
				"west": {"uv": [4, 2.5, 8, 6.5], "rotation": 180, "texture": "#4"},
				"up": {"uv": [12, 0, 16, 16], "rotation": 270, "texture": "#4"},
				"down": {"uv": [12, 0, 16, 16], "rotation": 270, "texture": "#4"}
			}
		},
		{
			"name": "octagon",
			"from": [6.69583, 17.24243, 5.80482],
			"to": [6.96043, 18.18257, 6.19518],
			"rotation": {"angle": -45, "axis": "x", "origin": [10, 17.7125, 6]},
			"faces": {
				"north": {"uv": [8, 0, 12, 16], "rotation": 90, "texture": "#4"},
				"east": {"uv": [4, 2.5, 8, 6.5], "rotation": 270, "texture": "#4"},
				"south": {"uv": [8, 0, 12, 16], "rotation": 270, "texture": "#4"},
				"west": {"uv": [4, 2.5, 8, 6.5], "rotation": 270, "texture": "#4"},
				"up": {"uv": [8, 0, 12, 16], "rotation": 270, "texture": "#4"},
				"down": {"uv": [8, 0, 12, 16], "rotation": 270, "texture": "#4"}
			}
		},
		{
			"name": "octagon",
			"from": [13.78403, 17.13282, 5.7597],
			"to": [13.87222, 18.29218, 6.2403],
			"rotation": {"angle": 0, "axis": "y", "origin": [10, 17.7125, 6]},
			"faces": {
				"north": {"uv": [4, 0, 8, 16], "rotation": 90, "texture": "#4"},
				"east": {"uv": [4, 2.5, 8, 6.5], "texture": "#4"},
				"south": {"uv": [4, 0, 8, 16], "rotation": 270, "texture": "#4"},
				"west": {"uv": [4, 2.5, 8, 6.5], "rotation": 180, "texture": "#4"},
				"up": {"uv": [4, 0, 8, 16], "rotation": 270, "texture": "#4"},
				"down": {"uv": [4, 0, 8, 16], "rotation": 270, "texture": "#4"}
			}
		},
		{
			"name": "octagon",
			"from": [13.78438, 17.47253, 5.42065],
			"to": [13.87188, 17.95247, 6.57935],
			"rotation": {"angle": -45, "axis": "x", "origin": [10, 17.7125, 6]},
			"faces": {
				"north": {"uv": [0, 0, 4, 16], "rotation": 90, "texture": "#4"},
				"east": {"uv": [4, 2.5, 8, 6.5], "rotation": 270, "texture": "#4"},
				"south": {"uv": [0, 0, 4, 16], "rotation": 270, "texture": "#4"},
				"west": {"uv": [4, 2.5, 8, 6.5], "rotation": 270, "texture": "#4"},
				"up": {"uv": [0, 0, 4, 16], "rotation": 270, "texture": "#4"},
				"down": {"uv": [0, 0, 4, 16], "rotation": 270, "texture": "#4"}
			}
		},
		{
			"name": "octagon",
			"from": [13.78367, 17.47187, 5.41999],
			"to": [13.87258, 17.95313, 6.58001],
			"rotation": {"angle": 0, "axis": "y", "origin": [10, 17.7125, 6]},
			"faces": {
				"north": {"uv": [12, 0, 16, 16], "rotation": 90, "texture": "#4"},
				"east": {"uv": [4, 2.5, 8, 6.5], "texture": "#4"},
				"south": {"uv": [12, 0, 16, 16], "rotation": 270, "texture": "#4"},
				"west": {"uv": [4, 2.5, 8, 6.5], "rotation": 180, "texture": "#4"},
				"up": {"uv": [12, 0, 16, 16], "rotation": 270, "texture": "#4"},
				"down": {"uv": [12, 0, 16, 16], "rotation": 270, "texture": "#4"}
			}
		},
		{
			"name": "octagon",
			"from": [13.78333, 17.13216, 5.75904],
			"to": [13.87293, 18.29284, 6.24096],
			"rotation": {"angle": -45, "axis": "x", "origin": [10, 17.7125, 6]},
			"faces": {
				"north": {"uv": [8, 0, 12, 16], "rotation": 90, "texture": "#4"},
				"east": {"uv": [4, 2.5, 8, 6.5], "rotation": 270, "texture": "#4"},
				"south": {"uv": [8, 0, 12, 16], "rotation": 270, "texture": "#4"},
				"west": {"uv": [4, 2.5, 8, 6.5], "rotation": 270, "texture": "#4"},
				"up": {"uv": [8, 0, 12, 16], "rotation": 270, "texture": "#4"},
				"down": {"uv": [8, 0, 12, 16], "rotation": 270, "texture": "#4"}
			}
		},
		{
			"name": "octagon",
			"from": [6.95903, 17.09615, 5.74449],
			"to": [12.90972, 18.32885, 6.25551],
			"rotation": {"angle": 0, "axis": "y", "origin": [10, 17.7125, 6]},
			"faces": {
				"north": {"uv": [4, 0, 8, 16], "rotation": 90, "texture": "#1"},
				"east": {"uv": [4, 2.5, 8, 6.5], "texture": "#1"},
				"south": {"uv": [4, 0, 8, 16], "rotation": 270, "texture": "#1"},
				"west": {"uv": [4, 2.5, 8, 6.5], "rotation": 180, "texture": "#1"},
				"up": {"uv": [4, 0, 8, 16], "rotation": 270, "texture": "#1"},
				"down": {"uv": [4, 0, 8, 16], "rotation": 270, "texture": "#1"}
			}
		},
		{
			"name": "octagon",
			"from": [6.95938, 17.45734, 5.384],
			"to": [12.90938, 17.96766, 6.616],
			"rotation": {"angle": -45, "axis": "x", "origin": [10, 17.7125, 6]},
			"faces": {
				"north": {"uv": [0, 0, 4, 16], "rotation": 90, "texture": "#1"},
				"east": {"uv": [4, 2.5, 8, 6.5], "rotation": 270, "texture": "#1"},
				"south": {"uv": [0, 0, 4, 16], "rotation": 270, "texture": "#1"},
				"west": {"uv": [4, 2.5, 8, 6.5], "rotation": 270, "texture": "#1"},
				"up": {"uv": [0, 0, 4, 16], "rotation": 270, "texture": "#1"},
				"down": {"uv": [0, 0, 4, 16], "rotation": 270, "texture": "#1"}
			}
		},
		{
			"name": "octagon",
			"from": [6.95868, 17.45664, 5.3833],
			"to": [12.91008, 17.96836, 6.6167],
			"rotation": {"angle": 0, "axis": "y", "origin": [10, 17.7125, 6]},
			"faces": {
				"north": {"uv": [12, 0, 16, 16], "rotation": 90, "texture": "#1"},
				"east": {"uv": [4, 2.5, 8, 6.5], "texture": "#1"},
				"south": {"uv": [12, 0, 16, 16], "rotation": 270, "texture": "#1"},
				"west": {"uv": [4, 2.5, 8, 6.5], "rotation": 180, "texture": "#1"},
				"up": {"uv": [12, 0, 16, 16], "rotation": 270, "texture": "#1"},
				"down": {"uv": [12, 0, 16, 16], "rotation": 270, "texture": "#1"}
			}
		},
		{
			"name": "octagon",
			"from": [6.95833, 17.09545, 5.74379],
			"to": [12.91043, 18.32955, 6.25621],
			"rotation": {"angle": -45, "axis": "x", "origin": [10, 17.7125, 6]},
			"faces": {
				"north": {"uv": [8, 0, 12, 16], "rotation": 90, "texture": "#1"},
				"east": {"uv": [4, 2.5, 8, 6.5], "rotation": 270, "texture": "#1"},
				"south": {"uv": [8, 0, 12, 16], "rotation": 270, "texture": "#1"},
				"west": {"uv": [4, 2.5, 8, 6.5], "rotation": 270, "texture": "#1"},
				"up": {"uv": [8, 0, 12, 16], "rotation": 270, "texture": "#1"},
				"down": {"uv": [8, 0, 12, 16], "rotation": 270, "texture": "#1"}
			}
		},
		{
			"name": "octagon",
			"from": [13.08403, 17.09615, 5.74449],
			"to": [13.78472, 18.32885, 6.25551],
			"rotation": {"angle": 0, "axis": "y", "origin": [10, 17.7125, 6]},
			"faces": {
				"north": {"uv": [4, 0, 8, 16], "rotation": 90, "texture": "#1"},
				"east": {"uv": [4, 2.5, 8, 6.5], "texture": "#1"},
				"south": {"uv": [4, 0, 8, 16], "rotation": 270, "texture": "#1"},
				"west": {"uv": [4, 2.5, 8, 6.5], "rotation": 180, "texture": "#1"},
				"up": {"uv": [4, 0, 8, 16], "rotation": 270, "texture": "#1"},
				"down": {"uv": [4, 0, 8, 16], "rotation": 270, "texture": "#1"}
			}
		},
		{
			"name": "octagon",
			"from": [13.08438, 17.45734, 5.384],
			"to": [13.78438, 17.96766, 6.616],
			"rotation": {"angle": -45, "axis": "x", "origin": [10, 17.7125, 6]},
			"faces": {
				"north": {"uv": [0, 0, 4, 16], "rotation": 90, "texture": "#1"},
				"east": {"uv": [4, 2.5, 8, 6.5], "rotation": 270, "texture": "#1"},
				"south": {"uv": [0, 0, 4, 16], "rotation": 270, "texture": "#1"},
				"west": {"uv": [4, 2.5, 8, 6.5], "rotation": 270, "texture": "#1"},
				"up": {"uv": [0, 0, 4, 16], "rotation": 270, "texture": "#1"},
				"down": {"uv": [0, 0, 4, 16], "rotation": 270, "texture": "#1"}
			}
		},
		{
			"name": "octagon",
			"from": [13.08368, 17.45664, 5.3833],
			"to": [13.78508, 17.96836, 6.6167],
			"rotation": {"angle": 0, "axis": "y", "origin": [10, 17.7125, 6]},
			"faces": {
				"north": {"uv": [12, 0, 16, 16], "rotation": 90, "texture": "#1"},
				"east": {"uv": [4, 2.5, 8, 6.5], "texture": "#1"},
				"south": {"uv": [12, 0, 16, 16], "rotation": 270, "texture": "#1"},
				"west": {"uv": [4, 2.5, 8, 6.5], "rotation": 180, "texture": "#1"},
				"up": {"uv": [12, 0, 16, 16], "rotation": 270, "texture": "#1"},
				"down": {"uv": [12, 0, 16, 16], "rotation": 270, "texture": "#1"}
			}
		},
		{
			"name": "octagon",
			"from": [13.08333, 17.09545, 5.74379],
			"to": [13.78543, 18.32955, 6.25621],
			"rotation": {"angle": -45, "axis": "x", "origin": [10, 17.7125, 6]},
			"faces": {
				"north": {"uv": [8, 0, 12, 16], "rotation": 90, "texture": "#1"},
				"east": {"uv": [4, 2.5, 8, 6.5], "rotation": 270, "texture": "#1"},
				"south": {"uv": [8, 0, 12, 16], "rotation": 270, "texture": "#1"},
				"west": {"uv": [4, 2.5, 8, 6.5], "rotation": 270, "texture": "#1"},
				"up": {"uv": [8, 0, 12, 16], "rotation": 270, "texture": "#1"},
				"down": {"uv": [8, 0, 12, 16], "rotation": 270, "texture": "#1"}
			}
		}
	],
	"display": {
		"thirdperson_righthand": {
			"translation": [0, -1.75, -0.5],
			"scale": [0.3, 0.3, 0.3]
		},
		"thirdperson_lefthand": {
			"translation": [0, -1.75, -0.5],
			"scale": [0.3, 0.3, 0.3]
		},
		"firstperson_righthand": {
			"rotation": [13.78, 3.7, -3.7],
			"translation": [0, -1.25, 0],
			"scale": [0.4, 0.4, 0.4]
		},
		"firstperson_lefthand": {
			"rotation": [13.78, 3.7, -3.7],
			"translation": [0, -1.25, 0],
			"scale": [0.4, 0.4, 0.4]
		},
		"ground": {
			"rotation": [90, 0, 0],
			"translation": [0, 0, -0.75],
			"scale": [0.38, 0.38, 0.38]
		},
		"gui": {
			"rotation": [-92.92, 67.03, 121.67],
			"translation": [0.75, -1.75, 0],
			"scale": [0.75, 0.75, 0.75]
		},
		"head": {
			"translation": [0, -29.5, 0],
			"scale": [2, 2, 2]
		}
	},
	"groups": [
		0,
		1,
		2,
		3,
		4,
		5,
		{
			"name": "group",
			"origin": [8, 8, 8],
			"color": 0,
			"children": [
				{
					"name": "octagon",
					"origin": [8, 8, 8],
					"color": 0,
					"children": [6, 7, 8, 9]
				},
				{
					"name": "octagon",
					"origin": [8, 8, 8],
					"color": 0,
					"children": [10, 11, 12, 13]
				},
				{
					"name": "octagon",
					"origin": [8, 8, 8],
					"color": 0,
					"children": [14, 15, 16, 17]
				},
				{
					"name": "octagon",
					"origin": [8, 8, 8],
					"color": 0,
					"children": [18, 19, 20, 21]
				},
				{
					"name": "octagon",
					"origin": [8, 8, 8],
					"color": 0,
					"children": [22, 23, 24, 25]
				},
				{
					"name": "octagon",
					"origin": [8, 8, 8],
					"color": 0,
					"children": [26, 27, 28, 29]
				},
				{
					"name": "octagon",
					"origin": [8, 8, 8],
					"color": 0,
					"children": [30, 31, 32, 33]
				}
			]
		},
		{
			"name": "group",
			"origin": [8, 8, 8],
			"color": 0,
			"children": [
				{
					"name": "octagon",
					"origin": [8, 8, 8],
					"color": 0,
					"children": [34, 35, 36, 37]
				},
				{
					"name": "octagon",
					"origin": [8, 8, 8],
					"color": 0,
					"children": [38, 39, 40, 41]
				},
				{
					"name": "octagon",
					"origin": [8, 8, 8],
					"color": 0,
					"children": [42, 43, 44, 45]
				},
				{
					"name": "octagon",
					"origin": [8, 8, 8],
					"color": 0,
					"children": [46, 47, 48, 49]
				},
				{
					"name": "octagon",
					"origin": [8, 8, 8],
					"color": 0,
					"children": [50, 51, 52, 53]
				},
				{
					"name": "octagon",
					"origin": [8, 8, 8],
					"color": 0,
					"children": [54, 55, 56, 57]
				},
				{
					"name": "octagon",
					"origin": [8, 8, 8],
					"color": 0,
					"children": [58, 59, 60, 61]
				}
			]
		},
		{
			"name": "group",
			"origin": [8, 8, 8],
			"color": 0,
			"children": [
				{
					"name": "octagon",
					"origin": [8, 8, 8],
					"color": 0,
					"children": [62, 63, 64, 65]
				},
				{
					"name": "octagon",
					"origin": [8, 8, 8],
					"color": 0,
					"children": [66, 67, 68, 69]
				},
				{
					"name": "octagon",
					"origin": [8, 8, 8],
					"color": 0,
					"children": [70, 71, 72, 73]
				},
				{
					"name": "octagon",
					"origin": [8, 8, 8],
					"color": 0,
					"children": [74, 75, 76, 77]
				},
				{
					"name": "octagon",
					"origin": [8, 8, 8],
					"color": 0,
					"children": [78, 79, 80, 81]
				},
				{
					"name": "octagon",
					"origin": [8, 8, 8],
					"color": 0,
					"children": [82, 83, 84, 85]
				},
				{
					"name": "octagon",
					"origin": [8, 8, 8],
					"color": 0,
					"children": [86, 87, 88, 89]
				}
			]
		},
		{
			"name": "group",
			"origin": [8, 8, 8],
			"color": 0,
			"children": [
				{
					"name": "octagon",
					"origin": [8, 8, 8],
					"color": 0,
					"children": [90, 91, 92, 93]
				},
				{
					"name": "octagon",
					"origin": [8, 8, 8],
					"color": 0,
					"children": [94, 95, 96, 97]
				},
				{
					"name": "octagon",
					"origin": [8, 8, 8],
					"color": 0,
					"children": [98, 99, 100, 101]
				},
				{
					"name": "octagon",
					"origin": [8, 8, 8],
					"color": 0,
					"children": [102, 103, 104, 105]
				},
				{
					"name": "octagon",
					"origin": [8, 8, 8],
					"color": 0,
					"children": [106, 107, 108, 109]
				},
				{
					"name": "octagon",
					"origin": [8, 8, 8],
					"color": 0,
					"children": [110, 111, 112, 113]
				},
				{
					"name": "octagon",
					"origin": [8, 8, 8],
					"color": 0,
					"children": [114, 115, 116, 117]
				}
			]
		},
		{
			"name": "group",
			"origin": [8, 8, 8],
			"color": 0,
			"children": [
				{
					"name": "octagon",
					"origin": [8, 8, 8],
					"color": 0,
					"children": [118, 119, 120, 121]
				},
				{
					"name": "octagon",
					"origin": [8, 8, 8],
					"color": 0,
					"children": [122, 123, 124, 125]
				},
				{
					"name": "octagon",
					"origin": [8, 8, 8],
					"color": 0,
					"children": [126, 127, 128, 129]
				},
				{
					"name": "octagon",
					"origin": [8, 8, 8],
					"color": 0,
					"children": [130, 131, 132, 133]
				},
				{
					"name": "octagon",
					"origin": [8, 8, 8],
					"color": 0,
					"children": [134, 135, 136, 137]
				},
				{
					"name": "octagon",
					"origin": [8, 8, 8],
					"color": 0,
					"children": [138, 139, 140, 141]
				},
				{
					"name": "octagon",
					"origin": [8, 8, 8],
					"color": 0,
					"children": [142, 143, 144, 145]
				}
			]
		}
	],
	"display": {
		"thirdperson_righthand": {
			"translation": [0, -2, -2.5],
			"scale": [0.34, 0.34, 0.34]
		},
		"thirdperson_lefthand": {
			"translation": [0, -2, -2.5],
			"scale": [0.34, 0.34, 0.34]
		},
		"firstperson_righthand": {
			"scale": [0.35, 0.35, 0.35]
		},
		"firstperson_lefthand": {
			"scale": [0.35, 0.35, 0.35]
		},
		"ground": {
			"translation": [0, 1.5, 0],
			"scale": [0.35, 0.35, 0.35]
		},
		"gui": {
			"rotation": [-160, 45, -180],
			"scale": [0.7, 0.7, 0.7]
		},
		"head": {
			"translation": [0, -29.5, 0],
			"scale": [2, 2, 2]
		}
	}
}