{
	"credit": "Made with Blockbench",
	"textures": {
		"0": "custom/box_wings",
		"4": "custom/odmgear/dark_metal",
		"particle": "custom/box_wings"
	},
	"elements": [
		{
			"from": [2, 16, 2],
			"to": [14, 17, 14],
			"rotation": {"angle": -22.5, "axis": "y", "origin": [8, 16.5, 8]},
			"faces": {
				"north": {"uv": [0, 6, 3, 6.375], "texture": "#0"},
				"east": {"uv": [9, 6, 12, 6.375], "texture": "#0"},
				"south": {"uv": [6, 6, 9, 6.375], "texture": "#0"},
				"west": {"uv": [3, 5.9375, 6, 6.375], "texture": "#0"},
				"up": {"uv": [6, 0, 9, 5.9375], "texture": "#0"},
				"down": {"uv": [3, 0, 6, 5.9375], "texture": "#0"}
			}
		},
		{
			"from": [2.01, 0.01, 2.01],
			"to": [13.99, 0.99, 13.99],
			"faces": {
				"north": {"uv": [0, 6, 3, 13.9375], "texture": "#0"},
				"east": {"uv": [9, 6, 12, 13.9375], "texture": "#0"},
				"south": {"uv": [6, 6, 9, 13.9375], "texture": "#0"},
				"west": {"uv": [3, 5.9375, 6, 13.875], "texture": "#0"},
				"up": {"uv": [6, 0, 9, 5.9375], "texture": "#0"},
				"down": {"uv": [3, 0, 6, 5.9375], "texture": "#0"}
			}
		},
		{
			"from": [2, 0, 2],
			"to": [14, 16, 3],
			"faces": {
				"north": {"uv": [0, 6, 3, 13.9375], "texture": "#0"},
				"east": {"uv": [11.6875, 6, 12, 13.9375], "texture": "#0"},
				"south": {"uv": [6, 6, 9, 13.9375], "texture": "#0"},
				"west": {"uv": [3, 5.9375, 3.25, 13.875], "texture": "#0"},
				"up": {"uv": [6, 0, 9, 0.25], "texture": "#0"},
				"down": {"uv": [3, 5.625, 6, 5.9375], "texture": "#0"}
			}
		},
		{
			"from": [2, 0, 13],
			"to": [14, 16, 14],
			"faces": {
				"north": {"uv": [0, 6, 3, 13.9375], "texture": "#0"},
				"east": {"uv": [9, 6, 9.3125, 13.9375], "texture": "#0"},
				"south": {"uv": [6, 6, 9, 13.9375], "texture": "#0"},
				"west": {"uv": [5.6875, 5.9375, 6, 13.875], "texture": "#0"},
				"up": {"uv": [6, 0, 9, 0.25], "texture": "#0"},
				"down": {"uv": [3, 5.5625, 6, 5.9375], "texture": "#0"}
			}
		},
		{
			"from": [13.005, 0.005, 2.005],
			"to": [13.995, 15.995, 13.995],
			"faces": {
				"north": {"uv": [0, 6, 3, 13.9375], "texture": "#0"},
				"east": {"uv": [9, 6, 12, 13.9375], "texture": "#0"},
				"south": {"uv": [6, 6, 9, 13.9375], "texture": "#0"},
				"west": {"uv": [3, 5.9375, 6, 13.875], "texture": "#0"},
				"up": {"uv": [8.75, 0, 9, 5.9375], "texture": "#0"},
				"down": {"uv": [3, 0, 3.25, 5.9375], "texture": "#0"}
			}
		},
		{
			"from": [2.005, 0.005, 2.005],
			"to": [2.995, 15.995, 13.995],
			"faces": {
				"north": {"uv": [0, 6, 3, 13.9375], "texture": "#0"},
				"east": {"uv": [9, 6, 12, 13.9375], "texture": "#0"},
				"south": {"uv": [6, 6, 9, 13.9375], "texture": "#0"},
				"west": {"uv": [3, 5.9375, 6, 13.875], "texture": "#0"},
				"up": {"uv": [6, 0, 6.3125, 5.9375], "texture": "#0"},
				"down": {"uv": [5.625, 0, 6, 5.9375], "texture": "#0"}
			}
		},
		{
			"from": [4.9893, 17.06817, 7.19424],
			"to": [10.9325, 18.28183, 8.56899],
			"rotation": {"angle": 0, "axis": "z", "origin": [8, 17.675, 7.5]},
			"faces": {
				"north": {"uv": [0, 0, 4, 14], "rotation": 90, "texture": "#4"},
				"east": {"uv": [0, 0, 4, 3.5], "rotation": 270, "texture": "#4"},
				"south": {"uv": [0, 0, 4, 14], "rotation": 270, "texture": "#4"},
				"west": {"uv": [0, 0, 4, 3.5], "rotation": 270, "texture": "#4"},
				"up": {"uv": [0, 0, 3.5, 14], "rotation": 270, "texture": "#4"},
				"down": {"uv": [6, 0, 9.5, 16], "rotation": 270, "texture": "#4"}
			}
		},
		{
			"from": [4.9893, 17.21988, 7.04253],
			"to": [10.9325, 18.13012, 7.19424],
			"rotation": {"angle": 0, "axis": "z", "origin": [8, 17.675, 7.5]},
			"faces": {
				"north": {"uv": [3, 0, 5.5, 16], "rotation": 90, "texture": "#4"},
				"east": {"uv": [0, 0, 3, 0.5], "rotation": 270, "texture": "#4"},
				"south": {"uv": [0, 0, 3, 14], "rotation": 270, "texture": "#4"},
				"west": {"uv": [0, 0, 3, 0.5], "rotation": 270, "texture": "#4"},
				"up": {"uv": [0, 0, 0.5, 14], "rotation": 270, "texture": "#4"},
				"down": {"uv": [0, 0, 0.5, 14], "rotation": 270, "texture": "#4"}
			}
		},
		{
			"from": [4.9893, 17.46427, 6.8547],
			"to": [10.9325, 17.67666, 7.00641],
			"rotation": {"angle": -45, "axis": "x", "origin": [8, 17.675, 7.5]},
			"faces": {
				"north": {"uv": [11, 0, 11.5, 16], "rotation": 90, "texture": "#4"},
				"east": {"uv": [0, 0, 0.7, 0.5], "rotation": 270, "texture": "#4"},
				"south": {"uv": [0, 0, 0.7, 14], "rotation": 270, "texture": "#4"},
				"west": {"uv": [0, 0, 0.7, 0.5], "rotation": 270, "texture": "#4"},
				"up": {"uv": [0, 0, 0.5, 14], "rotation": 270, "texture": "#4"},
				"down": {"uv": [0, 0, 0.5, 14], "rotation": 270, "texture": "#4"}
			}
		},
		{
			"from": [4.9893, 17.67334, 6.8547],
			"to": [10.9325, 17.88573, 7.00641],
			"rotation": {"angle": 45, "axis": "x", "origin": [8, 17.675, 7.5]},
			"faces": {
				"north": {"uv": [11, 0, 11.5, 16], "rotation": 90, "texture": "#4"},
				"east": {"uv": [0.7, 0, 0, 0.5], "rotation": 270, "texture": "#4"},
				"south": {"uv": [0.7, 0, 0, 14], "rotation": 270, "texture": "#4"},
				"west": {"uv": [0.7, 0, 0, 0.5], "rotation": 270, "texture": "#4"},
				"up": {"uv": [0.5, 0, 0, 14], "rotation": 270, "texture": "#4"},
				"down": {"uv": [0.5, 0, 0, 14], "rotation": 270, "texture": "#4"}
			}
		},
		{
			"from": [4.8329, 17.01812, 6.99952],
			"to": [4.9893, 18.33188, 8.70428],
			"rotation": {"angle": 0, "axis": "z", "origin": [8, 17.675, 7.5]},
			"faces": {
				"north": {"uv": [11, 0, 13, 16], "rotation": 180, "texture": "#4"},
				"east": {"uv": [0, 0, 4.2, 16], "rotation": 270, "texture": "#4"},
				"south": {"uv": [11, 0, 13, 16], "texture": "#4"},
				"west": {"uv": [3.5, 0, 7.7, 16], "rotation": 270, "texture": "#4"},
				"up": {"uv": [11, 0, 13, 16], "texture": "#4"},
				"down": {"uv": [11, 0, 13, 16], "texture": "#4"}
			}
		},
		{
			"from": [10.9325, 17.01812, 6.84312],
			"to": [11.2453, 18.33188, 8.78248],
			"rotation": {"angle": 0, "axis": "z", "origin": [8, 17.675, 7.5]},
			"faces": {
				"north": {"uv": [11, 0, 13, 16], "rotation": 180, "texture": "#4"},
				"east": {"uv": [0, 0, 4.2, 16], "rotation": 270, "texture": "#4"},
				"south": {"uv": [11, 0, 13, 16], "texture": "#4"},
				"west": {"uv": [3.5, 0, 7.7, 16], "rotation": 270, "texture": "#4"},
				"up": {"uv": [11, 0, 13, 16], "texture": "#4"},
				"down": {"uv": [11, 0, 13, 16], "texture": "#4"}
			}
		},
		{
			"from": [2.9893, 0.06817, 0.19424],
			"to": [8.9325, 1.28183, 1.56899],
			"rotation": {"angle": 0, "axis": "z", "origin": [6, 0.675, 0.5]},
			"faces": {
				"north": {"uv": [0, 0, 4, 14], "rotation": 90, "texture": "#4"},
				"east": {"uv": [0, 0, 4, 3.5], "rotation": 270, "texture": "#4"},
				"south": {"uv": [0, 0, 4, 14], "rotation": 270, "texture": "#4"},
				"west": {"uv": [0, 0, 4, 3.5], "rotation": 270, "texture": "#4"},
				"up": {"uv": [0, 0, 3.5, 14], "rotation": 270, "texture": "#4"},
				"down": {"uv": [6, 0, 9.5, 16], "rotation": 270, "texture": "#4"}
			}
		},
		{
			"from": [2.9893, 0.21988, 0.04253],
			"to": [8.9325, 1.13012, 0.19424],
			"rotation": {"angle": 0, "axis": "z", "origin": [6, 0.675, 0.5]},
			"faces": {
				"north": {"uv": [3, 0, 5.5, 16], "rotation": 90, "texture": "#4"},
				"east": {"uv": [0, 0, 3, 0.5], "rotation": 270, "texture": "#4"},
				"south": {"uv": [0, 0, 3, 14], "rotation": 270, "texture": "#4"},
				"west": {"uv": [0, 0, 3, 0.5], "rotation": 270, "texture": "#4"},
				"up": {"uv": [0, 0, 0.5, 14], "rotation": 270, "texture": "#4"},
				"down": {"uv": [0, 0, 0.5, 14], "rotation": 270, "texture": "#4"}
			}
		},
		{
			"from": [2.9893, 0.46427, -0.1453],
			"to": [8.9325, 0.67666, 0.00641],
			"rotation": {"angle": -45, "axis": "x", "origin": [6, 0.675, 0.5]},
			"faces": {
				"north": {"uv": [11, 0, 11.5, 16], "rotation": 90, "texture": "#4"},
				"east": {"uv": [0, 0, 0.7, 0.5], "rotation": 270, "texture": "#4"},
				"south": {"uv": [0, 0, 0.7, 14], "rotation": 270, "texture": "#4"},
				"west": {"uv": [0, 0, 0.7, 0.5], "rotation": 270, "texture": "#4"},
				"up": {"uv": [0, 0, 0.5, 14], "rotation": 270, "texture": "#4"},
				"down": {"uv": [0, 0, 0.5, 14], "rotation": 270, "texture": "#4"}
			}
		},
		{
			"from": [2.9893, 0.67334, -0.1453],
			"to": [8.9325, 0.88573, 0.00641],
			"rotation": {"angle": 45, "axis": "x", "origin": [6, 0.675, 0.5]},
			"faces": {
				"north": {"uv": [11, 0, 11.5, 16], "rotation": 90, "texture": "#4"},
				"east": {"uv": [0.7, 0, 0, 0.5], "rotation": 270, "texture": "#4"},
				"south": {"uv": [0.7, 0, 0, 14], "rotation": 270, "texture": "#4"},
				"west": {"uv": [0.7, 0, 0, 0.5], "rotation": 270, "texture": "#4"},
				"up": {"uv": [0.5, 0, 0, 14], "rotation": 270, "texture": "#4"},
				"down": {"uv": [0.5, 0, 0, 14], "rotation": 270, "texture": "#4"}
			}
		},
		{
			"from": [2.8329, 0.01812, -0.00048],
			"to": [2.9893, 1.33188, 1.70428],
			"rotation": {"angle": 0, "axis": "z", "origin": [6, 0.675, 0.5]},
			"faces": {
				"north": {"uv": [11, 0, 13, 16], "rotation": 180, "texture": "#4"},
				"east": {"uv": [0, 0, 4.2, 16], "rotation": 270, "texture": "#4"},
				"south": {"uv": [11, 0, 13, 16], "texture": "#4"},
				"west": {"uv": [3.5, 0, 7.7, 16], "rotation": 270, "texture": "#4"},
				"up": {"uv": [11, 0, 13, 16], "texture": "#4"},
				"down": {"uv": [11, 0, 13, 16], "texture": "#4"}
			}
		},
		{
			"from": [8.9325, 0.01812, -0.15688],
			"to": [9.2453, 1.33188, 1.78248],
			"rotation": {"angle": 0, "axis": "z", "origin": [6, 0.675, 0.5]},
			"faces": {
				"north": {"uv": [11, 0, 13, 16], "rotation": 180, "texture": "#4"},
				"east": {"uv": [0, 0, 4.2, 16], "rotation": 270, "texture": "#4"},
				"south": {"uv": [11, 0, 13, 16], "texture": "#4"},
				"west": {"uv": [3.5, 0, 7.7, 16], "rotation": 270, "texture": "#4"},
				"up": {"uv": [11, 0, 13, 16], "texture": "#4"},
				"down": {"uv": [11, 0, 13, 16], "texture": "#4"}
			}
		},
		{
			"from": [5.69424, 18.06817, 3.5675],
			"to": [7.06899, 19.28183, 9.5107],
			"rotation": {"angle": -22.5, "axis": "x", "origin": [6, 18.675, 6.5]},
			"faces": {
				"north": {"uv": [0, 0, 4, 3.5], "rotation": 270, "texture": "#4"},
				"east": {"uv": [0, 0, 4, 14], "rotation": 270, "texture": "#4"},
				"south": {"uv": [0, 0, 4, 3.5], "rotation": 270, "texture": "#4"},
				"west": {"uv": [0, 0, 4, 14], "rotation": 90, "texture": "#4"},
				"up": {"uv": [0, 0, 3.5, 14], "rotation": 180, "texture": "#4"},
				"down": {"uv": [6, 0, 9.5, 16], "texture": "#4"}
			}
		},
		{
			"from": [5.54253, 18.21988, 3.5675],
			"to": [5.69424, 19.13012, 9.5107],
			"rotation": {"angle": -22.5, "axis": "x", "origin": [6, 18.675, 6.5]},
			"faces": {
				"north": {"uv": [0, 0, 3, 0.5], "rotation": 270, "texture": "#4"},
				"east": {"uv": [0, 0, 3, 14], "rotation": 270, "texture": "#4"},
				"south": {"uv": [0, 0, 3, 0.5], "rotation": 270, "texture": "#4"},
				"west": {"uv": [3, 0, 5.5, 16], "rotation": 90, "texture": "#4"},
				"up": {"uv": [0, 0, 0.5, 14], "rotation": 180, "texture": "#4"},
				"down": {"uv": [0, 0, 0.5, 14], "texture": "#4"}
			}
		},
		{
			"from": [5.49952, 18.01812, 9.5107],
			"to": [7.20428, 19.33188, 9.6671],
			"rotation": {"angle": -22.5, "axis": "x", "origin": [6, 18.675, 6.5]},
			"faces": {
				"north": {"uv": [0, 0, 4.2, 16], "rotation": 270, "texture": "#4"},
				"east": {"uv": [11, 0, 13, 16], "texture": "#4"},
				"south": {"uv": [3.5, 0, 7.7, 16], "rotation": 270, "texture": "#4"},
				"west": {"uv": [11, 0, 13, 16], "rotation": 180, "texture": "#4"},
				"up": {"uv": [11, 0, 13, 16], "rotation": 270, "texture": "#4"},
				"down": {"uv": [11, 0, 13, 16], "rotation": 90, "texture": "#4"}
			}
		},
		{
			"from": [5.34312, 18.01812, 3.2547],
			"to": [7.28248, 19.33188, 3.5675],
			"rotation": {"angle": -22.5, "axis": "x", "origin": [6, 18.675, 6.5]},
			"faces": {
				"north": {"uv": [0, 0, 4.2, 16], "rotation": 270, "texture": "#4"},
				"east": {"uv": [11, 0, 13, 16], "texture": "#4"},
				"south": {"uv": [3.5, 0, 7.7, 16], "rotation": 270, "texture": "#4"},
				"west": {"uv": [11, 0, 13, 16], "rotation": 180, "texture": "#4"},
				"up": {"uv": [11, 0, 13, 16], "rotation": 270, "texture": "#4"},
				"down": {"uv": [11, 0, 13, 16], "rotation": 90, "texture": "#4"}
			}
		},
		{
			"from": [6.4893, 1.21817, 0.19424],
			"to": [12.4325, 2.43183, 1.56899],
			"rotation": {"angle": -22.5, "axis": "z", "origin": [9.5, 1.825, 0.5]},
			"faces": {
				"north": {"uv": [0, 0, 4, 14], "rotation": 90, "texture": "#4"},
				"east": {"uv": [0, 0, 4, 3.5], "rotation": 270, "texture": "#4"},
				"south": {"uv": [0, 0, 4, 14], "rotation": 270, "texture": "#4"},
				"west": {"uv": [0, 0, 4, 3.5], "rotation": 270, "texture": "#4"},
				"up": {"uv": [0, 0, 3.5, 14], "rotation": 270, "texture": "#4"},
				"down": {"uv": [6, 0, 9.5, 16], "rotation": 270, "texture": "#4"}
			}
		},
		{
			"from": [6.4893, 1.36988, 0.04253],
			"to": [12.4325, 2.28012, 0.19424],
			"rotation": {"angle": -22.5, "axis": "z", "origin": [9.5, 1.825, 0.5]},
			"faces": {
				"north": {"uv": [3, 0, 5.5, 16], "rotation": 90, "texture": "#4"},
				"east": {"uv": [0, 0, 3, 0.5], "rotation": 270, "texture": "#4"},
				"south": {"uv": [0, 0, 3, 14], "rotation": 270, "texture": "#4"},
				"west": {"uv": [0, 0, 3, 0.5], "rotation": 270, "texture": "#4"},
				"up": {"uv": [0, 0, 0.5, 14], "rotation": 270, "texture": "#4"},
				"down": {"uv": [0, 0, 0.5, 14], "rotation": 270, "texture": "#4"}
			}
		},
		{
			"from": [6.3329, 1.16812, -0.00048],
			"to": [6.4893, 2.48188, 1.70428],
			"rotation": {"angle": -22.5, "axis": "z", "origin": [9.5, 1.825, 0.5]},
			"faces": {
				"north": {"uv": [11, 0, 13, 16], "rotation": 180, "texture": "#4"},
				"east": {"uv": [0, 0, 4.2, 16], "rotation": 270, "texture": "#4"},
				"south": {"uv": [11, 0, 13, 16], "texture": "#4"},
				"west": {"uv": [3.5, 0, 7.7, 16], "rotation": 270, "texture": "#4"},
				"up": {"uv": [11, 0, 13, 16], "texture": "#4"},
				"down": {"uv": [11, 0, 13, 16], "texture": "#4"}
			}
		},
		{
			"from": [12.4325, 1.16812, -0.15688],
			"to": [12.7453, 2.48188, 1.78248],
			"rotation": {"angle": -22.5, "axis": "z", "origin": [9.5, 1.825, 0.5]},
			"faces": {
				"north": {"uv": [11, 0, 13, 16], "rotation": 180, "texture": "#4"},
				"east": {"uv": [0, 0, 4.2, 16], "rotation": 270, "texture": "#4"},
				"south": {"uv": [11, 0, 13, 16], "texture": "#4"},
				"west": {"uv": [3.5, 0, 7.7, 16], "rotation": 270, "texture": "#4"},
				"up": {"uv": [11, 0, 13, 16], "texture": "#4"},
				"down": {"uv": [11, 0, 13, 16], "texture": "#4"}
			}
		},
		{
			"from": [6.0675, 17.06817, 10.43101],
			"to": [12.0107, 18.28183, 11.80576],
			"rotation": {"angle": -22.5, "axis": "y", "origin": [9, 17.675, 11.5]},
			"faces": {
				"north": {"uv": [0, 0, 4, 14], "rotation": 270, "texture": "#4"},
				"east": {"uv": [0, 0, 4, 3.5], "rotation": 270, "texture": "#4"},
				"south": {"uv": [0, 0, 4, 14], "rotation": 90, "texture": "#4"},
				"west": {"uv": [0, 0, 4, 3.5], "rotation": 270, "texture": "#4"},
				"up": {"uv": [0, 0, 3.5, 14], "rotation": 90, "texture": "#4"},
				"down": {"uv": [6, 0, 9.5, 16], "rotation": 90, "texture": "#4"}
			}
		},
		{
			"from": [6.0675, 17.21988, 11.80576],
			"to": [12.0107, 18.13012, 11.95747],
			"rotation": {"angle": -22.5, "axis": "y", "origin": [9, 17.675, 11.5]},
			"faces": {
				"north": {"uv": [0, 0, 3, 14], "rotation": 270, "texture": "#4"},
				"east": {"uv": [0, 0, 3, 0.5], "rotation": 270, "texture": "#4"},
				"south": {"uv": [3, 0, 5.5, 16], "rotation": 90, "texture": "#4"},
				"west": {"uv": [0, 0, 3, 0.5], "rotation": 270, "texture": "#4"},
				"up": {"uv": [0, 0, 0.5, 14], "rotation": 90, "texture": "#4"},
				"down": {"uv": [0, 0, 0.5, 14], "rotation": 90, "texture": "#4"}
			}
		},
		{
			"from": [12.0107, 17.01812, 10.29572],
			"to": [12.1671, 18.33188, 12.00048],
			"rotation": {"angle": -22.5, "axis": "y", "origin": [9, 17.675, 11.5]},
			"faces": {
				"north": {"uv": [11, 0, 13, 16], "texture": "#4"},
				"east": {"uv": [3.5, 0, 7.7, 16], "rotation": 270, "texture": "#4"},
				"south": {"uv": [11, 0, 13, 16], "rotation": 180, "texture": "#4"},
				"west": {"uv": [0, 0, 4.2, 16], "rotation": 270, "texture": "#4"},
				"up": {"uv": [11, 0, 13, 16], "rotation": 180, "texture": "#4"},
				"down": {"uv": [11, 0, 13, 16], "rotation": 180, "texture": "#4"}
			}
		},
		{
			"from": [5.7547, 17.01812, 10.21752],
			"to": [6.0675, 18.33188, 12.15688],
			"rotation": {"angle": -22.5, "axis": "y", "origin": [9, 17.675, 11.5]},
			"faces": {
				"north": {"uv": [11, 0, 13, 16], "texture": "#4"},
				"east": {"uv": [3.5, 0, 7.7, 16], "rotation": 270, "texture": "#4"},
				"south": {"uv": [11, 0, 13, 16], "rotation": 180, "texture": "#4"},
				"west": {"uv": [0, 0, 4.2, 16], "rotation": 270, "texture": "#4"},
				"up": {"uv": [11, 0, 13, 16], "rotation": 180, "texture": "#4"},
				"down": {"uv": [11, 0, 13, 16], "rotation": 180, "texture": "#4"}
			}
		},
		{
			"from": [15.14317, 0.1643, 10.43101],
			"to": [16.35683, 6.1075, 11.80576],
			"rotation": {"angle": 22.5, "axis": "z", "origin": [15.75, 3.175, 11.5]},
			"faces": {
				"north": {"uv": [0, 0, 4, 14], "rotation": 180, "texture": "#4"},
				"east": {"uv": [0, 0, 3.5, 14], "rotation": 180, "texture": "#4"},
				"south": {"uv": [0, 0, 4, 14], "rotation": 180, "texture": "#4"},
				"west": {"uv": [6, 0, 9.5, 16], "rotation": 180, "texture": "#4"},
				"up": {"uv": [0, 0, 4, 3.5], "texture": "#4"},
				"down": {"uv": [0, 0, 4, 3.5], "texture": "#4"}
			}
		},
		{
			"from": [15.29488, 0.1643, 11.80576],
			"to": [16.20512, 6.1075, 11.95747],
			"rotation": {"angle": 22.5, "axis": "z", "origin": [15.75, 3.175, 11.5]},
			"faces": {
				"north": {"uv": [0, 0, 3, 14], "rotation": 180, "texture": "#4"},
				"east": {"uv": [0, 0, 0.5, 14], "rotation": 180, "texture": "#4"},
				"south": {"uv": [3, 0, 5.5, 16], "rotation": 180, "texture": "#4"},
				"west": {"uv": [0, 0, 0.5, 14], "rotation": 180, "texture": "#4"},
				"up": {"uv": [0, 0, 3, 0.5], "texture": "#4"},
				"down": {"uv": [0, 0, 3, 0.5], "texture": "#4"}
			}
		},
		{
			"from": [15.09312, 0.0079, 10.29572],
			"to": [16.40688, 0.1643, 12.00048],
			"rotation": {"angle": 22.5, "axis": "z", "origin": [15.75, 3.175, 11.5]},
			"faces": {
				"north": {"uv": [11, 0, 13, 16], "rotation": 270, "texture": "#4"},
				"east": {"uv": [11, 0, 13, 16], "rotation": 270, "texture": "#4"},
				"south": {"uv": [11, 0, 13, 16], "rotation": 270, "texture": "#4"},
				"west": {"uv": [11, 0, 13, 16], "rotation": 270, "texture": "#4"},
				"up": {"uv": [0, 0, 4.2, 16], "texture": "#4"},
				"down": {"uv": [3.5, 0, 7.7, 16], "texture": "#4"}
			}
		},
		{
			"from": [15.09312, 6.1075, 10.21752],
			"to": [16.40688, 6.4203, 12.15688],
			"rotation": {"angle": 22.5, "axis": "z", "origin": [15.75, 3.175, 11.5]},
			"faces": {
				"north": {"uv": [11, 0, 13, 16], "rotation": 270, "texture": "#4"},
				"east": {"uv": [11, 0, 13, 16], "rotation": 270, "texture": "#4"},
				"south": {"uv": [11, 0, 13, 16], "rotation": 270, "texture": "#4"},
				"west": {"uv": [11, 0, 13, 16], "rotation": 270, "texture": "#4"},
				"up": {"uv": [0, 0, 4.2, 16], "texture": "#4"},
				"down": {"uv": [3.5, 0, 7.7, 16], "texture": "#4"}
			}
		}
	],
	"display": {
		"thirdperson_righthand": {
			"translation": [0, -2, -2.5],
			"scale": [0.34, 0.34, 0.34]
		},
		"thirdperson_lefthand": {
			"translation": [0, -2, -2.5],
			"scale": [0.34, 0.34, 0.34]
		},
		"firstperson_righthand": {
			"scale": [0.35, 0.35, 0.35]
		},
		"firstperson_lefthand": {
			"scale": [0.35, 0.35, 0.35]
		},
		"ground": {
			"translation": [0, 1.5, 0],
			"scale": [0.35, 0.35, 0.35]
		},
		"gui": {
			"rotation": [-160, 45, -180],
			"scale": [0.7, 0.7, 0.7]
		},
		"head": {
			"translation": [0, -29.5, 0],
			"scale": [2, 2, 2]
		}
	},
	"groups": [
		0,
		1,
		2,
		3,
		4,
		5,
		{
			"name": "group",
			"origin": [8, 8, 8],
			"color": 0,
			"children": [6, 7, 8, 9, 10, 11]
		},
		{
			"name": "group",
			"origin": [8, 8, 8],
			"color": 0,
			"children": [12, 13, 14, 15, 16, 17]
		},
		{
			"name": "group",
			"origin": [8, 8, 8],
			"color": 0,
			"children": [18, 19, 20, 21]
		},
		{
			"name": "group",
			"origin": [8, 8, 8],
			"color": 0,
			"children": [22, 23, 24, 25]
		},
		{
			"name": "group",
			"origin": [8, 8, 8],
			"color": 0,
			"children": [26, 27, 28, 29]
		},
		{
			"name": "group",
			"origin": [8, 8, 8],
			"color": 0,
			"children": [30, 31, 32, 33]
		}
	]
}