{
	"credit": "Made with Blockbench",
	"textures": {
		"0": "custom/recipes",
		"particle": "custom/recipes"
	},
	"elements": [
		{
			"from": [-8, -4.1, 8],
			"to": [24, 20.1, 8],
			"rotation": {"angle": 0, "axis": "y", "origin": [8, -4.1, 8]},
			"faces": {
				"north": {"uv": [0, 0, 16, 16], "texture": "#0"},
				"east": {"uv": [0, 0, 0, 16], "texture": "#0"},
				"south": {"uv": [0, 0, 16, 16], "texture": "#0"},
				"west": {"uv": [0, 0, 0, 16], "texture": "#0"},
				"up": {"uv": [0, 0, 16, 0], "texture": "#0"},
				"down": {"uv": [0, 0, 16, 0], "texture": "#0"}
			}
		}
	],
	"gui_light": "front",
	"display": {
		"thirdperson_righthand": {
			"rotation": [1.26, -6.57, 10.64],
			"scale": [0.31, 0.31, 0.31]
		},
		"thirdperson_lefthand": {
			"rotation": [1.26, -6.57, 10.64],
			"scale": [0.31, 0.31, 0.31]
		},
		"firstperson_righthand": {
			"rotation": [-3, 0, 0],
			"translation": [-9, 9, 0],
			"scale": [0.58, 0.58, 0.58]
		},
		"firstperson_lefthand": {
			"rotation": [-3, 0, 0],
			"translation": [-9, 9, 0],
			"scale": [0.58, 0.58, 0.58]
		},
		"ground": {
			"rotation": [90, 0, 0],
			"translation": [0, -1, 0],
			"scale": [0.57, 0.57, 0.57]
		},
		"gui": {
			"rotation": [-19.09, -19.39, -11.39],
			"scale": [0.64, 0.64, 0.64]
		},
		"head": {
			"scale": [0.5, 0.5, 0.5]
		},
		"fixed": {
			"translation": [0, 0, -0.25],
			"scale": [1.24, 1.24, 1.24]
		}
	}
}