{
	"credit": "Made with Blockbench",
	"textures": {
		"0": "custom/box_wings",
		"1": "custom/odmgear/thunder_spear",
		"2": "custom/odmgear/thunder_spear_front",
		"particle": "custom/odmgear/thunder_spear"
	},
	"elements": [
		{
			"from": [-2.75, 10.25, 1],
			"to": [9.25, 11.25, 13],
			"rotation": {"angle": -22.5, "axis": "y", "origin": [3.25, 10.75, 7]},
			"faces": {
				"north": {"uv": [0, 6, 3, 6.375], "texture": "#0"},
				"east": {"uv": [9, 6, 12, 6.375], "texture": "#0"},
				"south": {"uv": [6, 6, 9, 6.375], "texture": "#0"},
				"west": {"uv": [3, 5.9375, 6, 6.375], "texture": "#0"},
				"up": {"uv": [6, 0, 9, 5.9375], "texture": "#0"},
				"down": {"uv": [3, 0, 6, 5.9375], "texture": "#0"}
			}
		},
		{
			"from": [2.01, -5.99, 2.01],
			"to": [13.99, -5.01, 13.99],
			"rotation": {"angle": 0, "axis": "y", "origin": [0, -6, 0]},
			"faces": {
				"north": {"uv": [0, 6, 3, 13.9375], "texture": "#0"},
				"east": {"uv": [9, 6, 12, 13.9375], "texture": "#0"},
				"south": {"uv": [6, 6, 9, 13.9375], "texture": "#0"},
				"west": {"uv": [3, 5.9375, 6, 13.875], "texture": "#0"},
				"up": {"uv": [6, 0, 9, 5.9375], "texture": "#0"},
				"down": {"uv": [3, 0, 6, 5.9375], "texture": "#0"}
			}
		},
		{
			"from": [2, -6, 2],
			"to": [14, 10, 3],
			"rotation": {"angle": 0, "axis": "y", "origin": [0, -6, 0]},
			"faces": {
				"north": {"uv": [0, 6, 3, 13.9375], "texture": "#0"},
				"east": {"uv": [11.6875, 6, 12, 13.9375], "texture": "#0"},
				"south": {"uv": [6, 6, 9, 13.9375], "texture": "#0"},
				"west": {"uv": [3, 5.9375, 3.25, 13.875], "texture": "#0"},
				"up": {"uv": [6, 0, 9, 0.25], "texture": "#0"},
				"down": {"uv": [3, 5.625, 6, 5.9375], "texture": "#0"}
			}
		},
		{
			"from": [2, -6, 13],
			"to": [14, 10, 14],
			"rotation": {"angle": 0, "axis": "y", "origin": [0, -6, 0]},
			"faces": {
				"north": {"uv": [0, 6, 3, 13.9375], "texture": "#0"},
				"east": {"uv": [9, 6, 9.3125, 13.9375], "texture": "#0"},
				"south": {"uv": [6, 6, 9, 13.9375], "texture": "#0"},
				"west": {"uv": [5.6875, 5.9375, 6, 13.875], "texture": "#0"},
				"up": {"uv": [6, 0, 9, 0.25], "texture": "#0"},
				"down": {"uv": [3, 5.5625, 6, 5.9375], "texture": "#0"}
			}
		},
		{
			"from": [13.005, -5.995, 2.005],
			"to": [13.995, 9.995, 13.995],
			"rotation": {"angle": 0, "axis": "y", "origin": [0, -6, 0]},
			"faces": {
				"north": {"uv": [0, 6, 3, 13.9375], "texture": "#0"},
				"east": {"uv": [9, 6, 12, 13.9375], "texture": "#0"},
				"south": {"uv": [6, 6, 9, 13.9375], "texture": "#0"},
				"west": {"uv": [3, 5.9375, 6, 13.875], "texture": "#0"},
				"up": {"uv": [8.75, 0, 9, 5.9375], "texture": "#0"},
				"down": {"uv": [3, 0, 3.25, 5.9375], "texture": "#0"}
			}
		},
		{
			"from": [2.005, -5.995, 2.005],
			"to": [2.995, 9.995, 13.995],
			"rotation": {"angle": 0, "axis": "y", "origin": [0, -6, 0]},
			"faces": {
				"north": {"uv": [0, 6, 3, 13.9375], "texture": "#0"},
				"east": {"uv": [9, 6, 12, 13.9375], "texture": "#0"},
				"south": {"uv": [6, 6, 9, 13.9375], "texture": "#0"},
				"west": {"uv": [3, 5.9375, 6, 13.875], "texture": "#0"},
				"up": {"uv": [6, 0, 6.3125, 5.9375], "texture": "#0"},
				"down": {"uv": [5.625, 0, 6, 5.9375], "texture": "#0"}
			}
		},
		{
			"name": "Cube",
			"from": [11.32, -2.65625, 10.975],
			"to": [11.68, 28.09375, 12.775],
			"rotation": {"angle": 0, "axis": "y", "origin": [11.5, 13, 11.875]},
			"faces": {
				"north": {"uv": [7.5, 0, 8, 16], "texture": "#1"},
				"east": {"uv": [3.5, 0, 4, 16], "rotation": 90, "texture": "#1"},
				"south": {"uv": [3.5, 0, 4, 16], "rotation": 180, "texture": "#1"},
				"west": {"uv": [3.5, 0, 4, 16], "rotation": 270, "texture": "#1"},
				"up": {"uv": [3.5, 0, 4, 16], "texture": "#1"},
				"down": {"uv": [7, 0, 7.5, 16], "texture": "#1"}
			}
		},
		{
			"name": "Cube",
			"from": [11.32079, -2.65625, 10.97579],
			"to": [11.67921, 28.09375, 12.77421],
			"rotation": {"angle": 22.5, "axis": "y", "origin": [11.5, 13, 11.875]},
			"faces": {
				"north": {"uv": [7, 0, 7.5, 16], "rotation": 180, "texture": "#1"},
				"east": {"uv": [7, 0, 7.5, 16], "rotation": 270, "texture": "#1"},
				"south": {"uv": [3, 0, 3.5, 16], "rotation": 180, "texture": "#1"},
				"west": {"uv": [7, 0, 7.5, 16], "rotation": 90, "texture": "#1"},
				"up": {"uv": [3.5, 0, 4, 16], "texture": "#1"},
				"down": {"uv": [7, 0, 7.5, 16], "texture": "#1"}
			}
		},
		{
			"name": "Cube",
			"from": [11.32068, -2.65625, 10.97568],
			"to": [11.67933, 28.09375, 12.77433],
			"rotation": {"angle": 45, "axis": "y", "origin": [11.5, 13, 11.875]},
			"faces": {
				"north": {"uv": [6.5, 0, 7, 16], "rotation": 180, "texture": "#1"},
				"east": {"uv": [6.5, 0, 7, 16], "rotation": 270, "texture": "#1"},
				"south": {"uv": [2.5, 0, 3, 16], "rotation": 270, "texture": "#1"},
				"west": {"uv": [6.5, 0, 7, 16], "rotation": 90, "texture": "#1"},
				"up": {"uv": [3.5, 0, 4, 16], "texture": "#1"},
				"down": {"uv": [7, 0, 7.5, 16], "texture": "#1"}
			}
		},
		{
			"name": "Cube",
			"from": [10.60034, -2.65625, 11.69534],
			"to": [12.39966, 28.09375, 12.05466],
			"rotation": {"angle": 22.5, "axis": "y", "origin": [11.5, 13, 11.875]},
			"faces": {
				"north": {"uv": [5, 0, 5.5, 16], "rotation": 270, "texture": "#1"},
				"east": {"uv": [1, 0, 1.5, 16], "rotation": 180, "texture": "#1"},
				"south": {"uv": [5, 0, 5.5, 16], "rotation": 90, "texture": "#1"},
				"west": {"uv": [5, 0, 5.5, 16], "rotation": 180, "texture": "#1"},
				"up": {"uv": [3.5, 0, 4, 16], "texture": "#1"},
				"down": {"uv": [7, 0, 7.5, 16], "texture": "#1"}
			}
		},
		{
			"name": "Cube",
			"from": [10.60045, -2.65625, 11.69545],
			"to": [12.39955, 28.09375, 12.05455],
			"rotation": {"angle": 0, "axis": "y", "origin": [11.5, 13, 11.875]},
			"faces": {
				"north": {"uv": [5.5, 0, 6, 16], "rotation": 270, "texture": "#1"},
				"east": {"uv": [1.5, 0, 2, 16], "rotation": 180, "texture": "#1"},
				"south": {"uv": [5.5, 0, 6, 16], "rotation": 90, "texture": "#1"},
				"west": {"uv": [5.5, 0, 6, 16], "rotation": 180, "texture": "#1"},
				"up": {"uv": [3.5, 0, 4, 16], "texture": "#1"},
				"down": {"uv": [7, 0, 7.5, 16], "texture": "#1"}
			}
		},
		{
			"name": "Cube",
			"from": [10.60056, -2.65625, 11.69556],
			"to": [12.39944, 28.09375, 12.05444],
			"rotation": {"angle": -22.5, "axis": "y", "origin": [11.5, 13, 11.875]},
			"faces": {
				"north": {"uv": [6, 0, 6.5, 16], "rotation": 270, "texture": "#1"},
				"east": {"uv": [2, 0, 2.5, 16], "rotation": 180, "texture": "#1"},
				"south": {"uv": [6, 0, 6.5, 16], "rotation": 90, "texture": "#1"},
				"west": {"uv": [6, 0, 6.5, 16], "rotation": 180, "texture": "#1"},
				"up": {"uv": [3.5, 0, 4, 16], "texture": "#1"},
				"down": {"uv": [7, 0, 7.5, 16], "texture": "#1"}
			}
		},
		{
			"name": "Cube",
			"from": [10.60023, -2.65625, 11.69523],
			"to": [12.39978, 28.09375, 12.05478],
			"rotation": {"angle": 45, "axis": "y", "origin": [11.5, 13, 11.875]},
			"faces": {
				"north": {"uv": [4.5, 0, 5, 16], "rotation": 270, "texture": "#1"},
				"east": {"uv": [0.5, 0, 1, 16], "rotation": 180, "texture": "#1"},
				"south": {"uv": [4.5, 0, 5, 16], "rotation": 90, "texture": "#1"},
				"west": {"uv": [4.5, 0, 5, 16], "rotation": 180, "texture": "#1"},
				"up": {"uv": [3.5, 0, 4, 16], "texture": "#1"},
				"down": {"uv": [7, 0, 7.5, 16], "texture": "#1"}
			}
		},
		{
			"name": "Cube",
			"from": [11.32011, -2.65625, 10.97511],
			"to": [11.67989, 28.09375, 12.77489],
			"rotation": {"angle": -22.5, "axis": "y", "origin": [11.5, 13, 11.875]},
			"faces": {
				"north": {"uv": [0, 0, 0.5, 16], "rotation": 180, "texture": "#1"},
				"east": {"uv": [4, 0, 4.5, 16], "rotation": 90, "texture": "#1"},
				"south": {"uv": [4, 0, 4.5, 16], "rotation": 180, "texture": "#1"},
				"west": {"uv": [4, 0, 4.5, 16], "rotation": 270, "texture": "#1"},
				"up": {"uv": [3.5, 0, 4, 16], "texture": "#1"},
				"down": {"uv": [7, 0, 7.5, 16], "texture": "#1"}
			}
		},
		{
			"name": "Cube",
			"from": [11.356, -3.21875, 11.155],
			"to": [11.644, 28.28125, 12.595],
			"rotation": {"angle": 0, "axis": "y", "origin": [11.5, 13, 11.875]},
			"faces": {
				"north": {"uv": [15.5, 0, 16, 16], "texture": "#1"},
				"east": {"uv": [11.5, 0, 12, 16], "rotation": 90, "texture": "#1"},
				"south": {"uv": [11.5, 0, 12, 16], "rotation": 180, "texture": "#1"},
				"west": {"uv": [11.5, 0, 12, 16], "rotation": 270, "texture": "#1"},
				"up": {"uv": [11.5, 0, 12, 16], "texture": "#1"},
				"down": {"uv": [15, 0, 15.5, 16], "texture": "#1"}
			}
		},
		{
			"name": "Cube",
			"from": [11.35663, -3.21875, 11.15563],
			"to": [11.64337, 28.28125, 12.59437],
			"rotation": {"angle": 22.5, "axis": "y", "origin": [11.5, 13, 11.875]},
			"faces": {
				"north": {"uv": [15, 0, 15.5, 16], "rotation": 180, "texture": "#1"},
				"east": {"uv": [15, 0, 15.5, 16], "rotation": 270, "texture": "#1"},
				"south": {"uv": [11, 0, 11.5, 16], "rotation": 180, "texture": "#1"},
				"west": {"uv": [15, 0, 15.5, 16], "rotation": 90, "texture": "#1"},
				"up": {"uv": [11.5, 0, 12, 16], "texture": "#1"},
				"down": {"uv": [15, 0, 15.5, 16], "texture": "#1"}
			}
		},
		{
			"name": "Cube",
			"from": [11.35654, -3.21875, 11.15554],
			"to": [11.64346, 28.28125, 12.59446],
			"rotation": {"angle": 45, "axis": "y", "origin": [11.5, 13, 11.875]},
			"faces": {
				"north": {"uv": [14.5, 0, 15, 16], "rotation": 180, "texture": "#1"},
				"east": {"uv": [14.5, 0, 15, 16], "rotation": 270, "texture": "#1"},
				"south": {"uv": [10.5, 0, 11, 16], "rotation": 270, "texture": "#1"},
				"west": {"uv": [14.5, 0, 15, 16], "rotation": 90, "texture": "#1"},
				"up": {"uv": [11.5, 0, 12, 16], "texture": "#1"},
				"down": {"uv": [15, 0, 15.5, 16], "texture": "#1"}
			}
		},
		{
			"name": "Cube",
			"from": [10.78027, -3.21875, 11.73127],
			"to": [12.21973, 28.28125, 12.01873],
			"rotation": {"angle": 22.5, "axis": "y", "origin": [11.5, 13, 11.875]},
			"faces": {
				"north": {"uv": [13, 0, 13.5, 16], "rotation": 270, "texture": "#1"},
				"east": {"uv": [9, 0, 9.5, 16], "rotation": 180, "texture": "#1"},
				"south": {"uv": [13, 0, 13.5, 16], "rotation": 90, "texture": "#1"},
				"west": {"uv": [13, 0, 13.5, 16], "rotation": 180, "texture": "#1"},
				"up": {"uv": [11.5, 0, 12, 16], "texture": "#1"},
				"down": {"uv": [15, 0, 15.5, 16], "texture": "#1"}
			}
		},
		{
			"name": "Cube",
			"from": [10.78036, -3.21875, 11.73136],
			"to": [12.21964, 28.28125, 12.01864],
			"rotation": {"angle": 0, "axis": "y", "origin": [11.5, 13, 11.875]},
			"faces": {
				"north": {"uv": [13.5, 0, 14, 16], "rotation": 270, "texture": "#1"},
				"east": {"uv": [9.5, 0, 10, 16], "rotation": 180, "texture": "#1"},
				"south": {"uv": [13.5, 0, 14, 16], "rotation": 90, "texture": "#1"},
				"west": {"uv": [13.5, 0, 14, 16], "rotation": 180, "texture": "#1"},
				"up": {"uv": [11.5, 0, 12, 16], "texture": "#1"},
				"down": {"uv": [15, 0, 15.5, 16], "texture": "#1"}
			}
		},
		{
			"name": "Cube",
			"from": [10.78045, -3.21875, 11.73145],
			"to": [12.21955, 28.28125, 12.01855],
			"rotation": {"angle": -22.5, "axis": "y", "origin": [11.5, 13, 11.875]},
			"faces": {
				"north": {"uv": [14, 0, 14.5, 16], "rotation": 270, "texture": "#1"},
				"east": {"uv": [10, 0, 10.5, 16], "rotation": 180, "texture": "#1"},
				"south": {"uv": [14, 0, 14.5, 16], "rotation": 90, "texture": "#1"},
				"west": {"uv": [14, 0, 14.5, 16], "rotation": 180, "texture": "#1"},
				"up": {"uv": [11.5, 0, 12, 16], "texture": "#1"},
				"down": {"uv": [15, 0, 15.5, 16], "texture": "#1"}
			}
		},
		{
			"name": "Cube",
			"from": [10.78018, -3.21875, 11.73118],
			"to": [12.21982, 28.28125, 12.01882],
			"rotation": {"angle": 45, "axis": "y", "origin": [11.5, 13, 11.875]},
			"faces": {
				"north": {"uv": [12.5, 0, 13, 16], "rotation": 270, "texture": "#1"},
				"east": {"uv": [8.5, 0, 9, 16], "rotation": 180, "texture": "#1"},
				"south": {"uv": [12.5, 0, 13, 16], "rotation": 90, "texture": "#1"},
				"west": {"uv": [12.5, 0, 13, 16], "rotation": 180, "texture": "#1"},
				"up": {"uv": [11.5, 0, 12, 16], "texture": "#1"},
				"down": {"uv": [15, 0, 15.5, 16], "texture": "#1"}
			}
		},
		{
			"name": "Cube",
			"from": [11.35609, -3.21875, 11.15509],
			"to": [11.64391, 28.28125, 12.59491],
			"rotation": {"angle": -22.5, "axis": "y", "origin": [11.5, 13, 11.875]},
			"faces": {
				"north": {"uv": [8, 0, 8.5, 16], "rotation": 180, "texture": "#1"},
				"east": {"uv": [12, 0, 12.5, 16], "rotation": 90, "texture": "#1"},
				"south": {"uv": [12, 0, 12.5, 16], "rotation": 180, "texture": "#1"},
				"west": {"uv": [12, 0, 12.5, 16], "rotation": 270, "texture": "#1"},
				"up": {"uv": [11.5, 0, 12, 16], "texture": "#1"},
				"down": {"uv": [15, 0, 15.5, 16], "texture": "#1"}
			}
		},
		{
			"name": "Cube",
			"from": [11.3146, 28.28125, 10.948],
			"to": [11.6854, 28.46875, 12.802],
			"rotation": {"angle": 0, "axis": "y", "origin": [11.5, 13, 11.875]},
			"faces": {
				"north": {"uv": [7.5, 0, 8, 16], "texture": "#1"},
				"east": {"uv": [3.5, 0, 4, 16], "rotation": 90, "texture": "#1"},
				"south": {"uv": [3.5, 0, 4, 16], "rotation": 180, "texture": "#1"},
				"west": {"uv": [3.5, 0, 4, 16], "rotation": 270, "texture": "#1"},
				"up": {"uv": [3.5, 0, 4, 16], "texture": "#1"},
				"down": {"uv": [7, 0, 7.5, 16], "texture": "#1"}
			}
		},
		{
			"name": "Cube",
			"from": [11.31541, 28.28125, 10.94881],
			"to": [11.68459, 28.46875, 12.80119],
			"rotation": {"angle": 22.5, "axis": "y", "origin": [11.5, 13, 11.875]},
			"faces": {
				"north": {"uv": [7, 0, 7.5, 16], "rotation": 180, "texture": "#1"},
				"east": {"uv": [7, 0, 7.5, 16], "rotation": 270, "texture": "#1"},
				"south": {"uv": [3, 0, 3.5, 16], "rotation": 180, "texture": "#1"},
				"west": {"uv": [7, 0, 7.5, 16], "rotation": 90, "texture": "#1"},
				"up": {"uv": [3.5, 0, 4, 16], "texture": "#1"},
				"down": {"uv": [7, 0, 7.5, 16], "texture": "#1"}
			}
		},
		{
			"name": "Cube",
			"from": [11.3153, 28.28125, 10.9487],
			"to": [11.6847, 28.46875, 12.8013],
			"rotation": {"angle": 45, "axis": "y", "origin": [11.5, 13, 11.875]},
			"faces": {
				"north": {"uv": [6.5, 0, 7, 16], "rotation": 180, "texture": "#1"},
				"east": {"uv": [6.5, 0, 7, 16], "rotation": 270, "texture": "#1"},
				"south": {"uv": [2.5, 0, 3, 16], "rotation": 270, "texture": "#1"},
				"west": {"uv": [6.5, 0, 7, 16], "rotation": 90, "texture": "#1"},
				"up": {"uv": [3.5, 0, 4, 16], "texture": "#1"},
				"down": {"uv": [7, 0, 7.5, 16], "texture": "#1"}
			}
		},
		{
			"name": "Cube",
			"from": [10.57335, 28.28125, 11.68995],
			"to": [12.42665, 28.46875, 12.06005],
			"rotation": {"angle": 22.5, "axis": "y", "origin": [11.5, 13, 11.875]},
			"faces": {
				"north": {"uv": [5, 0, 5.5, 16], "rotation": 270, "texture": "#1"},
				"east": {"uv": [1, 0, 1.5, 16], "rotation": 180, "texture": "#1"},
				"south": {"uv": [5, 0, 5.5, 16], "rotation": 90, "texture": "#1"},
				"west": {"uv": [5, 0, 5.5, 16], "rotation": 180, "texture": "#1"},
				"up": {"uv": [3.5, 0, 4, 16], "texture": "#1"},
				"down": {"uv": [7, 0, 7.5, 16], "texture": "#1"}
			}
		},
		{
			"name": "Cube",
			"from": [10.57346, 28.28125, 11.69006],
			"to": [12.42654, 28.46875, 12.05994],
			"rotation": {"angle": 0, "axis": "y", "origin": [11.5, 13, 11.875]},
			"faces": {
				"north": {"uv": [5.5, 0, 6, 16], "rotation": 270, "texture": "#1"},
				"east": {"uv": [1.5, 0, 2, 16], "rotation": 180, "texture": "#1"},
				"south": {"uv": [5.5, 0, 6, 16], "rotation": 90, "texture": "#1"},
				"west": {"uv": [5.5, 0, 6, 16], "rotation": 180, "texture": "#1"},
				"up": {"uv": [3.5, 0, 4, 16], "texture": "#1"},
				"down": {"uv": [7, 0, 7.5, 16], "texture": "#1"}
			}
		},
		{
			"name": "Cube",
			"from": [10.57358, 28.28125, 11.69018],
			"to": [12.42642, 28.46875, 12.05982],
			"rotation": {"angle": -22.5, "axis": "y", "origin": [11.5, 13, 11.875]},
			"faces": {
				"north": {"uv": [6, 0, 6.5, 16], "rotation": 270, "texture": "#1"},
				"east": {"uv": [2, 0, 2.5, 16], "rotation": 180, "texture": "#1"},
				"south": {"uv": [6, 0, 6.5, 16], "rotation": 90, "texture": "#1"},
				"west": {"uv": [6, 0, 6.5, 16], "rotation": 180, "texture": "#1"},
				"up": {"uv": [3.5, 0, 4, 16], "texture": "#1"},
				"down": {"uv": [7, 0, 7.5, 16], "texture": "#1"}
			}
		},
		{
			"name": "Cube",
			"from": [10.57323, 28.28125, 11.68983],
			"to": [12.42677, 28.46875, 12.06017],
			"rotation": {"angle": 45, "axis": "y", "origin": [11.5, 13, 11.875]},
			"faces": {
				"north": {"uv": [4.5, 0, 5, 16], "rotation": 270, "texture": "#1"},
				"east": {"uv": [0.5, 0, 1, 16], "rotation": 180, "texture": "#1"},
				"south": {"uv": [4.5, 0, 5, 16], "rotation": 90, "texture": "#1"},
				"west": {"uv": [4.5, 0, 5, 16], "rotation": 180, "texture": "#1"},
				"up": {"uv": [3.5, 0, 4, 16], "texture": "#1"},
				"down": {"uv": [7, 0, 7.5, 16], "texture": "#1"}
			}
		},
		{
			"name": "Cube",
			"from": [11.31472, 28.28125, 10.94812],
			"to": [11.68528, 28.46875, 12.80188],
			"rotation": {"angle": -22.5, "axis": "y", "origin": [11.5, 13, 11.875]},
			"faces": {
				"north": {"uv": [0, 0, 0.5, 16], "rotation": 180, "texture": "#1"},
				"east": {"uv": [4, 0, 4.5, 16], "rotation": 90, "texture": "#1"},
				"south": {"uv": [4, 0, 4.5, 16], "rotation": 180, "texture": "#1"},
				"west": {"uv": [4, 0, 4.5, 16], "rotation": 270, "texture": "#1"},
				"up": {"uv": [3.5, 0, 4, 16], "texture": "#1"},
				"down": {"uv": [7, 0, 7.5, 16], "texture": "#1"}
			}
		},
		{
			"name": "Cube",
			"from": [11.32, -4.71875, 10.975],
			"to": [11.68, -3.03125, 12.775],
			"rotation": {"angle": 0, "axis": "y", "origin": [11.5, 13, 11.875]},
			"faces": {
				"north": {"uv": [7.5, 0, 8, 16], "texture": "#1"},
				"east": {"uv": [3.5, 0, 4, 16], "rotation": 90, "texture": "#1"},
				"south": {"uv": [3.5, 0, 4, 16], "rotation": 180, "texture": "#1"},
				"west": {"uv": [3.5, 0, 4, 16], "rotation": 270, "texture": "#1"},
				"up": {"uv": [3.5, 0, 4, 16], "texture": "#1"},
				"down": {"uv": [7, 0, 7.5, 16], "texture": "#1"}
			}
		},
		{
			"name": "Cube",
			"from": [11.32079, -4.71875, 10.97579],
			"to": [11.67921, -3.03125, 12.77421],
			"rotation": {"angle": 22.5, "axis": "y", "origin": [11.5, 13, 11.875]},
			"faces": {
				"north": {"uv": [7, 0, 7.5, 16], "rotation": 180, "texture": "#1"},
				"east": {"uv": [7, 0, 7.5, 16], "rotation": 270, "texture": "#1"},
				"south": {"uv": [3, 0, 3.5, 16], "rotation": 180, "texture": "#1"},
				"west": {"uv": [7, 0, 7.5, 16], "rotation": 90, "texture": "#1"},
				"up": {"uv": [3.5, 0, 4, 16], "texture": "#1"},
				"down": {"uv": [7, 0, 7.5, 16], "texture": "#1"}
			}
		},
		{
			"name": "Cube",
			"from": [11.32068, -4.71875, 10.97568],
			"to": [11.67933, -3.03125, 12.77433],
			"rotation": {"angle": 45, "axis": "y", "origin": [11.5, 13, 11.875]},
			"faces": {
				"north": {"uv": [6.5, 0, 7, 16], "rotation": 180, "texture": "#1"},
				"east": {"uv": [6.5, 0, 7, 16], "rotation": 270, "texture": "#1"},
				"south": {"uv": [2.5, 0, 3, 16], "rotation": 270, "texture": "#1"},
				"west": {"uv": [6.5, 0, 7, 16], "rotation": 90, "texture": "#1"},
				"up": {"uv": [3.5, 0, 4, 16], "texture": "#1"},
				"down": {"uv": [7, 0, 7.5, 16], "texture": "#1"}
			}
		},
		{
			"name": "Cube",
			"from": [10.60034, -4.71875, 11.69534],
			"to": [12.39966, -3.03125, 12.05466],
			"rotation": {"angle": 22.5, "axis": "y", "origin": [11.5, 13, 11.875]},
			"faces": {
				"north": {"uv": [5, 0, 5.5, 16], "rotation": 270, "texture": "#1"},
				"east": {"uv": [1, 0, 1.5, 16], "rotation": 180, "texture": "#1"},
				"south": {"uv": [5, 0, 5.5, 16], "rotation": 90, "texture": "#1"},
				"west": {"uv": [5, 0, 5.5, 16], "rotation": 180, "texture": "#1"},
				"up": {"uv": [3.5, 0, 4, 16], "texture": "#1"},
				"down": {"uv": [7, 0, 7.5, 16], "texture": "#1"}
			}
		},
		{
			"name": "Cube",
			"from": [10.60045, -4.71875, 11.69545],
			"to": [12.39955, -3.03125, 12.05455],
			"rotation": {"angle": 0, "axis": "y", "origin": [11.5, 13, 11.875]},
			"faces": {
				"north": {"uv": [5.5, 0, 6, 16], "rotation": 270, "texture": "#1"},
				"east": {"uv": [1.5, 0, 2, 16], "rotation": 180, "texture": "#1"},
				"south": {"uv": [5.5, 0, 6, 16], "rotation": 90, "texture": "#1"},
				"west": {"uv": [5.5, 0, 6, 16], "rotation": 180, "texture": "#1"},
				"up": {"uv": [3.5, 0, 4, 16], "texture": "#1"},
				"down": {"uv": [7, 0, 7.5, 16], "texture": "#1"}
			}
		},
		{
			"name": "Cube",
			"from": [10.60056, -4.71875, 11.69556],
			"to": [12.39944, -3.03125, 12.05444],
			"rotation": {"angle": -22.5, "axis": "y", "origin": [11.5, 13, 11.875]},
			"faces": {
				"north": {"uv": [6, 0, 6.5, 16], "rotation": 270, "texture": "#1"},
				"east": {"uv": [2, 0, 2.5, 16], "rotation": 180, "texture": "#1"},
				"south": {"uv": [6, 0, 6.5, 16], "rotation": 90, "texture": "#1"},
				"west": {"uv": [6, 0, 6.5, 16], "rotation": 180, "texture": "#1"},
				"up": {"uv": [3.5, 0, 4, 16], "texture": "#1"},
				"down": {"uv": [7, 0, 7.5, 16], "texture": "#1"}
			}
		},
		{
			"name": "Cube",
			"from": [10.60023, -4.71875, 11.69523],
			"to": [12.39978, -3.03125, 12.05478],
			"rotation": {"angle": 45, "axis": "y", "origin": [11.5, 13, 11.875]},
			"faces": {
				"north": {"uv": [4.5, 0, 5, 16], "rotation": 270, "texture": "#1"},
				"east": {"uv": [0.5, 0, 1, 16], "rotation": 180, "texture": "#1"},
				"south": {"uv": [4.5, 0, 5, 16], "rotation": 90, "texture": "#1"},
				"west": {"uv": [4.5, 0, 5, 16], "rotation": 180, "texture": "#1"},
				"up": {"uv": [3.5, 0, 4, 16], "texture": "#1"},
				"down": {"uv": [7, 0, 7.5, 16], "texture": "#1"}
			}
		},
		{
			"name": "Cube",
			"from": [11.32011, -4.71875, 10.97511],
			"to": [11.67989, -3.03125, 12.77489],
			"rotation": {"angle": -22.5, "axis": "y", "origin": [11.5, 13, 11.875]},
			"faces": {
				"north": {"uv": [0, 0, 0.5, 16], "rotation": 180, "texture": "#1"},
				"east": {"uv": [4, 0, 4.5, 16], "rotation": 90, "texture": "#1"},
				"south": {"uv": [4, 0, 4.5, 16], "rotation": 180, "texture": "#1"},
				"west": {"uv": [4, 0, 4.5, 16], "rotation": 270, "texture": "#1"},
				"up": {"uv": [3.5, 0, 4, 16], "texture": "#1"},
				"down": {"uv": [7, 0, 7.5, 16], "texture": "#1"}
			}
		},
		{
			"from": [11.5, 28.46875, 10.9375],
			"to": [11.5, 31.28125, 12.8125],
			"rotation": {"angle": 0, "axis": "y", "origin": [11.5, 13, 11.875]},
			"faces": {
				"north": {"uv": [0, 0, 16, 16], "rotation": 180, "texture": "#2"},
				"east": {"uv": [16, 0, 0, 16], "rotation": 270, "texture": "#2"},
				"south": {"uv": [0, 0, 16, 16], "texture": "#2"},
				"west": {"uv": [0, 0, 16, 16], "rotation": 90, "texture": "#2"},
				"up": {"uv": [0, 0, 16, 16], "rotation": 180, "texture": "#2"},
				"down": {"uv": [0, 0, 16, 16], "texture": "#2"}
			}
		},
		{
			"from": [11.5, 28.46875, 10.9375],
			"to": [11.5, 31.28125, 12.8125],
			"rotation": {"angle": -45, "axis": "y", "origin": [11.5, 13, 11.875]},
			"faces": {
				"north": {"uv": [0, 0, 16, 16], "rotation": 180, "texture": "#2"},
				"east": {"uv": [16, 0, 0, 16], "rotation": 270, "texture": "#2"},
				"south": {"uv": [0, 0, 16, 16], "texture": "#2"},
				"west": {"uv": [0, 0, 16, 16], "rotation": 90, "texture": "#2"},
				"up": {"uv": [0, 0, 16, 16], "rotation": 180, "texture": "#2"},
				"down": {"uv": [0, 0, 16, 16], "texture": "#2"}
			}
		},
		{
			"from": [10.5625, 28.46875, 11.875],
			"to": [12.4375, 31.28125, 11.875],
			"rotation": {"angle": 0, "axis": "y", "origin": [11.5, 13, 11.875]},
			"faces": {
				"north": {"uv": [0, 0, 16, 16], "rotation": 90, "texture": "#2"},
				"east": {"uv": [0, 0, 16, 16], "rotation": 180, "texture": "#2"},
				"south": {"uv": [16, 0, 0, 16], "rotation": 270, "texture": "#2"},
				"west": {"uv": [0, 0, 16, 16], "texture": "#2"},
				"up": {"uv": [0, 0, 16, 16], "rotation": 270, "texture": "#2"},
				"down": {"uv": [0, 0, 16, 16], "rotation": 270, "texture": "#2"}
			}
		},
		{
			"from": [10.5625, 28.46875, 11.875],
			"to": [12.4375, 31.28125, 11.875],
			"rotation": {"angle": -45, "axis": "y", "origin": [11.5, 13, 11.875]},
			"faces": {
				"north": {"uv": [0, 0, 16, 16], "rotation": 90, "texture": "#2"},
				"east": {"uv": [0, 0, 16, 16], "rotation": 180, "texture": "#2"},
				"south": {"uv": [16, 0, 0, 16], "rotation": 270, "texture": "#2"},
				"west": {"uv": [0, 0, 16, 16], "texture": "#2"},
				"up": {"uv": [0, 0, 16, 16], "rotation": 270, "texture": "#2"},
				"down": {"uv": [0, 0, 16, 16], "rotation": 270, "texture": "#2"}
			}
		},
		{
			"from": [11.5, 28.46875, 10.9375],
			"to": [11.5, 31.28125, 12.8125],
			"rotation": {"angle": 22.5, "axis": "y", "origin": [11.5, 13, 11.875]},
			"faces": {
				"north": {"uv": [0, 0, 16, 16], "rotation": 180, "texture": "#2"},
				"east": {"uv": [16, 0, 0, 16], "rotation": 270, "texture": "#2"},
				"south": {"uv": [0, 0, 16, 16], "texture": "#2"},
				"west": {"uv": [0, 0, 16, 16], "rotation": 90, "texture": "#2"},
				"up": {"uv": [0, 0, 16, 16], "rotation": 180, "texture": "#2"},
				"down": {"uv": [0, 0, 16, 16], "texture": "#2"}
			}
		},
		{
			"from": [11.5, 28.46875, 10.9375],
			"to": [11.5, 31.28125, 12.8125],
			"rotation": {"angle": -22.5, "axis": "y", "origin": [11.5, 13, 11.875]},
			"faces": {
				"north": {"uv": [0, 0, 16, 16], "rotation": 180, "texture": "#2"},
				"east": {"uv": [16, 0, 0, 16], "rotation": 270, "texture": "#2"},
				"south": {"uv": [0, 0, 16, 16], "texture": "#2"},
				"west": {"uv": [0, 0, 16, 16], "rotation": 90, "texture": "#2"},
				"up": {"uv": [0, 0, 16, 16], "rotation": 180, "texture": "#2"},
				"down": {"uv": [0, 0, 16, 16], "texture": "#2"}
			}
		},
		{
			"from": [10.5625, 28.46875, 11.875],
			"to": [12.4375, 31.28125, 11.875],
			"rotation": {"angle": 22.5, "axis": "y", "origin": [11.5, 13, 11.875]},
			"faces": {
				"north": {"uv": [0, 0, 16, 16], "rotation": 90, "texture": "#2"},
				"east": {"uv": [0, 0, 16, 16], "rotation": 180, "texture": "#2"},
				"south": {"uv": [16, 0, 0, 16], "rotation": 270, "texture": "#2"},
				"west": {"uv": [0, 0, 16, 16], "texture": "#2"},
				"up": {"uv": [0, 0, 16, 16], "rotation": 270, "texture": "#2"},
				"down": {"uv": [0, 0, 16, 16], "rotation": 270, "texture": "#2"}
			}
		},
		{
			"from": [10.5625, 28.46875, 11.875],
			"to": [12.4375, 31.28125, 11.875],
			"rotation": {"angle": -22.5, "axis": "y", "origin": [11.5, 13, 11.875]},
			"faces": {
				"north": {"uv": [0, 0, 16, 16], "rotation": 90, "texture": "#2"},
				"east": {"uv": [0, 0, 16, 16], "rotation": 180, "texture": "#2"},
				"south": {"uv": [16, 0, 0, 16], "rotation": 270, "texture": "#2"},
				"west": {"uv": [0, 0, 16, 16], "texture": "#2"},
				"up": {"uv": [0, 0, 16, 16], "rotation": 270, "texture": "#2"},
				"down": {"uv": [0, 0, 16, 16], "rotation": 270, "texture": "#2"}
			}
		},
		{
			"name": "Cube",
			"from": [10.07, -2.65625, 7.475],
			"to": [10.43, 28.09375, 9.275],
			"rotation": {"angle": 0, "axis": "y", "origin": [10.25, 13, 8.375]},
			"faces": {
				"north": {"uv": [7.5, 0, 8, 16], "texture": "#1"},
				"east": {"uv": [3.5, 0, 4, 16], "rotation": 90, "texture": "#1"},
				"south": {"uv": [3.5, 0, 4, 16], "rotation": 180, "texture": "#1"},
				"west": {"uv": [3.5, 0, 4, 16], "rotation": 270, "texture": "#1"},
				"up": {"uv": [3.5, 0, 4, 16], "texture": "#1"},
				"down": {"uv": [7, 0, 7.5, 16], "texture": "#1"}
			}
		},
		{
			"name": "Cube",
			"from": [10.07079, -2.65625, 7.47579],
			"to": [10.42921, 28.09375, 9.27421],
			"rotation": {"angle": 22.5, "axis": "y", "origin": [10.25, 13, 8.375]},
			"faces": {
				"north": {"uv": [7, 0, 7.5, 16], "rotation": 180, "texture": "#1"},
				"east": {"uv": [7, 0, 7.5, 16], "rotation": 270, "texture": "#1"},
				"south": {"uv": [3, 0, 3.5, 16], "rotation": 180, "texture": "#1"},
				"west": {"uv": [7, 0, 7.5, 16], "rotation": 90, "texture": "#1"},
				"up": {"uv": [3.5, 0, 4, 16], "texture": "#1"},
				"down": {"uv": [7, 0, 7.5, 16], "texture": "#1"}
			}
		},
		{
			"name": "Cube",
			"from": [10.07068, -2.65625, 7.47568],
			"to": [10.42933, 28.09375, 9.27432],
			"rotation": {"angle": 45, "axis": "y", "origin": [10.25, 13, 8.375]},
			"faces": {
				"north": {"uv": [6.5, 0, 7, 16], "rotation": 180, "texture": "#1"},
				"east": {"uv": [6.5, 0, 7, 16], "rotation": 270, "texture": "#1"},
				"south": {"uv": [2.5, 0, 3, 16], "rotation": 270, "texture": "#1"},
				"west": {"uv": [6.5, 0, 7, 16], "rotation": 90, "texture": "#1"},
				"up": {"uv": [3.5, 0, 4, 16], "texture": "#1"},
				"down": {"uv": [7, 0, 7.5, 16], "texture": "#1"}
			}
		},
		{
			"name": "Cube",
			"from": [9.35034, -2.65625, 8.19534],
			"to": [11.14966, 28.09375, 8.55466],
			"rotation": {"angle": 22.5, "axis": "y", "origin": [10.25, 13, 8.375]},
			"faces": {
				"north": {"uv": [5, 0, 5.5, 16], "rotation": 270, "texture": "#1"},
				"east": {"uv": [1, 0, 1.5, 16], "rotation": 180, "texture": "#1"},
				"south": {"uv": [5, 0, 5.5, 16], "rotation": 90, "texture": "#1"},
				"west": {"uv": [5, 0, 5.5, 16], "rotation": 180, "texture": "#1"},
				"up": {"uv": [3.5, 0, 4, 16], "texture": "#1"},
				"down": {"uv": [7, 0, 7.5, 16], "texture": "#1"}
			}
		},
		{
			"name": "Cube",
			"from": [9.35045, -2.65625, 8.19545],
			"to": [11.14955, 28.09375, 8.55455],
			"rotation": {"angle": 0, "axis": "y", "origin": [10.25, 13, 8.375]},
			"faces": {
				"north": {"uv": [5.5, 0, 6, 16], "rotation": 270, "texture": "#1"},
				"east": {"uv": [1.5, 0, 2, 16], "rotation": 180, "texture": "#1"},
				"south": {"uv": [5.5, 0, 6, 16], "rotation": 90, "texture": "#1"},
				"west": {"uv": [5.5, 0, 6, 16], "rotation": 180, "texture": "#1"},
				"up": {"uv": [3.5, 0, 4, 16], "texture": "#1"},
				"down": {"uv": [7, 0, 7.5, 16], "texture": "#1"}
			}
		},
		{
			"name": "Cube",
			"from": [9.35056, -2.65625, 8.19556],
			"to": [11.14944, 28.09375, 8.55444],
			"rotation": {"angle": -22.5, "axis": "y", "origin": [10.25, 13, 8.375]},
			"faces": {
				"north": {"uv": [6, 0, 6.5, 16], "rotation": 270, "texture": "#1"},
				"east": {"uv": [2, 0, 2.5, 16], "rotation": 180, "texture": "#1"},
				"south": {"uv": [6, 0, 6.5, 16], "rotation": 90, "texture": "#1"},
				"west": {"uv": [6, 0, 6.5, 16], "rotation": 180, "texture": "#1"},
				"up": {"uv": [3.5, 0, 4, 16], "texture": "#1"},
				"down": {"uv": [7, 0, 7.5, 16], "texture": "#1"}
			}
		},
		{
			"name": "Cube",
			"from": [9.35023, -2.65625, 8.19523],
			"to": [11.14978, 28.09375, 8.55477],
			"rotation": {"angle": 45, "axis": "y", "origin": [10.25, 13, 8.375]},
			"faces": {
				"north": {"uv": [4.5, 0, 5, 16], "rotation": 270, "texture": "#1"},
				"east": {"uv": [0.5, 0, 1, 16], "rotation": 180, "texture": "#1"},
				"south": {"uv": [4.5, 0, 5, 16], "rotation": 90, "texture": "#1"},
				"west": {"uv": [4.5, 0, 5, 16], "rotation": 180, "texture": "#1"},
				"up": {"uv": [3.5, 0, 4, 16], "texture": "#1"},
				"down": {"uv": [7, 0, 7.5, 16], "texture": "#1"}
			}
		},
		{
			"name": "Cube",
			"from": [10.07011, -2.65625, 7.47511],
			"to": [10.42989, 28.09375, 9.27489],
			"rotation": {"angle": -22.5, "axis": "y", "origin": [10.25, 13, 8.375]},
			"faces": {
				"north": {"uv": [0, 0, 0.5, 16], "rotation": 180, "texture": "#1"},
				"east": {"uv": [4, 0, 4.5, 16], "rotation": 90, "texture": "#1"},
				"south": {"uv": [4, 0, 4.5, 16], "rotation": 180, "texture": "#1"},
				"west": {"uv": [4, 0, 4.5, 16], "rotation": 270, "texture": "#1"},
				"up": {"uv": [3.5, 0, 4, 16], "texture": "#1"},
				"down": {"uv": [7, 0, 7.5, 16], "texture": "#1"}
			}
		},
		{
			"name": "Cube",
			"from": [10.106, -3.21875, 7.655],
			"to": [10.394, 28.28125, 9.095],
			"rotation": {"angle": 0, "axis": "y", "origin": [10.25, 13, 8.375]},
			"faces": {
				"north": {"uv": [15.5, 0, 16, 16], "texture": "#1"},
				"east": {"uv": [11.5, 0, 12, 16], "rotation": 90, "texture": "#1"},
				"south": {"uv": [11.5, 0, 12, 16], "rotation": 180, "texture": "#1"},
				"west": {"uv": [11.5, 0, 12, 16], "rotation": 270, "texture": "#1"},
				"up": {"uv": [11.5, 0, 12, 16], "texture": "#1"},
				"down": {"uv": [15, 0, 15.5, 16], "texture": "#1"}
			}
		},
		{
			"name": "Cube",
			"from": [10.10663, -3.21875, 7.65563],
			"to": [10.39337, 28.28125, 9.09437],
			"rotation": {"angle": 22.5, "axis": "y", "origin": [10.25, 13, 8.375]},
			"faces": {
				"north": {"uv": [15, 0, 15.5, 16], "rotation": 180, "texture": "#1"},
				"east": {"uv": [15, 0, 15.5, 16], "rotation": 270, "texture": "#1"},
				"south": {"uv": [11, 0, 11.5, 16], "rotation": 180, "texture": "#1"},
				"west": {"uv": [15, 0, 15.5, 16], "rotation": 90, "texture": "#1"},
				"up": {"uv": [11.5, 0, 12, 16], "texture": "#1"},
				"down": {"uv": [15, 0, 15.5, 16], "texture": "#1"}
			}
		},
		{
			"name": "Cube",
			"from": [10.10654, -3.21875, 7.65554],
			"to": [10.39346, 28.28125, 9.09446],
			"rotation": {"angle": 45, "axis": "y", "origin": [10.25, 13, 8.375]},
			"faces": {
				"north": {"uv": [14.5, 0, 15, 16], "rotation": 180, "texture": "#1"},
				"east": {"uv": [14.5, 0, 15, 16], "rotation": 270, "texture": "#1"},
				"south": {"uv": [10.5, 0, 11, 16], "rotation": 270, "texture": "#1"},
				"west": {"uv": [14.5, 0, 15, 16], "rotation": 90, "texture": "#1"},
				"up": {"uv": [11.5, 0, 12, 16], "texture": "#1"},
				"down": {"uv": [15, 0, 15.5, 16], "texture": "#1"}
			}
		},
		{
			"name": "Cube",
			"from": [9.53027, -3.21875, 8.23127],
			"to": [10.96973, 28.28125, 8.51873],
			"rotation": {"angle": 22.5, "axis": "y", "origin": [10.25, 13, 8.375]},
			"faces": {
				"north": {"uv": [13, 0, 13.5, 16], "rotation": 270, "texture": "#1"},
				"east": {"uv": [9, 0, 9.5, 16], "rotation": 180, "texture": "#1"},
				"south": {"uv": [13, 0, 13.5, 16], "rotation": 90, "texture": "#1"},
				"west": {"uv": [13, 0, 13.5, 16], "rotation": 180, "texture": "#1"},
				"up": {"uv": [11.5, 0, 12, 16], "texture": "#1"},
				"down": {"uv": [15, 0, 15.5, 16], "texture": "#1"}
			}
		},
		{
			"name": "Cube",
			"from": [9.53036, -3.21875, 8.23136],
			"to": [10.96964, 28.28125, 8.51864],
			"rotation": {"angle": 0, "axis": "y", "origin": [10.25, 13, 8.375]},
			"faces": {
				"north": {"uv": [13.5, 0, 14, 16], "rotation": 270, "texture": "#1"},
				"east": {"uv": [9.5, 0, 10, 16], "rotation": 180, "texture": "#1"},
				"south": {"uv": [13.5, 0, 14, 16], "rotation": 90, "texture": "#1"},
				"west": {"uv": [13.5, 0, 14, 16], "rotation": 180, "texture": "#1"},
				"up": {"uv": [11.5, 0, 12, 16], "texture": "#1"},
				"down": {"uv": [15, 0, 15.5, 16], "texture": "#1"}
			}
		},
		{
			"name": "Cube",
			"from": [9.53045, -3.21875, 8.23145],
			"to": [10.96955, 28.28125, 8.51855],
			"rotation": {"angle": -22.5, "axis": "y", "origin": [10.25, 13, 8.375]},
			"faces": {
				"north": {"uv": [14, 0, 14.5, 16], "rotation": 270, "texture": "#1"},
				"east": {"uv": [10, 0, 10.5, 16], "rotation": 180, "texture": "#1"},
				"south": {"uv": [14, 0, 14.5, 16], "rotation": 90, "texture": "#1"},
				"west": {"uv": [14, 0, 14.5, 16], "rotation": 180, "texture": "#1"},
				"up": {"uv": [11.5, 0, 12, 16], "texture": "#1"},
				"down": {"uv": [15, 0, 15.5, 16], "texture": "#1"}
			}
		},
		{
			"name": "Cube",
			"from": [9.53018, -3.21875, 8.23118],
			"to": [10.96982, 28.28125, 8.51882],
			"rotation": {"angle": 45, "axis": "y", "origin": [10.25, 13, 8.375]},
			"faces": {
				"north": {"uv": [12.5, 0, 13, 16], "rotation": 270, "texture": "#1"},
				"east": {"uv": [8.5, 0, 9, 16], "rotation": 180, "texture": "#1"},
				"south": {"uv": [12.5, 0, 13, 16], "rotation": 90, "texture": "#1"},
				"west": {"uv": [12.5, 0, 13, 16], "rotation": 180, "texture": "#1"},
				"up": {"uv": [11.5, 0, 12, 16], "texture": "#1"},
				"down": {"uv": [15, 0, 15.5, 16], "texture": "#1"}
			}
		},
		{
			"name": "Cube",
			"from": [10.10609, -3.21875, 7.65509],
			"to": [10.39391, 28.28125, 9.09491],
			"rotation": {"angle": -22.5, "axis": "y", "origin": [10.25, 13, 8.375]},
			"faces": {
				"north": {"uv": [8, 0, 8.5, 16], "rotation": 180, "texture": "#1"},
				"east": {"uv": [12, 0, 12.5, 16], "rotation": 90, "texture": "#1"},
				"south": {"uv": [12, 0, 12.5, 16], "rotation": 180, "texture": "#1"},
				"west": {"uv": [12, 0, 12.5, 16], "rotation": 270, "texture": "#1"},
				"up": {"uv": [11.5, 0, 12, 16], "texture": "#1"},
				"down": {"uv": [15, 0, 15.5, 16], "texture": "#1"}
			}
		},
		{
			"name": "Cube",
			"from": [10.0646, 28.28125, 7.448],
			"to": [10.4354, 28.46875, 9.302],
			"rotation": {"angle": 0, "axis": "y", "origin": [10.25, 13, 8.375]},
			"faces": {
				"north": {"uv": [7.5, 0, 8, 16], "texture": "#1"},
				"east": {"uv": [3.5, 0, 4, 16], "rotation": 90, "texture": "#1"},
				"south": {"uv": [3.5, 0, 4, 16], "rotation": 180, "texture": "#1"},
				"west": {"uv": [3.5, 0, 4, 16], "rotation": 270, "texture": "#1"},
				"up": {"uv": [3.5, 0, 4, 16], "texture": "#1"},
				"down": {"uv": [7, 0, 7.5, 16], "texture": "#1"}
			}
		},
		{
			"name": "Cube",
			"from": [10.06541, 28.28125, 7.44881],
			"to": [10.43459, 28.46875, 9.30119],
			"rotation": {"angle": 22.5, "axis": "y", "origin": [10.25, 13, 8.375]},
			"faces": {
				"north": {"uv": [7, 0, 7.5, 16], "rotation": 180, "texture": "#1"},
				"east": {"uv": [7, 0, 7.5, 16], "rotation": 270, "texture": "#1"},
				"south": {"uv": [3, 0, 3.5, 16], "rotation": 180, "texture": "#1"},
				"west": {"uv": [7, 0, 7.5, 16], "rotation": 90, "texture": "#1"},
				"up": {"uv": [3.5, 0, 4, 16], "texture": "#1"},
				"down": {"uv": [7, 0, 7.5, 16], "texture": "#1"}
			}
		},
		{
			"name": "Cube",
			"from": [10.0653, 28.28125, 7.4487],
			"to": [10.4347, 28.46875, 9.3013],
			"rotation": {"angle": 45, "axis": "y", "origin": [10.25, 13, 8.375]},
			"faces": {
				"north": {"uv": [6.5, 0, 7, 16], "rotation": 180, "texture": "#1"},
				"east": {"uv": [6.5, 0, 7, 16], "rotation": 270, "texture": "#1"},
				"south": {"uv": [2.5, 0, 3, 16], "rotation": 270, "texture": "#1"},
				"west": {"uv": [6.5, 0, 7, 16], "rotation": 90, "texture": "#1"},
				"up": {"uv": [3.5, 0, 4, 16], "texture": "#1"},
				"down": {"uv": [7, 0, 7.5, 16], "texture": "#1"}
			}
		},
		{
			"name": "Cube",
			"from": [9.32335, 28.28125, 8.18995],
			"to": [11.17665, 28.46875, 8.56005],
			"rotation": {"angle": 22.5, "axis": "y", "origin": [10.25, 13, 8.375]},
			"faces": {
				"north": {"uv": [5, 0, 5.5, 16], "rotation": 270, "texture": "#1"},
				"east": {"uv": [1, 0, 1.5, 16], "rotation": 180, "texture": "#1"},
				"south": {"uv": [5, 0, 5.5, 16], "rotation": 90, "texture": "#1"},
				"west": {"uv": [5, 0, 5.5, 16], "rotation": 180, "texture": "#1"},
				"up": {"uv": [3.5, 0, 4, 16], "texture": "#1"},
				"down": {"uv": [7, 0, 7.5, 16], "texture": "#1"}
			}
		},
		{
			"name": "Cube",
			"from": [9.32346, 28.28125, 8.19006],
			"to": [11.17654, 28.46875, 8.55994],
			"rotation": {"angle": 0, "axis": "y", "origin": [10.25, 13, 8.375]},
			"faces": {
				"north": {"uv": [5.5, 0, 6, 16], "rotation": 270, "texture": "#1"},
				"east": {"uv": [1.5, 0, 2, 16], "rotation": 180, "texture": "#1"},
				"south": {"uv": [5.5, 0, 6, 16], "rotation": 90, "texture": "#1"},
				"west": {"uv": [5.5, 0, 6, 16], "rotation": 180, "texture": "#1"},
				"up": {"uv": [3.5, 0, 4, 16], "texture": "#1"},
				"down": {"uv": [7, 0, 7.5, 16], "texture": "#1"}
			}
		},
		{
			"name": "Cube",
			"from": [9.32358, 28.28125, 8.19018],
			"to": [11.17642, 28.46875, 8.55982],
			"rotation": {"angle": -22.5, "axis": "y", "origin": [10.25, 13, 8.375]},
			"faces": {
				"north": {"uv": [6, 0, 6.5, 16], "rotation": 270, "texture": "#1"},
				"east": {"uv": [2, 0, 2.5, 16], "rotation": 180, "texture": "#1"},
				"south": {"uv": [6, 0, 6.5, 16], "rotation": 90, "texture": "#1"},
				"west": {"uv": [6, 0, 6.5, 16], "rotation": 180, "texture": "#1"},
				"up": {"uv": [3.5, 0, 4, 16], "texture": "#1"},
				"down": {"uv": [7, 0, 7.5, 16], "texture": "#1"}
			}
		},
		{
			"name": "Cube",
			"from": [9.32323, 28.28125, 8.18983],
			"to": [11.17677, 28.46875, 8.56017],
			"rotation": {"angle": 45, "axis": "y", "origin": [10.25, 13, 8.375]},
			"faces": {
				"north": {"uv": [4.5, 0, 5, 16], "rotation": 270, "texture": "#1"},
				"east": {"uv": [0.5, 0, 1, 16], "rotation": 180, "texture": "#1"},
				"south": {"uv": [4.5, 0, 5, 16], "rotation": 90, "texture": "#1"},
				"west": {"uv": [4.5, 0, 5, 16], "rotation": 180, "texture": "#1"},
				"up": {"uv": [3.5, 0, 4, 16], "texture": "#1"},
				"down": {"uv": [7, 0, 7.5, 16], "texture": "#1"}
			}
		},
		{
			"name": "Cube",
			"from": [10.06472, 28.28125, 7.44812],
			"to": [10.43528, 28.46875, 9.30188],
			"rotation": {"angle": -22.5, "axis": "y", "origin": [10.25, 13, 8.375]},
			"faces": {
				"north": {"uv": [0, 0, 0.5, 16], "rotation": 180, "texture": "#1"},
				"east": {"uv": [4, 0, 4.5, 16], "rotation": 90, "texture": "#1"},
				"south": {"uv": [4, 0, 4.5, 16], "rotation": 180, "texture": "#1"},
				"west": {"uv": [4, 0, 4.5, 16], "rotation": 270, "texture": "#1"},
				"up": {"uv": [3.5, 0, 4, 16], "texture": "#1"},
				"down": {"uv": [7, 0, 7.5, 16], "texture": "#1"}
			}
		},
		{
			"name": "Cube",
			"from": [10.07, -4.71875, 7.475],
			"to": [10.43, -3.03125, 9.275],
			"rotation": {"angle": 0, "axis": "y", "origin": [10.25, 13, 8.375]},
			"faces": {
				"north": {"uv": [7.5, 0, 8, 16], "texture": "#1"},
				"east": {"uv": [3.5, 0, 4, 16], "rotation": 90, "texture": "#1"},
				"south": {"uv": [3.5, 0, 4, 16], "rotation": 180, "texture": "#1"},
				"west": {"uv": [3.5, 0, 4, 16], "rotation": 270, "texture": "#1"},
				"up": {"uv": [3.5, 0, 4, 16], "texture": "#1"},
				"down": {"uv": [7, 0, 7.5, 16], "texture": "#1"}
			}
		},
		{
			"name": "Cube",
			"from": [10.07079, -4.71875, 7.47579],
			"to": [10.42921, -3.03125, 9.27421],
			"rotation": {"angle": 22.5, "axis": "y", "origin": [10.25, 13, 8.375]},
			"faces": {
				"north": {"uv": [7, 0, 7.5, 16], "rotation": 180, "texture": "#1"},
				"east": {"uv": [7, 0, 7.5, 16], "rotation": 270, "texture": "#1"},
				"south": {"uv": [3, 0, 3.5, 16], "rotation": 180, "texture": "#1"},
				"west": {"uv": [7, 0, 7.5, 16], "rotation": 90, "texture": "#1"},
				"up": {"uv": [3.5, 0, 4, 16], "texture": "#1"},
				"down": {"uv": [7, 0, 7.5, 16], "texture": "#1"}
			}
		},
		{
			"name": "Cube",
			"from": [10.07068, -4.71875, 7.47568],
			"to": [10.42933, -3.03125, 9.27432],
			"rotation": {"angle": 45, "axis": "y", "origin": [10.25, 13, 8.375]},
			"faces": {
				"north": {"uv": [6.5, 0, 7, 16], "rotation": 180, "texture": "#1"},
				"east": {"uv": [6.5, 0, 7, 16], "rotation": 270, "texture": "#1"},
				"south": {"uv": [2.5, 0, 3, 16], "rotation": 270, "texture": "#1"},
				"west": {"uv": [6.5, 0, 7, 16], "rotation": 90, "texture": "#1"},
				"up": {"uv": [3.5, 0, 4, 16], "texture": "#1"},
				"down": {"uv": [7, 0, 7.5, 16], "texture": "#1"}
			}
		},
		{
			"name": "Cube",
			"from": [9.35034, -4.71875, 8.19534],
			"to": [11.14966, -3.03125, 8.55466],
			"rotation": {"angle": 22.5, "axis": "y", "origin": [10.25, 13, 8.375]},
			"faces": {
				"north": {"uv": [5, 0, 5.5, 16], "rotation": 270, "texture": "#1"},
				"east": {"uv": [1, 0, 1.5, 16], "rotation": 180, "texture": "#1"},
				"south": {"uv": [5, 0, 5.5, 16], "rotation": 90, "texture": "#1"},
				"west": {"uv": [5, 0, 5.5, 16], "rotation": 180, "texture": "#1"},
				"up": {"uv": [3.5, 0, 4, 16], "texture": "#1"},
				"down": {"uv": [7, 0, 7.5, 16], "texture": "#1"}
			}
		},
		{
			"name": "Cube",
			"from": [9.35045, -4.71875, 8.19545],
			"to": [11.14955, -3.03125, 8.55455],
			"rotation": {"angle": 0, "axis": "y", "origin": [10.25, 13, 8.375]},
			"faces": {
				"north": {"uv": [5.5, 0, 6, 16], "rotation": 270, "texture": "#1"},
				"east": {"uv": [1.5, 0, 2, 16], "rotation": 180, "texture": "#1"},
				"south": {"uv": [5.5, 0, 6, 16], "rotation": 90, "texture": "#1"},
				"west": {"uv": [5.5, 0, 6, 16], "rotation": 180, "texture": "#1"},
				"up": {"uv": [3.5, 0, 4, 16], "texture": "#1"},
				"down": {"uv": [7, 0, 7.5, 16], "texture": "#1"}
			}
		},
		{
			"name": "Cube",
			"from": [9.35056, -4.71875, 8.19556],
			"to": [11.14944, -3.03125, 8.55444],
			"rotation": {"angle": -22.5, "axis": "y", "origin": [10.25, 13, 8.375]},
			"faces": {
				"north": {"uv": [6, 0, 6.5, 16], "rotation": 270, "texture": "#1"},
				"east": {"uv": [2, 0, 2.5, 16], "rotation": 180, "texture": "#1"},
				"south": {"uv": [6, 0, 6.5, 16], "rotation": 90, "texture": "#1"},
				"west": {"uv": [6, 0, 6.5, 16], "rotation": 180, "texture": "#1"},
				"up": {"uv": [3.5, 0, 4, 16], "texture": "#1"},
				"down": {"uv": [7, 0, 7.5, 16], "texture": "#1"}
			}
		},
		{
			"name": "Cube",
			"from": [9.35023, -4.71875, 8.19523],
			"to": [11.14978, -3.03125, 8.55477],
			"rotation": {"angle": 45, "axis": "y", "origin": [10.25, 13, 8.375]},
			"faces": {
				"north": {"uv": [4.5, 0, 5, 16], "rotation": 270, "texture": "#1"},
				"east": {"uv": [0.5, 0, 1, 16], "rotation": 180, "texture": "#1"},
				"south": {"uv": [4.5, 0, 5, 16], "rotation": 90, "texture": "#1"},
				"west": {"uv": [4.5, 0, 5, 16], "rotation": 180, "texture": "#1"},
				"up": {"uv": [3.5, 0, 4, 16], "texture": "#1"},
				"down": {"uv": [7, 0, 7.5, 16], "texture": "#1"}
			}
		},
		{
			"name": "Cube",
			"from": [10.07011, -4.71875, 7.47511],
			"to": [10.42989, -3.03125, 9.27489],
			"rotation": {"angle": -22.5, "axis": "y", "origin": [10.25, 13, 8.375]},
			"faces": {
				"north": {"uv": [0, 0, 0.5, 16], "rotation": 180, "texture": "#1"},
				"east": {"uv": [4, 0, 4.5, 16], "rotation": 90, "texture": "#1"},
				"south": {"uv": [4, 0, 4.5, 16], "rotation": 180, "texture": "#1"},
				"west": {"uv": [4, 0, 4.5, 16], "rotation": 270, "texture": "#1"},
				"up": {"uv": [3.5, 0, 4, 16], "texture": "#1"},
				"down": {"uv": [7, 0, 7.5, 16], "texture": "#1"}
			}
		},
		{
			"from": [10.25, 28.46875, 7.4375],
			"to": [10.25, 31.28125, 9.3125],
			"rotation": {"angle": 0, "axis": "y", "origin": [10.25, 13, 8.375]},
			"faces": {
				"north": {"uv": [0, 0, 16, 16], "rotation": 180, "texture": "#2"},
				"east": {"uv": [16, 0, 0, 16], "rotation": 270, "texture": "#2"},
				"south": {"uv": [0, 0, 16, 16], "texture": "#2"},
				"west": {"uv": [0, 0, 16, 16], "rotation": 90, "texture": "#2"},
				"up": {"uv": [0, 0, 16, 16], "rotation": 180, "texture": "#2"},
				"down": {"uv": [0, 0, 16, 16], "texture": "#2"}
			}
		},
		{
			"from": [10.25, 28.46875, 7.4375],
			"to": [10.25, 31.28125, 9.3125],
			"rotation": {"angle": -45, "axis": "y", "origin": [10.25, 13, 8.375]},
			"faces": {
				"north": {"uv": [0, 0, 16, 16], "rotation": 180, "texture": "#2"},
				"east": {"uv": [16, 0, 0, 16], "rotation": 270, "texture": "#2"},
				"south": {"uv": [0, 0, 16, 16], "texture": "#2"},
				"west": {"uv": [0, 0, 16, 16], "rotation": 90, "texture": "#2"},
				"up": {"uv": [0, 0, 16, 16], "rotation": 180, "texture": "#2"},
				"down": {"uv": [0, 0, 16, 16], "texture": "#2"}
			}
		},
		{
			"from": [9.3125, 28.46875, 8.375],
			"to": [11.1875, 31.28125, 8.375],
			"rotation": {"angle": 0, "axis": "y", "origin": [10.25, 13, 8.375]},
			"faces": {
				"north": {"uv": [0, 0, 16, 16], "rotation": 90, "texture": "#2"},
				"east": {"uv": [0, 0, 16, 16], "rotation": 180, "texture": "#2"},
				"south": {"uv": [16, 0, 0, 16], "rotation": 270, "texture": "#2"},
				"west": {"uv": [0, 0, 16, 16], "texture": "#2"},
				"up": {"uv": [0, 0, 16, 16], "rotation": 270, "texture": "#2"},
				"down": {"uv": [0, 0, 16, 16], "rotation": 270, "texture": "#2"}
			}
		},
		{
			"from": [9.3125, 28.46875, 8.375],
			"to": [11.1875, 31.28125, 8.375],
			"rotation": {"angle": -45, "axis": "y", "origin": [10.25, 13, 8.375]},
			"faces": {
				"north": {"uv": [0, 0, 16, 16], "rotation": 90, "texture": "#2"},
				"east": {"uv": [0, 0, 16, 16], "rotation": 180, "texture": "#2"},
				"south": {"uv": [16, 0, 0, 16], "rotation": 270, "texture": "#2"},
				"west": {"uv": [0, 0, 16, 16], "texture": "#2"},
				"up": {"uv": [0, 0, 16, 16], "rotation": 270, "texture": "#2"},
				"down": {"uv": [0, 0, 16, 16], "rotation": 270, "texture": "#2"}
			}
		},
		{
			"from": [10.25, 28.46875, 7.4375],
			"to": [10.25, 31.28125, 9.3125],
			"rotation": {"angle": 22.5, "axis": "y", "origin": [10.25, 13, 8.375]},
			"faces": {
				"north": {"uv": [0, 0, 16, 16], "rotation": 180, "texture": "#2"},
				"east": {"uv": [16, 0, 0, 16], "rotation": 270, "texture": "#2"},
				"south": {"uv": [0, 0, 16, 16], "texture": "#2"},
				"west": {"uv": [0, 0, 16, 16], "rotation": 90, "texture": "#2"},
				"up": {"uv": [0, 0, 16, 16], "rotation": 180, "texture": "#2"},
				"down": {"uv": [0, 0, 16, 16], "texture": "#2"}
			}
		},
		{
			"from": [10.25, 28.46875, 7.4375],
			"to": [10.25, 31.28125, 9.3125],
			"rotation": {"angle": -22.5, "axis": "y", "origin": [10.25, 13, 8.375]},
			"faces": {
				"north": {"uv": [0, 0, 16, 16], "rotation": 180, "texture": "#2"},
				"east": {"uv": [16, 0, 0, 16], "rotation": 270, "texture": "#2"},
				"south": {"uv": [0, 0, 16, 16], "texture": "#2"},
				"west": {"uv": [0, 0, 16, 16], "rotation": 90, "texture": "#2"},
				"up": {"uv": [0, 0, 16, 16], "rotation": 180, "texture": "#2"},
				"down": {"uv": [0, 0, 16, 16], "texture": "#2"}
			}
		},
		{
			"from": [9.3125, 28.46875, 8.375],
			"to": [11.1875, 31.28125, 8.375],
			"rotation": {"angle": 22.5, "axis": "y", "origin": [10.25, 13, 8.375]},
			"faces": {
				"north": {"uv": [0, 0, 16, 16], "rotation": 90, "texture": "#2"},
				"east": {"uv": [0, 0, 16, 16], "rotation": 180, "texture": "#2"},
				"south": {"uv": [16, 0, 0, 16], "rotation": 270, "texture": "#2"},
				"west": {"uv": [0, 0, 16, 16], "texture": "#2"},
				"up": {"uv": [0, 0, 16, 16], "rotation": 270, "texture": "#2"},
				"down": {"uv": [0, 0, 16, 16], "rotation": 270, "texture": "#2"}
			}
		},
		{
			"from": [9.3125, 28.46875, 8.375],
			"to": [11.1875, 31.28125, 8.375],
			"rotation": {"angle": -22.5, "axis": "y", "origin": [10.25, 13, 8.375]},
			"faces": {
				"north": {"uv": [0, 0, 16, 16], "rotation": 90, "texture": "#2"},
				"east": {"uv": [0, 0, 16, 16], "rotation": 180, "texture": "#2"},
				"south": {"uv": [16, 0, 0, 16], "rotation": 270, "texture": "#2"},
				"west": {"uv": [0, 0, 16, 16], "texture": "#2"},
				"up": {"uv": [0, 0, 16, 16], "rotation": 270, "texture": "#2"},
				"down": {"uv": [0, 0, 16, 16], "rotation": 270, "texture": "#2"}
			}
		},
		{
			"name": "Cube",
			"from": [11.57, -2.65625, 3.475],
			"to": [11.93, 28.09375, 5.275],
			"rotation": {"angle": 0, "axis": "y", "origin": [11.75, 13, 4.375]},
			"faces": {
				"north": {"uv": [7.5, 0, 8, 16], "texture": "#1"},
				"east": {"uv": [3.5, 0, 4, 16], "rotation": 90, "texture": "#1"},
				"south": {"uv": [3.5, 0, 4, 16], "rotation": 180, "texture": "#1"},
				"west": {"uv": [3.5, 0, 4, 16], "rotation": 270, "texture": "#1"},
				"up": {"uv": [3.5, 0, 4, 16], "texture": "#1"},
				"down": {"uv": [7, 0, 7.5, 16], "texture": "#1"}
			}
		},
		{
			"name": "Cube",
			"from": [11.57079, -2.65625, 3.47579],
			"to": [11.92921, 28.09375, 5.27421],
			"rotation": {"angle": 22.5, "axis": "y", "origin": [11.75, 13, 4.375]},
			"faces": {
				"north": {"uv": [7, 0, 7.5, 16], "rotation": 180, "texture": "#1"},
				"east": {"uv": [7, 0, 7.5, 16], "rotation": 270, "texture": "#1"},
				"south": {"uv": [3, 0, 3.5, 16], "rotation": 180, "texture": "#1"},
				"west": {"uv": [7, 0, 7.5, 16], "rotation": 90, "texture": "#1"},
				"up": {"uv": [3.5, 0, 4, 16], "texture": "#1"},
				"down": {"uv": [7, 0, 7.5, 16], "texture": "#1"}
			}
		},
		{
			"name": "Cube",
			"from": [11.57068, -2.65625, 3.47568],
			"to": [11.92933, 28.09375, 5.27432],
			"rotation": {"angle": 45, "axis": "y", "origin": [11.75, 13, 4.375]},
			"faces": {
				"north": {"uv": [6.5, 0, 7, 16], "rotation": 180, "texture": "#1"},
				"east": {"uv": [6.5, 0, 7, 16], "rotation": 270, "texture": "#1"},
				"south": {"uv": [2.5, 0, 3, 16], "rotation": 270, "texture": "#1"},
				"west": {"uv": [6.5, 0, 7, 16], "rotation": 90, "texture": "#1"},
				"up": {"uv": [3.5, 0, 4, 16], "texture": "#1"},
				"down": {"uv": [7, 0, 7.5, 16], "texture": "#1"}
			}
		},
		{
			"name": "Cube",
			"from": [10.85034, -2.65625, 4.19534],
			"to": [12.64966, 28.09375, 4.55466],
			"rotation": {"angle": 22.5, "axis": "y", "origin": [11.75, 13, 4.375]},
			"faces": {
				"north": {"uv": [5, 0, 5.5, 16], "rotation": 270, "texture": "#1"},
				"east": {"uv": [1, 0, 1.5, 16], "rotation": 180, "texture": "#1"},
				"south": {"uv": [5, 0, 5.5, 16], "rotation": 90, "texture": "#1"},
				"west": {"uv": [5, 0, 5.5, 16], "rotation": 180, "texture": "#1"},
				"up": {"uv": [3.5, 0, 4, 16], "texture": "#1"},
				"down": {"uv": [7, 0, 7.5, 16], "texture": "#1"}
			}
		},
		{
			"name": "Cube",
			"from": [10.85045, -2.65625, 4.19545],
			"to": [12.64955, 28.09375, 4.55455],
			"rotation": {"angle": 0, "axis": "y", "origin": [11.75, 13, 4.375]},
			"faces": {
				"north": {"uv": [5.5, 0, 6, 16], "rotation": 270, "texture": "#1"},
				"east": {"uv": [1.5, 0, 2, 16], "rotation": 180, "texture": "#1"},
				"south": {"uv": [5.5, 0, 6, 16], "rotation": 90, "texture": "#1"},
				"west": {"uv": [5.5, 0, 6, 16], "rotation": 180, "texture": "#1"},
				"up": {"uv": [3.5, 0, 4, 16], "texture": "#1"},
				"down": {"uv": [7, 0, 7.5, 16], "texture": "#1"}
			}
		},
		{
			"name": "Cube",
			"from": [10.85056, -2.65625, 4.19556],
			"to": [12.64944, 28.09375, 4.55444],
			"rotation": {"angle": -22.5, "axis": "y", "origin": [11.75, 13, 4.375]},
			"faces": {
				"north": {"uv": [6, 0, 6.5, 16], "rotation": 270, "texture": "#1"},
				"east": {"uv": [2, 0, 2.5, 16], "rotation": 180, "texture": "#1"},
				"south": {"uv": [6, 0, 6.5, 16], "rotation": 90, "texture": "#1"},
				"west": {"uv": [6, 0, 6.5, 16], "rotation": 180, "texture": "#1"},
				"up": {"uv": [3.5, 0, 4, 16], "texture": "#1"},
				"down": {"uv": [7, 0, 7.5, 16], "texture": "#1"}
			}
		},
		{
			"name": "Cube",
			"from": [10.85023, -2.65625, 4.19523],
			"to": [12.64978, 28.09375, 4.55477],
			"rotation": {"angle": 45, "axis": "y", "origin": [11.75, 13, 4.375]},
			"faces": {
				"north": {"uv": [4.5, 0, 5, 16], "rotation": 270, "texture": "#1"},
				"east": {"uv": [0.5, 0, 1, 16], "rotation": 180, "texture": "#1"},
				"south": {"uv": [4.5, 0, 5, 16], "rotation": 90, "texture": "#1"},
				"west": {"uv": [4.5, 0, 5, 16], "rotation": 180, "texture": "#1"},
				"up": {"uv": [3.5, 0, 4, 16], "texture": "#1"},
				"down": {"uv": [7, 0, 7.5, 16], "texture": "#1"}
			}
		},
		{
			"name": "Cube",
			"from": [11.57011, -2.65625, 3.47511],
			"to": [11.92989, 28.09375, 5.27489],
			"rotation": {"angle": -22.5, "axis": "y", "origin": [11.75, 13, 4.375]},
			"faces": {
				"north": {"uv": [0, 0, 0.5, 16], "rotation": 180, "texture": "#1"},
				"east": {"uv": [4, 0, 4.5, 16], "rotation": 90, "texture": "#1"},
				"south": {"uv": [4, 0, 4.5, 16], "rotation": 180, "texture": "#1"},
				"west": {"uv": [4, 0, 4.5, 16], "rotation": 270, "texture": "#1"},
				"up": {"uv": [3.5, 0, 4, 16], "texture": "#1"},
				"down": {"uv": [7, 0, 7.5, 16], "texture": "#1"}
			}
		},
		{
			"name": "Cube",
			"from": [11.606, -3.21875, 3.655],
			"to": [11.894, 28.28125, 5.095],
			"rotation": {"angle": 0, "axis": "y", "origin": [11.75, 13, 4.375]},
			"faces": {
				"north": {"uv": [15.5, 0, 16, 16], "texture": "#1"},
				"east": {"uv": [11.5, 0, 12, 16], "rotation": 90, "texture": "#1"},
				"south": {"uv": [11.5, 0, 12, 16], "rotation": 180, "texture": "#1"},
				"west": {"uv": [11.5, 0, 12, 16], "rotation": 270, "texture": "#1"},
				"up": {"uv": [11.5, 0, 12, 16], "texture": "#1"},
				"down": {"uv": [15, 0, 15.5, 16], "texture": "#1"}
			}
		},
		{
			"name": "Cube",
			"from": [11.60663, -3.21875, 3.65563],
			"to": [11.89337, 28.28125, 5.09437],
			"rotation": {"angle": 22.5, "axis": "y", "origin": [11.75, 13, 4.375]},
			"faces": {
				"north": {"uv": [15, 0, 15.5, 16], "rotation": 180, "texture": "#1"},
				"east": {"uv": [15, 0, 15.5, 16], "rotation": 270, "texture": "#1"},
				"south": {"uv": [11, 0, 11.5, 16], "rotation": 180, "texture": "#1"},
				"west": {"uv": [15, 0, 15.5, 16], "rotation": 90, "texture": "#1"},
				"up": {"uv": [11.5, 0, 12, 16], "texture": "#1"},
				"down": {"uv": [15, 0, 15.5, 16], "texture": "#1"}
			}
		},
		{
			"name": "Cube",
			"from": [11.60654, -3.21875, 3.65554],
			"to": [11.89346, 28.28125, 5.09446],
			"rotation": {"angle": 45, "axis": "y", "origin": [11.75, 13, 4.375]},
			"faces": {
				"north": {"uv": [14.5, 0, 15, 16], "rotation": 180, "texture": "#1"},
				"east": {"uv": [14.5, 0, 15, 16], "rotation": 270, "texture": "#1"},
				"south": {"uv": [10.5, 0, 11, 16], "rotation": 270, "texture": "#1"},
				"west": {"uv": [14.5, 0, 15, 16], "rotation": 90, "texture": "#1"},
				"up": {"uv": [11.5, 0, 12, 16], "texture": "#1"},
				"down": {"uv": [15, 0, 15.5, 16], "texture": "#1"}
			}
		},
		{
			"name": "Cube",
			"from": [11.03027, -3.21875, 4.23127],
			"to": [12.46973, 28.28125, 4.51873],
			"rotation": {"angle": 22.5, "axis": "y", "origin": [11.75, 13, 4.375]},
			"faces": {
				"north": {"uv": [13, 0, 13.5, 16], "rotation": 270, "texture": "#1"},
				"east": {"uv": [9, 0, 9.5, 16], "rotation": 180, "texture": "#1"},
				"south": {"uv": [13, 0, 13.5, 16], "rotation": 90, "texture": "#1"},
				"west": {"uv": [13, 0, 13.5, 16], "rotation": 180, "texture": "#1"},
				"up": {"uv": [11.5, 0, 12, 16], "texture": "#1"},
				"down": {"uv": [15, 0, 15.5, 16], "texture": "#1"}
			}
		},
		{
			"name": "Cube",
			"from": [11.03036, -3.21875, 4.23136],
			"to": [12.46964, 28.28125, 4.51864],
			"rotation": {"angle": 0, "axis": "y", "origin": [11.75, 13, 4.375]},
			"faces": {
				"north": {"uv": [13.5, 0, 14, 16], "rotation": 270, "texture": "#1"},
				"east": {"uv": [9.5, 0, 10, 16], "rotation": 180, "texture": "#1"},
				"south": {"uv": [13.5, 0, 14, 16], "rotation": 90, "texture": "#1"},
				"west": {"uv": [13.5, 0, 14, 16], "rotation": 180, "texture": "#1"},
				"up": {"uv": [11.5, 0, 12, 16], "texture": "#1"},
				"down": {"uv": [15, 0, 15.5, 16], "texture": "#1"}
			}
		},
		{
			"name": "Cube",
			"from": [11.03045, -3.21875, 4.23145],
			"to": [12.46955, 28.28125, 4.51855],
			"rotation": {"angle": -22.5, "axis": "y", "origin": [11.75, 13, 4.375]},
			"faces": {
				"north": {"uv": [14, 0, 14.5, 16], "rotation": 270, "texture": "#1"},
				"east": {"uv": [10, 0, 10.5, 16], "rotation": 180, "texture": "#1"},
				"south": {"uv": [14, 0, 14.5, 16], "rotation": 90, "texture": "#1"},
				"west": {"uv": [14, 0, 14.5, 16], "rotation": 180, "texture": "#1"},
				"up": {"uv": [11.5, 0, 12, 16], "texture": "#1"},
				"down": {"uv": [15, 0, 15.5, 16], "texture": "#1"}
			}
		},
		{
			"name": "Cube",
			"from": [11.03018, -3.21875, 4.23118],
			"to": [12.46982, 28.28125, 4.51882],
			"rotation": {"angle": 45, "axis": "y", "origin": [11.75, 13, 4.375]},
			"faces": {
				"north": {"uv": [12.5, 0, 13, 16], "rotation": 270, "texture": "#1"},
				"east": {"uv": [8.5, 0, 9, 16], "rotation": 180, "texture": "#1"},
				"south": {"uv": [12.5, 0, 13, 16], "rotation": 90, "texture": "#1"},
				"west": {"uv": [12.5, 0, 13, 16], "rotation": 180, "texture": "#1"},
				"up": {"uv": [11.5, 0, 12, 16], "texture": "#1"},
				"down": {"uv": [15, 0, 15.5, 16], "texture": "#1"}
			}
		},
		{
			"name": "Cube",
			"from": [11.60609, -3.21875, 3.65509],
			"to": [11.89391, 28.28125, 5.09491],
			"rotation": {"angle": -22.5, "axis": "y", "origin": [11.75, 13, 4.375]},
			"faces": {
				"north": {"uv": [8, 0, 8.5, 16], "rotation": 180, "texture": "#1"},
				"east": {"uv": [12, 0, 12.5, 16], "rotation": 90, "texture": "#1"},
				"south": {"uv": [12, 0, 12.5, 16], "rotation": 180, "texture": "#1"},
				"west": {"uv": [12, 0, 12.5, 16], "rotation": 270, "texture": "#1"},
				"up": {"uv": [11.5, 0, 12, 16], "texture": "#1"},
				"down": {"uv": [15, 0, 15.5, 16], "texture": "#1"}
			}
		},
		{
			"name": "Cube",
			"from": [11.5646, 28.28125, 3.448],
			"to": [11.9354, 28.46875, 5.302],
			"rotation": {"angle": 0, "axis": "y", "origin": [11.75, 13, 4.375]},
			"faces": {
				"north": {"uv": [7.5, 0, 8, 16], "texture": "#1"},
				"east": {"uv": [3.5, 0, 4, 16], "rotation": 90, "texture": "#1"},
				"south": {"uv": [3.5, 0, 4, 16], "rotation": 180, "texture": "#1"},
				"west": {"uv": [3.5, 0, 4, 16], "rotation": 270, "texture": "#1"},
				"up": {"uv": [3.5, 0, 4, 16], "texture": "#1"},
				"down": {"uv": [7, 0, 7.5, 16], "texture": "#1"}
			}
		},
		{
			"name": "Cube",
			"from": [11.56541, 28.28125, 3.44881],
			"to": [11.93459, 28.46875, 5.30119],
			"rotation": {"angle": 22.5, "axis": "y", "origin": [11.75, 13, 4.375]},
			"faces": {
				"north": {"uv": [7, 0, 7.5, 16], "rotation": 180, "texture": "#1"},
				"east": {"uv": [7, 0, 7.5, 16], "rotation": 270, "texture": "#1"},
				"south": {"uv": [3, 0, 3.5, 16], "rotation": 180, "texture": "#1"},
				"west": {"uv": [7, 0, 7.5, 16], "rotation": 90, "texture": "#1"},
				"up": {"uv": [3.5, 0, 4, 16], "texture": "#1"},
				"down": {"uv": [7, 0, 7.5, 16], "texture": "#1"}
			}
		},
		{
			"name": "Cube",
			"from": [11.5653, 28.28125, 3.4487],
			"to": [11.9347, 28.46875, 5.3013],
			"rotation": {"angle": 45, "axis": "y", "origin": [11.75, 13, 4.375]},
			"faces": {
				"north": {"uv": [6.5, 0, 7, 16], "rotation": 180, "texture": "#1"},
				"east": {"uv": [6.5, 0, 7, 16], "rotation": 270, "texture": "#1"},
				"south": {"uv": [2.5, 0, 3, 16], "rotation": 270, "texture": "#1"},
				"west": {"uv": [6.5, 0, 7, 16], "rotation": 90, "texture": "#1"},
				"up": {"uv": [3.5, 0, 4, 16], "texture": "#1"},
				"down": {"uv": [7, 0, 7.5, 16], "texture": "#1"}
			}
		},
		{
			"name": "Cube",
			"from": [10.82335, 28.28125, 4.18995],
			"to": [12.67665, 28.46875, 4.56005],
			"rotation": {"angle": 22.5, "axis": "y", "origin": [11.75, 13, 4.375]},
			"faces": {
				"north": {"uv": [5, 0, 5.5, 16], "rotation": 270, "texture": "#1"},
				"east": {"uv": [1, 0, 1.5, 16], "rotation": 180, "texture": "#1"},
				"south": {"uv": [5, 0, 5.5, 16], "rotation": 90, "texture": "#1"},
				"west": {"uv": [5, 0, 5.5, 16], "rotation": 180, "texture": "#1"},
				"up": {"uv": [3.5, 0, 4, 16], "texture": "#1"},
				"down": {"uv": [7, 0, 7.5, 16], "texture": "#1"}
			}
		},
		{
			"name": "Cube",
			"from": [10.82346, 28.28125, 4.19006],
			"to": [12.67654, 28.46875, 4.55994],
			"rotation": {"angle": 0, "axis": "y", "origin": [11.75, 13, 4.375]},
			"faces": {
				"north": {"uv": [5.5, 0, 6, 16], "rotation": 270, "texture": "#1"},
				"east": {"uv": [1.5, 0, 2, 16], "rotation": 180, "texture": "#1"},
				"south": {"uv": [5.5, 0, 6, 16], "rotation": 90, "texture": "#1"},
				"west": {"uv": [5.5, 0, 6, 16], "rotation": 180, "texture": "#1"},
				"up": {"uv": [3.5, 0, 4, 16], "texture": "#1"},
				"down": {"uv": [7, 0, 7.5, 16], "texture": "#1"}
			}
		},
		{
			"name": "Cube",
			"from": [10.82358, 28.28125, 4.19018],
			"to": [12.67642, 28.46875, 4.55982],
			"rotation": {"angle": -22.5, "axis": "y", "origin": [11.75, 13, 4.375]},
			"faces": {
				"north": {"uv": [6, 0, 6.5, 16], "rotation": 270, "texture": "#1"},
				"east": {"uv": [2, 0, 2.5, 16], "rotation": 180, "texture": "#1"},
				"south": {"uv": [6, 0, 6.5, 16], "rotation": 90, "texture": "#1"},
				"west": {"uv": [6, 0, 6.5, 16], "rotation": 180, "texture": "#1"},
				"up": {"uv": [3.5, 0, 4, 16], "texture": "#1"},
				"down": {"uv": [7, 0, 7.5, 16], "texture": "#1"}
			}
		},
		{
			"name": "Cube",
			"from": [10.82323, 28.28125, 4.18983],
			"to": [12.67677, 28.46875, 4.56017],
			"rotation": {"angle": 45, "axis": "y", "origin": [11.75, 13, 4.375]},
			"faces": {
				"north": {"uv": [4.5, 0, 5, 16], "rotation": 270, "texture": "#1"},
				"east": {"uv": [0.5, 0, 1, 16], "rotation": 180, "texture": "#1"},
				"south": {"uv": [4.5, 0, 5, 16], "rotation": 90, "texture": "#1"},
				"west": {"uv": [4.5, 0, 5, 16], "rotation": 180, "texture": "#1"},
				"up": {"uv": [3.5, 0, 4, 16], "texture": "#1"},
				"down": {"uv": [7, 0, 7.5, 16], "texture": "#1"}
			}
		},
		{
			"name": "Cube",
			"from": [11.56472, 28.28125, 3.44812],
			"to": [11.93528, 28.46875, 5.30188],
			"rotation": {"angle": -22.5, "axis": "y", "origin": [11.75, 13, 4.375]},
			"faces": {
				"north": {"uv": [0, 0, 0.5, 16], "rotation": 180, "texture": "#1"},
				"east": {"uv": [4, 0, 4.5, 16], "rotation": 90, "texture": "#1"},
				"south": {"uv": [4, 0, 4.5, 16], "rotation": 180, "texture": "#1"},
				"west": {"uv": [4, 0, 4.5, 16], "rotation": 270, "texture": "#1"},
				"up": {"uv": [3.5, 0, 4, 16], "texture": "#1"},
				"down": {"uv": [7, 0, 7.5, 16], "texture": "#1"}
			}
		},
		{
			"name": "Cube",
			"from": [11.57, -4.71875, 3.475],
			"to": [11.93, -3.03125, 5.275],
			"rotation": {"angle": 0, "axis": "y", "origin": [11.75, 13, 4.375]},
			"faces": {
				"north": {"uv": [7.5, 0, 8, 16], "texture": "#1"},
				"east": {"uv": [3.5, 0, 4, 16], "rotation": 90, "texture": "#1"},
				"south": {"uv": [3.5, 0, 4, 16], "rotation": 180, "texture": "#1"},
				"west": {"uv": [3.5, 0, 4, 16], "rotation": 270, "texture": "#1"},
				"up": {"uv": [3.5, 0, 4, 16], "texture": "#1"},
				"down": {"uv": [7, 0, 7.5, 16], "texture": "#1"}
			}
		},
		{
			"name": "Cube",
			"from": [11.57079, -4.71875, 3.47579],
			"to": [11.92921, -3.03125, 5.27421],
			"rotation": {"angle": 22.5, "axis": "y", "origin": [11.75, 13, 4.375]},
			"faces": {
				"north": {"uv": [7, 0, 7.5, 16], "rotation": 180, "texture": "#1"},
				"east": {"uv": [7, 0, 7.5, 16], "rotation": 270, "texture": "#1"},
				"south": {"uv": [3, 0, 3.5, 16], "rotation": 180, "texture": "#1"},
				"west": {"uv": [7, 0, 7.5, 16], "rotation": 90, "texture": "#1"},
				"up": {"uv": [3.5, 0, 4, 16], "texture": "#1"},
				"down": {"uv": [7, 0, 7.5, 16], "texture": "#1"}
			}
		},
		{
			"name": "Cube",
			"from": [11.57068, -4.71875, 3.47568],
			"to": [11.92933, -3.03125, 5.27432],
			"rotation": {"angle": 45, "axis": "y", "origin": [11.75, 13, 4.375]},
			"faces": {
				"north": {"uv": [6.5, 0, 7, 16], "rotation": 180, "texture": "#1"},
				"east": {"uv": [6.5, 0, 7, 16], "rotation": 270, "texture": "#1"},
				"south": {"uv": [2.5, 0, 3, 16], "rotation": 270, "texture": "#1"},
				"west": {"uv": [6.5, 0, 7, 16], "rotation": 90, "texture": "#1"},
				"up": {"uv": [3.5, 0, 4, 16], "texture": "#1"},
				"down": {"uv": [7, 0, 7.5, 16], "texture": "#1"}
			}
		},
		{
			"name": "Cube",
			"from": [10.85034, -4.71875, 4.19534],
			"to": [12.64966, -3.03125, 4.55466],
			"rotation": {"angle": 22.5, "axis": "y", "origin": [11.75, 13, 4.375]},
			"faces": {
				"north": {"uv": [5, 0, 5.5, 16], "rotation": 270, "texture": "#1"},
				"east": {"uv": [1, 0, 1.5, 16], "rotation": 180, "texture": "#1"},
				"south": {"uv": [5, 0, 5.5, 16], "rotation": 90, "texture": "#1"},
				"west": {"uv": [5, 0, 5.5, 16], "rotation": 180, "texture": "#1"},
				"up": {"uv": [3.5, 0, 4, 16], "texture": "#1"},
				"down": {"uv": [7, 0, 7.5, 16], "texture": "#1"}
			}
		},
		{
			"name": "Cube",
			"from": [10.85045, -4.71875, 4.19545],
			"to": [12.64955, -3.03125, 4.55455],
			"rotation": {"angle": 0, "axis": "y", "origin": [11.75, 13, 4.375]},
			"faces": {
				"north": {"uv": [5.5, 0, 6, 16], "rotation": 270, "texture": "#1"},
				"east": {"uv": [1.5, 0, 2, 16], "rotation": 180, "texture": "#1"},
				"south": {"uv": [5.5, 0, 6, 16], "rotation": 90, "texture": "#1"},
				"west": {"uv": [5.5, 0, 6, 16], "rotation": 180, "texture": "#1"},
				"up": {"uv": [3.5, 0, 4, 16], "texture": "#1"},
				"down": {"uv": [7, 0, 7.5, 16], "texture": "#1"}
			}
		},
		{
			"name": "Cube",
			"from": [10.85056, -4.71875, 4.19556],
			"to": [12.64944, -3.03125, 4.55444],
			"rotation": {"angle": -22.5, "axis": "y", "origin": [11.75, 13, 4.375]},
			"faces": {
				"north": {"uv": [6, 0, 6.5, 16], "rotation": 270, "texture": "#1"},
				"east": {"uv": [2, 0, 2.5, 16], "rotation": 180, "texture": "#1"},
				"south": {"uv": [6, 0, 6.5, 16], "rotation": 90, "texture": "#1"},
				"west": {"uv": [6, 0, 6.5, 16], "rotation": 180, "texture": "#1"},
				"up": {"uv": [3.5, 0, 4, 16], "texture": "#1"},
				"down": {"uv": [7, 0, 7.5, 16], "texture": "#1"}
			}
		},
		{
			"name": "Cube",
			"from": [10.85023, -4.71875, 4.19523],
			"to": [12.64978, -3.03125, 4.55477],
			"rotation": {"angle": 45, "axis": "y", "origin": [11.75, 13, 4.375]},
			"faces": {
				"north": {"uv": [4.5, 0, 5, 16], "rotation": 270, "texture": "#1"},
				"east": {"uv": [0.5, 0, 1, 16], "rotation": 180, "texture": "#1"},
				"south": {"uv": [4.5, 0, 5, 16], "rotation": 90, "texture": "#1"},
				"west": {"uv": [4.5, 0, 5, 16], "rotation": 180, "texture": "#1"},
				"up": {"uv": [3.5, 0, 4, 16], "texture": "#1"},
				"down": {"uv": [7, 0, 7.5, 16], "texture": "#1"}
			}
		},
		{
			"name": "Cube",
			"from": [11.57011, -4.71875, 3.47511],
			"to": [11.92989, -3.03125, 5.27489],
			"rotation": {"angle": -22.5, "axis": "y", "origin": [11.75, 13, 4.375]},
			"faces": {
				"north": {"uv": [0, 0, 0.5, 16], "rotation": 180, "texture": "#1"},
				"east": {"uv": [4, 0, 4.5, 16], "rotation": 90, "texture": "#1"},
				"south": {"uv": [4, 0, 4.5, 16], "rotation": 180, "texture": "#1"},
				"west": {"uv": [4, 0, 4.5, 16], "rotation": 270, "texture": "#1"},
				"up": {"uv": [3.5, 0, 4, 16], "texture": "#1"},
				"down": {"uv": [7, 0, 7.5, 16], "texture": "#1"}
			}
		},
		{
			"from": [11.75, 28.46875, 3.4375],
			"to": [11.75, 31.28125, 5.3125],
			"rotation": {"angle": 0, "axis": "y", "origin": [11.75, 13, 4.375]},
			"faces": {
				"north": {"uv": [0, 0, 16, 16], "rotation": 180, "texture": "#2"},
				"east": {"uv": [16, 0, 0, 16], "rotation": 270, "texture": "#2"},
				"south": {"uv": [0, 0, 16, 16], "texture": "#2"},
				"west": {"uv": [0, 0, 16, 16], "rotation": 90, "texture": "#2"},
				"up": {"uv": [0, 0, 16, 16], "rotation": 180, "texture": "#2"},
				"down": {"uv": [0, 0, 16, 16], "texture": "#2"}
			}
		},
		{
			"from": [11.75, 28.46875, 3.4375],
			"to": [11.75, 31.28125, 5.3125],
			"rotation": {"angle": -45, "axis": "y", "origin": [11.75, 13, 4.375]},
			"faces": {
				"north": {"uv": [0, 0, 16, 16], "rotation": 180, "texture": "#2"},
				"east": {"uv": [16, 0, 0, 16], "rotation": 270, "texture": "#2"},
				"south": {"uv": [0, 0, 16, 16], "texture": "#2"},
				"west": {"uv": [0, 0, 16, 16], "rotation": 90, "texture": "#2"},
				"up": {"uv": [0, 0, 16, 16], "rotation": 180, "texture": "#2"},
				"down": {"uv": [0, 0, 16, 16], "texture": "#2"}
			}
		},
		{
			"from": [10.8125, 28.46875, 4.375],
			"to": [12.6875, 31.28125, 4.375],
			"rotation": {"angle": 0, "axis": "y", "origin": [11.75, 13, 4.375]},
			"faces": {
				"north": {"uv": [0, 0, 16, 16], "rotation": 90, "texture": "#2"},
				"east": {"uv": [0, 0, 16, 16], "rotation": 180, "texture": "#2"},
				"south": {"uv": [16, 0, 0, 16], "rotation": 270, "texture": "#2"},
				"west": {"uv": [0, 0, 16, 16], "texture": "#2"},
				"up": {"uv": [0, 0, 16, 16], "rotation": 270, "texture": "#2"},
				"down": {"uv": [0, 0, 16, 16], "rotation": 270, "texture": "#2"}
			}
		},
		{
			"from": [10.8125, 28.46875, 4.375],
			"to": [12.6875, 31.28125, 4.375],
			"rotation": {"angle": -45, "axis": "y", "origin": [11.75, 13, 4.375]},
			"faces": {
				"north": {"uv": [0, 0, 16, 16], "rotation": 90, "texture": "#2"},
				"east": {"uv": [0, 0, 16, 16], "rotation": 180, "texture": "#2"},
				"south": {"uv": [16, 0, 0, 16], "rotation": 270, "texture": "#2"},
				"west": {"uv": [0, 0, 16, 16], "texture": "#2"},
				"up": {"uv": [0, 0, 16, 16], "rotation": 270, "texture": "#2"},
				"down": {"uv": [0, 0, 16, 16], "rotation": 270, "texture": "#2"}
			}
		},
		{
			"from": [11.75, 28.46875, 3.4375],
			"to": [11.75, 31.28125, 5.3125],
			"rotation": {"angle": 22.5, "axis": "y", "origin": [11.75, 13, 4.375]},
			"faces": {
				"north": {"uv": [0, 0, 16, 16], "rotation": 180, "texture": "#2"},
				"east": {"uv": [16, 0, 0, 16], "rotation": 270, "texture": "#2"},
				"south": {"uv": [0, 0, 16, 16], "texture": "#2"},
				"west": {"uv": [0, 0, 16, 16], "rotation": 90, "texture": "#2"},
				"up": {"uv": [0, 0, 16, 16], "rotation": 180, "texture": "#2"},
				"down": {"uv": [0, 0, 16, 16], "texture": "#2"}
			}
		},
		{
			"from": [11.75, 28.46875, 3.4375],
			"to": [11.75, 31.28125, 5.3125],
			"rotation": {"angle": -22.5, "axis": "y", "origin": [11.75, 13, 4.375]},
			"faces": {
				"north": {"uv": [0, 0, 16, 16], "rotation": 180, "texture": "#2"},
				"east": {"uv": [16, 0, 0, 16], "rotation": 270, "texture": "#2"},
				"south": {"uv": [0, 0, 16, 16], "texture": "#2"},
				"west": {"uv": [0, 0, 16, 16], "rotation": 90, "texture": "#2"},
				"up": {"uv": [0, 0, 16, 16], "rotation": 180, "texture": "#2"},
				"down": {"uv": [0, 0, 16, 16], "texture": "#2"}
			}
		},
		{
			"from": [10.8125, 28.46875, 4.375],
			"to": [12.6875, 31.28125, 4.375],
			"rotation": {"angle": 22.5, "axis": "y", "origin": [11.75, 13, 4.375]},
			"faces": {
				"north": {"uv": [0, 0, 16, 16], "rotation": 90, "texture": "#2"},
				"east": {"uv": [0, 0, 16, 16], "rotation": 180, "texture": "#2"},
				"south": {"uv": [16, 0, 0, 16], "rotation": 270, "texture": "#2"},
				"west": {"uv": [0, 0, 16, 16], "texture": "#2"},
				"up": {"uv": [0, 0, 16, 16], "rotation": 270, "texture": "#2"},
				"down": {"uv": [0, 0, 16, 16], "rotation": 270, "texture": "#2"}
			}
		},
		{
			"from": [10.8125, 28.46875, 4.375],
			"to": [12.6875, 31.28125, 4.375],
			"rotation": {"angle": -22.5, "axis": "y", "origin": [11.75, 13, 4.375]},
			"faces": {
				"north": {"uv": [0, 0, 16, 16], "rotation": 90, "texture": "#2"},
				"east": {"uv": [0, 0, 16, 16], "rotation": 180, "texture": "#2"},
				"south": {"uv": [16, 0, 0, 16], "rotation": 270, "texture": "#2"},
				"west": {"uv": [0, 0, 16, 16], "texture": "#2"},
				"up": {"uv": [0, 0, 16, 16], "rotation": 270, "texture": "#2"},
				"down": {"uv": [0, 0, 16, 16], "rotation": 270, "texture": "#2"}
			}
		}
	],
	"display": {
		"thirdperson_righthand": {
			"rotation": [90, 180, 0],
			"translation": [-6, 0, 1.75]
		},
		"thirdperson_lefthand": {
			"rotation": [90, 180, 0],
			"translation": [-6, 0, 1.75]
		},
		"firstperson_righthand": {
			"rotation": [90, 77.5, -90],
			"translation": [1.5, 0, 0],
			"scale": [0.36, 0.91, 0.91]
		},
		"firstperson_lefthand": {
			"rotation": [90, 77.5, 90],
			"translation": [1.5, 0, 0],
			"scale": [0.36, 0.91, 0.91]
		},
		"ground": {
			"rotation": [0, 0, -69],
			"translation": [0, -1, 0],
			"scale": [0.59, 0.59, 0.59]
		},
		"gui": {
			"rotation": [60.08, 40.28, -80.18],
			"scale": [0.55, 0.55, 0.55]
		},
		"head": {
			"translation": [0, -17.5, 0],
			"scale": [2, 2, 2]
		},
		"fixed": {
			"rotation": [90, 0, 69],
			"translation": [0, 0, -0.25],
			"scale": [1.15, 1.15, 1.15]
		}
	},
	"groups": [
		{
			"name": "group",
			"origin": [0, 0, 0],
			"color": 0,
			"children": [0, 1, 2, 3, 4, 5]
		},
		{
			"name": "group",
			"origin": [8, 8, -14.125],
			"color": 0,
			"children": [6, 7, 8, 9, 10, 11, 12, 13, 14, 15, 16, 17, 18, 19, 20, 21, 22, 23, 24, 25, 26, 27, 28, 29, 30, 31, 32, 33, 34, 35, 36, 37, 38, 39, 40, 41, 42, 43, 44, 45]
		},
		{
			"name": "group",
			"origin": [8, 8, -14.125],
			"color": 0,
			"children": [46, 47, 48, 49, 50, 51, 52, 53, 54, 55, 56, 57, 58, 59, 60, 61, 62, 63, 64, 65, 66, 67, 68, 69, 70, 71, 72, 73, 74, 75, 76, 77, 78, 79, 80, 81, 82, 83, 84, 85]
		},
		{
			"name": "group",
			"origin": [8, 8, -14.125],
			"color": 0,
			"children": [86, 87, 88, 89, 90, 91, 92, 93, 94, 95, 96, 97, 98, 99, 100, 101, 102, 103, 104, 105, 106, 107, 108, 109, 110, 111, 112, 113, 114, 115, 116, 117, 118, 119, 120, 121, 122, 123, 124, 125]
		}
	]
}