{
	"format_version": "1.21.6",
	"credit": "Made with Blockbench",
	"textures": {
		"1": "custom/titan_dummy/titan_dummy_planks",
		"2": "custom/titan_dummy/titan_dummy_support",
		"3": "custom/titan_dummy/titan_dummy_platform",
		"4": "custom/titan_dummy/titan_dummy_hitbox",
		"particle": "custom/titan_dummy/titan_dummy_support"
	},
	"elements": [
		{
			"name": "octagon",
			"from": [7.8, 8.37054, 4.49044],
			"to": [8.2, 20.37054, 4.89044],
			"rotation": {"angle": 22.5, "axis": "x", "origin": [7.9574, 12.61362, 3.87044]},
			"faces": {
				"north": {"uv": [0, 0, 8, 16], "rotation": 90, "texture": "#2"},
				"east": {"uv": [8, 0, 16, 16], "rotation": 90, "texture": "#2"},
				"south": {"uv": [0, 0, 8, 16], "rotation": 90, "texture": "#2"},
				"west": {"uv": [8, 0, 16, 16], "rotation": 90, "texture": "#2"},
				"up": {"uv": [0, 0, 1, 1], "texture": "#2"},
				"down": {"uv": [0, 0, 1, 1], "texture": "#2"}
			}
		},
		{
			"name": "octagon",
			"from": [11.02367, 8.37054, 7.8],
			"to": [11.42367, 20.37054, 8.2],
			"rotation": {"angle": 22.5, "axis": "z", "origin": [12.04367, 12.61362, 7.9574]},
			"faces": {
				"north": {"uv": [8, 0, 16, 16], "rotation": 90, "texture": "#2"},
				"east": {"uv": [0, 0, 8, 16], "rotation": 90, "texture": "#2"},
				"south": {"uv": [8, 0, 16, 16], "rotation": 90, "texture": "#2"},
				"west": {"uv": [0, 0, 8, 16], "rotation": 90, "texture": "#2"},
				"up": {"uv": [0, 0, 1, 1], "rotation": 90, "texture": "#2"},
				"down": {"uv": [0, 0, 1, 1], "rotation": 270, "texture": "#2"}
			}
		},
		{
			"name": "octagon",
			"from": [4.57634, 8.37054, 7.8],
			"to": [4.97634, 20.37054, 8.2],
			"rotation": {"angle": -22.5, "axis": "z", "origin": [3.95634, 12.61362, 7.9574]},
			"faces": {
				"north": {"uv": [8, 16, 16, 0], "rotation": 90, "texture": "#2"},
				"east": {"uv": [0, 16, 8, 0], "rotation": 90, "texture": "#2"},
				"south": {"uv": [8, 16, 16, 0], "rotation": 90, "texture": "#2"},
				"west": {"uv": [0, 16, 8, 0], "rotation": 90, "texture": "#2"},
				"up": {"uv": [0, 1, 1, 0], "rotation": 90, "texture": "#2"},
				"down": {"uv": [0, 1, 1, 0], "rotation": 270, "texture": "#2"}
			}
		},
		{
			"from": [7.75, 8.43088, 11.52581],
			"to": [8.25, 8.80588, 13.65081],
			"rotation": {"angle": 0, "axis": "y", "origin": [7.75, 10.43088, 13.15081]},
			"faces": {
				"north": {"uv": [3.25, 4.34375, 4.25, 5.09375], "texture": "#1"},
				"east": {"uv": [3.25, 4.34375, 5.71875, 6.875], "texture": "#1"},
				"south": {"uv": [3.25, 4.34375, 4.25, 5.09375], "texture": "#1"},
				"west": {"uv": [3.25, 4.34375, 5.71875, 6.875], "texture": "#1"},
				"up": {"uv": [3.25, 4.34375, 4.25, 8.59375], "texture": "#1"},
				"down": {"uv": [3.25, 4.34375, 4.25, 8.59375], "texture": "#1"}
			}
		},
		{
			"from": [7.75, 17.87054, 9.33035],
			"to": [8.25, 19.87054, 11.33035],
			"rotation": {"angle": 0, "axis": "y", "origin": [3.75, 15.62054, 2.45535]},
			"faces": {
				"north": {"uv": [3.25, 4.34375, 5.71875, 6.875], "texture": "#1"},
				"east": {"uv": [3.25, 4.34375, 5.71875, 6.875], "texture": "#1"},
				"south": {"uv": [3.25, 4.34375, 4.25, 8.34375], "texture": "#1"},
				"west": {"uv": [3.25, 4.34375, 5.71875, 6.875], "texture": "#1"},
				"up": {"uv": [3.25, 4.34375, 5.71875, 6.875], "texture": "#1"},
				"down": {"uv": [3.25, 4.34375, 5.71875, 6.875], "texture": "#1"}
			}
		},
		{
			"from": [7.75, 28.00287, 4.85497],
			"to": [8.25, 29.12787, 6.05497],
			"rotation": {"angle": 0, "axis": "y", "origin": [3.75, 25.75287, -2.57003]},
			"faces": {
				"north": {"uv": [3.25, 4.34375, 5.71875, 6.875], "texture": "#1"},
				"east": {"uv": [3.25, 4.34375, 5.71875, 6.875], "texture": "#1"},
				"south": {"uv": [3.25, 4.34375, 5.71875, 6.875], "texture": "#1"},
				"west": {"uv": [3.25, 4.34375, 5.71875, 6.875], "texture": "#1"},
				"up": {"uv": [3.25, 4.34375, 5.71875, 6.875], "texture": "#1"},
				"down": {"uv": [3.25, 4.34375, 5.71875, 6.875], "texture": "#1"}
			}
		},
		{
			"from": [7.75, 29.84598, 5.41228],
			"to": [8.25, 30.47098, 6.16228],
			"rotation": {"angle": -22.5, "axis": "x", "origin": [7.75, 30.22098, 5.78728]},
			"faces": {
				"north": {"uv": [3.25, 4.34375, 5.71875, 6.875], "texture": "#1"},
				"east": {"uv": [3.25, 4.34375, 5.71875, 6.875], "texture": "#1"},
				"south": {"uv": [3.25, 4.34375, 4.25, 5.59375], "texture": "#1"},
				"west": {"uv": [3.25, 4.34375, 5.71875, 6.875], "texture": "#1"},
				"up": {"uv": [3.25, 4.34375, 5.71875, 6.875], "texture": "#1"},
				"down": {"uv": [3.25, 4.34375, 5.71875, 6.875], "texture": "#1"}
			}
		},
		{
			"from": [7.75, 30.23876, 4.80193],
			"to": [8.25, 30.86376, 5.92693],
			"rotation": {"angle": -45, "axis": "x", "origin": [7.75, 30.55126, 5.55193]},
			"faces": {
				"north": {"uv": [3.25, 4.34375, 5.71875, 6.875], "texture": "#1"},
				"east": {"uv": [3.25, 4.34375, 5.71875, 6.875], "texture": "#1"},
				"south": {"uv": [3.25, 4.34375, 4.25, 5.59375], "texture": "#1"},
				"west": {"uv": [3.25, 4.34375, 5.71875, 6.875], "texture": "#1"},
				"up": {"uv": [3.25, 4.34375, 5.71875, 6.875], "texture": "#1"},
				"down": {"uv": [3.25, 4.34375, 5.71875, 6.875], "texture": "#1"}
			}
		},
		{
			"from": [7.75, 30.43553, 4.97641],
			"to": [8.25, 31.18553, 5.47641],
			"rotation": {"angle": 22.5, "axis": "x", "origin": [7.75, 30.81053, 5.16391]},
			"faces": {
				"north": {"uv": [3.25, 4.34375, 5.71875, 6.875], "rotation": 90, "texture": "#1"},
				"east": {"uv": [3.25, 4.34375, 5.71875, 6.875], "rotation": 90, "texture": "#1"},
				"south": {"uv": [3.25, 4.34375, 5.71875, 6.875], "rotation": 90, "texture": "#1"},
				"west": {"uv": [3.25, 4.34375, 5.71875, 6.875], "rotation": 90, "texture": "#1"},
				"up": {"uv": [3.25, 4.34375, 4.25, 5.34375], "texture": "#1"},
				"down": {"uv": [3.25, 4.34375, 5.71875, 6.875], "rotation": 90, "texture": "#1"}
			}
		},
		{
			"from": [7.75, 29.84598, 3.23109],
			"to": [8.25, 30.47098, 3.98109],
			"rotation": {"angle": 22.5, "axis": "x", "origin": [7.75, 30.22098, 3.60609]},
			"faces": {
				"north": {"uv": [4.75, 4.34375, 5.75, 5.59375], "texture": "#1"},
				"east": {"uv": [4.75, 4.34375, 5.71875, 6.875], "texture": "#1"},
				"south": {"uv": [4.75, 4.34375, 5.71875, 6.875], "texture": "#1"},
				"west": {"uv": [4.75, 4.34375, 5.71875, 6.875], "texture": "#1"},
				"up": {"uv": [4.75, 4.34375, 5.71875, 6.875], "texture": "#1"},
				"down": {"uv": [4.75, 4.34375, 5.71875, 6.875], "texture": "#1"}
			}
		},
		{
			"from": [7.75, 28.77098, 3.30609],
			"to": [8.25, 29.77098, 3.73109],
			"rotation": {"angle": 22.5, "axis": "x", "origin": [7.75, 30.22098, 3.60609]},
			"faces": {
				"north": {"uv": [4.75, 4.34375, 5.75, 6.34375], "texture": "#1"},
				"east": {"uv": [4.75, 4.34375, 5.71875, 6.875], "texture": "#1"},
				"south": {"uv": [4.75, 4.34375, 5.71875, 6.875], "texture": "#1"},
				"west": {"uv": [4.75, 4.34375, 5.71875, 6.875], "texture": "#1"},
				"up": {"uv": [4.75, 4.34375, 5.71875, 6.875], "texture": "#1"},
				"down": {"uv": [4.75, 4.34375, 5.71875, 6.875], "texture": "#1"}
			}
		},
		{
			"from": [7.75, 30.43553, 3.91696],
			"to": [8.25, 31.18553, 4.41696],
			"rotation": {"angle": -22.5, "axis": "x", "origin": [7.75, 30.81053, 4.22946]},
			"faces": {
				"north": {"uv": [3.25, 5.34375, 5.71875, 6.875], "rotation": 90, "texture": "#1"},
				"east": {"uv": [3.25, 5.34375, 5.71875, 6.875], "rotation": 90, "texture": "#1"},
				"south": {"uv": [3.25, 5.34375, 5.71875, 6.875], "rotation": 90, "texture": "#1"},
				"west": {"uv": [3.25, 5.34375, 5.71875, 6.875], "rotation": 90, "texture": "#1"},
				"up": {"uv": [3.25, 5.34375, 4.25, 6.34375], "texture": "#1"},
				"down": {"uv": [3.25, 5.34375, 5.71875, 6.875], "rotation": 90, "texture": "#1"}
			}
		},
		{
			"from": [7.75, 30.23876, 3.46644],
			"to": [8.25, 30.86376, 4.59144],
			"rotation": {"angle": 45, "axis": "x", "origin": [7.75, 30.55126, 3.84144]},
			"faces": {
				"north": {"uv": [4.75, 4.34375, 5.75, 5.59375], "texture": "#1"},
				"east": {"uv": [4.75, 4.34375, 5.71875, 6.875], "texture": "#1"},
				"south": {"uv": [4.75, 4.34375, 5.71875, 6.875], "texture": "#1"},
				"west": {"uv": [4.75, 4.34375, 5.71875, 6.875], "texture": "#1"},
				"up": {"uv": [4.75, 4.34375, 5.71875, 6.875], "texture": "#1"},
				"down": {"uv": [4.75, 4.34375, 5.71875, 6.875], "texture": "#1"}
			}
		},
		{
			"from": [7.75, 29.97874, 4.25918],
			"to": [8.25, 31.22874, 5.13418],
			"rotation": {"angle": 0, "axis": "y", "origin": [7.75, 30.85374, 4.88418]},
			"faces": {
				"north": {"uv": [3.25, 4.34375, 5.71875, 6.875], "rotation": 90, "texture": "#1"},
				"east": {"uv": [3.25, 4.34375, 5.71875, 6.875], "rotation": 90, "texture": "#1"},
				"south": {"uv": [3.25, 4.34375, 5.71875, 6.875], "rotation": 90, "texture": "#1"},
				"west": {"uv": [3.25, 4.34375, 5.71875, 6.875], "rotation": 90, "texture": "#1"},
				"up": {"uv": [3.25, 4.34375, 4.25, 6.09375], "texture": "#1"},
				"down": {"uv": [3.25, 4.34375, 5.71875, 6.875], "rotation": 90, "texture": "#1"}
			}
		},
		{
			"from": [7.75, 29.26803, 5.52724],
			"to": [8.25, 30.01803, 6.27724],
			"rotation": {"angle": 0, "axis": "y", "origin": [7.75, 29.64303, 5.90224]},
			"faces": {
				"north": {"uv": [3.25, 4.34375, 5.71875, 6.875], "texture": "#1"},
				"east": {"uv": [3.25, 4.34375, 5.71875, 6.875], "texture": "#1"},
				"south": {"uv": [3.25, 4.34375, 4.25, 5.84375], "texture": "#1"},
				"west": {"uv": [3.25, 4.34375, 5.71875, 6.875], "texture": "#1"},
				"up": {"uv": [3.25, 4.34375, 5.71875, 6.875], "texture": "#1"},
				"down": {"uv": [3.25, 4.34375, 5.71875, 6.875], "texture": "#1"}
			}
		},
		{
			"from": [7.75, 28.76803, 3.11613],
			"to": [8.25, 30.01803, 5.61613],
			"rotation": {"angle": 0, "axis": "y", "origin": [7.75, 29.64303, 3.49113]},
			"faces": {
				"north": {"uv": [3.25, 4.34375, 4.25, 6.84375], "texture": "#1"},
				"east": {"uv": [3.25, 4.34375, 5.71875, 6.875], "texture": "#1"},
				"south": {"uv": [3.25, 4.34375, 5.71875, 6.875], "texture": "#1"},
				"west": {"uv": [3.25, 4.34375, 5.71875, 6.875], "texture": "#1"},
				"up": {"uv": [3.25, 4.34375, 5.71875, 6.875], "texture": "#1"},
				"down": {"uv": [3.25, 4.34375, 5.71875, 6.875], "texture": "#1"}
			}
		},
		{
			"from": [7.75, 27.83237, 5.06435],
			"to": [8.25, 28.33237, 5.56435],
			"rotation": {"angle": -45, "axis": "x", "origin": [7.75, 27.70737, 4.68935]},
			"faces": {
				"north": {"uv": [3.25, 4.34375, 5.71875, 6.875], "texture": "#1"},
				"east": {"uv": [3.25, 4.34375, 5.71875, 6.875], "texture": "#1"},
				"south": {"uv": [3.25, 4.34375, 5.71875, 6.875], "texture": "#1"},
				"west": {"uv": [3.25, 4.34375, 5.71875, 6.875], "texture": "#1"},
				"up": {"uv": [3.25, 4.34375, 5.71875, 6.875], "texture": "#1"},
				"down": {"uv": [3.25, 4.34375, 5.71875, 6.875], "texture": "#1"}
			}
		},
		{
			"from": [7.75, 27.94623, 3.41449],
			"to": [8.25, 28.44623, 4.78949],
			"rotation": {"angle": -22.5, "axis": "x", "origin": [7.75, 28.19623, 4.53949]},
			"faces": {
				"north": {"uv": [3.25, 4.34375, 5.71875, 6.875], "texture": "#1"},
				"east": {"uv": [3.25, 4.34375, 5.71875, 6.875], "texture": "#1"},
				"south": {"uv": [3.25, 4.34375, 5.71875, 6.875], "texture": "#1"},
				"west": {"uv": [3.25, 4.34375, 5.71875, 6.875], "texture": "#1"},
				"up": {"uv": [3.25, 4.34375, 5.71875, 6.875], "texture": "#1"},
				"down": {"uv": [3.25, 4.34375, 5.71875, 6.875], "texture": "#1"}
			}
		},
		{
			"from": [7.75, 27.53474, 3.59579],
			"to": [8.25, 28.08474, 5.47079],
			"rotation": {"angle": 0, "axis": "y", "origin": [7.75, 27.78474, 4.28329]},
			"faces": {
				"north": {"uv": [3.25, 4.34375, 5.71875, 6.875], "texture": "#1"},
				"east": {"uv": [3.25, 4.34375, 5.71875, 6.875], "texture": "#1"},
				"south": {"uv": [3.25, 4.34375, 5.71875, 6.875], "texture": "#1"},
				"west": {"uv": [3.25, 4.34375, 5.71875, 6.875], "texture": "#1"},
				"up": {"uv": [3.25, 4.34375, 5.71875, 6.875], "texture": "#1"},
				"down": {"uv": [3.25, 4.34375, 5.71875, 6.875], "texture": "#1"}
			}
		},
		{
			"from": [7.75, 27.53474, 3.97079],
			"to": [8.25, 28.03474, 5.34579],
			"rotation": {"angle": 22.5, "axis": "x", "origin": [7.75, 27.78474, 4.28329]},
			"faces": {
				"north": {"uv": [3.25, 4.34375, 5.71875, 6.875], "texture": "#1"},
				"east": {"uv": [3.25, 4.34375, 5.71875, 6.875], "texture": "#1"},
				"south": {"uv": [3.25, 4.34375, 5.71875, 6.875], "texture": "#1"},
				"west": {"uv": [3.25, 4.34375, 5.71875, 6.875], "texture": "#1"},
				"up": {"uv": [3.25, 4.34375, 5.71875, 6.875], "texture": "#1"},
				"down": {"uv": [3.25, 4.34375, 5.71875, 6.875], "texture": "#1"}
			}
		},
		{
			"from": [7.75, 28.52201, 5.50385],
			"to": [8.25, 29.39701, 6.12885],
			"rotation": {"angle": 22.5, "axis": "x", "origin": [7.75, 28.95951, 5.87885]},
			"faces": {
				"north": {"uv": [3.25, 4.34375, 5.71875, 6.875], "texture": "#1"},
				"east": {"uv": [3.25, 4.34375, 5.71875, 6.875], "texture": "#1"},
				"south": {"uv": [3.25, 4.34375, 4.25, 6.09375], "texture": "#1"},
				"west": {"uv": [3.25, 4.34375, 5.71875, 6.875], "texture": "#1"},
				"up": {"uv": [3.25, 4.34375, 5.71875, 6.875], "texture": "#1"},
				"down": {"uv": [3.25, 4.34375, 5.71875, 6.875], "texture": "#1"}
			}
		},
		{
			"from": [7.75, 22.18024, 8.95943],
			"to": [8.25, 23.68024, 9.95943],
			"rotation": {"angle": 0, "axis": "y", "origin": [3.75, 19.93024, 1.08443]},
			"faces": {
				"north": {"uv": [3.25, 4.34375, 5.71875, 6.875], "texture": "#1"},
				"east": {"uv": [3.25, 4.34375, 5.71875, 6.875], "texture": "#1"},
				"south": {"uv": [3.25, 4.34375, 4.25, 7.34375], "texture": "#1"},
				"west": {"uv": [3.25, 4.34375, 5.71875, 6.875], "texture": "#1"},
				"up": {"uv": [3.25, 4.34375, 5.71875, 6.875], "texture": "#1"},
				"down": {"uv": [3.25, 4.34375, 5.71875, 6.875], "texture": "#1"}
			}
		},
		{
			"from": [7.75, 25.27217, 5.16924],
			"to": [8.25, 27.64717, 6.91924],
			"rotation": {"angle": 0, "axis": "y", "origin": [3.75, 23.39717, -2.70576]},
			"faces": {
				"north": {"uv": [3.25, 4.34375, 5.71875, 6.875], "texture": "#1"},
				"east": {"uv": [3.25, 4.34375, 5.71875, 6.875], "texture": "#1"},
				"south": {"uv": [3.25, 4.34375, 5.71875, 6.875], "texture": "#1"},
				"west": {"uv": [3.25, 4.34375, 5.71875, 6.875], "texture": "#1"},
				"up": {"uv": [3.25, 4.34375, 5.71875, 6.875], "texture": "#1"},
				"down": {"uv": [3.25, 4.34375, 5.71875, 6.875], "texture": "#1"}
			}
		},
		{
			"from": [7.75, 23.35702, 4.86425],
			"to": [8.25, 25.35702, 8.36425],
			"rotation": {"angle": 0, "axis": "y", "origin": [3.75, 21.10702, -3.01075]},
			"faces": {
				"north": {"uv": [3.25, 4.375, 3.4375, 5.71875], "texture": "#1"},
				"east": {"uv": [3.25, 4.34375, 5.71875, 6.875], "texture": "#1"},
				"south": {"uv": [3.25, 4.34375, 5.71875, 6.875], "texture": "#1"},
				"west": {"uv": [3.25, 4.34375, 5.71875, 6.875], "texture": "#1"},
				"up": {"uv": [3.25, 4.34375, 5.71875, 6.875], "texture": "#1"},
				"down": {"uv": [3.25, 4.34375, 5.71875, 6.875], "texture": "#1"}
			}
		},
		{
			"from": [7.75, 20.62448, 5.20887],
			"to": [8.25, 23.62448, 9.20887],
			"rotation": {"angle": -22.5, "axis": "x", "origin": [7.75, 22.62448, 5.70887]},
			"faces": {
				"north": {"uv": [3.25, 4.34375, 5.71875, 6.875], "texture": "#1"},
				"east": {"uv": [3.25, 4.34375, 5.71875, 6.875], "texture": "#1"},
				"south": {"uv": [3.25, 4.34375, 5.71875, 6.875], "texture": "#1"},
				"west": {"uv": [3.25, 4.34375, 5.71875, 6.875], "texture": "#1"},
				"up": {"uv": [3.25, 4.34375, 5.71875, 6.875], "texture": "#1"},
				"down": {"uv": [3.25, 4.34375, 5.71875, 6.875], "texture": "#1"}
			}
		},
		{
			"from": [7.75, 22.07872, 4.54867],
			"to": [8.25, 24.82872, 5.42367],
			"rotation": {"angle": 22.5, "axis": "x", "origin": [7.75, 23.82872, 3.54867]},
			"faces": {
				"north": {"uv": [3.25, 5.10938, 3.5625, 6.8125], "texture": "#1"},
				"east": {"uv": [3.25, 4.34375, 5.71875, 6.875], "rotation": 90, "texture": "#1"},
				"south": {"uv": [3.25, 4.34375, 5.71875, 6.875], "rotation": 90, "texture": "#1"},
				"west": {"uv": [3.25, 4.34375, 5.71875, 6.875], "rotation": 90, "texture": "#1"},
				"up": {"uv": [3.25, 4.34375, 5.71875, 6.875], "rotation": 90, "texture": "#1"},
				"down": {"uv": [3.25, 4.34375, 5.71875, 6.875], "rotation": 90, "texture": "#1"}
			}
		},
		{
			"from": [7.75, 18.05716, 4.82074],
			"to": [8.25, 24.30716, 5.67074],
			"rotation": {"angle": 45, "axis": "x", "origin": [7.75, 22.93216, 4.73324]},
			"faces": {
				"north": {"uv": [3.25, 3.60938, 3.5625, 6.8125], "texture": "#1"},
				"east": {"uv": [3.25, 4.34375, 5.71875, 6.875], "rotation": 90, "texture": "#1"},
				"south": {"uv": [3.25, 4.34375, 5.71875, 6.875], "rotation": 90, "texture": "#1"},
				"west": {"uv": [3.25, 4.34375, 5.71875, 6.875], "rotation": 90, "texture": "#1"},
				"up": {"uv": [3.25, 4.34375, 5.71875, 6.875], "rotation": 90, "texture": "#1"},
				"down": {"uv": [3.25, 4.34375, 4.25, 6.04375], "texture": "#1"}
			}
		},
		{
			"from": [7.75, 16.93216, 5.32074],
			"to": [8.25, 22.68216, 6.17074],
			"rotation": {"angle": 45, "axis": "x", "origin": [7.75, 21.30716, 5.23324]},
			"faces": {
				"north": {"uv": [2.92188, 4.53125, 3.92188, 9.73437], "texture": "#1"},
				"east": {"uv": [3.25, 4.34375, 5.71875, 6.875], "rotation": 90, "texture": "#1"},
				"south": {"uv": [2.89063, 4.375, 3.70313, 10.57812], "texture": "#1"},
				"west": {"uv": [3.25, 4.34375, 5.71875, 6.875], "rotation": 90, "texture": "#1"},
				"up": {"uv": [3.25, 4.34375, 5.71875, 6.875], "rotation": 90, "texture": "#1"},
				"down": {"uv": [3.25, 4.34375, 4.25, 6.04375], "texture": "#1"}
			}
		},
		{
			"from": [7.75, 20.45372, 5.04867],
			"to": [8.25, 23.20372, 5.92367],
			"rotation": {"angle": 22.5, "axis": "x", "origin": [7.75, 22.20372, 4.04867]},
			"faces": {
				"north": {"uv": [3.1875, 4.04688, 4.1875, 9.54688], "texture": "#1"},
				"east": {"uv": [3.25, 4.34375, 5.71875, 6.875], "rotation": 90, "texture": "#1"},
				"south": {"uv": [3.25, 4.34375, 5.71875, 6.875], "rotation": 90, "texture": "#1"},
				"west": {"uv": [3.25, 4.34375, 5.71875, 6.875], "rotation": 90, "texture": "#1"},
				"up": {"uv": [3.25, 4.34375, 5.71875, 6.875], "rotation": 90, "texture": "#1"},
				"down": {"uv": [3.25, 4.34375, 5.71875, 6.875], "rotation": 90, "texture": "#1"}
			}
		},
		{
			"from": [7.75, 12.6166, 7.20081],
			"to": [8.25, 20.6166, 9.70081],
			"rotation": {"angle": -22.5, "axis": "x", "origin": [7.75, 19.1166, 7.70081]},
			"faces": {
				"north": {"uv": [3, 4.01563, 3.59375, 10.73438], "texture": "#1"},
				"east": {"uv": [3.25, 4.34375, 5.71875, 6.875], "texture": "#1"},
				"south": {"uv": [3.25, 4.34375, 5.71875, 6.875], "texture": "#1"},
				"west": {"uv": [3.25, 4.34375, 5.71875, 6.875], "texture": "#1"},
				"up": {"uv": [3.25, 4.34375, 5.71875, 6.875], "texture": "#1"},
				"down": {"uv": [3.25, 4.34375, 5.71875, 6.875], "texture": "#1"}
			}
		},
		{
			"from": [7.75, 19.87827, 6.92651],
			"to": [8.25, 21.37827, 7.92651],
			"rotation": {"angle": -45, "axis": "x", "origin": [7.75, 19.87827, 7.42651]},
			"faces": {
				"north": {"uv": [3.25, 4.34375, 5.71875, 6.875], "texture": "#1"},
				"east": {"uv": [3.25, 4.34375, 5.71875, 6.875], "texture": "#1"},
				"south": {"uv": [3.25, 4.34375, 5.71875, 6.875], "texture": "#1"},
				"west": {"uv": [3.25, 4.34375, 5.71875, 6.875], "texture": "#1"},
				"up": {"uv": [3.25, 4.34375, 5.71875, 6.875], "texture": "#1"},
				"down": {"uv": [3.25, 4.34375, 5.71875, 6.875], "texture": "#1"}
			}
		},
		{
			"from": [7.75, 11.33794, 10.64052],
			"to": [8.25, 13.71294, 11.64052],
			"rotation": {"angle": -45, "axis": "x", "origin": [7.75, 12.21294, 11.14052]},
			"faces": {
				"north": {"uv": [3.25, 4.34375, 4.25, 9.09375], "texture": "#1"},
				"east": {"uv": [3.25, 4.34375, 5.71875, 6.875], "texture": "#1"},
				"south": {"uv": [3.25, 4.34375, 5.71875, 6.875], "texture": "#1"},
				"west": {"uv": [3.25, 4.34375, 5.71875, 6.875], "texture": "#1"},
				"up": {"uv": [3.25, 4.34375, 5.71875, 6.875], "texture": "#1"},
				"down": {"uv": [3.25, 4.34375, 5.71875, 6.875], "texture": "#1"}
			}
		},
		{
			"from": [7.75, 25.14717, 5.41924],
			"to": [8.25, 26.02217, 6.41924],
			"rotation": {"angle": 22.5, "axis": "x", "origin": [7.75, 26.64717, 5.66924]},
			"faces": {
				"north": {"uv": [3.25, 4.375, 3.40625, 4.84375], "texture": "#1"},
				"east": {"uv": [3.25, 4.34375, 5.71875, 6.875], "texture": "#1"},
				"south": {"uv": [3.25, 4.34375, 5.71875, 6.875], "texture": "#1"},
				"west": {"uv": [3.25, 4.34375, 5.71875, 6.875], "texture": "#1"},
				"up": {"uv": [3.25, 4.34375, 5.71875, 6.875], "texture": "#1"},
				"down": {"uv": [3.25, 4.34375, 5.71875, 6.875], "texture": "#1"}
			}
		},
		{
			"from": [7.75, 19.60308, 8.98572],
			"to": [8.25, 21.10308, 10.98572],
			"rotation": {"angle": -22.5, "axis": "x", "origin": [7.75, 20.60308, 10.48572]},
			"faces": {
				"north": {"uv": [3.25, 4.34375, 5.71875, 6.875], "texture": "#1"},
				"east": {"uv": [3.25, 4.34375, 5.71875, 6.875], "texture": "#1"},
				"south": {"uv": [3.25, 4.34375, 4.25, 7.34375], "texture": "#1"},
				"west": {"uv": [3.25, 4.34375, 5.71875, 6.875], "texture": "#1"},
				"up": {"uv": [3.25, 4.34375, 5.71875, 6.875], "texture": "#1"},
				"down": {"uv": [3.25, 4.34375, 5.71875, 6.875], "texture": "#1"}
			}
		},
		{
			"from": [7.75, 23.41277, 5.6148],
			"to": [8.25, 25.41277, 9.6148],
			"rotation": {"angle": -22.5, "axis": "x", "origin": [7.75, 24.41277, 9.1148]},
			"faces": {
				"north": {"uv": [3.25, 4.34375, 5.71875, 6.875], "texture": "#1"},
				"east": {"uv": [3.25, 4.34375, 5.71875, 6.875], "texture": "#1"},
				"south": {"uv": [3.25, 4.34375, 4.25, 8.34375], "texture": "#1"},
				"west": {"uv": [3.25, 4.34375, 5.71875, 6.875], "texture": "#1"},
				"up": {"uv": [3.25, 4.34375, 5.71875, 6.875], "texture": "#1"},
				"down": {"uv": [3.25, 4.34375, 5.71875, 6.875], "texture": "#1"}
			}
		},
		{
			"from": [7.75, 24.80833, 6.70662],
			"to": [8.25, 29.30833, 8.45662],
			"rotation": {"angle": -45, "axis": "x", "origin": [7.75, 26.05833, 7.95662]},
			"faces": {
				"north": {"uv": [3.25, 4.34375, 5.71875, 6.875], "texture": "#1"},
				"east": {"uv": [3.25, 4.34375, 5.71875, 6.875], "texture": "#1"},
				"south": {"uv": [2.76563, 4.85938, 3.45313, 11.26563], "texture": "#1"},
				"west": {"uv": [3.25, 4.34375, 5.71875, 6.875], "texture": "#1"},
				"up": {"uv": [3.25, 4.34375, 5.71875, 6.875], "texture": "#1"},
				"down": {"uv": [3.25, 4.34375, 5.71875, 6.875], "texture": "#1"}
			}
		},
		{
			"from": [7.75, 21.24658, 6.42137],
			"to": [8.25, 22.37158, 9.92137],
			"rotation": {"angle": -22.5, "axis": "x", "origin": [7.75, 22.37158, 9.42137]},
			"faces": {
				"north": {"uv": [3.25, 4.34375, 5.71875, 6.875], "texture": "#1"},
				"east": {"uv": [3.25, 4.34375, 5.71875, 6.875], "texture": "#1"},
				"south": {"uv": [3.25, 4.34375, 4.25, 6.59375], "texture": "#1"},
				"west": {"uv": [3.25, 4.34375, 5.71875, 6.875], "texture": "#1"},
				"up": {"uv": [3.25, 4.34375, 5.71875, 6.875], "texture": "#1"},
				"down": {"uv": [3.25, 4.34375, 5.71875, 6.875], "texture": "#1"}
			}
		},
		{
			"from": [7.75, 20.60991, 8.57066],
			"to": [8.25, 21.60991, 10.19566],
			"rotation": {"angle": -45, "axis": "x", "origin": [7.75, 21.60991, 9.69566]},
			"faces": {
				"north": {"uv": [3.25, 4.34375, 5.71875, 6.875], "texture": "#1"},
				"east": {"uv": [3.25, 4.34375, 5.71875, 6.875], "texture": "#1"},
				"south": {"uv": [3.25, 4.34375, 4.25, 6.34375], "texture": "#1"},
				"west": {"uv": [3.25, 4.34375, 5.71875, 6.875], "texture": "#1"},
				"up": {"uv": [3.25, 4.34375, 5.71875, 6.875], "texture": "#1"},
				"down": {"uv": [3.25, 4.34375, 5.71875, 6.875], "texture": "#1"}
			}
		},
		{
			"from": [7.75, 14.82934, 10.63691],
			"to": [8.25, 17.32934, 11.63691],
			"rotation": {"angle": 0, "axis": "y", "origin": [3.75, 13.07934, 2.76191]},
			"faces": {
				"north": {"uv": [3.25, 4.34375, 5.71875, 6.875], "texture": "#1"},
				"east": {"uv": [3.25, 4.34375, 5.71875, 6.875], "texture": "#1"},
				"south": {"uv": [3.25, 4.34375, 4.25, 9.34375], "texture": "#1"},
				"west": {"uv": [3.25, 4.34375, 5.71875, 6.875], "texture": "#1"},
				"up": {"uv": [3.25, 4.34375, 5.71875, 6.875], "texture": "#1"},
				"down": {"uv": [3.25, 4.34375, 5.71875, 6.875], "texture": "#1"}
			}
		},
		{
			"from": [7.75, 9.763, 9.07497],
			"to": [8.25, 15.263, 10.79997],
			"rotation": {"angle": -22.5, "axis": "x", "origin": [7.75, 17.138, 11.17497]},
			"faces": {
				"north": {"uv": [3.25, 3.85938, 4, 9.6875], "texture": "#1"},
				"east": {"uv": [3.25, 4.34375, 5.71875, 6.875], "texture": "#1"},
				"south": {"uv": [2.82813, 4.75, 3.60938, 10.45313], "texture": "#1"},
				"west": {"uv": [3.25, 4.34375, 5.71875, 6.875], "texture": "#1"},
				"up": {"uv": [3.25, 4.34375, 5.71875, 6.875], "texture": "#1"},
				"down": {"uv": [3.25, 4.34375, 5.71875, 6.875], "texture": "#1"}
			}
		},
		{
			"from": [7.75, 17.17788, 9.12547],
			"to": [8.25, 18.17788, 10.12547],
			"rotation": {"angle": -22.5, "axis": "x", "origin": [7.75, 21.05288, 10.50047]},
			"faces": {
				"north": {"uv": [3.25, 4.34375, 5.71875, 6.875], "texture": "#1"},
				"east": {"uv": [3.25, 4.34375, 5.71875, 6.875], "texture": "#1"},
				"south": {"uv": [3.25, 4.34375, 4.25, 6.34375], "texture": "#1"},
				"west": {"uv": [3.25, 4.34375, 5.71875, 6.875], "texture": "#1"},
				"up": {"uv": [3.25, 4.34375, 5.71875, 6.875], "texture": "#1"},
				"down": {"uv": [3.25, 4.34375, 5.71875, 6.875], "texture": "#1"}
			}
		},
		{
			"from": [7.75, 8.80588, 12.02581],
			"to": [8.25, 10.18088, 13.65081],
			"rotation": {"angle": 0, "axis": "y", "origin": [7.75, 10.43088, 13.15081]},
			"faces": {
				"north": {"uv": [3.25, 4.34375, 4.25, 7.09375], "texture": "#1"},
				"east": {"uv": [3.25, 4.34375, 5.71875, 6.875], "texture": "#1"},
				"south": {"uv": [3.25, 4.34375, 4.25, 7.09375], "texture": "#1"},
				"west": {"uv": [3.25, 4.34375, 5.71875, 6.875], "texture": "#1"},
				"up": {"uv": [3.25, 4.34375, 5.71875, 6.875], "texture": "#1"},
				"down": {"uv": [3.25, 4.34375, 5.71875, 6.875], "texture": "#1"}
			}
		},
		{
			"from": [8.3, 8.44554, 1.33035],
			"to": [8.3, 31.24554, 13.65535],
			"rotation": {"angle": 0, "axis": "y", "origin": [4, 15.62054, 2.45535]},
			"faces": {
				"north": {"uv": [0, 0, 0, 16], "texture": "#1"},
				"east": {"uv": [0, 0, 8.65625, 16], "texture": "#1"},
				"south": {"uv": [0, 0, 0, 16], "texture": "#1"},
				"west": {"uv": [8.65625, 0, 0, 16], "texture": "#1"},
				"up": {"uv": [0, 0, 0, 16], "texture": "#1"},
				"down": {"uv": [0, 0, 0, 16], "texture": "#1"}
			}
		},
		{
			"from": [7.7, 8.44554, 1.33035],
			"to": [7.7, 31.24554, 13.65535],
			"rotation": {"angle": 0, "axis": "y", "origin": [12, 15.62054, 2.45535]},
			"faces": {
				"north": {"uv": [0, 0, 0, 16], "texture": "#1"},
				"east": {"uv": [0, 0, 8.65625, 16], "texture": "#1"},
				"south": {"uv": [0, 0, 0, 16], "texture": "#1"},
				"west": {"uv": [8.65625, 0, 0, 16], "texture": "#1"},
				"up": {"uv": [0, 0, 0, 16], "texture": "#1"},
				"down": {"uv": [0, 0, 0, 16], "texture": "#1"}
			}
		},
		{
			"name": "hexadecagon",
			"from": [3.31066, 7.99554, 2.25],
			"to": [13.31066, 8.49554, 12.25],
			"rotation": {"angle": 45, "axis": "y", "origin": [9.06066, 8.24554, 8]},
			"faces": {
				"north": {"uv": [0, 0, 1, 16], "rotation": 90, "texture": "#3"},
				"east": {"uv": [0, 0, 1, 16], "rotation": 90, "texture": "#3"},
				"south": {"uv": [0, 0, 1, 16], "rotation": 90, "texture": "#3"},
				"west": {"uv": [0.8, 0, 1.8, 16], "rotation": 90, "texture": "#3"},
				"up": {"uv": [0, 0, 16, 16], "rotation": 180, "texture": "#3"},
				"down": {"uv": [0, 0, 16, 16], "texture": "#3"}
			}
		},
		{
			"from": [7.65, 26.87054, 7.5],
			"to": [8.35, 29.37054, 8.1],
			"rotation": {"angle": -45, "axis": "x", "origin": [8.05, 26.62054, 8]},
			"faces": {
				"north": {"uv": [0, 10.75, 16, 16], "rotation": 90, "texture": "#4"},
				"east": {"uv": [0, 10.75, 16, 16], "rotation": 90, "texture": "#4"},
				"south": {"uv": [0, 10.75, 16, 16], "rotation": 90, "texture": "#4"},
				"west": {"uv": [0, 10.75, 16, 16], "rotation": 90, "texture": "#4"},
				"up": {"uv": [0, 10.75, 4.5, 16], "rotation": 90, "texture": "#4"},
				"down": {"uv": [0, 10.75, 4.5, 16], "rotation": 90, "texture": "#4"}
			}
		},
		{
			"from": [7.55, 27.42054, 7.8],
			"to": [8.45, 29.67054, 8.7],
			"rotation": {"angle": -45, "axis": "x", "origin": [7.95, 27.17054, 8.3]},
			"faces": {
				"north": {"uv": [0, 5, 16, 10.6], "rotation": 90, "texture": "#4"},
				"east": {"uv": [0, 0, 16, 10.6], "rotation": 270, "texture": "#4"},
				"south": {"uv": [0, 0, 16, 7.35], "rotation": 90, "texture": "#4"},
				"west": {"uv": [0, 0, 16, 10.6], "rotation": 90, "texture": "#4"},
				"up": {"uv": [0, 0, 10.6, 10.7], "rotation": 180, "texture": "#4"},
				"down": {"uv": [0, 0, 10.6, 10.7], "texture": "#4"}
			}
		}
	],
	"groups": [
		0,
		1,
		2,
		{
			"name": "board",
			"origin": [7.5, -10.37931, 18.30161],
			"color": 0,
			"children": [3, 4, 5, 6, 7, 8, 9, 10, 11, 12, 13, 14, 15, 16, 17, 18, 19, 20, 21, 22, 23, 24, 25, 26, 27, 28, 29, 30, 31, 32, 33, 34, 35, 36, 37, 38, 39, 40, 41]
		},
		42,
		43,
		44,
		45,
		46
	]
}