{
	"format_version": "1.21.6",
	"credit": "Made with Blockbench",
	"textures": {
		"1": "custom/titan_dummy/titan_dummy_planks",
		"2": "custom/titan_dummy/titan_dummy_support",
		"3": "custom/titan_dummy/titan_dummy_platform",
		"4": "custom/titan_dummy/titan_dummy_hitbox",
		"particle": "custom/titan_dummy/titan_dummy_support"
	},
	"elements": [
		{
			"name": "octagon",
			"from": [7.6, -14.5, 0.98087],
			"to": [8.4, 9.5, 1.78087],
			"rotation": {"angle": 22.5, "axis": "x", "origin": [7.9148, -6.01384, -0.25913]},
			"faces": {
				"north": {"uv": [0, 0, 8, 16], "rotation": 90, "texture": "#2"},
				"east": {"uv": [8, 0, 16, 16], "rotation": 90, "texture": "#2"},
				"south": {"uv": [0, 0, 8, 16], "rotation": 90, "texture": "#2"},
				"west": {"uv": [8, 0, 16, 16], "rotation": 90, "texture": "#2"},
				"up": {"uv": [0, 0, 1, 1], "texture": "#2"},
				"down": {"uv": [0, 0, 1, 1], "texture": "#2"}
			}
		},
		{
			"name": "octagon",
			"from": [14.04733, -14.5, 7.6],
			"to": [14.84733, 9.5, 8.4],
			"rotation": {"angle": 22.5, "axis": "z", "origin": [16.08733, -6.01384, 7.9148]},
			"faces": {
				"north": {"uv": [8, 0, 16, 16], "rotation": 90, "texture": "#2"},
				"east": {"uv": [0, 0, 8, 16], "rotation": 90, "texture": "#2"},
				"south": {"uv": [8, 0, 16, 16], "rotation": 90, "texture": "#2"},
				"west": {"uv": [0, 0, 8, 16], "rotation": 90, "texture": "#2"},
				"up": {"uv": [0, 0, 1, 1], "rotation": 90, "texture": "#2"},
				"down": {"uv": [0, 0, 1, 1], "rotation": 270, "texture": "#2"}
			}
		},
		{
			"name": "octagon",
			"from": [1.15267, -14.5, 7.6],
			"to": [1.95267, 9.5, 8.4],
			"rotation": {"angle": -22.5, "axis": "z", "origin": [-0.08733, -6.01384, 7.9148]},
			"faces": {
				"north": {"uv": [8, 16, 16, 0], "rotation": 90, "texture": "#2"},
				"east": {"uv": [0, 16, 8, 0], "rotation": 90, "texture": "#2"},
				"south": {"uv": [8, 16, 16, 0], "rotation": 90, "texture": "#2"},
				"west": {"uv": [0, 16, 8, 0], "rotation": 90, "texture": "#2"},
				"up": {"uv": [0, 1, 1, 0], "rotation": 90, "texture": "#2"},
				"down": {"uv": [0, 1, 1, 0], "rotation": 270, "texture": "#2"}
			}
		},
		{
			"from": [7.5, -14.37931, 15.05161],
			"to": [8.5, -13.62931, 19.30161],
			"rotation": {"angle": 0, "axis": "y", "origin": [7.5, -10.37931, 18.30161]},
			"faces": {
				"north": {"uv": [3.25, 4.34375, 4.25, 5.09375], "texture": "#1"},
				"east": {"uv": [3.25, 4.34375, 5.71875, 6.875], "texture": "#1"},
				"south": {"uv": [3.25, 4.34375, 4.25, 5.09375], "texture": "#1"},
				"west": {"uv": [3.25, 4.34375, 5.71875, 6.875], "texture": "#1"},
				"up": {"uv": [3.25, 4.34375, 4.25, 8.59375], "texture": "#1"},
				"down": {"uv": [3.25, 4.34375, 4.25, 8.59375], "texture": "#1"}
			}
		},
		{
			"from": [7.5, 4.5, 10.66069],
			"to": [8.5, 8.5, 14.66069],
			"rotation": {"angle": 0, "axis": "y", "origin": [-0.5, 0, -3.08931]},
			"faces": {
				"north": {"uv": [3.25, 4.34375, 5.71875, 6.875], "texture": "#1"},
				"east": {"uv": [3.25, 4.34375, 5.71875, 6.875], "texture": "#1"},
				"south": {"uv": [3.25, 4.34375, 4.25, 8.34375], "texture": "#1"},
				"west": {"uv": [3.25, 4.34375, 5.71875, 6.875], "texture": "#1"},
				"up": {"uv": [3.25, 4.34375, 5.71875, 6.875], "texture": "#1"},
				"down": {"uv": [3.25, 4.34375, 5.71875, 6.875], "texture": "#1"}
			}
		},
		{
			"from": [7.5, 24.76466, 1.70994],
			"to": [8.5, 27.01466, 4.10994],
			"rotation": {"angle": 0, "axis": "y", "origin": [-0.5, 20.26466, -13.14006]},
			"faces": {
				"north": {"uv": [3.25, 4.34375, 5.71875, 6.875], "texture": "#1"},
				"east": {"uv": [3.25, 4.34375, 5.71875, 6.875], "texture": "#1"},
				"south": {"uv": [3.25, 4.34375, 5.71875, 6.875], "texture": "#1"},
				"west": {"uv": [3.25, 4.34375, 5.71875, 6.875], "texture": "#1"},
				"up": {"uv": [3.25, 4.34375, 5.71875, 6.875], "texture": "#1"},
				"down": {"uv": [3.25, 4.34375, 5.71875, 6.875], "texture": "#1"}
			}
		},
		{
			"from": [7.5, 28.45089, 2.82456],
			"to": [8.5, 29.70089, 4.32456],
			"rotation": {"angle": -22.5, "axis": "x", "origin": [7.5, 29.20089, 3.57456]},
			"faces": {
				"north": {"uv": [3.25, 4.34375, 5.71875, 6.875], "texture": "#1"},
				"east": {"uv": [3.25, 4.34375, 5.71875, 6.875], "texture": "#1"},
				"south": {"uv": [3.25, 4.34375, 4.25, 5.59375], "texture": "#1"},
				"west": {"uv": [3.25, 4.34375, 5.71875, 6.875], "texture": "#1"},
				"up": {"uv": [3.25, 4.34375, 5.71875, 6.875], "texture": "#1"},
				"down": {"uv": [3.25, 4.34375, 5.71875, 6.875], "texture": "#1"}
			}
		},
		{
			"from": [7.5, 29.23645, 1.60386],
			"to": [8.5, 30.48645, 3.85386],
			"rotation": {"angle": -45, "axis": "x", "origin": [7.5, 29.86145, 3.10386]},
			"faces": {
				"north": {"uv": [3.25, 4.34375, 5.71875, 6.875], "texture": "#1"},
				"east": {"uv": [3.25, 4.34375, 5.71875, 6.875], "texture": "#1"},
				"south": {"uv": [3.25, 4.34375, 4.25, 5.59375], "texture": "#1"},
				"west": {"uv": [3.25, 4.34375, 5.71875, 6.875], "texture": "#1"},
				"up": {"uv": [3.25, 4.34375, 5.71875, 6.875], "texture": "#1"},
				"down": {"uv": [3.25, 4.34375, 5.71875, 6.875], "texture": "#1"}
			}
		},
		{
			"from": [7.5, 29.62999, 1.95281],
			"to": [8.5, 31.12999, 2.95281],
			"rotation": {"angle": 22.5, "axis": "x", "origin": [7.5, 30.37999, 2.32781]},
			"faces": {
				"north": {"uv": [3.25, 4.34375, 5.71875, 6.875], "rotation": 90, "texture": "#1"},
				"east": {"uv": [3.25, 4.34375, 5.71875, 6.875], "rotation": 90, "texture": "#1"},
				"south": {"uv": [3.25, 4.34375, 5.71875, 6.875], "rotation": 90, "texture": "#1"},
				"west": {"uv": [3.25, 4.34375, 5.71875, 6.875], "rotation": 90, "texture": "#1"},
				"up": {"uv": [3.25, 4.34375, 4.25, 5.34375], "texture": "#1"},
				"down": {"uv": [3.25, 4.34375, 5.71875, 6.875], "rotation": 90, "texture": "#1"}
			}
		},
		{
			"from": [7.5, 28.45089, -1.53783],
			"to": [8.5, 29.70089, -0.03783],
			"rotation": {"angle": 22.5, "axis": "x", "origin": [7.5, 29.20089, -0.78783]},
			"faces": {
				"north": {"uv": [4.75, 4.34375, 5.75, 5.59375], "texture": "#1"},
				"east": {"uv": [4.75, 4.34375, 5.71875, 6.875], "texture": "#1"},
				"south": {"uv": [4.75, 4.34375, 5.71875, 6.875], "texture": "#1"},
				"west": {"uv": [4.75, 4.34375, 5.71875, 6.875], "texture": "#1"},
				"up": {"uv": [4.75, 4.34375, 5.71875, 6.875], "texture": "#1"},
				"down": {"uv": [4.75, 4.34375, 5.71875, 6.875], "texture": "#1"}
			}
		},
		{
			"from": [7.5, 26.30089, -1.38783],
			"to": [8.5, 28.30089, -0.53783],
			"rotation": {"angle": 22.5, "axis": "x", "origin": [7.5, 29.20089, -0.78783]},
			"faces": {
				"north": {"uv": [4.75, 4.34375, 5.75, 6.34375], "texture": "#1"},
				"east": {"uv": [4.75, 4.34375, 5.71875, 6.875], "texture": "#1"},
				"south": {"uv": [4.75, 4.34375, 5.71875, 6.875], "texture": "#1"},
				"west": {"uv": [4.75, 4.34375, 5.71875, 6.875], "texture": "#1"},
				"up": {"uv": [4.75, 4.34375, 5.71875, 6.875], "texture": "#1"},
				"down": {"uv": [4.75, 4.34375, 5.71875, 6.875], "texture": "#1"}
			}
		},
		{
			"from": [7.5, 29.62999, -0.16608],
			"to": [8.5, 31.12999, 0.83392],
			"rotation": {"angle": -22.5, "axis": "x", "origin": [7.5, 30.37999, 0.45892]},
			"faces": {
				"north": {"uv": [3.25, 5.34375, 5.71875, 6.875], "rotation": 90, "texture": "#1"},
				"east": {"uv": [3.25, 5.34375, 5.71875, 6.875], "rotation": 90, "texture": "#1"},
				"south": {"uv": [3.25, 5.34375, 5.71875, 6.875], "rotation": 90, "texture": "#1"},
				"west": {"uv": [3.25, 5.34375, 5.71875, 6.875], "rotation": 90, "texture": "#1"},
				"up": {"uv": [3.25, 5.34375, 4.25, 6.34375], "texture": "#1"},
				"down": {"uv": [3.25, 5.34375, 5.71875, 6.875], "rotation": 90, "texture": "#1"}
			}
		},
		{
			"from": [7.5, 29.23645, -1.06713],
			"to": [8.5, 30.48645, 1.18287],
			"rotation": {"angle": 45, "axis": "x", "origin": [7.5, 29.86145, -0.31713]},
			"faces": {
				"north": {"uv": [4.75, 4.34375, 5.75, 5.59375], "texture": "#1"},
				"east": {"uv": [4.75, 4.34375, 5.71875, 6.875], "texture": "#1"},
				"south": {"uv": [4.75, 4.34375, 5.71875, 6.875], "texture": "#1"},
				"west": {"uv": [4.75, 4.34375, 5.71875, 6.875], "texture": "#1"},
				"up": {"uv": [4.75, 4.34375, 5.71875, 6.875], "texture": "#1"},
				"down": {"uv": [4.75, 4.34375, 5.71875, 6.875], "texture": "#1"}
			}
		},
		{
			"from": [7.5, 28.71641, 0.51836],
			"to": [8.5, 31.21641, 2.26836],
			"rotation": {"angle": 0, "axis": "y", "origin": [7.5, 30.46641, 1.76836]},
			"faces": {
				"north": {"uv": [3.25, 4.34375, 5.71875, 6.875], "rotation": 90, "texture": "#1"},
				"east": {"uv": [3.25, 4.34375, 5.71875, 6.875], "rotation": 90, "texture": "#1"},
				"south": {"uv": [3.25, 4.34375, 5.71875, 6.875], "rotation": 90, "texture": "#1"},
				"west": {"uv": [3.25, 4.34375, 5.71875, 6.875], "rotation": 90, "texture": "#1"},
				"up": {"uv": [3.25, 4.34375, 4.25, 6.09375], "texture": "#1"},
				"down": {"uv": [3.25, 4.34375, 5.71875, 6.875], "rotation": 90, "texture": "#1"}
			}
		},
		{
			"from": [7.5, 27.29499, 3.05448],
			"to": [8.5, 28.79499, 4.55448],
			"rotation": {"angle": 0, "axis": "y", "origin": [7.5, 28.04499, 3.80448]},
			"faces": {
				"north": {"uv": [3.25, 4.34375, 5.71875, 6.875], "texture": "#1"},
				"east": {"uv": [3.25, 4.34375, 5.71875, 6.875], "texture": "#1"},
				"south": {"uv": [3.25, 4.34375, 4.25, 5.84375], "texture": "#1"},
				"west": {"uv": [3.25, 4.34375, 5.71875, 6.875], "texture": "#1"},
				"up": {"uv": [3.25, 4.34375, 5.71875, 6.875], "texture": "#1"},
				"down": {"uv": [3.25, 4.34375, 5.71875, 6.875], "texture": "#1"}
			}
		},
		{
			"from": [7.5, 26.29499, -1.76775],
			"to": [8.5, 28.79499, 3.23225],
			"rotation": {"angle": 0, "axis": "y", "origin": [7.5, 28.04499, -1.01775]},
			"faces": {
				"north": {"uv": [3.25, 4.34375, 4.25, 6.84375], "texture": "#1"},
				"east": {"uv": [3.25, 4.34375, 5.71875, 6.875], "texture": "#1"},
				"south": {"uv": [3.25, 4.34375, 5.71875, 6.875], "texture": "#1"},
				"west": {"uv": [3.25, 4.34375, 5.71875, 6.875], "texture": "#1"},
				"up": {"uv": [3.25, 4.34375, 5.71875, 6.875], "texture": "#1"},
				"down": {"uv": [3.25, 4.34375, 5.71875, 6.875], "texture": "#1"}
			}
		},
		{
			"from": [7.5, 24.42367, 2.12869],
			"to": [8.5, 25.42367, 3.12869],
			"rotation": {"angle": -45, "axis": "x", "origin": [7.5, 24.17367, 1.37869]},
			"faces": {
				"north": {"uv": [3.25, 4.34375, 5.71875, 6.875], "texture": "#1"},
				"east": {"uv": [3.25, 4.34375, 5.71875, 6.875], "texture": "#1"},
				"south": {"uv": [3.25, 4.34375, 5.71875, 6.875], "texture": "#1"},
				"west": {"uv": [3.25, 4.34375, 5.71875, 6.875], "texture": "#1"},
				"up": {"uv": [3.25, 4.34375, 5.71875, 6.875], "texture": "#1"},
				"down": {"uv": [3.25, 4.34375, 5.71875, 6.875], "texture": "#1"}
			}
		},
		{
			"from": [7.5, 24.65138, -1.17103],
			"to": [8.5, 25.65138, 1.57897],
			"rotation": {"angle": -22.5, "axis": "x", "origin": [7.5, 25.15138, 1.07897]},
			"faces": {
				"north": {"uv": [3.25, 4.34375, 5.71875, 6.875], "texture": "#1"},
				"east": {"uv": [3.25, 4.34375, 5.71875, 6.875], "texture": "#1"},
				"south": {"uv": [3.25, 4.34375, 5.71875, 6.875], "texture": "#1"},
				"west": {"uv": [3.25, 4.34375, 5.71875, 6.875], "texture": "#1"},
				"up": {"uv": [3.25, 4.34375, 5.71875, 6.875], "texture": "#1"},
				"down": {"uv": [3.25, 4.34375, 5.71875, 6.875], "texture": "#1"}
			}
		},
		{
			"from": [7.5, 23.8284, -0.80842],
			"to": [8.5, 24.9284, 2.94158],
			"rotation": {"angle": 0, "axis": "y", "origin": [7.5, 24.3284, 0.56658]},
			"faces": {
				"north": {"uv": [3.25, 4.34375, 5.71875, 6.875], "texture": "#1"},
				"east": {"uv": [3.25, 4.34375, 5.71875, 6.875], "texture": "#1"},
				"south": {"uv": [3.25, 4.34375, 5.71875, 6.875], "texture": "#1"},
				"west": {"uv": [3.25, 4.34375, 5.71875, 6.875], "texture": "#1"},
				"up": {"uv": [3.25, 4.34375, 5.71875, 6.875], "texture": "#1"},
				"down": {"uv": [3.25, 4.34375, 5.71875, 6.875], "texture": "#1"}
			}
		},
		{
			"from": [7.5, 23.8284, -0.05842],
			"to": [8.5, 24.8284, 2.69158],
			"rotation": {"angle": 22.5, "axis": "x", "origin": [7.5, 24.3284, 0.56658]},
			"faces": {
				"north": {"uv": [3.25, 4.34375, 5.71875, 6.875], "texture": "#1"},
				"east": {"uv": [3.25, 4.34375, 5.71875, 6.875], "texture": "#1"},
				"south": {"uv": [3.25, 4.34375, 5.71875, 6.875], "texture": "#1"},
				"west": {"uv": [3.25, 4.34375, 5.71875, 6.875], "texture": "#1"},
				"up": {"uv": [3.25, 4.34375, 5.71875, 6.875], "texture": "#1"},
				"down": {"uv": [3.25, 4.34375, 5.71875, 6.875], "texture": "#1"}
			}
		},
		{
			"from": [7.5, 25.80294, 3.00769],
			"to": [8.5, 27.55294, 4.25769],
			"rotation": {"angle": 22.5, "axis": "x", "origin": [7.5, 26.67794, 3.75769]},
			"faces": {
				"north": {"uv": [3.25, 4.34375, 5.71875, 6.875], "texture": "#1"},
				"east": {"uv": [3.25, 4.34375, 5.71875, 6.875], "texture": "#1"},
				"south": {"uv": [3.25, 4.34375, 4.25, 6.09375], "texture": "#1"},
				"west": {"uv": [3.25, 4.34375, 5.71875, 6.875], "texture": "#1"},
				"up": {"uv": [3.25, 4.34375, 5.71875, 6.875], "texture": "#1"},
				"down": {"uv": [3.25, 4.34375, 5.71875, 6.875], "texture": "#1"}
			}
		},
		{
			"from": [7.5, 13.1194, 9.91885],
			"to": [8.5, 16.1194, 11.91885],
			"rotation": {"angle": 0, "axis": "y", "origin": [-0.5, 8.6194, -5.83115]},
			"faces": {
				"north": {"uv": [3.25, 4.34375, 5.71875, 6.875], "texture": "#1"},
				"east": {"uv": [3.25, 4.34375, 5.71875, 6.875], "texture": "#1"},
				"south": {"uv": [3.25, 4.34375, 4.25, 7.34375], "texture": "#1"},
				"west": {"uv": [3.25, 4.34375, 5.71875, 6.875], "texture": "#1"},
				"up": {"uv": [3.25, 4.34375, 5.71875, 6.875], "texture": "#1"},
				"down": {"uv": [3.25, 4.34375, 5.71875, 6.875], "texture": "#1"}
			}
		},
		{
			"from": [7.5, 19.30326, 2.33848],
			"to": [8.5, 24.05326, 5.83848],
			"rotation": {"angle": 0, "axis": "y", "origin": [-0.5, 15.55326, -13.41152]},
			"faces": {
				"north": {"uv": [3.25, 4.34375, 5.71875, 6.875], "texture": "#1"},
				"east": {"uv": [3.25, 4.34375, 5.71875, 6.875], "texture": "#1"},
				"south": {"uv": [3.25, 4.34375, 5.71875, 6.875], "texture": "#1"},
				"west": {"uv": [3.25, 4.34375, 5.71875, 6.875], "texture": "#1"},
				"up": {"uv": [3.25, 4.34375, 5.71875, 6.875], "texture": "#1"},
				"down": {"uv": [3.25, 4.34375, 5.71875, 6.875], "texture": "#1"}
			}
		},
		{
			"from": [7.5, 15.47296, 1.72849],
			"to": [8.5, 19.47296, 8.72849],
			"rotation": {"angle": 0, "axis": "y", "origin": [-0.5, 10.97296, -14.02151]},
			"faces": {
				"north": {"uv": [3.25, 4.375, 3.4375, 5.71875], "texture": "#1"},
				"east": {"uv": [3.25, 4.34375, 5.71875, 6.875], "texture": "#1"},
				"south": {"uv": [3.25, 4.34375, 5.71875, 6.875], "texture": "#1"},
				"west": {"uv": [3.25, 4.34375, 5.71875, 6.875], "texture": "#1"},
				"up": {"uv": [3.25, 4.34375, 5.71875, 6.875], "texture": "#1"},
				"down": {"uv": [3.25, 4.34375, 5.71875, 6.875], "texture": "#1"}
			}
		},
		{
			"from": [7.5, 10.00789, 2.41774],
			"to": [8.5, 16.00789, 10.41774],
			"rotation": {"angle": -22.5, "axis": "x", "origin": [7.5, 14.00789, 3.41774]},
			"faces": {
				"north": {"uv": [3.25, 4.34375, 5.71875, 6.875], "texture": "#1"},
				"east": {"uv": [3.25, 4.34375, 5.71875, 6.875], "texture": "#1"},
				"south": {"uv": [3.25, 4.34375, 5.71875, 6.875], "texture": "#1"},
				"west": {"uv": [3.25, 4.34375, 5.71875, 6.875], "texture": "#1"},
				"up": {"uv": [3.25, 4.34375, 5.71875, 6.875], "texture": "#1"},
				"down": {"uv": [3.25, 4.34375, 5.71875, 6.875], "texture": "#1"}
			}
		},
		{
			"from": [7.5, 12.91637, 1.09733],
			"to": [8.5, 18.41637, 2.84733],
			"rotation": {"angle": 22.5, "axis": "x", "origin": [7.5, 16.41637, -0.90267]},
			"faces": {
				"north": {"uv": [3.25, 5.10938, 3.5625, 6.8125], "texture": "#1"},
				"east": {"uv": [3.25, 4.34375, 5.71875, 6.875], "rotation": 90, "texture": "#1"},
				"south": {"uv": [3.25, 4.34375, 5.71875, 6.875], "rotation": 90, "texture": "#1"},
				"west": {"uv": [3.25, 4.34375, 5.71875, 6.875], "rotation": 90, "texture": "#1"},
				"up": {"uv": [3.25, 4.34375, 5.71875, 6.875], "rotation": 90, "texture": "#1"},
				"down": {"uv": [3.25, 4.34375, 5.71875, 6.875], "rotation": 90, "texture": "#1"}
			}
		},
		{
			"from": [7.5, 4.87324, 1.64147],
			"to": [8.5, 17.37324, 3.34147],
			"rotation": {"angle": 45, "axis": "x", "origin": [7.5, 14.62324, 1.46647]},
			"faces": {
				"north": {"uv": [3.25, 3.60938, 3.5625, 6.8125], "texture": "#1"},
				"east": {"uv": [3.25, 4.34375, 5.71875, 6.875], "rotation": 90, "texture": "#1"},
				"south": {"uv": [3.25, 4.34375, 5.71875, 6.875], "rotation": 90, "texture": "#1"},
				"west": {"uv": [3.25, 4.34375, 5.71875, 6.875], "rotation": 90, "texture": "#1"},
				"up": {"uv": [3.25, 4.34375, 5.71875, 6.875], "rotation": 90, "texture": "#1"},
				"down": {"uv": [3.25, 4.34375, 4.25, 6.04375], "texture": "#1"}
			}
		},
		{
			"from": [7.5, 2.62324, 2.64147],
			"to": [8.5, 14.12324, 4.34147],
			"rotation": {"angle": 45, "axis": "x", "origin": [7.5, 11.37324, 2.46647]},
			"faces": {
				"north": {"uv": [2.92188, 4.53125, 3.92188, 9.73437], "texture": "#1"},
				"east": {"uv": [3.25, 4.34375, 5.71875, 6.875], "rotation": 90, "texture": "#1"},
				"south": {"uv": [2.89063, 4.375, 3.70313, 10.57812], "texture": "#1"},
				"west": {"uv": [3.25, 4.34375, 5.71875, 6.875], "rotation": 90, "texture": "#1"},
				"up": {"uv": [3.25, 4.34375, 5.71875, 6.875], "rotation": 90, "texture": "#1"},
				"down": {"uv": [3.25, 4.34375, 4.25, 6.04375], "texture": "#1"}
			}
		},
		{
			"from": [7.5, 9.66637, 2.09733],
			"to": [8.5, 15.16637, 3.84733],
			"rotation": {"angle": 22.5, "axis": "x", "origin": [7.5, 13.16637, 0.09733]},
			"faces": {
				"north": {"uv": [3.1875, 4.04688, 4.1875, 9.54688], "texture": "#1"},
				"east": {"uv": [3.25, 4.34375, 5.71875, 6.875], "rotation": 90, "texture": "#1"},
				"south": {"uv": [3.25, 4.34375, 5.71875, 6.875], "rotation": 90, "texture": "#1"},
				"west": {"uv": [3.25, 4.34375, 5.71875, 6.875], "rotation": 90, "texture": "#1"},
				"up": {"uv": [3.25, 4.34375, 5.71875, 6.875], "rotation": 90, "texture": "#1"},
				"down": {"uv": [3.25, 4.34375, 5.71875, 6.875], "rotation": 90, "texture": "#1"}
			}
		},
		{
			"from": [7.5, -6.00787, 6.40161],
			"to": [8.5, 9.99213, 11.40161],
			"rotation": {"angle": -22.5, "axis": "x", "origin": [7.5, 6.99213, 7.40161]},
			"faces": {
				"north": {"uv": [3, 4.01563, 3.59375, 10.73438], "texture": "#1"},
				"east": {"uv": [3.25, 4.34375, 5.71875, 6.875], "texture": "#1"},
				"south": {"uv": [3.25, 4.34375, 5.71875, 6.875], "texture": "#1"},
				"west": {"uv": [3.25, 4.34375, 5.71875, 6.875], "texture": "#1"},
				"up": {"uv": [3.25, 4.34375, 5.71875, 6.875], "texture": "#1"},
				"down": {"uv": [3.25, 4.34375, 5.71875, 6.875], "texture": "#1"}
			}
		},
		{
			"from": [7.5, 8.51547, 5.85302],
			"to": [8.5, 11.51547, 7.85302],
			"rotation": {"angle": -45, "axis": "x", "origin": [7.5, 8.51547, 6.85302]},
			"faces": {
				"north": {"uv": [3.25, 4.34375, 5.71875, 6.875], "texture": "#1"},
				"east": {"uv": [3.25, 4.34375, 5.71875, 6.875], "texture": "#1"},
				"south": {"uv": [3.25, 4.34375, 5.71875, 6.875], "texture": "#1"},
				"west": {"uv": [3.25, 4.34375, 5.71875, 6.875], "texture": "#1"},
				"up": {"uv": [3.25, 4.34375, 5.71875, 6.875], "texture": "#1"},
				"down": {"uv": [3.25, 4.34375, 5.71875, 6.875], "texture": "#1"}
			}
		},
		{
			"from": [7.5, -8.5652, 13.28104],
			"to": [8.5, -3.8152, 15.28104],
			"rotation": {"angle": -45, "axis": "x", "origin": [7.5, -6.8152, 14.28104]},
			"faces": {
				"north": {"uv": [3.25, 4.34375, 4.25, 9.09375], "texture": "#1"},
				"east": {"uv": [3.25, 4.34375, 5.71875, 6.875], "texture": "#1"},
				"south": {"uv": [3.25, 4.34375, 5.71875, 6.875], "texture": "#1"},
				"west": {"uv": [3.25, 4.34375, 5.71875, 6.875], "texture": "#1"},
				"up": {"uv": [3.25, 4.34375, 5.71875, 6.875], "texture": "#1"},
				"down": {"uv": [3.25, 4.34375, 5.71875, 6.875], "texture": "#1"}
			}
		},
		{
			"from": [7.5, 19.05326, 2.83848],
			"to": [8.5, 20.80326, 4.83848],
			"rotation": {"angle": 22.5, "axis": "x", "origin": [7.5, 22.05326, 3.33848]},
			"faces": {
				"north": {"uv": [3.25, 4.375, 3.40625, 4.84375], "texture": "#1"},
				"east": {"uv": [3.25, 4.34375, 5.71875, 6.875], "texture": "#1"},
				"south": {"uv": [3.25, 4.34375, 5.71875, 6.875], "texture": "#1"},
				"west": {"uv": [3.25, 4.34375, 5.71875, 6.875], "texture": "#1"},
				"up": {"uv": [3.25, 4.34375, 5.71875, 6.875], "texture": "#1"},
				"down": {"uv": [3.25, 4.34375, 5.71875, 6.875], "texture": "#1"}
			}
		},
		{
			"from": [7.5, 7.96508, 9.97144],
			"to": [8.5, 10.96508, 13.97144],
			"rotation": {"angle": -22.5, "axis": "x", "origin": [7.5, 9.96508, 12.97144]},
			"faces": {
				"north": {"uv": [3.25, 4.34375, 5.71875, 6.875], "texture": "#1"},
				"east": {"uv": [3.25, 4.34375, 5.71875, 6.875], "texture": "#1"},
				"south": {"uv": [3.25, 4.34375, 4.25, 7.34375], "texture": "#1"},
				"west": {"uv": [3.25, 4.34375, 5.71875, 6.875], "texture": "#1"},
				"up": {"uv": [3.25, 4.34375, 5.71875, 6.875], "texture": "#1"},
				"down": {"uv": [3.25, 4.34375, 5.71875, 6.875], "texture": "#1"}
			}
		},
		{
			"from": [7.5, 15.58447, 3.2296],
			"to": [8.5, 19.58447, 11.2296],
			"rotation": {"angle": -22.5, "axis": "x", "origin": [7.5, 17.58447, 10.2296]},
			"faces": {
				"north": {"uv": [3.25, 4.34375, 5.71875, 6.875], "texture": "#1"},
				"east": {"uv": [3.25, 4.34375, 5.71875, 6.875], "texture": "#1"},
				"south": {"uv": [3.25, 4.34375, 4.25, 8.34375], "texture": "#1"},
				"west": {"uv": [3.25, 4.34375, 5.71875, 6.875], "texture": "#1"},
				"up": {"uv": [3.25, 4.34375, 5.71875, 6.875], "texture": "#1"},
				"down": {"uv": [3.25, 4.34375, 5.71875, 6.875], "texture": "#1"}
			}
		},
		{
			"from": [7.5, 18.37558, 5.41324],
			"to": [8.5, 27.37558, 8.91324],
			"rotation": {"angle": -45, "axis": "x", "origin": [7.5, 20.87558, 7.91324]},
			"faces": {
				"north": {"uv": [3.25, 4.34375, 5.71875, 6.875], "texture": "#1"},
				"east": {"uv": [3.25, 4.34375, 5.71875, 6.875], "texture": "#1"},
				"south": {"uv": [2.76563, 4.85938, 3.45313, 11.26563], "texture": "#1"},
				"west": {"uv": [3.25, 4.34375, 5.71875, 6.875], "texture": "#1"},
				"up": {"uv": [3.25, 4.34375, 5.71875, 6.875], "texture": "#1"},
				"down": {"uv": [3.25, 4.34375, 5.71875, 6.875], "texture": "#1"}
			}
		},
		{
			"from": [7.5, 11.25208, 4.84273],
			"to": [8.5, 13.50208, 11.84273],
			"rotation": {"angle": -22.5, "axis": "x", "origin": [7.5, 13.50208, 10.84273]},
			"faces": {
				"north": {"uv": [3.25, 4.34375, 5.71875, 6.875], "texture": "#1"},
				"east": {"uv": [3.25, 4.34375, 5.71875, 6.875], "texture": "#1"},
				"south": {"uv": [3.25, 4.34375, 4.25, 6.59375], "texture": "#1"},
				"west": {"uv": [3.25, 4.34375, 5.71875, 6.875], "texture": "#1"},
				"up": {"uv": [3.25, 4.34375, 5.71875, 6.875], "texture": "#1"},
				"down": {"uv": [3.25, 4.34375, 5.71875, 6.875], "texture": "#1"}
			}
		},
		{
			"from": [7.5, 9.97875, 9.14132],
			"to": [8.5, 11.97875, 12.39132],
			"rotation": {"angle": -45, "axis": "x", "origin": [7.5, 11.97875, 11.39132]},
			"faces": {
				"north": {"uv": [3.25, 4.34375, 5.71875, 6.875], "texture": "#1"},
				"east": {"uv": [3.25, 4.34375, 5.71875, 6.875], "texture": "#1"},
				"south": {"uv": [3.25, 4.34375, 4.25, 6.34375], "texture": "#1"},
				"west": {"uv": [3.25, 4.34375, 5.71875, 6.875], "texture": "#1"},
				"up": {"uv": [3.25, 4.34375, 5.71875, 6.875], "texture": "#1"},
				"down": {"uv": [3.25, 4.34375, 5.71875, 6.875], "texture": "#1"}
			}
		},
		{
			"from": [7.5, -1.58239, 13.27382],
			"to": [8.5, 3.41761, 15.27382],
			"rotation": {"angle": 0, "axis": "y", "origin": [-0.5, -5.08239, -2.47618]},
			"faces": {
				"north": {"uv": [3.25, 4.34375, 5.71875, 6.875], "texture": "#1"},
				"east": {"uv": [3.25, 4.34375, 5.71875, 6.875], "texture": "#1"},
				"south": {"uv": [3.25, 4.34375, 4.25, 9.34375], "texture": "#1"},
				"west": {"uv": [3.25, 4.34375, 5.71875, 6.875], "texture": "#1"},
				"up": {"uv": [3.25, 4.34375, 5.71875, 6.875], "texture": "#1"},
				"down": {"uv": [3.25, 4.34375, 5.71875, 6.875], "texture": "#1"}
			}
		},
		{
			"from": [7.5, -11.71508, 10.14994],
			"to": [8.5, -0.71508, 13.59994],
			"rotation": {"angle": -22.5, "axis": "x", "origin": [7.5, 3.03492, 14.34994]},
			"faces": {
				"north": {"uv": [3.25, 3.85938, 4, 9.6875], "texture": "#1"},
				"east": {"uv": [3.25, 4.34375, 5.71875, 6.875], "texture": "#1"},
				"south": {"uv": [2.82813, 4.75, 3.60938, 10.45313], "texture": "#1"},
				"west": {"uv": [3.25, 4.34375, 5.71875, 6.875], "texture": "#1"},
				"up": {"uv": [3.25, 4.34375, 5.71875, 6.875], "texture": "#1"},
				"down": {"uv": [3.25, 4.34375, 5.71875, 6.875], "texture": "#1"}
			}
		},
		{
			"from": [7.5, 3.11469, 10.25093],
			"to": [8.5, 5.11469, 12.25093],
			"rotation": {"angle": -22.5, "axis": "x", "origin": [7.5, 10.86469, 13.00093]},
			"faces": {
				"north": {"uv": [3.25, 4.34375, 5.71875, 6.875], "texture": "#1"},
				"east": {"uv": [3.25, 4.34375, 5.71875, 6.875], "texture": "#1"},
				"south": {"uv": [3.25, 4.34375, 4.25, 6.34375], "texture": "#1"},
				"west": {"uv": [3.25, 4.34375, 5.71875, 6.875], "texture": "#1"},
				"up": {"uv": [3.25, 4.34375, 5.71875, 6.875], "texture": "#1"},
				"down": {"uv": [3.25, 4.34375, 5.71875, 6.875], "texture": "#1"}
			}
		},
		{
			"from": [7.5, -13.62931, 16.05161],
			"to": [8.5, -10.87931, 19.30161],
			"rotation": {"angle": 0, "axis": "y", "origin": [7.5, -10.37931, 18.30161]},
			"faces": {
				"north": {"uv": [3.25, 4.34375, 4.25, 7.09375], "texture": "#1"},
				"east": {"uv": [3.25, 4.34375, 5.71875, 6.875], "texture": "#1"},
				"south": {"uv": [3.25, 4.34375, 4.25, 7.09375], "texture": "#1"},
				"west": {"uv": [3.25, 4.34375, 5.71875, 6.875], "texture": "#1"},
				"up": {"uv": [3.25, 4.34375, 5.71875, 6.875], "texture": "#1"},
				"down": {"uv": [3.25, 4.34375, 5.71875, 6.875], "texture": "#1"}
			}
		},
		{
			"from": [8.6, -14.35, -5.33931],
			"to": [8.6, 31.25, 19.31069],
			"rotation": {"angle": 0, "axis": "y", "origin": [0, 0, -3.08931]},
			"faces": {
				"north": {"uv": [0, 0, 0, 16], "texture": "#1"},
				"east": {"uv": [0, 0, 8.65625, 16], "texture": "#1"},
				"south": {"uv": [0, 0, 0, 16], "texture": "#1"},
				"west": {"uv": [8.65625, 0, 0, 16], "texture": "#1"},
				"up": {"uv": [0, 0, 0, 16], "texture": "#1"},
				"down": {"uv": [0, 0, 0, 16], "texture": "#1"}
			}
		},
		{
			"from": [7.4, -14.35, -5.33931],
			"to": [7.4, 31.25, 19.31069],
			"rotation": {"angle": 0, "axis": "y", "origin": [16, 0, -3.08931]},
			"faces": {
				"north": {"uv": [0, 0, 0, 16], "texture": "#1"},
				"east": {"uv": [0, 0, 8.65625, 16], "texture": "#1"},
				"south": {"uv": [0, 0, 0, 16], "texture": "#1"},
				"west": {"uv": [8.65625, 0, 0, 16], "texture": "#1"},
				"up": {"uv": [0, 0, 0, 16], "texture": "#1"},
				"down": {"uv": [0, 0, 0, 16], "texture": "#1"}
			}
		},
		{
			"name": "hexadecagon",
			"from": [-1.37868, -15.25, -3.5],
			"to": [18.62132, -14.25, 16.5],
			"rotation": {"angle": 45, "axis": "y", "origin": [10.12132, -14.75, 8]},
			"faces": {
				"north": {"uv": [0, 0, 1, 16], "rotation": 90, "texture": "#3"},
				"east": {"uv": [0, 0, 1, 16], "rotation": 90, "texture": "#3"},
				"south": {"uv": [0, 0, 1, 16], "rotation": 90, "texture": "#3"},
				"west": {"uv": [0.8, 0, 1.8, 16], "rotation": 90, "texture": "#3"},
				"up": {"uv": [0, 0, 16, 16], "rotation": 180, "texture": "#3"},
				"down": {"uv": [0, 0, 16, 16], "texture": "#3"}
			}
		},
		{
			"from": [7.3, 22.5, 7],
			"to": [8.7, 27.5, 8.2],
			"rotation": {"angle": -45, "axis": "x", "origin": [8.1, 22, 8]},
			"faces": {
				"north": {"uv": [0, 10.75, 16, 16], "rotation": 90, "texture": "#4"},
				"east": {"uv": [0, 10.75, 16, 16], "rotation": 90, "texture": "#4"},
				"south": {"uv": [0, 10.75, 16, 16], "rotation": 90, "texture": "#4"},
				"west": {"uv": [0, 10.75, 16, 16], "rotation": 90, "texture": "#4"},
				"up": {"uv": [0, 10.75, 4.5, 16], "rotation": 90, "texture": "#4"},
				"down": {"uv": [0, 10.75, 4.5, 16], "rotation": 90, "texture": "#4"}
			}
		},
		{
			"from": [7.1, 23.6, 7.6],
			"to": [8.9, 28.1, 9.4],
			"rotation": {"angle": -45, "axis": "x", "origin": [7.9, 23.1, 8.6]},
			"faces": {
				"north": {"uv": [0, 5, 16, 10.6], "rotation": 90, "texture": "#4"},
				"east": {"uv": [0, 0, 16, 10.6], "rotation": 270, "texture": "#4"},
				"south": {"uv": [0, 0, 16, 7.35], "rotation": 90, "texture": "#4"},
				"west": {"uv": [0, 0, 16, 10.6], "rotation": 90, "texture": "#4"},
				"up": {"uv": [0, 0, 10.6, 10.7], "rotation": 180, "texture": "#4"},
				"down": {"uv": [0, 0, 10.6, 10.7], "texture": "#4"}
			}
		}
	],
	"groups": [
		0,
		1,
		2,
		{
			"name": "board",
			"origin": [7.5, -10.37931, 18.30161],
			"color": 0,
			"children": [3, 4, 5, 6, 7, 8, 9, 10, 11, 12, 13, 14, 15, 16, 17, 18, 19, 20, 21, 22, 23, 24, 25, 26, 27, 28, 29, 30, 31, 32, 33, 34, 35, 36, 37, 38, 39, 40, 41]
		},
		42,
		43,
		44,
		45,
		46
	]
}