{
  "model": {
    "type": "minecraft:composite",
    "models": [
        {
            "type": "minecraft:model", "model": "minecraft:item/shifters/cart/bite/default/2"
        },
        {
            "type": "minecraft:condition",
            "property": "minecraft:component", "predicate": "minecraft:custom_data", "value": "{jaw_half:1b}",
            "on_true": {"type": "minecraft:model", "model": "minecraft:item/shifters/cart/bite/bone/half/2"},
            "on_false": {"type": "minecraft:model", "model": "minecraft:item/air"}
        },
        {
            "type": "minecraft:condition",
            "property": "minecraft:component", "predicate": "minecraft:custom_data", "value": "{jaw_full:1b}",
            "on_true": {"type": "minecraft:model", "model": "minecraft:item/shifters/cart/bite/bone/full/2"},
            "on_false": {
                "type": "minecraft:condition",
                "property": "minecraft:component", "predicate": "minecraft:custom_data", "value": "{jaw_mask:1b}",
                "on_true": {"type": "minecraft:model", "model": "minecraft:item/shifters/cart/bite/mask/2"},
                "on_false": {"type": "minecraft:model", "model": "minecraft:item/air"}
            }
        },
        {
            "type": "minecraft:condition",
            "property": "minecraft:component", "predicate": "minecraft:custom_data", "value": "{cart_hat:1b}",
            "on_true": {"type": "minecraft:model", "model": "minecraft:item/shifters/cart/bite/farm"},
            "on_false": {"type": "minecraft:model", "model": "minecraft:item/air"}
        }
    ]
  }
}