{ "model": {
	"type": "range_dispatch",
	"property": "custom_model_data",
	"index": 0,
	"entries": [
		{ "threshold": 1, "model": { "type": "model", "model": "minecraft:item/training_task/task_1_completed" }},
		{ "threshold": 2, "model": { "type": "model", "model": "minecraft:item/training_task/task_2_completed" }},
		{ "threshold": 3, "model": { "type": "model", "model": "minecraft:item/training_task/task_3_completed" }},
		{ "threshold": 4, "model": { "type": "model", "model": "minecraft:item/training_task/task_4_completed" }},
		{ "threshold": 5, "model": { "type": "model", "model": "minecraft:item/training_task/task_5_completed" }},
		{ "threshold": 6, "model": { "type": "model", "model": "minecraft:item/training_task/task_6_completed" }},
		{ "threshold": 7, "model": { "type": "model", "model": "minecraft:item/training_task/task_7_completed" }},
		{ "threshold": 8, "model": { "type": "model", "model": "minecraft:item/training_task/task_8_completed" }},
		{ "threshold": 9, "model": { "type": "model", "model": "minecraft:item/training_task/task_9_completed" }},
		{ "threshold": 10, "model": { "type": "model", "model": "minecraft:item/training_task/task_10_completed" }},
		{ "threshold": 11, "model": { "type": "model", "model": "minecraft:item/training_task/task_11_completed" }},
		{ "threshold": 12, "model": { "type": "model", "model": "minecraft:item/training_task/task_12_completed" }},
		{ "threshold": 13, "model": { "type": "model", "model": "minecraft:item/training_task/task_13_completed" }},
		{ "threshold": 14, "model": { "type": "model", "model": "minecraft:item/training_task/task_14_completed" }},
		{ "threshold": 15, "model": { "type": "model", "model": "minecraft:item/training_task/task_15_completed" }},
		{ "threshold": 16, "model": { "type": "model", "model": "minecraft:item/training_task/task_16_completed" }},
		{ "threshold": 17, "model": { "type": "model", "model": "minecraft:item/training_task/task_17_completed" }},
		
		{ "threshold": 21, "model": { "type": "model", "model": "minecraft:item/training_task/task_1_now" }},
		{ "threshold": 22, "model": { "type": "model", "model": "minecraft:item/training_task/task_2_now" }},
		{ "threshold": 23, "model": { "type": "model", "model": "minecraft:item/training_task/task_3_now" }},
		{ "threshold": 24, "model": { "type": "model", "model": "minecraft:item/training_task/task_4_now" }},
		{ "threshold": 25, "model": { "type": "model", "model": "minecraft:item/training_task/task_5_now" }},
		{ "threshold": 26, "model": { "type": "model", "model": "minecraft:item/training_task/task_6_now" }},
		{ "threshold": 27, "model": { "type": "model", "model": "minecraft:item/training_task/task_7_now" }},
		{ "threshold": 28, "model": { "type": "model", "model": "minecraft:item/training_task/task_8_now" }},
		{ "threshold": 29, "model": { "type": "model", "model": "minecraft:item/training_task/task_9_now" }},
		{ "threshold": 30, "model": { "type": "model", "model": "minecraft:item/training_task/task_10_now" }},
		{ "threshold": 31, "model": { "type": "model", "model": "minecraft:item/training_task/task_11_now" }},
		{ "threshold": 32, "model": { "type": "model", "model": "minecraft:item/training_task/task_12_now" }},
		{ "threshold": 33, "model": { "type": "model", "model": "minecraft:item/training_task/task_13_now" }},
		{ "threshold": 34, "model": { "type": "model", "model": "minecraft:item/training_task/task_14_now" }},
		{ "threshold": 35, "model": { "type": "model", "model": "minecraft:item/training_task/task_15_now" }},
		{ "threshold": 36, "model": { "type": "model", "model": "minecraft:item/training_task/task_16_now" }},
		{ "threshold": 37, "model": { "type": "model", "model": "minecraft:item/training_task/task_17_now" }},
		
		{ "threshold": 41, "model": { "type": "model", "model": "minecraft:item/training_task/task_1_locked" }},
		{ "threshold": 42, "model": { "type": "model", "model": "minecraft:item/training_task/task_2_locked" }},
		{ "threshold": 43, "model": { "type": "model", "model": "minecraft:item/training_task/task_3_locked" }},
		{ "threshold": 44, "model": { "type": "model", "model": "minecraft:item/training_task/task_4_locked" }},
		{ "threshold": 45, "model": { "type": "model", "model": "minecraft:item/training_task/task_5_locked" }},
		{ "threshold": 46, "model": { "type": "model", "model": "minecraft:item/training_task/task_6_locked" }},
		{ "threshold": 47, "model": { "type": "model", "model": "minecraft:item/training_task/task_7_locked" }},
		{ "threshold": 48, "model": { "type": "model", "model": "minecraft:item/training_task/task_8_locked" }},
		{ "threshold": 49, "model": { "type": "model", "model": "minecraft:item/training_task/task_9_locked" }},
		{ "threshold": 50, "model": { "type": "model", "model": "minecraft:item/training_task/task_10_locked" }},
		{ "threshold": 51, "model": { "type": "model", "model": "minecraft:item/training_task/task_11_locked" }},
		{ "threshold": 52, "model": { "type": "model", "model": "minecraft:item/training_task/task_12_locked" }},
		{ "threshold": 53, "model": { "type": "model", "model": "minecraft:item/training_task/task_13_locked" }},
		{ "threshold": 54, "model": { "type": "model", "model": "minecraft:item/training_task/task_14_locked" }},
		{ "threshold": 55, "model": { "type": "model", "model": "minecraft:item/training_task/task_15_locked" }},
		{ "threshold": 56, "model": { "type": "model", "model": "minecraft:item/training_task/task_16_locked" }},
		{ "threshold": 57, "model": { "type": "model", "model": "minecraft:item/training_task/task_17_locked" }}
	],
	"fallback": {
		"type": "model",
		"model": "minecraft:item/rotten_flesh"
	}
},
"oversized_in_gui": true
}