{ "model": {
	"type": "range_dispatch",
	"property": "custom_model_data",
	"index": 0,
	"entries": [
		{ "threshold": 1, "model": { "type": "model", "model": "minecraft:item/odm/odm_gas_tank" }},
		{ "threshold": 2, "model": { "type": "model", "model": "minecraft:item/odm/odm_blade" }},
		{ "threshold": 3, "model": { "type": "model", "model": "minecraft:item/odm/ap_gun_cartridge" }},
		{ "threshold": 4, "model": { "type": "model", "model": "minecraft:item/odm/assault_ap_magazine" }},
		
		{ "threshold": 102, "model": { "type": "model", "model": "minecraft:item/odm/blade_animated" }},
		{ "threshold": 103, "model": { "type": "model", "model": "minecraft:item/odm/bloody_blade_animated" }},
		{ "threshold": 104, "model": { "type": "model", "model": "minecraft:item/odm/broken_blade_animated" }},
		{ "threshold": 105, "model": { "type": "model", "model": "minecraft:item/odm/bloody_broken_blade_animated" }},
		
		{ "threshold": 150, "model": { "type": "model", "model": "minecraft:item/odm/ap_gun_cartridge_anim" }},
		
		{ "threshold": 201, "model": { "type": "model", "model": "minecraft:item/custom/gas_refuel_station" }},
		{ "threshold": 202, "model": { "type": "model", "model": "minecraft:item/custom/blade_station" }},
		{ "threshold": 203, "model": { "type": "model", "model": "minecraft:item/custom/cartridge_station" }},
		{ "threshold": 204, "model": { "type": "model", "model": "minecraft:item/custom/thunder_spear_station" }},
		{ "threshold": 205, "model": { "type": "model", "model": "minecraft:item/custom/magazine_station" }},
		
		{ "threshold": 301, "model": { "type": "model", "model": "minecraft:item/odm/odm_gear_drum" }},
		{ "threshold": 302, "model": { "type": "model", "model": "minecraft:item/odm/odm_gear_ejector" }},
		{ "threshold": 303, "model": { "type": "model", "model": "minecraft:item/odm/odm_gear_main_unit" }},
		{ "threshold": 304, "model": { "type": "model", "model": "minecraft:item/odm/odm_gear_sheath" }},
		{ "threshold": 305, "model": { "type": "model", "model": "minecraft:item/odm/ap_cartridge_holster" }},
		{ "threshold": 306, "model": { "type": "model", "model": "minecraft:item/odm/thunderspear_holder" }},
		
		{ "threshold": 400, "model": { "type": "model", "model": "minecraft:item/odm/thunder_spear" }},
		{ "threshold": 410, "model": { "type": "model", "model": "minecraft:item/odm/projectile_thunderspear" }},
		{ "threshold": 411, "model": { "type": "model", "model": "minecraft:item/odm/projectile_thunderspear_1" }},
		{ "threshold": 412, "model": { "type": "model", "model": "minecraft:item/odm/projectile_thunderspear_2" }},
		{ "threshold": 413, "model": { "type": "model", "model": "minecraft:item/odm/projectile_thunderspear_3" }},
		
		{ "threshold": 500, "model": { "type": "model", "model": "minecraft:item/odm/shell_animated" }},
		
		{ "threshold": 980, "model": { "type": "model", "model": "minecraft:item/custom/titan_dummy" }},
		
		{ "threshold": 1000, "model": { "type": "model", "model": "minecraft:item/custom/recipe_sheet" }}
	],
	"fallback": {
		"type": "model",
		"model": "minecraft:item/stone_shovel"
	}
},
"oversized_in_gui": true
}