{ "model": {
	"type": "range_dispatch",
	"property": "custom_model_data",
	"index": 0,
	"entries": [
		{ "threshold": 11001, "model": { "type": "model", "model": "minecraft:item/odm/regular/odm_grip", "tints": [{"type": "minecraft:dye", "default": -1}] }},
		{ "threshold": 11002, "model": { "type": "model", "model": "minecraft:item/odm/regular/odm_grip_blade", "tints": [{"type": "minecraft:dye", "default": -1}] }},
		{ "threshold": 11003, "model": { "type": "model", "model": "minecraft:item/odm/regular/odm_grip_bloody", "tints": [{"type": "minecraft:dye", "default": -1}] }},
		{ "threshold": 11004, "model": { "type": "model", "model": "minecraft:item/odm/regular/odm_grip_broken", "tints": [{"type": "minecraft:dye", "default": -1}] }},
		{ "threshold": 11005, "model": { "type": "model", "model": "minecraft:item/odm/regular/odm_grip_bloody_broken", "tints": [{"type": "minecraft:dye", "default": -1}] }},
		
		{ "threshold": 11101, "model": { "type": "model", "model": "minecraft:item/odm/regular/odm_holder", "tints": [{"type": "minecraft:dye", "default": -1}] }},
		{ "threshold": 11102, "model": { "type": "model", "model": "minecraft:item/odm/regular/odm_holder_blade", "tints": [{"type": "minecraft:dye", "default": -1}] }},
		{ "threshold": 11103, "model": { "type": "model", "model": "minecraft:item/odm/regular/odm_holder_bloody", "tints": [{"type": "minecraft:dye", "default": -1}] }},
		{ "threshold": 11104, "model": { "type": "model", "model": "minecraft:item/odm/regular/odm_holder_broken", "tints": [{"type": "minecraft:dye", "default": -1}] }},
		{ "threshold": 11105, "model": { "type": "model", "model": "minecraft:item/odm/regular/odm_holder_bloody_broken", "tints": [{"type": "minecraft:dye", "default": -1}] }},
		
		{ "threshold": 11111, "model": { "type": "model", "model": "minecraft:item/odm/regular/odm_thunderspear", "tints": [{"type": "minecraft:dye", "default": -1}] }},
		{ "threshold": 11112, "model": { "type": "model", "model": "minecraft:item/odm/regular/odm_thunderspear_blade", "tints": [{"type": "minecraft:dye", "default": -1}] }},
		{ "threshold": 11113, "model": { "type": "model", "model": "minecraft:item/odm/regular/odm_thunderspear_bloody", "tints": [{"type": "minecraft:dye", "default": -1}] }},
		{ "threshold": 11114, "model": { "type": "model", "model": "minecraft:item/odm/regular/odm_thunderspear_broken", "tints": [{"type": "minecraft:dye", "default": -1}] }},
		{ "threshold": 11115, "model": { "type": "model", "model": "minecraft:item/odm/regular/odm_thunderspear_bloody_broken", "tints": [{"type": "minecraft:dye", "default": -1}] }},
		
		{ "threshold": 21001, "model": { "type": "model", "model": "minecraft:item/odm/ap/ap_gun", "tints": [{"type": "minecraft:dye", "default": -1}] }},
		{ "threshold": 21002, "model": { "type": "model", "model": "minecraft:item/odm/ap/ap_gun_empty", "tints": [{"type": "minecraft:dye", "default": -1}] }},
		
		{ "threshold": 31001, "model": { "type": "model", "model": "minecraft:item/odm/assault/assault_odm_grip", "tints": [{"type": "minecraft:dye", "default": -1}] }},
		{ "threshold": 31002, "model": { "type": "model", "model": "minecraft:item/odm/assault/assault_odm_grip_blade", "tints": [{"type": "minecraft:dye", "default": -1}] }},
		{ "threshold": 31003, "model": { "type": "model", "model": "minecraft:item/odm/assault/assault_odm_grip_bloody", "tints": [{"type": "minecraft:dye", "default": -1}] }},
		{ "threshold": 31004, "model": { "type": "model", "model": "minecraft:item/odm/assault/assault_odm_grip_broken", "tints": [{"type": "minecraft:dye", "default": -1}] }},
		{ "threshold": 31005, "model": { "type": "model", "model": "minecraft:item/odm/assault/assault_odm_grip_bloody_broken", "tints": [{"type": "minecraft:dye", "default": -1}] }},
		
		{ "threshold": 31011, "model": { "type": "model", "model": "minecraft:item/odm/assault/assault_odm_thunderspear", "tints": [{"type": "minecraft:dye", "default": -1}] }},
		{ "threshold": 31012, "model": { "type": "model", "model": "minecraft:item/odm/assault/assault_odm_thunderspear_blade", "tints": [{"type": "minecraft:dye", "default": -1}] }},
		{ "threshold": 31013, "model": { "type": "model", "model": "minecraft:item/odm/assault/assault_odm_thunderspear_bloody", "tints": [{"type": "minecraft:dye", "default": -1}] }},
		{ "threshold": 31014, "model": { "type": "model", "model": "minecraft:item/odm/assault/assault_odm_thunderspear_broken", "tints": [{"type": "minecraft:dye", "default": -1}] }},
		{ "threshold": 31015, "model": { "type": "model", "model": "minecraft:item/odm/assault/assault_odm_thunderspear_bloody_broken", "tints": [{"type": "minecraft:dye", "default": -1}] }},
		
		{ "threshold": 31021, "model": { "type": "model", "model": "minecraft:item/odm/assault/assault_odm_thunderspear2", "tints": [{"type": "minecraft:dye", "default": -1}] }},
		{ "threshold": 31022, "model": { "type": "model", "model": "minecraft:item/odm/assault/assault_odm_thunderspear2_blade", "tints": [{"type": "minecraft:dye", "default": -1}] }},
		{ "threshold": 31023, "model": { "type": "model", "model": "minecraft:item/odm/assault/assault_odm_thunderspear2_bloody", "tints": [{"type": "minecraft:dye", "default": -1}] }},
		{ "threshold": 31024, "model": { "type": "model", "model": "minecraft:item/odm/assault/assault_odm_thunderspear2_broken", "tints": [{"type": "minecraft:dye", "default": -1}] }},
		{ "threshold": 31025, "model": { "type": "model", "model": "minecraft:item/odm/assault/assault_odm_thunderspear2_bloody_broken", "tints": [{"type": "minecraft:dye", "default": -1}] }},
		
		{ "threshold": 31031, "model": { "type": "model", "model": "minecraft:item/odm/assault/assault_odm_thunderspear3", "tints": [{"type": "minecraft:dye", "default": -1}] }},
		{ "threshold": 31032, "model": { "type": "model", "model": "minecraft:item/odm/assault/assault_odm_thunderspear3_blade", "tints": [{"type": "minecraft:dye", "default": -1}] }},
		{ "threshold": 31033, "model": { "type": "model", "model": "minecraft:item/odm/assault/assault_odm_thunderspear3_bloody", "tints": [{"type": "minecraft:dye", "default": -1}] }},
		{ "threshold": 31034, "model": { "type": "model", "model": "minecraft:item/odm/assault/assault_odm_thunderspear3_broken", "tints": [{"type": "minecraft:dye", "default": -1}] }},
		{ "threshold": 31035, "model": { "type": "model", "model": "minecraft:item/odm/assault/assault_odm_thunderspear3_bloody_broken", "tints": [{"type": "minecraft:dye", "default": -1}] }},
		
		{ "threshold": 41001, "model": { "type": "model", "model": "minecraft:item/odm/assaultap/assault_ap_odm_grip", "tints": [{"type": "minecraft:dye", "default": -1}] }},
		{ "threshold": 41011, "model": { "type": "model", "model": "minecraft:item/odm/assaultap/assault_ap_odm_thunderspear", "tints": [{"type": "minecraft:dye", "default": -1}] }},
		{ "threshold": 41021, "model": { "type": "model", "model": "minecraft:item/odm/assaultap/assault_ap_odm_thunderspear2", "tints": [{"type": "minecraft:dye", "default": -1}] }},
		{ "threshold": 41031, "model": { "type": "model", "model": "minecraft:item/odm/assaultap/assault_ap_odm_thunderspear3", "tints": [{"type": "minecraft:dye", "default": -1}] }}
	],
	"fallback": {
		"type": "model",
		"model": "minecraft:item/stone_pickaxe"
	}
},
"oversized_in_gui": true
}