{ "model": {
	"type": "range_dispatch",
	"property": "custom_model_data",
	"index": 0,
	"entries": [
		{ "threshold": 11001, "model": { "type": "model", "model": "minecraft:item/odm/regular/odm_gear_with_left_grip" }},
		{ "threshold": 11002, "model": { "type": "model", "model": "minecraft:item/odm/regular/odm_gear_with_left_grip_blade" }},
		{ "threshold": 11003, "model": { "type": "model", "model": "minecraft:item/odm/regular/odm_gear_with_left_grip_bloody" }},
		{ "threshold": 11004, "model": { "type": "model", "model": "minecraft:item/odm/regular/odm_gear_with_left_grip_broken" }},
		{ "threshold": 11005, "model": { "type": "model", "model": "minecraft:item/odm/regular/odm_gear_with_left_grip_bloody_broken" }},
		
		{ "threshold": 11101, "model": { "type": "model", "model": "minecraft:item/odm/regular/odm_gear_with_left_holder" }},
		{ "threshold": 11102, "model": { "type": "model", "model": "minecraft:item/odm/regular/odm_gear_with_left_holder_blade" }},
		{ "threshold": 11103, "model": { "type": "model", "model": "minecraft:item/odm/regular/odm_gear_with_left_holder_bloody" }},
		{ "threshold": 11104, "model": { "type": "model", "model": "minecraft:item/odm/regular/odm_gear_with_left_holder_broken" }},
		{ "threshold": 11105, "model": { "type": "model", "model": "minecraft:item/odm/regular/odm_gear_with_left_holder_bloody_broken" }},
		
		{ "threshold": 11111, "model": { "type": "model", "model": "minecraft:item/odm/regular/odm_gear_with_left_thunderspear" }},
		{ "threshold": 11112, "model": { "type": "model", "model": "minecraft:item/odm/regular/odm_gear_with_left_thunderspear_blade" }},
		{ "threshold": 11113, "model": { "type": "model", "model": "minecraft:item/odm/regular/odm_gear_with_left_thunderspear_bloody" }},
		{ "threshold": 11114, "model": { "type": "model", "model": "minecraft:item/odm/regular/odm_gear_with_left_thunderspear_broken" }},
		{ "threshold": 11115, "model": { "type": "model", "model": "minecraft:item/odm/regular/odm_gear_with_left_thunderspear_bloody_broken" }},
		
		
		{ "threshold": 21001, "model": { "type": "model", "model": "minecraft:item/odm/ap/ap_odm_gear" }},
		{ "threshold": 21002, "model": { "type": "model", "model": "minecraft:item/odm/ap/ap_odm_gear_gun_empty" }},
		
		
		{ "threshold": 31001, "model": { "type": "model", "model": "minecraft:item/odm/assault/assault_odm_gear_with_left_grip" }},
		{ "threshold": 31002, "model": { "type": "model", "model": "minecraft:item/odm/assault/assault_odm_gear_with_left_grip_blade" }},
		{ "threshold": 31003, "model": { "type": "model", "model": "minecraft:item/odm/assault/assault_odm_gear_with_left_grip_bloody" }},
		{ "threshold": 31004, "model": { "type": "model", "model": "minecraft:item/odm/assault/assault_odm_gear_with_left_grip_broken" }},
		{ "threshold": 31005, "model": { "type": "model", "model": "minecraft:item/odm/assault/assault_odm_gear_with_left_grip_bloody_broken" }},
		
		{ "threshold": 31011, "model": { "type": "model", "model": "minecraft:item/odm/assault/assault_odm_gear_with_left_thunderspear" }},
		{ "threshold": 31012, "model": { "type": "model", "model": "minecraft:item/odm/assault/assault_odm_gear_with_left_thunderspear_blade" }},
		{ "threshold": 31013, "model": { "type": "model", "model": "minecraft:item/odm/assault/assault_odm_gear_with_left_thunderspear_bloody" }},
		{ "threshold": 31014, "model": { "type": "model", "model": "minecraft:item/odm/assault/assault_odm_gear_with_left_thunderspear_broken" }},
		{ "threshold": 31015, "model": { "type": "model", "model": "minecraft:item/odm/assault/assault_odm_gear_with_left_thunderspear_bloody_broken" }},
		
		{ "threshold": 31021, "model": { "type": "model", "model": "minecraft:item/odm/assault/assault_odm_gear_with_left_thunderspear2" }},
		{ "threshold": 31022, "model": { "type": "model", "model": "minecraft:item/odm/assault/assault_odm_gear_with_left_thunderspear2_blade" }},
		{ "threshold": 31023, "model": { "type": "model", "model": "minecraft:item/odm/assault/assault_odm_gear_with_left_thunderspear2_bloody" }},
		{ "threshold": 31024, "model": { "type": "model", "model": "minecraft:item/odm/assault/assault_odm_gear_with_left_thunderspear2_broken" }},
		{ "threshold": 31025, "model": { "type": "model", "model": "minecraft:item/odm/assault/assault_odm_gear_with_left_thunderspear2_bloody_broken" }},
		
		{ "threshold": 31031, "model": { "type": "model", "model": "minecraft:item/odm/assault/assault_odm_gear_with_left_thunderspear3" }},
		{ "threshold": 31032, "model": { "type": "model", "model": "minecraft:item/odm/assault/assault_odm_gear_with_left_thunderspear3_blade" }},
		{ "threshold": 31033, "model": { "type": "model", "model": "minecraft:item/odm/assault/assault_odm_gear_with_left_thunderspear3_bloody" }},
		{ "threshold": 31034, "model": { "type": "model", "model": "minecraft:item/odm/assault/assault_odm_gear_with_left_thunderspear3_broken" }},
		{ "threshold": 31035, "model": { "type": "model", "model": "minecraft:item/odm/assault/assault_odm_gear_with_left_thunderspear3_bloody_broken" }},
		
		
		{ "threshold": 41001, "model": { "type": "model", "model": "minecraft:item/odm/assaultap/assault_ap_odm_gear_with_left_grip" }},
		{ "threshold": 41011, "model": { "type": "model", "model": "minecraft:item/odm/assaultap/assault_ap_odm_gear_with_left_thunderspear" }},
		{ "threshold": 41021, "model": { "type": "model", "model": "minecraft:item/odm/assaultap/assault_ap_odm_gear_with_left_thunderspear2" }},
		{ "threshold": 41031, "model": { "type": "model", "model": "minecraft:item/odm/assaultap/assault_ap_odm_gear_with_left_thunderspear3" }},
		
		
		{ "threshold": 51001, "model": { "type": "model", "model": "minecraft:item/odm/double/double_odm_gear_with_left_grip" }},
		{ "threshold": 51002, "model": { "type": "model", "model": "minecraft:item/odm/double/double_odm_gear_with_left_grip_blade" }},
		{ "threshold": 51003, "model": { "type": "model", "model": "minecraft:item/odm/double/double_odm_gear_with_left_grip_bloody" }},
		{ "threshold": 51004, "model": { "type": "model", "model": "minecraft:item/odm/double/double_odm_gear_with_left_grip_broken" }},
		{ "threshold": 51005, "model": { "type": "model", "model": "minecraft:item/odm/double/double_odm_gear_with_left_grip_bloody_broken" }},
		
		{ "threshold": 51011, "model": { "type": "model", "model": "minecraft:item/odm/double/double_odm_gear_with_left_thunderspear" }},
		{ "threshold": 51012, "model": { "type": "model", "model": "minecraft:item/odm/double/double_odm_gear_with_left_thunderspear_blade" }},
		{ "threshold": 51013, "model": { "type": "model", "model": "minecraft:item/odm/double/double_odm_gear_with_left_thunderspear_bloody" }},
		{ "threshold": 51014, "model": { "type": "model", "model": "minecraft:item/odm/double/double_odm_gear_with_left_thunderspear_broken" }},
		{ "threshold": 51015, "model": { "type": "model", "model": "minecraft:item/odm/double/double_odm_gear_with_left_thunderspear_bloody_broken" }},
		
		{ "threshold": 51021, "model": { "type": "model", "model": "minecraft:item/odm/double/double_odm_gear_with_left_thunderspear2" }},
		{ "threshold": 51022, "model": { "type": "model", "model": "minecraft:item/odm/double/double_odm_gear_with_left_thunderspear2_blade" }},
		{ "threshold": 51023, "model": { "type": "model", "model": "minecraft:item/odm/double/double_odm_gear_with_left_thunderspear2_bloody" }},
		{ "threshold": 51024, "model": { "type": "model", "model": "minecraft:item/odm/double/double_odm_gear_with_left_thunderspear2_broken" }},
		{ "threshold": 51025, "model": { "type": "model", "model": "minecraft:item/odm/double/double_odm_gear_with_left_thunderspear2_bloody_broken" }},
		
		{ "threshold": 51031, "model": { "type": "model", "model": "minecraft:item/odm/double/double_odm_gear_with_left_thunderspear3" }},
		{ "threshold": 51032, "model": { "type": "model", "model": "minecraft:item/odm/double/double_odm_gear_with_left_thunderspear3_blade" }},
		{ "threshold": 51033, "model": { "type": "model", "model": "minecraft:item/odm/double/double_odm_gear_with_left_thunderspear3_bloody" }},
		{ "threshold": 51034, "model": { "type": "model", "model": "minecraft:item/odm/double/double_odm_gear_with_left_thunderspear3_broken" }},
		{ "threshold": 51035, "model": { "type": "model", "model": "minecraft:item/odm/double/double_odm_gear_with_left_thunderspear3_bloody_broken" }},
		
		{ "threshold": 51101, "model": { "type": "model", "model": "minecraft:item/odm/double/double_odm_gear_with_left_ap_grip" }},
		{ "threshold": 51111, "model": { "type": "model", "model": "minecraft:item/odm/double/double_odm_gear_with_left_ap_thunderspear" }},
		{ "threshold": 51121, "model": { "type": "model", "model": "minecraft:item/odm/double/double_odm_gear_with_left_ap_thunderspear2" }},
		{ "threshold": 51131, "model": { "type": "model", "model": "minecraft:item/odm/double/double_odm_gear_with_left_ap_thunderspear3" }},
		
		{ "threshold": 100000, "model": { "type": "model", "model": "minecraft:item/odm/odm_gear" }}
	],
	"fallback": {
		"type": "model",
		"model": "minecraft:item/wooden_pickaxe"
	}
},
"oversized_in_gui": true
}