{
	"credit": "Made with Blockbench",
	"texture_size": [64, 64],
	"textures": {
		"4": "custom/titan/shifter/armor/head/jaw/jaw1",
		"particle": "custom/titan/shifter/armor/head/1/head"
	},
	"elements": [
		{
			"from": [6.25, 4.9, -3.0678],
			"to": [9.75, 12.7, 2.6822],
			"rotation": {"angle": 45, "axis": "x", "origin": [8, 8.7, -0.1928]},
			"faces": {
				"north": {"uv": [1.75, 7, 3, 9], "texture": "#4"},
				"east": {"uv": [0, 0, 1.5, 2], "texture": "#4"},
				"south": {"uv": [3, 7, 4, 9], "texture": "#4"},
				"west": {"uv": [1.75, 0, 3.25, 2], "texture": "#4"},
				"up": {"uv": [11, 4.25, 10, 2.75], "texture": "#4"},
				"down": {"uv": [11.25, 4.5, 10, 6], "texture": "#4"}
			}
		},
		{
			"from": [6.875, 8.64086, -5.80866],
			"to": [9.125, 13.04086, 0.74134],
			"rotation": {"angle": -22.5, "axis": "x", "origin": [8.625, 12.76586, -4.25866]},
			"faces": {
				"north": {"uv": [0.75, 12.75, 1.5, 13.75], "texture": "#4"},
				"east": {"uv": [8, 5.25, 9.75, 6.25], "texture": "#4"},
				"south": {"uv": [1.75, 12.75, 2.5, 13.75], "texture": "#4"},
				"west": {"uv": [8, 6.5, 9.75, 7.5], "texture": "#4"},
				"up": {"uv": [2, 12.5, 1.25, 10.75], "texture": "#4"},
				"down": {"uv": [3, 10.75, 2.25, 12.5], "texture": "#4"}
			}
		},
		{
			"from": [7.25, 12.33858, -4.90098],
			"to": [8.75, 15.86858, 1.24902],
			"rotation": {"angle": 0, "axis": "y", "origin": [8.5, 11.83858, -2.25098]},
			"faces": {
				"north": {"uv": [13, 2.75, 13.75, 3.5], "texture": "#4"},
				"east": {"uv": [6.75, 10.75, 8.5, 11.5], "texture": "#4"},
				"south": {"uv": [13, 3.75, 13.5, 4.5], "texture": "#4"},
				"west": {"uv": [11, 0, 12.75, 0.75], "texture": "#4"},
				"up": {"uv": [13, 13.25, 12.25, 11.5], "texture": "#4"},
				"down": {"uv": [0.5, 12.5, 0, 14.25], "texture": "#4"}
			}
		},
		{
			"from": [5.0989, 4.45364, -1],
			"to": [8.5689, 8.20364, 3],
			"rotation": {"angle": -22.5, "axis": "z", "origin": [4.8989, 5.20364, -0.75]},
			"faces": {
				"north": {"uv": [12.75, 6.5, 11.5, 7.5], "texture": "#4"},
				"east": {"uv": [10.75, 11.5, 9.75, 12.5], "texture": "#4"},
				"south": {"uv": [12.5, 9, 11.5, 10], "texture": "#4"},
				"west": {"uv": [12.5, 7.75, 11.5, 8.75], "texture": "#4"},
				"up": {"uv": [11.5, 11.25, 12.5, 10.25], "texture": "#4"},
				"down": {"uv": [11, 11.5, 12, 12.5], "texture": "#4"}
			}
		},
		{
			"from": [2.0989, 3.95364, -0.3],
			"to": [4.9989, 9.45364, 4],
			"rotation": {"angle": -22.5, "axis": "z", "origin": [4.8989, 4.95364, -0.75]},
			"faces": {
				"north": {"uv": [12.25, 1, 11.5, 2.5], "texture": "#4"},
				"east": {"uv": [11.25, 8, 10.25, 9.5], "texture": "#4"},
				"south": {"uv": [12.25, 4.75, 11.5, 6.25], "texture": "#4"},
				"west": {"uv": [11.25, 6.25, 10.25, 7.75], "texture": "#4"},
				"up": {"uv": [12.75, 7.5, 13.5, 6.5], "texture": "#4"},
				"down": {"uv": [12.75, 7.75, 13.5, 8.75], "texture": "#4"}
			}
		},
		{
			"from": [-1.6511, 3.45364, 0.6],
			"to": [2.0989, 8.95364, 7.3],
			"rotation": {"angle": -22.5, "axis": "z", "origin": [4.8989, 4.95364, -0.75]},
			"faces": {
				"north": {"uv": [11.25, 9.75, 10.25, 11.25], "texture": "#4"},
				"east": {"uv": [3.75, 2.25, 2, 3.75], "texture": "#4"},
				"south": {"uv": [1, 10.75, 0, 12.25], "texture": "#4"},
				"west": {"uv": [1.75, 2.25, 0, 3.75], "texture": "#4"},
				"up": {"uv": [8.5, 3.5, 9.5, 1.75], "texture": "#4"},
				"down": {"uv": [0, 8.75, 1, 10.5], "texture": "#4"}
			}
		},
		{
			"from": [-0.32483, 7.35075, 1.1],
			"to": [1.67517, 13.60075, 6.35],
			"rotation": {"angle": 0, "axis": "z", "origin": [1.67517, 7.10075, 3]},
			"faces": {
				"north": {"uv": [9.5, 12.5, 9, 14], "texture": "#4"},
				"east": {"uv": [9.25, 0, 8, 1.5], "texture": "#4"},
				"south": {"uv": [13.25, 9, 12.75, 10.5], "texture": "#4"},
				"west": {"uv": [8.5, 7.75, 7.25, 9.25], "texture": "#4"},
				"up": {"uv": [9.75, 14, 10.25, 12.75], "texture": "#4"},
				"down": {"uv": [10.5, 12.75, 11, 14], "texture": "#4"}
			}
		},
		{
			"from": [-0.57483, 13.25075, 0],
			"to": [7.42517, 18.25075, 4.75],
			"rotation": {"angle": -22.5, "axis": "z", "origin": [0.67517, 14.10075, 2.5]},
			"faces": {
				"north": {"uv": [6.5, 3, 4.5, 4.25], "texture": "#4"},
				"east": {"uv": [4, 9.25, 2.75, 10.5], "texture": "#4"},
				"south": {"uv": [6.5, 4.5, 4.5, 5.75], "texture": "#4"},
				"west": {"uv": [2.5, 9.25, 1.25, 10.5], "texture": "#4"},
				"up": {"uv": [0, 6.75, 2, 5.5], "texture": "#4"},
				"down": {"uv": [2.25, 5.5, 4.25, 6.75], "texture": "#4"}
			}
		},
		{
			"from": [1.92517, 13.25075, -2],
			"to": [7.42517, 17.10075, 0],
			"rotation": {"angle": -22.5, "axis": "z", "origin": [0.67517, 14.10075, 2.5]},
			"faces": {
				"north": {"uv": [10, 9.5, 8.75, 10.5], "texture": "#4"},
				"east": {"uv": [3, 12.75, 2.75, 14], "texture": "#4"},
				"south": {"uv": [10.75, 0, 9.5, 1.25], "texture": "#4"},
				"west": {"uv": [6, 0, 5.75, 1], "texture": "#4"},
				"up": {"uv": [4, 13.25, 5.25, 13], "texture": "#4"},
				"down": {"uv": [13, 11.5, 14.25, 12], "texture": "#4"}
			}
		},
		{
			"from": [0.56277, 9.10158, 1.79784],
			"to": [6.31277, 12.95158, 1.79784],
			"rotation": {"angle": -22.5, "axis": "x", "origin": [3.43777, 11.15158, 1.79784]},
			"faces": {
				"north": {"uv": [15.25, 0, 13.75, 1], "texture": "#4"},
				"east": {"uv": [3, 12.75, 2.75, 14], "texture": "#4"},
				"south": {"uv": [10.75, 0, 9.5, 1.25], "texture": "#4"},
				"west": {"uv": [6, 0, 5.75, 1.25], "texture": "#4"},
				"up": {"uv": [4, 13.25, 5.25, 13], "texture": "#4"},
				"down": {"uv": [13, 11.5, 14.25, 11.75], "texture": "#4"}
			}
		},
		{
			"from": [7.4311, 4.45364, -1],
			"to": [10.9011, 8.20364, 3],
			"rotation": {"angle": 22.5, "axis": "z", "origin": [11.1011, 5.20364, -0.75]},
			"faces": {
				"north": {"uv": [11.5, 6.5, 12.75, 7.5], "texture": "#4"},
				"east": {"uv": [11.5, 7.75, 12.5, 8.75], "texture": "#4"},
				"south": {"uv": [11.5, 9, 12.5, 10], "texture": "#4"},
				"west": {"uv": [9.75, 11.5, 10.75, 12.5], "texture": "#4"},
				"up": {"uv": [12.5, 11.25, 11.5, 10.25], "texture": "#4"},
				"down": {"uv": [12, 11.5, 11, 12.5], "texture": "#4"}
			}
		},
		{
			"from": [11.0011, 3.95364, -0.3],
			"to": [13.9011, 9.45364, 4],
			"rotation": {"angle": 22.5, "axis": "z", "origin": [11.1011, 4.95364, -0.75]},
			"faces": {
				"north": {"uv": [11.5, 1, 12.25, 2.5], "texture": "#4"},
				"east": {"uv": [10.25, 6.25, 11.25, 7.75], "texture": "#4"},
				"south": {"uv": [11.5, 4.75, 12.25, 6.25], "texture": "#4"},
				"west": {"uv": [10.25, 8, 11.25, 9.5], "texture": "#4"},
				"up": {"uv": [13.5, 7.5, 12.75, 6.5], "texture": "#4"},
				"down": {"uv": [13.5, 7.75, 12.75, 8.75], "texture": "#4"}
			}
		},
		{
			"from": [13.9011, 3.45364, 0.6],
			"to": [17.6511, 8.95364, 7.3],
			"rotation": {"angle": 22.5, "axis": "z", "origin": [11.1011, 4.95364, -0.75]},
			"faces": {
				"north": {"uv": [10.25, 9.75, 11.25, 11.25], "texture": "#4"},
				"east": {"uv": [0, 2.25, 1.75, 3.75], "texture": "#4"},
				"south": {"uv": [0, 10.75, 1, 12.25], "texture": "#4"},
				"west": {"uv": [2, 2.25, 3.75, 3.75], "texture": "#4"},
				"up": {"uv": [9.5, 3.5, 8.5, 1.75], "texture": "#4"},
				"down": {"uv": [1, 8.75, 0, 10.5], "texture": "#4"}
			}
		},
		{
			"from": [14.32483, 7.35075, 1.1],
			"to": [16.32483, 13.60075, 6.35],
			"rotation": {"angle": 0, "axis": "z", "origin": [14.32483, 7.10075, 3]},
			"faces": {
				"north": {"uv": [9, 12.5, 9.5, 14], "texture": "#4"},
				"east": {"uv": [7.25, 7.75, 8.5, 9.25], "texture": "#4"},
				"south": {"uv": [12.75, 9, 13.25, 10.5], "texture": "#4"},
				"west": {"uv": [8, 0, 9.25, 1.5], "texture": "#4"},
				"up": {"uv": [10.25, 14, 9.75, 12.75], "texture": "#4"},
				"down": {"uv": [11, 12.75, 10.5, 14], "texture": "#4"}
			}
		},
		{
			"from": [8.57483, 13.25075, 0],
			"to": [16.57483, 18.25075, 4.75],
			"rotation": {"angle": 22.5, "axis": "z", "origin": [15.32483, 14.10075, 2.5]},
			"faces": {
				"north": {"uv": [4.5, 3, 6.5, 4.25], "texture": "#4"},
				"east": {"uv": [1.25, 9.25, 2.5, 10.5], "texture": "#4"},
				"south": {"uv": [4.5, 4.5, 6.5, 5.75], "texture": "#4"},
				"west": {"uv": [2.75, 9.25, 4, 10.5], "texture": "#4"},
				"up": {"uv": [2, 6.75, 0, 5.5], "texture": "#4"},
				"down": {"uv": [4.25, 5.5, 2.25, 6.75], "texture": "#4"}
			}
		},
		{
			"from": [8.57483, 13.25075, -2],
			"to": [14.07483, 17.10075, 0],
			"rotation": {"angle": 22.5, "axis": "z", "origin": [15.32483, 14.10075, 2.5]},
			"faces": {
				"north": {"uv": [8.75, 9.5, 10, 10.5], "texture": "#4"},
				"east": {"uv": [5.75, 0, 6, 1], "texture": "#4"},
				"south": {"uv": [9.5, 0, 10.75, 1.25], "texture": "#4"},
				"west": {"uv": [2.75, 12.75, 3, 14], "texture": "#4"},
				"up": {"uv": [5.25, 13.25, 4, 13], "texture": "#4"},
				"down": {"uv": [14.25, 11.5, 13, 12], "texture": "#4"}
			}
		},
		{
			"from": [9.68723, 9.10158, 1.79784],
			"to": [15.43723, 12.95158, 1.79784],
			"rotation": {"angle": -22.5, "axis": "x", "origin": [12.56223, 11.15158, 1.79784]},
			"faces": {
				"north": {"uv": [13.75, 0, 15.25, 1], "texture": "#4"},
				"east": {"uv": [5.75, 0, 6, 1.25], "texture": "#4"},
				"south": {"uv": [9.5, 0, 10.75, 1.25], "texture": "#4"},
				"west": {"uv": [2.75, 12.75, 3, 14], "texture": "#4"},
				"up": {"uv": [5.25, 13.25, 4, 13], "texture": "#4"},
				"down": {"uv": [14.25, 11.5, 13, 11.75], "texture": "#4"}
			}
		}
	],
	"display": {
		"thirdperson_righthand": {
			"rotation": [90, 0, 0],
			"translation": [-7.75, -12.75, 21],
			"scale": [4, 4, 4]
		},
		"head": {
			"rotation": [4, 0, 0],
			"translation": [0, -3, 0],
			"scale": [0.41, 0.41, 0.41]
		}
	},
	"groups": [
		{
			"name": "jaw",
			"origin": [8, 8, 8],
			"color": 0,
			"children": [
				{
					"name": "upper",
					"origin": [8, 8, 8],
					"color": 0,
					"children": [
						0,
						1,
						2,
						{
							"name": "side",
							"origin": [11.16546, 4.50679, -0.75],
							"color": 0,
							"children": [3, 4, 5, 6, 7, 8, 9]
						},
						{
							"name": "side",
							"origin": [11.16546, 4.50679, -0.75],
							"color": 0,
							"children": [10, 11, 12, 13, 14, 15, 16]
						}
					]
				}
			]
		}
	]
}