{
	"credit": "ShingekinoCraft:MadebyFanfoandZabat",
	"textures": {
		"3": "custom/titan/shifter/beast/jaw/jaw",
		"particle": "custom/titan/shifter/beast/head/1"
	},
	"elements": [
		{
			"from": [6.125, 8.90275, 4.5327],
			"to": [9.875, 10.15275, 8.0327],
			"rotation": {"angle": -22.5, "axis": "x", "origin": [8.725, 10.04623, 6.10235]},
			"faces": {
				"north": {"uv": [10, 1.5, 12, 2.25], "texture": "#3"},
				"east": {"uv": [10.5, 2.5, 12.25, 3.25], "texture": "#3"},
				"south": {"uv": [3, 10, 5, 10.75], "texture": "#3"},
				"west": {"uv": [10.5, 7, 12.25, 7.75], "texture": "#3"},
				"up": {"uv": [2, 7.25, 0, 5.5], "texture": "#3"},
				"down": {"uv": [4, 5.5, 2, 7.25], "texture": "#3"}
			}
		},
		{
			"from": [7.625, 10.15275, 4.5327],
			"to": [8.375, 12.15275, 5.2827],
			"rotation": {"angle": -22.5, "axis": "x", "origin": [8.75, 10.04623, 6.10235]},
			"faces": {
				"north": {"uv": [4, 5.5, 4.5, 6.5], "texture": "#3"},
				"east": {"uv": [12.5, 11, 13, 12], "texture": "#3"},
				"south": {"uv": [11.5, 12.5, 12, 13.5], "texture": "#3"},
				"west": {"uv": [12, 12.5, 12.5, 13.5], "texture": "#3"},
				"up": {"uv": [3.5, 10, 3, 9.5], "texture": "#3"},
				"down": {"uv": [4, 9.5, 3.5, 10], "texture": "#3"}
			}
		},
		{
			"from": [9.875, 9.31443, 5.62438],
			"to": [11.125, 10.56443, 8.17438],
			"rotation": {"angle": -22.5, "axis": "x", "origin": [10.525, 9.93943, 7.19938]},
			"faces": {
				"north": {"uv": [12.5, 10, 13.25, 10.75], "texture": "#3"},
				"east": {"uv": [9.5, 11.5, 10.75, 12.25], "texture": "#3"},
				"south": {"uv": [10.5, 12.5, 11.25, 13.25], "texture": "#3"},
				"west": {"uv": [11, 11.5, 12.25, 12.25], "texture": "#3"},
				"up": {"uv": [12.75, 2.25, 12, 1], "texture": "#3"},
				"down": {"uv": [2.25, 12, 1.5, 13.25], "texture": "#3"}
			}
		},
		{
			"from": [9.125, 10.15275, 4.5327],
			"to": [9.875, 12.15275, 5.2827],
			"rotation": {"angle": -22.5, "axis": "x", "origin": [8.75, 10.04623, 6.10235]},
			"faces": {
				"north": {"uv": [12.5, 12, 13, 13], "texture": "#3"},
				"east": {"uv": [0, 13, 0.5, 14], "texture": "#3"},
				"south": {"uv": [0.5, 13, 1, 14], "texture": "#3"},
				"west": {"uv": [1, 13, 1.5, 14], "texture": "#3"},
				"up": {"uv": [7, 10, 6.5, 9.5], "texture": "#3"},
				"down": {"uv": [7.5, 9.5, 7, 10], "texture": "#3"}
			}
		},
		{
			"from": [10.525, 9.90873, 5.5],
			"to": [11.275, 11.40873, 6.25],
			"rotation": {"angle": 0, "axis": "y", "origin": [10.5, 10.85873, 5.82571]},
			"faces": {
				"north": {"uv": [13, 8, 13.5, 8.75], "texture": "#3"},
				"east": {"uv": [8.5, 13, 9, 13.75], "texture": "#3"},
				"south": {"uv": [9, 13, 9.5, 13.75], "texture": "#3"},
				"west": {"uv": [13, 9, 13.5, 9.75], "texture": "#3"},
				"up": {"uv": [10, 7.5, 9.5, 7], "texture": "#3"},
				"down": {"uv": [10.5, 2.5, 10, 3], "texture": "#3"}
			}
		},
		{
			"from": [10.38906, 8.62578, 6.87683],
			"to": [12.08906, 14.07578, 8.87683],
			"rotation": {"angle": -22.5, "axis": "z", "origin": [11.38906, 11.37578, 7.37683]},
			"faces": {
				"north": {"uv": [5, 10, 5.5, 12.5], "texture": "#3"},
				"east": {"uv": [0, 10.5, 0.5, 13], "texture": "#3"},
				"south": {"uv": [0.5, 10.5, 1, 13], "texture": "#3"},
				"west": {"uv": [1, 10.5, 1.5, 13], "texture": "#3"},
				"up": {"uv": [10.5, 7.5, 10, 7], "texture": "#3"},
				"down": {"uv": [11, 1, 10.5, 1.5], "texture": "#3"}
			}
		},
		{
			"from": [4.875, 9.31443, 5.62438],
			"to": [6.125, 10.56443, 8.17438],
			"rotation": {"angle": -22.5, "axis": "x", "origin": [5.475, 9.93943, 7.19938]},
			"faces": {
				"north": {"uv": [13.25, 10, 12.5, 10.75], "texture": "#3"},
				"east": {"uv": [12.25, 11.5, 11, 12.25], "texture": "#3"},
				"south": {"uv": [11.25, 12.5, 10.5, 13.25], "texture": "#3"},
				"west": {"uv": [10.75, 11.5, 9.5, 12.25], "texture": "#3"},
				"up": {"uv": [12, 2.25, 12.75, 1], "texture": "#3"},
				"down": {"uv": [1.5, 12, 2.25, 13.25], "texture": "#3"}
			}
		},
		{
			"from": [6.125, 10.15275, 4.5327],
			"to": [6.875, 12.15275, 5.2827],
			"rotation": {"angle": -22.5, "axis": "x", "origin": [7.25, 10.04623, 6.10235]},
			"faces": {
				"north": {"uv": [13, 12, 12.5, 13], "texture": "#3"},
				"east": {"uv": [1.5, 13, 1, 14], "texture": "#3"},
				"south": {"uv": [1, 13, 0.5, 14], "texture": "#3"},
				"west": {"uv": [0.5, 13, 0, 14], "texture": "#3"},
				"up": {"uv": [6.5, 10, 7, 9.5], "texture": "#3"},
				"down": {"uv": [7, 9.5, 7.5, 10], "texture": "#3"}
			}
		},
		{
			"from": [4.725, 9.90873, 5.5],
			"to": [5.475, 11.40873, 6.25],
			"rotation": {"angle": 0, "axis": "y", "origin": [5.5, 10.85873, 5.82571]},
			"faces": {
				"north": {"uv": [13.5, 8, 13, 8.75], "texture": "#3"},
				"east": {"uv": [13.5, 9, 13, 9.75], "texture": "#3"},
				"south": {"uv": [9.5, 13, 9, 13.75], "texture": "#3"},
				"west": {"uv": [9, 13, 8.5, 13.75], "texture": "#3"},
				"up": {"uv": [9.5, 7.5, 10, 7], "texture": "#3"},
				"down": {"uv": [10, 2.5, 10.5, 3], "texture": "#3"}
			}
		},
		{
			"from": [3.91094, 8.62578, 6.87683],
			"to": [5.61094, 14.07578, 8.87683],
			"rotation": {"angle": 22.5, "axis": "z", "origin": [4.61094, 11.37578, 7.37683]},
			"faces": {
				"north": {"uv": [5.5, 10, 5, 12.5], "texture": "#3"},
				"east": {"uv": [1.5, 10.5, 1, 13], "texture": "#3"},
				"south": {"uv": [1, 10.5, 0.5, 13], "texture": "#3"},
				"west": {"uv": [0.5, 10.5, 0, 13], "texture": "#3"},
				"up": {"uv": [10, 7.5, 10.5, 7], "texture": "#3"},
				"down": {"uv": [10.5, 1, 11, 1.5], "texture": "#3"}
			}
		}
	],
	"display": {
		"head": {
			"rotation": [-8, 0, 0],
			"translation": [0, -5.65, -2.7],
			"scale": [0.4, 0.4, 0.4]
		}
	},
	"groups": [
		{
			"name": "jaw",
			"origin": [8, 8, 8],
			"color": 0,
			"children": [
				{
					"name": "lower",
					"origin": [8, 8, 8],
					"color": 0,
					"children": [
						0,
						1,
						{
							"name": "side",
							"origin": [7, 13.5, 5.25],
							"color": 0,
							"children": [2, 3, 4, 5]
						},
						{
							"name": "side",
							"origin": [7, 13.5, 5.25],
							"color": 0,
							"children": [6, 7, 8, 9]
						}
					]
				}
			]
		}
	]
}