{
  "model": {
    "type": "minecraft:composite",
    "models": [
        {
            "type": "minecraft:model", "model": "minecraft:item/shifters/beast/bite/default/1"
        },
        {
            "type": "minecraft:condition",
            "property": "minecraft:component", "predicate": "minecraft:custom_data", "value": "{jaw_half:1b}",
            "on_true": {"type": "minecraft:model", "model": "minecraft:item/shifters/beast/bite/bone/half/1"},
            "on_false": {"type": "minecraft:model", "model": "minecraft:item/air"}
        },
        {
            "type": "minecraft:condition",
            "property": "minecraft:component", "predicate": "minecraft:custom_data", "value": "{jaw_full:1b}",
            "on_true": {"type": "minecraft:model", "model": "minecraft:item/shifters/beast/bite/bone/full/1"},
            "on_false": {"type": "minecraft:model", "model": "minecraft:item/air"}
        }
    ]
  }
}