{
  "model": {
    "type": "minecraft:composite",
    "models": [
        {"type": "minecraft:model", "model": "minecraft:item/shifters/beast/bite/default/4_up"},
        {"type": "minecraft:model", "model": "minecraft:item/shifters/beast/bite/default/4_dw"},
        {
        "type": "minecraft:condition",
        "property": "minecraft:component", "predicate": "minecraft:custom_data", "value": "{jaw_half:1b}",
        "on_true": {
            "type": "minecraft:composite", "models": [
                {
                    "type": "minecraft:composite", "models": [
                    {"type": "minecraft:model", "model": "minecraft:item/shifters/beast/bite/bone/half/4_up"},
                    {"type": "minecraft:model", "model": "minecraft:item/shifters/beast/bite/bone/half/4_dw"}]
                },
                {
                    "type": "minecraft:condition",
                    "property": "minecraft:component", "predicate": "minecraft:custom_data", "value": "{jaw_full:1b}",
                    "on_true": {"type": "minecraft:model", "model": "minecraft:item/shifters/beast/bite/bone/full/4_up"},
                    "on_false": {"type": "minecraft:model", "model": "minecraft:item/air"}
                }
            ]
        },
        "on_false": {"type": "minecraft:model", "model": "minecraft:item/air"}
        },
        {
        "type": "minecraft:condition",
        "property": "minecraft:component", "predicate": "minecraft:custom_data", "value": "{berserk:1b}",
        "on_true":  {
            "type": "minecraft:composite", "models": [
                {"type": "minecraft:model", "model": "minecraft:item/shifters/beast/bite/berserk/4_up"},
                {"type": "minecraft:model", "model": "minecraft:item/shifters/beast/bite/berserk/4_dw"}]
            },
        "on_false": {"type": "minecraft:model", "model": "minecraft:item/air"}
        }
    ]
  }
}