{
	"credit": "Made with Blockbench",
	"texture_size": [32, 32],
	"textures": {
		"0": "custom/people/profession/crown",
		"particle": "custom/people/profession/crown"
	},
	"elements": [
		{
			"from": [3.5, 0, 3.5],
			"to": [12.5, 5, 12.5],
			"faces": {
				"north": {"uv": [4.5, 0, 9, 2.5], "texture": "#0"},
				"east": {"uv": [4.5, 2.5, 9, 5], "texture": "#0"},
				"south": {"uv": [4.5, 5, 9, 7.5], "texture": "#0"},
				"west": {"uv": [4.5, 7.5, 9, 10], "texture": "#0"},
				"up": {"uv": [4.5, 4.5, 0, 0], "texture": "#0"},
				"down": {"uv": [4.5, 4.5, 0, 9], "texture": "#0"}
			}
		}
	],
	"display": {
		"ground": {
			"translation": [0, 5, 0]
		},
		"gui": {
			"rotation": [-16, 0, 0],
			"translation": [0, 8, 0],
			"scale": [1.5, 1.5, 1.5]
		},
		"head": {
			"translation": [0, 14.75, 0],
			"scale": [1.7, 1.7, 1.7]
		},
		"fixed": {
			"translation": [0, 8.75, 0.75],
			"scale": [1.5, 1.5, 1.5]
		}
	}
}