{
	"credit": "Made with Blockbench",
	"texture_size": [128, 128],
	"textures": {
		"0": "custom/people/profession/mage"
	},
	"elements": [
		{
			"from": [-1, -14, 0],
			"to": [19, -13, 18],
			"rotation": {"angle": 22.5, "axis": "x", "origin": [0, 23, -4]},
			"faces": {
				"north": {"uv": [2.25, 2.25, 4.75, 2.375], "texture": "#0"},
				"east": {"uv": [0, 2.25, 2.25, 2.375], "texture": "#0"},
				"south": {"uv": [7, 2.25, 9.5, 2.375], "texture": "#0"},
				"west": {"uv": [4.75, 2.25, 7, 2.375], "texture": "#0"},
				"up": {"uv": [4.75, 2.25, 2.25, 0], "texture": "#0"},
				"down": {"uv": [7.25, 0, 4.75, 2.25], "texture": "#0"}
			}
		},
		{
			"from": [4.2, -15, 4.3],
			"to": [13.2, -8, 14.3],
			"rotation": {"angle": 22.5, "axis": "x", "origin": [0, 24, 0]},
			"faces": {
				"north": {"uv": [1.25, 3.625, 2.375, 4.5], "texture": "#0"},
				"east": {"uv": [0, 3.625, 1.25, 4.5], "texture": "#0"},
				"south": {"uv": [3.625, 3.625, 4.75, 4.5], "texture": "#0"},
				"west": {"uv": [2.375, 3.625, 3.625, 4.5], "texture": "#0"},
				"up": {"uv": [2.375, 3.625, 1.25, 2.375], "texture": "#0"},
				"down": {"uv": [3.5, 2.375, 2.375, 3.625], "texture": "#0"}
			}
		},
		{
			"from": [4.5, 4, 16],
			"to": [12.5, 12, 22],
			"rotation": {"angle": 45, "axis": "x", "origin": [-5, 27, -13]},
			"faces": {
				"north": {"uv": [4.75, 4.5, 5.75, 5.5], "texture": "#0"},
				"east": {"uv": [4, 4.5, 4.75, 5.5], "texture": "#0"},
				"south": {"uv": [6.5, 4.5, 7.5, 5.5], "texture": "#0"},
				"west": {"uv": [5.75, 4.5, 6.5, 5.5], "texture": "#0"},
				"up": {"uv": [5.75, 4.5, 4.75, 3.75], "texture": "#0"},
				"down": {"uv": [6.75, 3.75, 5.75, 4.5], "texture": "#0"}
			}
		},
		{
			"from": [5.5, -5, -13],
			"to": [11.5, -1, -5],
			"rotation": {"angle": -22.5, "axis": "x", "origin": [5, 21, 2]},
			"faces": {
				"north": {"uv": [1, 5.5, 1.75, 6], "texture": "#0"},
				"east": {"uv": [0, 5.5, 1, 6], "texture": "#0"},
				"south": {"uv": [2.75, 5.5, 3.5, 6], "texture": "#0"},
				"west": {"uv": [1.75, 5.5, 2.75, 6], "texture": "#0"},
				"up": {"uv": [1.75, 5.5, 1, 4.5], "texture": "#0"},
				"down": {"uv": [2.5, 4.5, 1.75, 5.5], "texture": "#0"}
			}
		},
		{
			"from": [9.05, 28, 17],
			"to": [9.05, 32, 24],
			"rotation": {"angle": 45, "axis": "x", "origin": [0.05, 35, -39]},
			"faces": {
				"north": {"uv": [0.875, 0.875, 0.875, 1.375], "texture": "#0"},
				"east": {"uv": [0, 0.875, 0.875, 1.375], "texture": "#0"},
				"south": {"uv": [1.75, 0.875, 1.75, 1.375], "texture": "#0"},
				"west": {"uv": [0.875, 0.875, 1.75, 1.375], "texture": "#0"},
				"up": {"uv": [0.875, 0.875, 0.875, 0], "texture": "#0"},
				"down": {"uv": [0.875, 0, 0.875, 0.875], "texture": "#0"}
			}
		}
	],
	"display": {
		"thirdperson_righthand": {
			"rotation": [-3, 0, 0],
			"translation": [-1.25, 30, 13]
		},
		"thirdperson_lefthand": {
			"rotation": [-3, 0, 0],
			"translation": [-1.25, 30, 13]
		},
		"firstperson_righthand": {
			"translation": [12, 17, 0]
		},
		"firstperson_lefthand": {
			"translation": [12, 17, 0]
		},
		"ground": {
			"translation": [-0.5, 22, 13]
		},
		"gui": {
			"rotation": [4, 153, 0],
			"translation": [4.25, 12, 0],
			"scale": [0.6, 0.6, 0.6]
		},
		"head": {
			"translation": [-1.25, 41.25, 24.75],
			"scale": [1.69, 1.73, 1.75]
		},
		"fixed": {
			"translation": [0, 19, 4]
		}
	},
	"groups": [
		{
			"name": "head",
			"origin": [0, 23, -4],
			"rotation": [12.5, 0, 0],
			"color": 0,
			"nbt": "{}",
			"children": [0]
		},
		{
			"name": "body",
			"origin": [0, 24, 0],
			"rotation": [17.5, 0, 0],
			"color": 0,
			"nbt": "{}",
			"children": [1]
		},
		{
			"name": "leftArm",
			"origin": [-5, 27, -13],
			"rotation": [57.5, 0, 0],
			"color": 0,
			"nbt": "{}",
			"children": [2]
		},
		{
			"name": "rightArm",
			"origin": [5, 21, 2],
			"rotation": [-7.5, 0, 0],
			"color": 0,
			"nbt": "{}",
			"children": [3]
		},
		{
			"name": "leftLeg",
			"origin": [0.05, 35, -39],
			"rotation": [92.5, 0, 0],
			"color": 0,
			"nbt": "{}",
			"children": [4]
		},
		{
			"name": "rightLeg",
			"origin": [1.95, 12, 0],
			"color": 0,
			"nbt": "{}",
			"children": []
		}
	]
}