{ "model": {
	"type": "range_dispatch",
	"property": "custom_model_data",
	"index": 0,
	"entries": [
		{ "threshold": 1, "model": { "type": "model", "model": "minecraft:item/retract_animation/retract_animation_a_0" }},
		{ "threshold": 2, "model": { "type": "model", "model": "minecraft:item/retract_animation/retract_animation_a_1" }},
		{ "threshold": 3, "model": { "type": "model", "model": "minecraft:item/retract_animation/retract_animation_a_2" }},
		{ "threshold": 4, "model": { "type": "model", "model": "minecraft:item/retract_animation/retract_animation_a_3" }},
		{ "threshold": 5, "model": { "type": "model", "model": "minecraft:item/retract_animation/retract_animation_a_4" }},
		{ "threshold": 6, "model": { "type": "model", "model": "minecraft:item/retract_animation/retract_animation_a_5" }},
		{ "threshold": 7, "model": { "type": "model", "model": "minecraft:item/retract_animation/retract_animation_a_6" }},
		{ "threshold": 8, "model": { "type": "model", "model": "minecraft:item/retract_animation/retract_animation_a_7" }},
		{ "threshold": 9, "model": { "type": "model", "model": "minecraft:item/retract_animation/retract_animation_a_8" }},
		{ "threshold": 10, "model": { "type": "model", "model": "minecraft:item/retract_animation/retract_animation_a_9" }},
		{ "threshold": 11, "model": { "type": "model", "model": "minecraft:item/retract_animation/retract_animation_a_10" }},
		
		{ "threshold": 12, "model": { "type": "model", "model": "minecraft:item/retract_animation/retract_animation_b_0" }},
		{ "threshold": 13, "model": { "type": "model", "model": "minecraft:item/retract_animation/retract_animation_b_1" }},
		{ "threshold": 14, "model": { "type": "model", "model": "minecraft:item/retract_animation/retract_animation_b_2" }},
		{ "threshold": 15, "model": { "type": "model", "model": "minecraft:item/retract_animation/retract_animation_b_3" }},
		{ "threshold": 16, "model": { "type": "model", "model": "minecraft:item/retract_animation/retract_animation_b_4" }},
		{ "threshold": 17, "model": { "type": "model", "model": "minecraft:item/retract_animation/retract_animation_b_5" }},
		{ "threshold": 18, "model": { "type": "model", "model": "minecraft:item/retract_animation/retract_animation_b_6" }},
		{ "threshold": 19, "model": { "type": "model", "model": "minecraft:item/retract_animation/retract_animation_b_7" }},
		{ "threshold": 20, "model": { "type": "model", "model": "minecraft:item/retract_animation/retract_animation_b_8" }},
		{ "threshold": 21, "model": { "type": "model", "model": "minecraft:item/retract_animation/retract_animation_b_9" }},
		{ "threshold": 22, "model": { "type": "model", "model": "minecraft:item/retract_animation/retract_animation_b_10" }}
	],
	"fallback": {
		"type": "model",
		"model": "minecraft:item/heart_of_the_sea"
	}
},
"oversized_in_gui": true
}