{ "model": {
	"type": "range_dispatch",
	"property": "custom_model_data",
	"index": 0,
	"entries": [
		{ "threshold": 11001, "model": { "type": "model", "model": "minecraft:item/odm/regular/odm_grip" }},
		{ "threshold": 11002, "model": { "type": "model", "model": "minecraft:item/odm/regular/odm_grip_blade" }},
		{ "threshold": 11003, "model": { "type": "model", "model": "minecraft:item/odm/regular/odm_grip_bloody" }},
		{ "threshold": 11004, "model": { "type": "model", "model": "minecraft:item/odm/regular/odm_grip_broken" }},
		{ "threshold": 11005, "model": { "type": "model", "model": "minecraft:item/odm/regular/odm_grip_bloody_broken" }},
		
		{ "threshold": 11101, "model": { "type": "model", "model": "minecraft:item/odm/regular/odm_holder" }},
		{ "threshold": 11102, "model": { "type": "model", "model": "minecraft:item/odm/regular/odm_holder_blade" }},
		{ "threshold": 11103, "model": { "type": "model", "model": "minecraft:item/odm/regular/odm_holder_bloody" }},
		{ "threshold": 11104, "model": { "type": "model", "model": "minecraft:item/odm/regular/odm_holder_broken" }},
		{ "threshold": 11105, "model": { "type": "model", "model": "minecraft:item/odm/regular/odm_holder_bloody_broken" }},
		
		{ "threshold": 11111, "model": { "type": "model", "model": "minecraft:item/odm/regular/odm_thunderspear" }},
		{ "threshold": 11112, "model": { "type": "model", "model": "minecraft:item/odm/regular/odm_thunderspear_blade" }},
		{ "threshold": 11113, "model": { "type": "model", "model": "minecraft:item/odm/regular/odm_thunderspear_bloody" }},
		{ "threshold": 11114, "model": { "type": "model", "model": "minecraft:item/odm/regular/odm_thunderspear_broken" }},
		{ "threshold": 11115, "model": { "type": "model", "model": "minecraft:item/odm/regular/odm_thunderspear_bloody_broken" }},
		
		{ "threshold": 21001, "model": { "type": "model", "model": "minecraft:item/odm/ap/ap_gun" }},
		{ "threshold": 21002, "model": { "type": "model", "model": "minecraft:item/odm/ap/ap_gun_empty" }},
		
		{ "threshold": 31001, "model": { "type": "model", "model": "minecraft:item/odm/assault/assault_odm_grip" }},
		{ "threshold": 31002, "model": { "type": "model", "model": "minecraft:item/odm/assault/assault_odm_grip_blade" }},
		{ "threshold": 31003, "model": { "type": "model", "model": "minecraft:item/odm/assault/assault_odm_grip_bloody" }},
		{ "threshold": 31004, "model": { "type": "model", "model": "minecraft:item/odm/assault/assault_odm_grip_broken" }},
		{ "threshold": 31005, "model": { "type": "model", "model": "minecraft:item/odm/assault/assault_odm_grip_bloody_broken" }},
		
		{ "threshold": 31011, "model": { "type": "model", "model": "minecraft:item/odm/assault/assault_odm_thunderspear" }},
		{ "threshold": 31012, "model": { "type": "model", "model": "minecraft:item/odm/assault/assault_odm_thunderspear_blade" }},
		{ "threshold": 31013, "model": { "type": "model", "model": "minecraft:item/odm/assault/assault_odm_thunderspear_bloody" }},
		{ "threshold": 31014, "model": { "type": "model", "model": "minecraft:item/odm/assault/assault_odm_thunderspear_broken" }},
		{ "threshold": 31015, "model": { "type": "model", "model": "minecraft:item/odm/assault/assault_odm_thunderspear_bloody_broken" }},
		
		{ "threshold": 31021, "model": { "type": "model", "model": "minecraft:item/odm/assault/assault_odm_thunderspear2" }},
		{ "threshold": 31022, "model": { "type": "model", "model": "minecraft:item/odm/assault/assault_odm_thunderspear2_blade" }},
		{ "threshold": 31023, "model": { "type": "model", "model": "minecraft:item/odm/assault/assault_odm_thunderspear2_bloody" }},
		{ "threshold": 31024, "model": { "type": "model", "model": "minecraft:item/odm/assault/assault_odm_thunderspear2_broken" }},
		{ "threshold": 31025, "model": { "type": "model", "model": "minecraft:item/odm/assault/assault_odm_thunderspear2_bloody_broken" }},
		
		{ "threshold": 31031, "model": { "type": "model", "model": "minecraft:item/odm/assault/assault_odm_thunderspear3" }},
		{ "threshold": 31032, "model": { "type": "model", "model": "minecraft:item/odm/assault/assault_odm_thunderspear3_blade" }},
		{ "threshold": 31033, "model": { "type": "model", "model": "minecraft:item/odm/assault/assault_odm_thunderspear3_bloody" }},
		{ "threshold": 31034, "model": { "type": "model", "model": "minecraft:item/odm/assault/assault_odm_thunderspear3_broken" }},
		{ "threshold": 31035, "model": { "type": "model", "model": "minecraft:item/odm/assault/assault_odm_thunderspear3_bloody_broken" }},
		
		{ "threshold": 41001, "model": { "type": "model", "model": "minecraft:item/odm/assaultap/assault_ap_odm_grip" }},
		{ "threshold": 41011, "model": { "type": "model", "model": "minecraft:item/odm/assaultap/assault_ap_odm_thunderspear" }},
		{ "threshold": 41021, "model": { "type": "model", "model": "minecraft:item/odm/assaultap/assault_ap_odm_thunderspear2" }},
		{ "threshold": 41031, "model": { "type": "model", "model": "minecraft:item/odm/assaultap/assault_ap_odm_thunderspear3" }}
	],
	"fallback": {
		"type": "model",
		"model": "minecraft:item/stone_pickaxe"
	}
},
"oversized_in_gui": true
}