{
	"credit": "Made with Blockbench",
	"texture_size": [1000, 320],
	"textures": {
		"0": "logos/black",
		"1": "logos/patreon",
		"particle": "logos/patreon"
	},
	"elements": [
		{
			"from": [1, 6.54, 7.27865],
			"to": [15, 9.54, 10.36405],
			"rotation": {"angle": 0, "axis": "y", "origin": [6.0084, 4.81, 11.82135]},
			"faces": {
				"north": {"uv": [0, 13.3, 0.016, 13.35], "rotation": 90, "texture": "#0"},
				"east": {"uv": [0, 13.3, 0.016, 13.35], "rotation": 270, "texture": "#0"},
				"south": {"uv": [0, 13.3, 0.016, 13.35], "rotation": 270, "texture": "#0"},
				"west": {"uv": [0, 13.3, 0.016, 13.35], "rotation": 270, "texture": "#0"},
				"up": {"uv": [0, 13.3, 0.016, 13.35], "rotation": 270, "texture": "#0"},
				"down": {"uv": [0, 13.3, 0.016, 13.35], "rotation": 270, "texture": "#0"}
			}
		},
		{
			"from": [15.0642, 9.48, 7.17865],
			"to": [0.9358, 6.44, 7.17865],
			"rotation": {"angle": 0, "axis": "y", "origin": [15.0642, 7.96, 8.72135]},
			"faces": {
				"north": {"uv": [0, 1.85547, 16, 16], "rotation": 180, "texture": "#1"},
				"east": {"uv": [0, 13.3, 0.016, 13.35], "rotation": 270, "texture": "#1"},
				"south": {"uv": [0, 13.3, 0.016, 13.35], "rotation": 270, "texture": "#1"},
				"west": {"uv": [0, 13.3, 0.016, 13.35], "rotation": 270, "texture": "#1"},
				"up": {"uv": [0, 13.3, 0.016, 13.35], "rotation": 270, "texture": "#1"},
				"down": {"uv": [0, 13.3, 0.016, 13.35], "rotation": 270, "texture": "#1"}
			}
		}
	],
	"gui_light": "front",
	"display": {
		"thirdperson_righthand": {
			"scale": [2, 2, 2]
		},
		"thirdperson_lefthand": {
			"scale": [2, 2, 2]
		},
		"firstperson_righthand": {
			"scale": [2, 2, 2]
		},
		"firstperson_lefthand": {
			"scale": [2, 2, 2]
		},
		"ground": {
			"scale": [2, 2, 2]
		},
		"gui": {
			"rotation": [0, 180, 0]
		},
		"head": {
			"scale": [2, 2, 2]
		},
		"fixed": {
			"scale": [2, 2, 2]
		}
	}
}