{
	"model": {
		"type": "composite",
		"models": [
				{
					"type": "minecraft:model", "model": "minecraft:item/shifters/armor/bite/1_2/5_up"
				},
				{
					"type": "minecraft:condition",
					"property": "minecraft:component", "predicate": "minecraft:custom_data", "value": "{jaw_full:1b}",
					"on_true": {"type": "minecraft:model", "model": "minecraft:item/shifters/armor/bite/bone/full/5_up"},
					"on_false": {"type": "minecraft:model", "model": "minecraft:item/air"}
				},
				{
					"type": "minecraft:condition",
					"property": "minecraft:component", "predicate": "minecraft:custom_data", "value": "{berserk:1b}",
					"on_true": {"type": "minecraft:model", "model": "minecraft:item/shifters/armor/bite/berserk/5_up"},
					"on_false": {"type": "minecraft:model", "model": "minecraft:item/air"}
				},
				{
					"type": "minecraft:model", "model": "minecraft:item/shifters/armor/bite/1_2/5_dw"
				},
				{
					"type": "minecraft:condition",
					"property": "minecraft:component", "predicate": "minecraft:custom_data", "value": "{jaw_half:1b}",
					"on_true": {"type": "minecraft:model", "model": "minecraft:item/shifters/armor/bite/bone/half/5_dw"},
					"on_false": {"type": "minecraft:model", "model": "minecraft:item/air"}
				},
				{
					"type": "minecraft:condition",
					"property": "minecraft:component", "predicate": "minecraft:custom_data", "value": "{berserk:1b}",
					"on_true": {"type": "minecraft:model", "model": "minecraft:item/shifters/armor/bite/berserk/5_dw"},
					"on_false": {"type": "minecraft:model", "model": "minecraft:item/air"}
				}
		]
	}
}