{
	"credit": "Made with Blockbench",
	"textures": {
		"0": "custom/box_wings",
		"1": "custom/odmgear/fresh_blade",
		"particle": "custom/box_wings"
	},
	"elements": [
		{
			"from": [-1, 16, 0],
			"to": [11, 17, 12],
			"rotation": {"angle": -22.5, "axis": "y", "origin": [5, 16.5, 6]},
			"faces": {
				"north": {"uv": [0, 6, 3, 6.375], "texture": "#0"},
				"east": {"uv": [9, 6, 12, 6.375], "texture": "#0"},
				"south": {"uv": [6, 6, 9, 6.375], "texture": "#0"},
				"west": {"uv": [3, 5.9375, 6, 6.375], "texture": "#0"},
				"up": {"uv": [6, 0, 9, 5.9375], "texture": "#0"},
				"down": {"uv": [3, 0, 6, 5.9375], "texture": "#0"}
			}
		},
		{
			"from": [2.01, 0.01, 2.01],
			"to": [13.99, 0.99, 13.99],
			"faces": {
				"north": {"uv": [0, 6, 3, 13.9375], "texture": "#0"},
				"east": {"uv": [9, 6, 12, 13.9375], "texture": "#0"},
				"south": {"uv": [6, 6, 9, 13.9375], "texture": "#0"},
				"west": {"uv": [3, 5.9375, 6, 13.875], "texture": "#0"},
				"up": {"uv": [6, 0, 9, 5.9375], "texture": "#0"},
				"down": {"uv": [3, 0, 6, 5.9375], "texture": "#0"}
			}
		},
		{
			"from": [2, 0, 2],
			"to": [14, 16, 3],
			"faces": {
				"north": {"uv": [0, 6, 3, 13.9375], "texture": "#0"},
				"east": {"uv": [11.6875, 6, 12, 13.9375], "texture": "#0"},
				"south": {"uv": [6, 6, 9, 13.9375], "texture": "#0"},
				"west": {"uv": [3, 5.9375, 3.25, 13.875], "texture": "#0"},
				"up": {"uv": [6, 0, 9, 0.25], "texture": "#0"},
				"down": {"uv": [3, 5.625, 6, 5.9375], "texture": "#0"}
			}
		},
		{
			"from": [2, 0, 13],
			"to": [14, 16, 14],
			"faces": {
				"north": {"uv": [0, 6, 3, 13.9375], "texture": "#0"},
				"east": {"uv": [9, 6, 9.3125, 13.9375], "texture": "#0"},
				"south": {"uv": [6, 6, 9, 13.9375], "texture": "#0"},
				"west": {"uv": [5.6875, 5.9375, 6, 13.875], "texture": "#0"},
				"up": {"uv": [6, 0, 9, 0.25], "texture": "#0"},
				"down": {"uv": [3, 5.5625, 6, 5.9375], "texture": "#0"}
			}
		},
		{
			"from": [13.005, 0.005, 2.005],
			"to": [13.995, 15.995, 13.995],
			"faces": {
				"north": {"uv": [0, 6, 3, 13.9375], "texture": "#0"},
				"east": {"uv": [9, 6, 12, 13.9375], "texture": "#0"},
				"south": {"uv": [6, 6, 9, 13.9375], "texture": "#0"},
				"west": {"uv": [3, 5.9375, 6, 13.875], "texture": "#0"},
				"up": {"uv": [8.75, 0, 9, 5.9375], "texture": "#0"},
				"down": {"uv": [3, 0, 3.25, 5.9375], "texture": "#0"}
			}
		},
		{
			"from": [2.005, 0.005, 2.005],
			"to": [2.995, 15.995, 13.995],
			"faces": {
				"north": {"uv": [0, 6, 3, 13.9375], "texture": "#0"},
				"east": {"uv": [9, 6, 12, 13.9375], "texture": "#0"},
				"south": {"uv": [6, 6, 9, 13.9375], "texture": "#0"},
				"west": {"uv": [3, 5.9375, 6, 13.875], "texture": "#0"},
				"up": {"uv": [6, 0, 6.3125, 5.9375], "texture": "#0"},
				"down": {"uv": [5.625, 0, 6, 5.9375], "texture": "#0"}
			}
		},
		{
			"from": [9.75, 0, 10.5],
			"to": [11, 20, 10.5],
			"rotation": {"angle": 22.5, "axis": "x", "origin": [10.375, 10, 10.5]},
			"faces": {
				"north": {"uv": [0, 0, 16, 16], "texture": "#1"},
				"east": {"uv": [0, 0, 16, 16], "texture": "#1"},
				"south": {"uv": [16, 0, 0, 16], "texture": "#1"},
				"west": {"uv": [0, 0, 16, 16], "texture": "#1"},
				"up": {"uv": [0, 0, 16, 16], "texture": "#1"},
				"down": {"uv": [0, 0, 16, 16], "texture": "#1"}
			}
		},
		{
			"from": [2.75, 17.1, -3.5],
			"to": [4, 17.1, 16.5],
			"rotation": {"angle": 22.5, "axis": "y", "origin": [3.375, 17.1, 6.5]},
			"faces": {
				"north": {"uv": [0, 0, 16, 16], "rotation": 180, "texture": "#1"},
				"east": {"uv": [0, 0, 16, 16], "rotation": 270, "texture": "#1"},
				"south": {"uv": [0, 0, 16, 16], "texture": "#1"},
				"west": {"uv": [0, 0, 16, 16], "rotation": 90, "texture": "#1"},
				"up": {"uv": [0, 0, 16, 16], "rotation": 180, "texture": "#1"},
				"down": {"uv": [16, 0, 0, 16], "texture": "#1"}
			}
		},
		{
			"from": [-3.625, 17.2, 5.875],
			"to": [16.375, 17.2, 7.125],
			"rotation": {"angle": 0, "axis": "y", "origin": [6.375, 17.2, 6.5]},
			"faces": {
				"north": {"uv": [0, 0, 16, 16], "rotation": 270, "texture": "#1"},
				"east": {"uv": [0, 0, 16, 16], "texture": "#1"},
				"south": {"uv": [0, 0, 16, 16], "rotation": 90, "texture": "#1"},
				"west": {"uv": [0, 0, 16, 16], "rotation": 180, "texture": "#1"},
				"up": {"uv": [0, 0, 16, 16], "rotation": 90, "texture": "#1"},
				"down": {"uv": [16, 0, 0, 16], "rotation": 90, "texture": "#1"}
			}
		},
		{
			"from": [-0.875, -0.55, 11.875],
			"to": [-0.875, 19.45, 13.125],
			"rotation": {"angle": -22.5, "axis": "z", "origin": [-0.875, 9.45, 12.5]},
			"faces": {
				"north": {"uv": [0, 0, 16, 16], "texture": "#1"},
				"east": {"uv": [16, 0, 0, 16], "texture": "#1"},
				"south": {"uv": [0, 0, 16, 16], "texture": "#1"},
				"west": {"uv": [0, 0, 16, 16], "texture": "#1"},
				"up": {"uv": [0, 0, 16, 16], "rotation": 270, "texture": "#1"},
				"down": {"uv": [0, 0, 16, 16], "rotation": 90, "texture": "#1"}
			}
		},
		{
			"from": [10.375, 0, 9.875],
			"to": [10.375, 20, 11.125],
			"rotation": {"angle": -22.5, "axis": "z", "origin": [10.375, 10, 10.5]},
			"faces": {
				"north": {"uv": [0, 0, 16, 16], "rotation": 180, "texture": "#1"},
				"east": {"uv": [16, 0, 0, 16], "rotation": 180, "texture": "#1"},
				"south": {"uv": [0, 0, 16, 16], "rotation": 180, "texture": "#1"},
				"west": {"uv": [0, 0, 16, 16], "rotation": 180, "texture": "#1"},
				"up": {"uv": [0, 0, 16, 16], "rotation": 270, "texture": "#1"},
				"down": {"uv": [0, 0, 16, 16], "rotation": 90, "texture": "#1"}
			}
		},
		{
			"from": [0.125, 13.5, 7.875],
			"to": [20.125, 13.5, 9.125],
			"rotation": {"angle": 45, "axis": "z", "origin": [10.125, 13.5, 8.5]},
			"faces": {
				"north": {"uv": [0, 0, 16, 16], "rotation": 270, "texture": "#1"},
				"east": {"uv": [0, 0, 16, 16], "texture": "#1"},
				"south": {"uv": [0, 0, 16, 16], "rotation": 90, "texture": "#1"},
				"west": {"uv": [0, 0, 16, 16], "rotation": 180, "texture": "#1"},
				"up": {"uv": [0, 0, 16, 16], "rotation": 90, "texture": "#1"},
				"down": {"uv": [16, 0, 0, 16], "rotation": 90, "texture": "#1"}
			}
		}
	],
	"display": {
		"thirdperson_righthand": {
			"translation": [0, -2, -2.5],
			"scale": [0.34, 0.34, 0.34]
		},
		"thirdperson_lefthand": {
			"translation": [0, -2, -2.5],
			"scale": [0.34, 0.34, 0.34]
		},
		"firstperson_righthand": {
			"scale": [0.35, 0.35, 0.35]
		},
		"firstperson_lefthand": {
			"scale": [0.35, 0.35, 0.35]
		},
		"ground": {
			"translation": [0, 1.5, 0],
			"scale": [0.35, 0.35, 0.35]
		},
		"gui": {
			"rotation": [-160, 45, -180],
			"scale": [0.7, 0.7, 0.7]
		},
		"head": {
			"translation": [0, -29.5, 0],
			"scale": [2, 2, 2]
		}
	}
}