{
	"credit": "Made with Blockbench",
	"textures": {
		"0": "custom/odmgear/3dmg_gas_tank",
		"6": "custom/misc/barometer",
		"7": "custom/misc/gas_pipe",
		"particle": "custom/odmgear/3dmg_gas_tank"
	},
	"elements": [
		{
			"from": [6.16228, 20.41473, 7.84871],
			"to": [8.68646, 21.73777, 8.39429],
			"rotation": {"angle": 0, "axis": "x", "origin": [7.84034, 21.45389, 7.65031]},
			"faces": {
				"north": {"uv": [11.25, 8.25, 9.25, 10.25], "texture": "#0"},
				"east": {"uv": [12, 11.25, 10, 13.25], "texture": "#0"},
				"south": {"uv": [11.25, 8.25, 9.25, 10.25], "texture": "#0"},
				"west": {"uv": [12, 11.25, 10, 13.25], "texture": "#0"},
				"up": {"uv": [12, 16, 13, 8], "rotation": 270, "texture": "#0"},
				"down": {"uv": [8, 16, 9, 8], "rotation": 270, "texture": "#0"}
			}
		},
		{
			"from": [6.16254, 20.57907, 7.05609],
			"to": [8.68616, 21.12411, 8.37857],
			"rotation": {"angle": -45, "axis": "x", "origin": [7.84034, 21.45389, 7.65031]},
			"faces": {
				"north": {"uv": [15, 16, 16, 8], "rotation": 90, "texture": "#0"},
				"east": {"uv": [12, 11.25, 10, 13.25], "rotation": 270, "texture": "#0"},
				"south": {"uv": [12, 8, 11, 16], "texture": "#0"},
				"west": {"uv": [12, 11.25, 10, 13.25], "rotation": 90, "texture": "#0"},
				"up": {"uv": [11.25, 8.25, 9.25, 10.25], "rotation": 180, "texture": "#0"},
				"down": {"uv": [11.25, 8.25, 9.25, 10.25], "texture": "#0"}
			}
		},
		{
			"from": [6.16282, 20.80103, 7.46347],
			"to": [8.6859, 21.34553, 8.78541],
			"rotation": {"angle": 0, "axis": "x", "origin": [7.84034, 21.45389, 7.65031]},
			"faces": {
				"north": {"uv": [14, 16, 15, 8], "rotation": 90, "texture": "#0"},
				"east": {"uv": [12, 11.25, 10, 13.25], "texture": "#0"},
				"south": {"uv": [10, 16, 11, 8], "rotation": 270, "texture": "#0"},
				"west": {"uv": [12, 11.25, 10, 13.25], "texture": "#0"},
				"up": {"uv": [11.25, 8.25, 9.25, 13.1], "rotation": 180, "texture": "#0"},
				"down": {"uv": [11.25, 8.25, 9.25, 13.1], "texture": "#0"}
			}
		},
		{
			"from": [6.16308, 20.18795, 7.44241],
			"to": [8.68562, 21.50935, 7.98637],
			"rotation": {"angle": -45, "axis": "x", "origin": [7.84034, 21.45389, 7.65031]},
			"faces": {
				"north": {"uv": [11.25, 8.25, 9.25, 13.1], "rotation": 180, "texture": "#0"},
				"east": {"uv": [12, 11.25, 10, 13.25], "rotation": 270, "texture": "#0"},
				"south": {"uv": [11.25, 8.25, 9.25, 13.1], "rotation": 180, "texture": "#0"},
				"west": {"uv": [12, 11.25, 10, 13.25], "rotation": 90, "texture": "#0"},
				"up": {"uv": [13, 16, 14, 8], "rotation": 270, "texture": "#0"},
				"down": {"uv": [9, 16, 10, 8], "rotation": 270, "texture": "#0"}
			}
		},
		{
			"from": [7.82812, 21.44309, 7.36991],
			"to": [8.68458, 22.47477, 7.59979],
			"rotation": {"angle": -45, "axis": "x", "origin": [7.84034, 21.45389, 7.65031]},
			"faces": {
				"north": {"uv": [11.25, 8.25, 9.25, 13.1], "rotation": 180, "texture": "#0"},
				"east": {"uv": [12, 11.25, 10, 13.25], "rotation": 270, "texture": "#0"},
				"south": {"uv": [11.25, 8.25, 9.25, 13.1], "rotation": 180, "texture": "#0"},
				"west": {"uv": [12, 11.25, 10, 13.25], "rotation": 90, "texture": "#0"},
				"up": {"uv": [13, 16, 14, 8], "rotation": 270, "texture": "#0"},
				"down": {"uv": [9, 16, 10, 8], "rotation": 270, "texture": "#0"}
			}
		},
		{
			"from": [7.82812, 21.56831, 6.68827],
			"to": [8.68458, 21.79817, 7.71995],
			"rotation": {"angle": 22.5, "axis": "x", "origin": [7.84034, 21.45389, 7.65031]},
			"faces": {
				"north": {"uv": [13, 16, 14, 8], "rotation": 90, "texture": "#0"},
				"east": {"uv": [12, 11.25, 10, 13.25], "texture": "#0"},
				"south": {"uv": [9, 16, 10, 8], "rotation": 270, "texture": "#0"},
				"west": {"uv": [12, 11.25, 10, 13.25], "texture": "#0"},
				"up": {"uv": [11.25, 8.25, 9.25, 13.1], "rotation": 180, "texture": "#0"},
				"down": {"uv": [11.25, 8.25, 9.25, 13.1], "texture": "#0"}
			}
		},
		{
			"from": [7.0668, 18.68159, 7.05375],
			"to": [7.89814, 19.42327, 9.06975],
			"rotation": {"angle": 0, "axis": "y", "origin": [8.15202, 7.59551, 8.63593]},
			"faces": {
				"north": {"uv": [9, 0, 8, 8], "rotation": 180, "texture": "#0"},
				"east": {"uv": [11.25, 0.25, 9.25, 2.25], "rotation": 270, "texture": "#0"},
				"south": {"uv": [13, 0, 12, 8], "rotation": 180, "texture": "#0"},
				"west": {"uv": [11.25, 0.25, 9.25, 2.25], "rotation": 90, "texture": "#0"},
				"up": {"uv": [12, 3.25, 10, 5.25], "rotation": 180, "texture": "#0"},
				"down": {"uv": [12, 3.25, 10, 5.25], "texture": "#0"}
			}
		},
		{
			"from": [6.8541, 18.68181, 7.69709],
			"to": [7.68462, 19.42307, 9.71225],
			"rotation": {"angle": -45, "axis": "y", "origin": [8.15202, 7.59551, 8.63593]},
			"faces": {
				"north": {"uv": [16, 0, 15, 8], "rotation": 180, "texture": "#0"},
				"east": {"uv": [11.25, 0.25, 9.25, 2.25], "rotation": 270, "texture": "#0"},
				"south": {"uv": [11, 8, 12, 0], "rotation": 270, "texture": "#0"},
				"west": {"uv": [11.25, 0.25, 9.25, 2.25], "rotation": 90, "texture": "#0"},
				"up": {"uv": [12, 3.25, 10, 5.25], "rotation": 180, "texture": "#0"},
				"down": {"uv": [12, 3.25, 10, 5.25], "texture": "#0"}
			}
		},
		{
			"from": [6.47078, 18.68201, 7.64239],
			"to": [8.48516, 19.42285, 8.47207],
			"rotation": {"angle": 0, "axis": "y", "origin": [8.15202, 7.59551, 8.63593]},
			"faces": {
				"north": {"uv": [9.25, 5.1, 11.25, 0.25], "rotation": 270, "texture": "#0"},
				"east": {"uv": [14, 8, 15, 0], "texture": "#0"},
				"south": {"uv": [9.25, 5.1, 11.25, 0.25], "rotation": 90, "texture": "#0"},
				"west": {"uv": [10, 8, 11, 0], "texture": "#0"},
				"up": {"uv": [12, 3.25, 10, 5.25], "rotation": 180, "texture": "#0"},
				"down": {"uv": [12, 3.25, 10, 5.25], "texture": "#0"}
			}
		},
		{
			"from": [6.25812, 18.68223, 8.28577],
			"to": [8.27162, 19.42265, 9.11461],
			"rotation": {"angle": -45, "axis": "y", "origin": [8.15202, 7.59551, 8.63593]},
			"faces": {
				"north": {"uv": [9.25, 5.1, 11.25, 0.25], "rotation": 270, "texture": "#0"},
				"east": {"uv": [13, 8, 14, 0], "texture": "#0"},
				"south": {"uv": [9.25, 5.1, 11.25, 0.25], "rotation": 90, "texture": "#0"},
				"west": {"uv": [9, 8, 10, 0], "texture": "#0"},
				"up": {"uv": [12, 3.25, 10, 5.25], "rotation": 180, "texture": "#0"},
				"down": {"uv": [12, 3.25, 10, 5.25], "texture": "#0"}
			}
		},
		{
			"from": [5.75064, 19.11583, 7.57885],
			"to": [6.291, 20.42623, 7.82053],
			"rotation": {"angle": 0, "axis": "y", "origin": [6.01936, 19.77353, 7.94969]},
			"faces": {
				"north": {"uv": [12, 3.25, 10, 5.25], "rotation": 180, "texture": "#0"},
				"east": {"uv": [11.25, 0.25, 9.25, 2.25], "rotation": 180, "texture": "#0"},
				"south": {"uv": [12, 3.25, 10, 5.25], "rotation": 180, "texture": "#0"},
				"west": {"uv": [11.25, 0.25, 9.25, 2.25], "rotation": 180, "texture": "#0"},
				"up": {"uv": [9, 0, 8, 8], "texture": "#0"},
				"down": {"uv": [13, 0, 12, 8], "rotation": 180, "texture": "#0"}
			}
		},
		{
			"from": [5.35064, 19.11583, 7.52885],
			"to": [6.67064, 20.43583, 7.52885],
			"rotation": {"angle": 0, "axis": "y", "origin": [5.61936, 19.77353, 7.89969]},
			"faces": {
				"north": {"uv": [0, 0, 16, 16], "rotation": 180, "texture": "#6"},
				"east": {"uv": [0, 0, 16, 16], "rotation": 180, "texture": "#6"},
				"south": {"uv": [0, 0, 16, 16], "rotation": 180, "texture": "#6"},
				"west": {"uv": [0, 0, 16, 16], "rotation": 180, "texture": "#6"},
				"up": {"uv": [0, 0, 16, 16], "rotation": 180, "texture": "#6"},
				"down": {"uv": [0, 0, 16, 16], "rotation": 180, "texture": "#6"}
			}
		},
		{
			"from": [6.35064, -4.88417, 7.52885],
			"to": [14.35064, 21.11583, 7.52885],
			"rotation": {"angle": 22.5, "axis": "y", "origin": [10.35064, 8.11583, 7.52885]},
			"faces": {
				"north": {"uv": [16, 16, 0, 0], "rotation": 180, "texture": "#7"},
				"east": {"uv": [0, 0, 16, 16], "rotation": 180, "texture": "#7"},
				"south": {"uv": [0, 16, 16, 0], "rotation": 180, "texture": "#7"},
				"west": {"uv": [0, 0, 16, 16], "rotation": 180, "texture": "#7"},
				"up": {"uv": [0, 0, 16, 16], "rotation": 180, "texture": "#7"},
				"down": {"uv": [0, 0, 16, 16], "rotation": 180, "texture": "#7"}
			}
		},
		{
			"from": [5.75016, 19.11703, 7.57907],
			"to": [6.28998, 20.42689, 7.82033],
			"rotation": {"angle": -45, "axis": "z", "origin": [6.01936, 19.77353, 7.94969]},
			"faces": {
				"north": {"uv": [12, 3.25, 10, 5.25], "rotation": 180, "texture": "#0"},
				"east": {"uv": [11.25, 0.25, 9.25, 2.25], "rotation": 180, "texture": "#0"},
				"south": {"uv": [12, 3.25, 10, 5.25], "rotation": 180, "texture": "#0"},
				"west": {"uv": [11.25, 0.25, 9.25, 2.25], "rotation": 180, "texture": "#0"},
				"up": {"uv": [16, 0, 15, 8], "texture": "#0"},
				"down": {"uv": [11, 8, 12, 0], "rotation": 270, "texture": "#0"}
			}
		},
		{
			"from": [5.36322, 19.50433, 7.57927],
			"to": [6.67258, 20.04361, 7.82011],
			"rotation": {"angle": 0, "axis": "y", "origin": [6.01936, 19.77353, 7.94969]},
			"faces": {
				"north": {"uv": [12, 3.25, 10, 5.25], "rotation": 180, "texture": "#0"},
				"east": {"uv": [14, 8, 15, 0], "rotation": 270, "texture": "#0"},
				"south": {"uv": [12, 3.25, 10, 5.25], "rotation": 180, "texture": "#0"},
				"west": {"uv": [10, 8, 11, 0], "rotation": 90, "texture": "#0"},
				"up": {"uv": [9.25, 5.1, 11.25, 0.25], "rotation": 90, "texture": "#0"},
				"down": {"uv": [9.25, 5.1, 11.25, 0.25], "rotation": 90, "texture": "#0"}
			}
		},
		{
			"from": [5.36276, 19.50549, 7.57949],
			"to": [6.67154, 20.04425, 7.81991],
			"rotation": {"angle": -45, "axis": "z", "origin": [6.01936, 19.77353, 7.94969]},
			"faces": {
				"north": {"uv": [12, 3.25, 10, 5.25], "rotation": 180, "texture": "#0"},
				"east": {"uv": [13, 8, 14, 0], "rotation": 270, "texture": "#0"},
				"south": {"uv": [12, 3.25, 10, 5.25], "rotation": 180, "texture": "#0"},
				"west": {"uv": [9, 8, 10, 0], "rotation": 90, "texture": "#0"},
				"up": {"uv": [9.25, 5.1, 11.25, 0.25], "rotation": 90, "texture": "#0"},
				"down": {"uv": [9.25, 5.1, 11.25, 0.25], "rotation": 90, "texture": "#0"}
			}
		},
		{
			"from": [7.16522, 18.90843, 7.29275],
			"to": [7.79866, 20.79643, 8.82885],
			"rotation": {"angle": 0, "axis": "y", "origin": [7.79246, 8.59551, 8.32655]},
			"faces": {
				"north": {"uv": [9, 0, 8, 8], "rotation": 180, "texture": "#0"},
				"east": {"uv": [11.25, 0.25, 9.25, 2.25], "rotation": 270, "texture": "#0"},
				"south": {"uv": [13, 0, 12, 8], "rotation": 180, "texture": "#0"},
				"west": {"uv": [11.25, 0.25, 9.25, 2.25], "rotation": 90, "texture": "#0"},
				"up": {"uv": [12, 3.25, 10, 5.25], "rotation": 180, "texture": "#0"},
				"down": {"uv": [12, 3.25, 10, 5.25], "texture": "#0"}
			}
		},
		{
			"from": [7.06616, 18.90879, 7.59149],
			"to": [7.69898, 20.79609, 9.12695],
			"rotation": {"angle": -45, "axis": "y", "origin": [7.79246, 8.59551, 8.32655]},
			"faces": {
				"north": {"uv": [16, 0, 15, 8], "rotation": 180, "texture": "#0"},
				"east": {"uv": [11.25, 0.25, 9.25, 2.25], "rotation": 270, "texture": "#0"},
				"south": {"uv": [11, 8, 12, 0], "rotation": 270, "texture": "#0"},
				"west": {"uv": [11.25, 0.25, 9.25, 2.25], "rotation": 90, "texture": "#0"},
				"up": {"uv": [12, 3.25, 10, 5.25], "rotation": 180, "texture": "#0"},
				"down": {"uv": [12, 3.25, 10, 5.25], "texture": "#0"}
			}
		},
		{
			"from": [6.7111, 18.90913, 7.74129],
			"to": [8.24592, 20.79575, 8.37347],
			"rotation": {"angle": 0, "axis": "y", "origin": [7.79246, 8.59551, 8.32655]},
			"faces": {
				"north": {"uv": [9.25, 5.1, 11.25, 0.25], "rotation": 270, "texture": "#0"},
				"east": {"uv": [14, 8, 15, 0], "texture": "#0"},
				"south": {"uv": [9.25, 5.1, 11.25, 0.25], "rotation": 90, "texture": "#0"},
				"west": {"uv": [10, 8, 11, 0], "texture": "#0"},
				"up": {"uv": [12, 3.25, 10, 5.25], "rotation": 180, "texture": "#0"},
				"down": {"uv": [12, 3.25, 10, 5.25], "texture": "#0"}
			}
		},
		{
			"from": [6.61204, 18.90947, 8.04003],
			"to": [8.14624, 20.79541, 8.67157],
			"rotation": {"angle": -45, "axis": "y", "origin": [7.79246, 8.59551, 8.32655]},
			"faces": {
				"north": {"uv": [9.25, 5.1, 11.25, 0.25], "rotation": 270, "texture": "#0"},
				"east": {"uv": [13, 8, 14, 0], "texture": "#0"},
				"south": {"uv": [9.25, 5.1, 11.25, 0.25], "rotation": 90, "texture": "#0"},
				"west": {"uv": [9, 8, 10, 0], "texture": "#0"},
				"up": {"uv": [12, 3.25, 10, 5.25], "rotation": 180, "texture": "#0"},
				"down": {"uv": [12, 3.25, 10, 5.25], "texture": "#0"}
			}
		},
		{
			"name": "Cube",
			"from": [6.94454, -7.02757, 5.37951],
			"to": [8.0159, 16.97243, 10.73631],
			"rotation": {"angle": 0, "axis": "y", "origin": [8.42642, 6.59551, 8.87203]},
			"faces": {
				"north": {"uv": [8, 0, 7.5, 16], "texture": "#0"},
				"east": {"uv": [4, 0, 3.5, 16], "rotation": 90, "texture": "#0"},
				"south": {"uv": [4, 0, 3.5, 16], "rotation": 180, "texture": "#0"},
				"west": {"uv": [4, 0, 3.5, 16], "rotation": 270, "texture": "#0"},
				"up": {"uv": [4, 0, 3.5, 16], "texture": "#0"},
				"down": {"uv": [7.5, 0, 7, 16], "texture": "#0"}
			}
		},
		{
			"name": "Cube",
			"from": [6.70734, -7.02197, 5.80591],
			"to": [7.77402, 16.96683, 11.15803],
			"rotation": {"angle": -22.5, "axis": "y", "origin": [8.42642, 6.59551, 8.87203]},
			"faces": {
				"north": {"uv": [7.5, 0, 7, 16], "rotation": 180, "texture": "#0"},
				"east": {"uv": [7.5, 0, 7, 16], "rotation": 270, "texture": "#0"},
				"south": {"uv": [3.5, 0, 3, 16], "rotation": 180, "texture": "#0"},
				"west": {"uv": [7.5, 0, 7, 16], "rotation": 90, "texture": "#0"},
				"up": {"uv": [4, 0, 3.5, 16], "texture": "#0"},
				"down": {"uv": [7.5, 0, 7, 16], "texture": "#0"}
			}
		},
		{
			"name": "Cube",
			"from": [6.648, -7.02277, 6.28903],
			"to": [7.71534, 16.96763, 11.64181],
			"rotation": {"angle": -45, "axis": "y", "origin": [8.42642, 6.59551, 8.87203]},
			"faces": {
				"north": {"uv": [7, 0, 6.5, 16], "rotation": 180, "texture": "#0"},
				"east": {"uv": [7, 0, 6.5, 16], "rotation": 270, "texture": "#0"},
				"south": {"uv": [2.5, 16, 3, 0], "rotation": 270, "texture": "#0"},
				"west": {"uv": [7, 0, 6.5, 16], "rotation": 90, "texture": "#0"},
				"up": {"uv": [4, 0, 3.5, 16], "texture": "#0"},
				"down": {"uv": [7.5, 0, 7, 16], "texture": "#0"}
			}
		},
		{
			"name": "Cube",
			"from": [4.5633, -7.02517, 7.94729],
			"to": [9.91808, 16.97003, 9.01665],
			"rotation": {"angle": -22.5, "axis": "y", "origin": [8.42642, 6.59551, 8.87203]},
			"faces": {
				"north": {"uv": [5, 16, 5.5, 0], "rotation": 270, "texture": "#0"},
				"east": {"uv": [5, 16, 5.5, 0], "texture": "#0"},
				"south": {"uv": [5, 16, 5.5, 0], "rotation": 90, "texture": "#0"},
				"west": {"uv": [1, 16, 1.5, 0], "texture": "#0"},
				"up": {"uv": [4, 0, 3.5, 16], "texture": "#0"},
				"down": {"uv": [7.5, 0, 7, 16], "texture": "#0"}
			}
		},
		{
			"name": "Cube",
			"from": [4.80316, -7.02437, 7.52357],
			"to": [10.15728, 16.96923, 8.59225],
			"rotation": {"angle": 0, "axis": "y", "origin": [8.42642, 6.59551, 8.87203]},
			"faces": {
				"north": {"uv": [5.5, 16, 6, 0], "rotation": 270, "texture": "#0"},
				"east": {"uv": [5.5, 16, 6, 0], "texture": "#0"},
				"south": {"uv": [5.5, 16, 6, 0], "rotation": 90, "texture": "#0"},
				"west": {"uv": [1.5, 16, 2, 0], "texture": "#0"},
				"up": {"uv": [4, 0, 3.5, 16], "texture": "#0"},
				"down": {"uv": [7.5, 0, 7, 16], "texture": "#0"}
			}
		},
		{
			"name": "Cube",
			"from": [5.18706, -7.02357, 7.22377],
			"to": [10.54052, 16.96843, 8.29179],
			"rotation": {"angle": 22.5, "axis": "y", "origin": [8.42642, 6.59551, 8.87203]},
			"faces": {
				"north": {"uv": [6, 16, 6.5, 0], "rotation": 270, "texture": "#0"},
				"east": {"uv": [6, 16, 6.5, 0], "texture": "#0"},
				"south": {"uv": [6, 16, 6.5, 0], "rotation": 90, "texture": "#0"},
				"west": {"uv": [2, 16, 2.5, 0], "texture": "#0"},
				"up": {"uv": [4, 0, 3.5, 16], "texture": "#0"},
				"down": {"uv": [7.5, 0, 7, 16], "texture": "#0"}
			}
		},
		{
			"name": "Cube",
			"from": [4.50394, -7.02597, 8.43041],
			"to": [9.8594, 16.97083, 9.50043],
			"rotation": {"angle": -45, "axis": "y", "origin": [8.42642, 6.59551, 8.87203]},
			"faces": {
				"north": {"uv": [4.5, 16, 5, 0], "rotation": 270, "texture": "#0"},
				"east": {"uv": [4.5, 16, 5, 0], "texture": "#0"},
				"south": {"uv": [4.5, 16, 5, 0], "rotation": 90, "texture": "#0"},
				"west": {"uv": [0.5, 16, 1, 0], "texture": "#0"},
				"up": {"uv": [4, 0, 3.5, 16], "texture": "#0"},
				"down": {"uv": [7.5, 0, 7, 16], "texture": "#0"}
			}
		},
		{
			"name": "Cube",
			"from": [7.32844, -7.02677, 5.07971],
			"to": [8.39914, 16.97163, 10.43585],
			"rotation": {"angle": 22.5, "axis": "y", "origin": [8.42642, 6.59551, 8.87203]},
			"faces": {
				"north": {"uv": [0.5, 0, 0, 16], "rotation": 180, "texture": "#0"},
				"east": {"uv": [4.5, 0, 4, 16], "rotation": 90, "texture": "#0"},
				"south": {"uv": [4.5, 0, 4, 16], "rotation": 180, "texture": "#0"},
				"west": {"uv": [4.5, 0, 4, 16], "rotation": 270, "texture": "#0"},
				"up": {"uv": [4, 0, 3.5, 16], "texture": "#0"},
				"down": {"uv": [7.5, 0, 7, 16], "texture": "#0"}
			}
		},
		{
			"name": "Cube",
			"from": [7.17488, 12.97243, 6.53121],
			"to": [7.78554, 18.97243, 9.58459],
			"rotation": {"angle": 0, "axis": "y", "origin": [8.01954, 8.59551, 8.52195]},
			"faces": {
				"north": {"uv": [8, 0, 7.5, 16], "texture": "#0"},
				"east": {"uv": [4, 0, 3.5, 16], "rotation": 90, "texture": "#0"},
				"south": {"uv": [4, 0, 3.5, 16], "rotation": 180, "texture": "#0"},
				"west": {"uv": [4, 0, 3.5, 16], "rotation": 270, "texture": "#0"},
				"up": {"uv": [4, 0, 3.5, 16], "texture": "#0"},
				"down": {"uv": [7.5, 0, 7, 16], "texture": "#0"}
			}
		},
		{
			"name": "Cube",
			"from": [7.03968, 12.97803, 6.77427],
			"to": [7.64768, 18.96683, 9.82497],
			"rotation": {"angle": -22.5, "axis": "y", "origin": [8.01954, 8.59551, 8.52195]},
			"faces": {
				"north": {"uv": [7.5, 0, 7, 16], "rotation": 180, "texture": "#0"},
				"east": {"uv": [7.5, 0, 7, 16], "rotation": 270, "texture": "#0"},
				"south": {"uv": [3.5, 0, 3, 16], "rotation": 180, "texture": "#0"},
				"west": {"uv": [7.5, 0, 7, 16], "rotation": 90, "texture": "#0"},
				"up": {"uv": [4, 0, 3.5, 16], "texture": "#0"},
				"down": {"uv": [7.5, 0, 7, 16], "texture": "#0"}
			}
		},
		{
			"name": "Cube",
			"from": [7.00586, 12.97723, 7.04965],
			"to": [7.61424, 18.96763, 10.10073],
			"rotation": {"angle": -45, "axis": "y", "origin": [8.01954, 8.59551, 8.52195]},
			"faces": {
				"north": {"uv": [7, 0, 6.5, 16], "rotation": 180, "texture": "#0"},
				"east": {"uv": [7, 0, 6.5, 16], "rotation": 270, "texture": "#0"},
				"south": {"uv": [2.5, 16, 3, 0], "rotation": 270, "texture": "#0"},
				"west": {"uv": [7, 0, 6.5, 16], "rotation": 90, "texture": "#0"},
				"up": {"uv": [4, 0, 3.5, 16], "texture": "#0"},
				"down": {"uv": [7.5, 0, 7, 16], "texture": "#0"}
			}
		},
		{
			"name": "Cube",
			"from": [5.81756, 12.97483, 7.99485],
			"to": [8.8698, 18.97003, 8.60439],
			"rotation": {"angle": -22.5, "axis": "y", "origin": [8.01954, 8.59551, 8.52195]},
			"faces": {
				"north": {"uv": [5, 16, 5.5, 0], "rotation": 270, "texture": "#0"},
				"east": {"uv": [5, 16, 5.5, 0], "texture": "#0"},
				"south": {"uv": [5, 16, 5.5, 0], "rotation": 90, "texture": "#0"},
				"west": {"uv": [1, 16, 1.5, 0], "texture": "#0"},
				"up": {"uv": [4, 0, 3.5, 16], "texture": "#0"},
				"down": {"uv": [7.5, 0, 7, 16], "texture": "#0"}
			}
		},
		{
			"name": "Cube",
			"from": [5.95428, 12.97563, 7.75333],
			"to": [9.00614, 18.96923, 8.36249],
			"rotation": {"angle": 0, "axis": "y", "origin": [8.01954, 8.59551, 8.52195]},
			"faces": {
				"north": {"uv": [5.5, 16, 6, 0], "rotation": 270, "texture": "#0"},
				"east": {"uv": [5.5, 16, 6, 0], "texture": "#0"},
				"south": {"uv": [5.5, 16, 6, 0], "rotation": 90, "texture": "#0"},
				"west": {"uv": [1.5, 16, 2, 0], "texture": "#0"},
				"up": {"uv": [4, 0, 3.5, 16], "texture": "#0"},
				"down": {"uv": [7.5, 0, 7, 16], "texture": "#0"}
			}
		},
		{
			"name": "Cube",
			"from": [6.17312, 12.97643, 7.58245],
			"to": [9.22458, 18.96843, 8.19121],
			"rotation": {"angle": 22.5, "axis": "y", "origin": [8.01954, 8.59551, 8.52195]},
			"faces": {
				"north": {"uv": [6, 16, 6.5, 0], "rotation": 270, "texture": "#0"},
				"east": {"uv": [6, 16, 6.5, 0], "texture": "#0"},
				"south": {"uv": [6, 16, 6.5, 0], "rotation": 90, "texture": "#0"},
				"west": {"uv": [2, 16, 2.5, 0], "texture": "#0"},
				"up": {"uv": [4, 0, 3.5, 16], "texture": "#0"},
				"down": {"uv": [7.5, 0, 7, 16], "texture": "#0"}
			}
		},
		{
			"name": "Cube",
			"from": [5.78374, 12.97403, 8.27023],
			"to": [8.83636, 18.97083, 8.88015],
			"rotation": {"angle": -45, "axis": "y", "origin": [8.01954, 8.59551, 8.52195]},
			"faces": {
				"north": {"uv": [4.5, 16, 5, 0], "rotation": 270, "texture": "#0"},
				"east": {"uv": [4.5, 16, 5, 0], "texture": "#0"},
				"south": {"uv": [4.5, 16, 5, 0], "rotation": 90, "texture": "#0"},
				"west": {"uv": [0.5, 16, 1, 0], "texture": "#0"},
				"up": {"uv": [4, 0, 3.5, 16], "texture": "#0"},
				"down": {"uv": [7.5, 0, 7, 16], "texture": "#0"}
			}
		},
		{
			"name": "Cube",
			"from": [7.3937, 12.97323, 6.36033],
			"to": [8.004, 18.97163, 9.41333],
			"rotation": {"angle": 22.5, "axis": "y", "origin": [8.01954, 8.59551, 8.52195]},
			"faces": {
				"north": {"uv": [0.5, 0, 0, 16], "rotation": 180, "texture": "#0"},
				"east": {"uv": [4.5, 0, 4, 16], "rotation": 90, "texture": "#0"},
				"south": {"uv": [4.5, 0, 4, 16], "rotation": 180, "texture": "#0"},
				"west": {"uv": [4.5, 0, 4, 16], "rotation": 270, "texture": "#0"},
				"up": {"uv": [4, 0, 3.5, 16], "texture": "#0"},
				"down": {"uv": [7.5, 0, 7, 16], "texture": "#0"}
			}
		},
		{
			"name": "Cube",
			"from": [7.03136, 12.97243, 5.81367],
			"to": [7.92906, 18.37243, 10.30213],
			"rotation": {"angle": 0, "axis": "y", "origin": [8.27304, 8.59551, 8.74005]},
			"faces": {
				"north": {"uv": [8, 0, 7.5, 16], "texture": "#0"},
				"east": {"uv": [4, 0, 3.5, 16], "rotation": 90, "texture": "#0"},
				"south": {"uv": [4, 0, 3.5, 16], "rotation": 180, "texture": "#0"},
				"west": {"uv": [4, 0, 3.5, 16], "rotation": 270, "texture": "#0"},
				"up": {"uv": [4, 0, 3.5, 16], "texture": "#0"},
				"down": {"uv": [7.5, 0, 7, 16], "texture": "#0"}
			}
		},
		{
			"name": "Cube",
			"from": [6.83264, 12.97803, 6.17097],
			"to": [7.7264, 18.36683, 10.65549],
			"rotation": {"angle": -22.5, "axis": "y", "origin": [8.27304, 8.59551, 8.74005]},
			"faces": {
				"north": {"uv": [7.5, 0, 7, 16], "rotation": 180, "texture": "#0"},
				"east": {"uv": [7.5, 0, 7, 16], "rotation": 270, "texture": "#0"},
				"south": {"uv": [3.5, 0, 3, 16], "rotation": 180, "texture": "#0"},
				"west": {"uv": [7.5, 0, 7, 16], "rotation": 90, "texture": "#0"},
				"up": {"uv": [4, 0, 3.5, 16], "texture": "#0"},
				"down": {"uv": [7.5, 0, 7, 16], "texture": "#0"}
			}
		},
		{
			"name": "Cube",
			"from": [6.7829, 12.97723, 6.57577],
			"to": [7.67724, 18.36763, 11.06087],
			"rotation": {"angle": -45, "axis": "y", "origin": [8.27304, 8.59551, 8.74005]},
			"faces": {
				"north": {"uv": [7, 0, 6.5, 16], "rotation": 180, "texture": "#0"},
				"east": {"uv": [7, 0, 6.5, 16], "rotation": 270, "texture": "#0"},
				"south": {"uv": [2.5, 16, 3, 0], "rotation": 270, "texture": "#0"},
				"west": {"uv": [7, 0, 6.5, 16], "rotation": 90, "texture": "#0"},
				"up": {"uv": [4, 0, 3.5, 16], "texture": "#0"},
				"down": {"uv": [7.5, 0, 7, 16], "texture": "#0"}
			}
		},
		{
			"name": "Cube",
			"from": [5.03612, 12.97483, 7.96523],
			"to": [9.5229, 18.37003, 8.86123],
			"rotation": {"angle": -22.5, "axis": "y", "origin": [8.27304, 8.59551, 8.74005]},
			"faces": {
				"north": {"uv": [5, 16, 5.5, 0], "rotation": 270, "texture": "#0"},
				"east": {"uv": [5, 16, 5.5, 0], "texture": "#0"},
				"south": {"uv": [5, 16, 5.5, 0], "rotation": 90, "texture": "#0"},
				"west": {"uv": [1, 16, 1.5, 0], "texture": "#0"},
				"up": {"uv": [4, 0, 3.5, 16], "texture": "#0"},
				"down": {"uv": [7.5, 0, 7, 16], "texture": "#0"}
			}
		},
		{
			"name": "Cube",
			"from": [5.2371, 12.97563, 7.61019],
			"to": [9.72332, 18.36923, 8.50563],
			"rotation": {"angle": 0, "axis": "y", "origin": [8.27304, 8.59551, 8.74005]},
			"faces": {
				"north": {"uv": [5.5, 16, 6, 0], "rotation": 270, "texture": "#0"},
				"east": {"uv": [5.5, 16, 6, 0], "texture": "#0"},
				"south": {"uv": [5.5, 16, 6, 0], "rotation": 90, "texture": "#0"},
				"west": {"uv": [1.5, 16, 2, 0], "texture": "#0"},
				"up": {"uv": [4, 0, 3.5, 16], "texture": "#0"},
				"down": {"uv": [7.5, 0, 7, 16], "texture": "#0"}
			}
		},
		{
			"name": "Cube",
			"from": [5.55878, 12.97643, 7.35899],
			"to": [10.04444, 18.36843, 8.25387],
			"rotation": {"angle": 22.5, "axis": "y", "origin": [8.27304, 8.59551, 8.74005]},
			"faces": {
				"north": {"uv": [6, 16, 6.5, 0], "rotation": 270, "texture": "#0"},
				"east": {"uv": [6, 16, 6.5, 0], "texture": "#0"},
				"south": {"uv": [6, 16, 6.5, 0], "rotation": 90, "texture": "#0"},
				"west": {"uv": [2, 16, 2.5, 0], "texture": "#0"},
				"up": {"uv": [4, 0, 3.5, 16], "texture": "#0"},
				"down": {"uv": [7.5, 0, 7, 16], "texture": "#0"}
			}
		},
		{
			"name": "Cube",
			"from": [4.9864, 12.97403, 8.37003],
			"to": [9.47374, 18.37083, 9.26659],
			"rotation": {"angle": -45, "axis": "y", "origin": [8.27304, 8.59551, 8.74005]},
			"faces": {
				"north": {"uv": [4.5, 16, 5, 0], "rotation": 270, "texture": "#0"},
				"east": {"uv": [4.5, 16, 5, 0], "texture": "#0"},
				"south": {"uv": [4.5, 16, 5, 0], "rotation": 90, "texture": "#0"},
				"west": {"uv": [0.5, 16, 1, 0], "texture": "#0"},
				"up": {"uv": [4, 0, 3.5, 16], "texture": "#0"},
				"down": {"uv": [7.5, 0, 7, 16], "texture": "#0"}
			}
		},
		{
			"name": "Cube",
			"from": [7.35304, 12.97323, 5.56249],
			"to": [8.25018, 18.37163, 10.05039],
			"rotation": {"angle": 22.5, "axis": "y", "origin": [8.27304, 8.59551, 8.74005]},
			"faces": {
				"north": {"uv": [0.5, 0, 0, 16], "rotation": 180, "texture": "#0"},
				"east": {"uv": [4.5, 0, 4, 16], "rotation": 90, "texture": "#0"},
				"south": {"uv": [4.5, 0, 4, 16], "rotation": 180, "texture": "#0"},
				"west": {"uv": [4.5, 0, 4, 16], "rotation": 270, "texture": "#0"},
				"up": {"uv": [4, 0, 3.5, 16], "texture": "#0"},
				"down": {"uv": [7.5, 0, 7, 16], "texture": "#0"}
			}
		},
		{
			"name": "Cube",
			"from": [6.97302, 12.97243, 5.52193],
			"to": [7.9874, 17.87243, 10.59389],
			"rotation": {"angle": 0, "axis": "y", "origin": [8.3761, 8.59551, 8.82873]},
			"faces": {
				"north": {"uv": [8, 0, 7.5, 16], "texture": "#0"},
				"east": {"uv": [4, 0, 3.5, 16], "rotation": 90, "texture": "#0"},
				"south": {"uv": [4, 0, 3.5, 16], "rotation": 180, "texture": "#0"},
				"west": {"uv": [4, 0, 3.5, 16], "rotation": 270, "texture": "#0"},
				"up": {"uv": [4, 0, 3.5, 16], "texture": "#0"},
				"down": {"uv": [7.5, 0, 7, 16], "texture": "#0"}
			}
		},
		{
			"name": "Cube",
			"from": [6.74844, 12.97803, 5.92567],
			"to": [7.7584, 17.86683, 10.99319],
			"rotation": {"angle": -22.5, "axis": "y", "origin": [8.3761, 8.59551, 8.82873]},
			"faces": {
				"north": {"uv": [7.5, 0, 7, 16], "rotation": 180, "texture": "#0"},
				"east": {"uv": [7.5, 0, 7, 16], "rotation": 270, "texture": "#0"},
				"south": {"uv": [3.5, 0, 3, 16], "rotation": 180, "texture": "#0"},
				"west": {"uv": [7.5, 0, 7, 16], "rotation": 90, "texture": "#0"},
				"up": {"uv": [4, 0, 3.5, 16], "texture": "#0"},
				"down": {"uv": [7.5, 0, 7, 16], "texture": "#0"}
			}
		},
		{
			"name": "Cube",
			"from": [6.69226, 12.97723, 6.38309],
			"to": [7.70284, 17.86763, 11.45125],
			"rotation": {"angle": -45, "axis": "y", "origin": [8.3761, 8.59551, 8.82873]},
			"faces": {
				"north": {"uv": [7, 0, 6.5, 16], "rotation": 180, "texture": "#0"},
				"east": {"uv": [7, 0, 6.5, 16], "rotation": 270, "texture": "#0"},
				"south": {"uv": [2.5, 16, 3, 0], "rotation": 270, "texture": "#0"},
				"west": {"uv": [7, 0, 6.5, 16], "rotation": 90, "texture": "#0"},
				"up": {"uv": [4, 0, 3.5, 16], "texture": "#0"},
				"down": {"uv": [7.5, 0, 7, 16], "texture": "#0"}
			}
		},
		{
			"name": "Cube",
			"from": [4.7184, 12.97483, 7.95317],
			"to": [9.78846, 17.87003, 8.96567],
			"rotation": {"angle": -22.5, "axis": "y", "origin": [8.3761, 8.59551, 8.82873]},
			"faces": {
				"north": {"uv": [5, 16, 5.5, 0], "rotation": 270, "texture": "#0"},
				"east": {"uv": [5, 16, 5.5, 0], "texture": "#0"},
				"south": {"uv": [5, 16, 5.5, 0], "rotation": 90, "texture": "#0"},
				"west": {"uv": [1, 16, 1.5, 0], "texture": "#0"},
				"up": {"uv": [4, 0, 3.5, 16], "texture": "#0"},
				"down": {"uv": [7.5, 0, 7, 16], "texture": "#0"}
			}
		},
		{
			"name": "Cube",
			"from": [4.9455, 12.97563, 7.55197],
			"to": [10.01492, 17.86923, 8.56383],
			"rotation": {"angle": 0, "axis": "y", "origin": [8.3761, 8.59551, 8.82873]},
			"faces": {
				"north": {"uv": [5.5, 16, 6, 0], "rotation": 270, "texture": "#0"},
				"east": {"uv": [5.5, 16, 6, 0], "texture": "#0"},
				"south": {"uv": [5.5, 16, 6, 0], "rotation": 90, "texture": "#0"},
				"west": {"uv": [1.5, 16, 2, 0], "texture": "#0"},
				"up": {"uv": [4, 0, 3.5, 16], "texture": "#0"},
				"down": {"uv": [7.5, 0, 7, 16], "texture": "#0"}
			}
		},
		{
			"name": "Cube",
			"from": [5.309, 12.97643, 7.26813],
			"to": [10.37778, 17.86843, 8.27935],
			"rotation": {"angle": 22.5, "axis": "y", "origin": [8.3761, 8.59551, 8.82873]},
			"faces": {
				"north": {"uv": [6, 16, 6.5, 0], "rotation": 270, "texture": "#0"},
				"east": {"uv": [6, 16, 6.5, 0], "texture": "#0"},
				"south": {"uv": [6, 16, 6.5, 0], "rotation": 90, "texture": "#0"},
				"west": {"uv": [2, 16, 2.5, 0], "texture": "#0"},
				"up": {"uv": [4, 0, 3.5, 16], "texture": "#0"},
				"down": {"uv": [7.5, 0, 7, 16], "texture": "#0"}
			}
		},
		{
			"name": "Cube",
			"from": [4.6622, 12.97403, 8.41061],
			"to": [9.7329, 17.87083, 9.42373],
			"rotation": {"angle": -45, "axis": "y", "origin": [8.3761, 8.59551, 8.82873]},
			"faces": {
				"north": {"uv": [4.5, 16, 5, 0], "rotation": 270, "texture": "#0"},
				"east": {"uv": [4.5, 16, 5, 0], "texture": "#0"},
				"south": {"uv": [4.5, 16, 5, 0], "rotation": 90, "texture": "#0"},
				"west": {"uv": [0.5, 16, 1, 0], "texture": "#0"},
				"up": {"uv": [4, 0, 3.5, 16], "texture": "#0"},
				"down": {"uv": [7.5, 0, 7, 16], "texture": "#0"}
			}
		},
		{
			"name": "Cube",
			"from": [7.33652, 12.97323, 5.23807],
			"to": [8.35028, 17.87163, 10.30941],
			"rotation": {"angle": 22.5, "axis": "y", "origin": [8.3761, 8.59551, 8.82873]},
			"faces": {
				"north": {"uv": [0.5, 0, 0, 16], "rotation": 180, "texture": "#0"},
				"east": {"uv": [4.5, 0, 4, 16], "rotation": 90, "texture": "#0"},
				"south": {"uv": [4.5, 0, 4, 16], "rotation": 180, "texture": "#0"},
				"west": {"uv": [4.5, 0, 4, 16], "rotation": 270, "texture": "#0"},
				"up": {"uv": [4, 0, 3.5, 16], "texture": "#0"},
				"down": {"uv": [7.5, 0, 7, 16], "texture": "#0"}
			}
		},
		{
			"from": [6.52564, -7.37157, 5.73931],
			"to": [8.44516, -6.68357, 10.39415],
			"rotation": {"angle": 0, "axis": "y", "origin": [8.42642, 6.59551, 8.87203]},
			"faces": {
				"north": {"uv": [9, 8, 8, 16], "rotation": 180, "texture": "#0"},
				"east": {"uv": [11.25, 8.25, 9.25, 10.25], "rotation": 270, "texture": "#0"},
				"south": {"uv": [13, 8, 12, 16], "rotation": 180, "texture": "#0"},
				"west": {"uv": [11.25, 8.25, 9.25, 10.25], "rotation": 90, "texture": "#0"},
				"up": {"uv": [12, 11.25, 10, 13.25], "rotation": 180, "texture": "#0"},
				"down": {"uv": [12, 11.25, 10, 13.25], "texture": "#0"}
			}
		},
		{
			"from": [6.22546, -7.37121, 6.64457],
			"to": [8.1431, -6.68391, 11.29751],
			"rotation": {"angle": -45, "axis": "y", "origin": [8.42642, 6.59551, 8.87203]},
			"faces": {
				"north": {"uv": [16, 8, 15, 16], "rotation": 180, "texture": "#0"},
				"east": {"uv": [11.25, 8.25, 9.25, 10.25], "rotation": 270, "texture": "#0"},
				"south": {"uv": [11, 16, 12, 8], "rotation": 270, "texture": "#0"},
				"west": {"uv": [11.25, 8.25, 9.25, 10.25], "rotation": 90, "texture": "#0"},
				"up": {"uv": [12, 11.25, 10, 13.25], "rotation": 180, "texture": "#0"},
				"down": {"uv": [12, 11.25, 10, 13.25], "texture": "#0"}
			}
		},
		{
			"from": [5.14956, -7.37087, 7.09853],
			"to": [9.80054, -6.68425, 9.01421],
			"rotation": {"angle": 0, "axis": "y", "origin": [8.42642, 6.59551, 8.87203]},
			"faces": {
				"north": {"uv": [9.25, 13.1, 11.25, 8.25], "rotation": 270, "texture": "#0"},
				"east": {"uv": [14, 16, 15, 8], "texture": "#0"},
				"south": {"uv": [9.25, 13.1, 11.25, 8.25], "rotation": 90, "texture": "#0"},
				"west": {"uv": [10, 16, 11, 8], "texture": "#0"},
				"up": {"uv": [12, 11.25, 10, 13.25], "rotation": 180, "texture": "#0"},
				"down": {"uv": [12, 11.25, 10, 13.25], "texture": "#0"}
			}
		},
		{
			"from": [4.84936, -7.37053, 8.00377],
			"to": [9.49844, -6.68459, 9.91755],
			"rotation": {"angle": -45, "axis": "y", "origin": [8.42642, 6.59551, 8.87203]},
			"faces": {
				"north": {"uv": [9.25, 13.1, 11.25, 8.25], "rotation": 270, "texture": "#0"},
				"east": {"uv": [13, 16, 14, 8], "texture": "#0"},
				"south": {"uv": [9.25, 13.1, 11.25, 8.25], "rotation": 90, "texture": "#0"},
				"west": {"uv": [9, 16, 10, 8], "texture": "#0"},
				"up": {"uv": [12, 11.25, 10, 13.25], "rotation": 180, "texture": "#0"},
				"down": {"uv": [12, 11.25, 10, 13.25], "texture": "#0"}
			}
		}
	],
	"gui_light": "front",
	"display": {
		"thirdperson_righthand": {
			"translation": [0, 0, -0.75],
			"scale": [0.5, 0.5, 0.5]
		},
		"thirdperson_lefthand": {
			"translation": [0, 0, -0.75],
			"scale": [0.5, 0.5, 0.5]
		},
		"firstperson_righthand": {
			"rotation": [154.18, 67.96, -152.44],
			"scale": [0.45, 0.45, 0.45]
		},
		"firstperson_lefthand": {
			"rotation": [154.18, 67.96, -152.44],
			"scale": [0.45, 0.45, 0.45]
		},
		"ground": {
			"rotation": [90, 90, 0],
			"scale": [0.6, 0.6, 0.6]
		},
		"gui": {
			"rotation": [37.9, -35.48, 53.24],
			"translation": [-0.75, 0.5, 0],
			"scale": [0.67, 0.67, 0.67]
		},
		"head": {
			"translation": [0, -4, 0],
			"scale": [1.8, 1.8, 1.8]
		},
		"fixed": {
			"rotation": [90, 44.5, -90],
			"scale": [0.88, 0.88, 0.88]
		}
	},
	"groups": [
		{
			"name": "gas_tank",
			"origin": [3.83043, 17.09541, -8.83593],
			"color": 0,
			"children": [
				{
					"name": "tap",
					"origin": [2.82504, 18.09383, -8.83593],
					"color": 0,
					"children": [0, 1, 2, 3, 4, 5]
				},
				{
					"name": "tank_start",
					"origin": [2.82504, 18.09383, -8.83593],
					"color": 0,
					"children": [6, 7, 8, 9]
				},
				{
					"name": "tank_start",
					"origin": [4.99461, 18.09383, -14.70751],
					"color": 0,
					"children": [10, 11, 12, 13, 14, 15]
				},
				{
					"name": "tank_start",
					"origin": [2.82504, 18.09383, -8.83593],
					"color": 0,
					"children": [16, 17, 18, 19]
				},
				{
					"name": "tank",
					"origin": [3.83043, 17.09541, -15.83593],
					"color": 0,
					"children": [20, 21, 22, 23, 24, 25, 26, 27]
				},
				{
					"name": "tank",
					"origin": [3.83043, 17.09541, -15.83593],
					"color": 0,
					"children": [28, 29, 30, 31, 32, 33, 34, 35]
				},
				{
					"name": "tank",
					"origin": [3.83043, 17.09541, -15.83593],
					"color": 0,
					"children": [36, 37, 38, 39, 40, 41, 42, 43]
				},
				{
					"name": "tank",
					"origin": [3.83043, 17.09541, -15.83593],
					"color": 0,
					"children": [44, 45, 46, 47, 48, 49, 50, 51]
				},
				{
					"name": "tank_end",
					"origin": [2.82504, 18.09383, -8.83593],
					"color": 0,
					"children": [52, 53, 54, 55]
				}
			]
		}
	]
}