{
	"credit": "Made with Blockbench",
	"texture_size": [64, 64],
	"textures": {
		"0": "custom/block/barrel_bottom",
		"1": "custom/block/barrel_side",
		"2": "custom/block/barrel_top",
		"3": "custom/block/dark_oak_trapdoor",
		"4": "custom/block/jungle_trapdoor",
		"6": "custom/block/spruce_trapdoor",
		"7": "custom/block/normal",
		"particle": "custom/block/barrel_bottom"
	},
	"elements": [
		{
			"from": [-6, -3.5, -6],
			"to": [22, -1.5, 22],
			"rotation": {"angle": 0, "axis": "y", "origin": [8, 0, -8]},
			"faces": {
				"north": {"uv": [0, 0, 7, 0.5], "texture": "#1"},
				"east": {"uv": [0, 0, 7, 0.5], "texture": "#1"},
				"south": {"uv": [0, 0, 7, 0.5], "texture": "#1"},
				"west": {"uv": [0, 0, 7, 0.5], "texture": "#1"},
				"up": {"uv": [1, 1, 15, 15], "rotation": 180, "texture": "#1"},
				"down": {"uv": [1, 1, 15, 15], "texture": "#1"}
			}
		},
		{
			"from": [-6, 26.5, -6],
			"to": [8, 28.5, 24],
			"rotation": {"angle": 0, "axis": "y", "origin": [8, 0, -8]},
			"faces": {
				"north": {"uv": [0, 0, 3.5, 0.5], "texture": "#1"},
				"east": {"uv": [8, 0, 8.5, 15], "rotation": 270, "texture": "#1"},
				"south": {"uv": [0, 0, 3.5, 0.5], "texture": "#1"},
				"west": {"uv": [0, 0, 7.5, 0.5], "texture": "#1"},
				"up": {"uv": [8.5, 0, 16, 15], "rotation": 180, "texture": "#1"},
				"down": {"uv": [0, 0, 3.5, 7.5], "texture": "#1"}
			}
		},
		{
			"from": [8, 26.5, 8],
			"to": [22, 28.5, 22],
			"rotation": {"angle": 0, "axis": "y", "origin": [8, 0, -8]},
			"faces": {
				"north": {"uv": [0, 8, 7.5, 8.5], "texture": "#1"},
				"east": {"uv": [0, 0, 3.5, 0.5], "texture": "#1"},
				"south": {"uv": [0, 0, 3.5, 0.5], "texture": "#1"},
				"west": {"uv": [0, 0, 3.5, 0.5], "texture": "#1"},
				"up": {"uv": [0, 1, 7.5, 8], "rotation": 180, "texture": "#1"},
				"down": {"uv": [0, 1, 7.5, 8], "texture": "#1"}
			}
		},
		{
			"from": [-8, -3.5, -8],
			"to": [24, 28.5, -6],
			"rotation": {"angle": 0, "axis": "y", "origin": [8, 1, 8]},
			"faces": {
				"north": {"uv": [0, 0, 16, 16], "rotation": 180, "texture": "#0"},
				"east": {"uv": [0, 0, 1, 16], "texture": "#0"},
				"south": {"uv": [0, 0, 16, 16], "texture": "#0"},
				"west": {"uv": [15, 0, 16, 16], "texture": "#0"},
				"up": {"uv": [0, 0, 16, 0.5], "texture": "#0"},
				"down": {"uv": [0, 15.5, 16, 16], "rotation": 180, "texture": "#0"}
			}
		},
		{
			"from": [-8, -3.5, -6],
			"to": [-6, 28.5, 24],
			"rotation": {"angle": 0, "axis": "y", "origin": [8, 16, -7]},
			"faces": {
				"north": {"uv": [0, 0, 8, 0.5], "rotation": 270, "texture": "#1"},
				"east": {"uv": [0, 0, 8, 15], "rotation": 270, "texture": "#1"},
				"south": {"uv": [0, 0, 8, 0.5], "rotation": 90, "texture": "#1"},
				"west": {"uv": [0, 0, 8, 15], "rotation": 90, "texture": "#1"},
				"up": {"uv": [7, 0, 8, 15], "rotation": 180, "texture": "#1"},
				"down": {"uv": [0, 0, 1, 15], "texture": "#1"}
			}
		},
		{
			"from": [22, -3.5, -6],
			"to": [24, 28.5, 22],
			"rotation": {"angle": 0, "axis": "y", "origin": [8, 16, -7]},
			"faces": {
				"north": {"uv": [0, 0, 8, 0.5], "rotation": 270, "texture": "#1"},
				"east": {"uv": [0, 1, 16, 15], "rotation": 270, "texture": "#1"},
				"south": {"uv": [0, 0, 8, 0.5], "rotation": 90, "texture": "#1"},
				"west": {"uv": [0, 1, 16, 15], "rotation": 270, "texture": "#1"},
				"up": {"uv": [0, 1, 1, 15], "rotation": 180, "texture": "#1"},
				"down": {"uv": [0, 1, 1, 15], "texture": "#1"}
			}
		},
		{
			"from": [24, 12.5, 8],
			"to": [27, 28.5, 24],
			"rotation": {"angle": 0, "axis": "y", "origin": [8, 16, -7]},
			"faces": {
				"north": {"uv": [0, 16, 16, 13], "rotation": 270, "texture": "#3"},
				"east": {"uv": [0, 0, 16, 16], "rotation": 270, "texture": "#3"},
				"south": {"uv": [0, 16, 16, 13], "rotation": 90, "texture": "#3"},
				"west": {"uv": [0, 1, 16, 15], "rotation": 270, "texture": "#3"},
				"up": {"uv": [16, 0, 13, 16], "rotation": 180, "texture": "#3"},
				"down": {"uv": [13, 0, 16, 16], "texture": "#3"}
			}
		},
		{
			"from": [8.02817, -3.5, -10.97183],
			"to": [24.02817, 12.5, -7.97183],
			"rotation": {"angle": 0, "axis": "z", "origin": [16.02817, 4.5, -9.47183]},
			"faces": {
				"north": {"uv": [0, 0, 16, 16], "texture": "#3"},
				"east": {"uv": [13, 0, 16, 16], "rotation": 180, "texture": "#3"},
				"south": {"uv": [0, 0, 16, 16], "rotation": 180, "texture": "#3"},
				"west": {"uv": [16, 0, 13, 16], "rotation": 180, "texture": "#3"},
				"up": {"uv": [0, 16, 16, 13], "rotation": 180, "texture": "#3"},
				"down": {"uv": [0, 16, 16, 13], "texture": "#3"}
			}
		},
		{
			"from": [-10.93898, -3.5, -8.04304],
			"to": [-7.93898, 12.5, 7.95696],
			"rotation": {"angle": 0, "axis": "y", "origin": [-9.43898, 4.5, 14.20696]},
			"faces": {
				"north": {"uv": [13, 0, 16, 16], "rotation": 180, "texture": "#6"},
				"east": {"uv": [0, 0, 16, 16], "rotation": 180, "texture": "#6"},
				"south": {"uv": [16, 0, 13, 16], "rotation": 180, "texture": "#6"},
				"west": {"uv": [0, 0, 16, 16], "texture": "#6"},
				"up": {"uv": [0, 16, 16, 13], "rotation": 90, "texture": "#6"},
				"down": {"uv": [0, 16, 16, 13], "rotation": 90, "texture": "#6"}
			}
		},
		{
			"from": [8, -3.5, 22],
			"to": [24, 28.5, 24],
			"rotation": {"angle": 0, "axis": "y", "origin": [8, 1, 8]},
			"faces": {
				"north": {"uv": [8, 0, 0, 16], "rotation": 180, "texture": "#2"},
				"east": {"uv": [15, 0, 16, 16], "texture": "#2"},
				"south": {"uv": [0, 0, 8, 16], "rotation": 180, "texture": "#2"},
				"west": {"uv": [8, 0, 9, 16], "texture": "#2"},
				"up": {"uv": [8, 0, 0, 0.5], "texture": "#2"},
				"down": {"uv": [0, 15.5, 8, 16], "rotation": 180, "texture": "#2"}
			}
		},
		{
			"from": [-6, -3.5, 22],
			"to": [8, 12.5, 24],
			"rotation": {"angle": 0, "axis": "y", "origin": [8, 1, 8]},
			"faces": {
				"north": {"uv": [8, 8, 15, 0], "texture": "#2"},
				"east": {"uv": [7, 8, 8, 16], "texture": "#2"},
				"south": {"uv": [8, 0, 15, 8], "rotation": 180, "texture": "#2"},
				"west": {"uv": [0, 0, 4, 0.5], "rotation": 270, "texture": "#2"},
				"up": {"uv": [15, 7.5, 7.75, 8], "texture": "#2"},
				"down": {"uv": [8.5, 15.5, 16, 16], "rotation": 180, "texture": "#2"}
			}
		},
		{
			"from": [-8, 25.5, 24],
			"to": [8, 28.5, 27],
			"rotation": {"angle": 0, "axis": "y", "origin": [8, 1, 8]},
			"faces": {
				"north": {"uv": [16, 3, 0, 0], "rotation": 180, "texture": "#4"},
				"east": {"uv": [13, 0, 16, 3], "texture": "#4"},
				"south": {"uv": [0, 1, 16, 3], "texture": "#4"},
				"west": {"uv": [0, 0, 3, 3], "texture": "#4"},
				"up": {"uv": [16, 0, 0, 2], "texture": "#4"},
				"down": {"uv": [0, 13, 16, 16], "rotation": 180, "texture": "#4"}
			}
		},
		{
			"from": [-5, 12.5, 24],
			"to": [5, 15.5, 27],
			"rotation": {"angle": 0, "axis": "y", "origin": [8, 1, 8]},
			"faces": {
				"north": {"uv": [13, 16, 3, 13], "rotation": 180, "texture": "#4"},
				"east": {"uv": [7, 8, 8, 16], "texture": "#4"},
				"south": {"uv": [3, 13, 13, 16], "texture": "#4"},
				"west": {"uv": [0, 0, 3, 3], "texture": "#4"},
				"up": {"uv": [13, 13, 3, 16], "texture": "#4"},
				"down": {"uv": [3, 13, 13, 16], "rotation": 180, "texture": "#4"}
			}
		},
		{
			"from": [-8, 12.5, 24],
			"to": [-5, 25.5, 27],
			"rotation": {"angle": 0, "axis": "y", "origin": [8, 1, 8]},
			"faces": {
				"north": {"uv": [16, 16, 13, 3], "rotation": 180, "texture": "#4"},
				"east": {"uv": [0, 3, 3, 16], "texture": "#4"},
				"south": {"uv": [0, 3, 3, 16], "texture": "#4"},
				"west": {"uv": [0, 3, 3, 16], "texture": "#4"},
				"up": {"uv": [16, 0, 0, 2], "texture": "#4"},
				"down": {"uv": [0, 13, 3, 16], "texture": "#4"}
			}
		},
		{
			"from": [5, 12.5, 24],
			"to": [8, 25.5, 27],
			"rotation": {"angle": 0, "axis": "y", "origin": [8, 1, 8]},
			"faces": {
				"north": {"uv": [3, 16, 0, 3], "rotation": 180, "texture": "#4"},
				"east": {"uv": [13, 3, 16, 16], "texture": "#4"},
				"south": {"uv": [13, 3, 16, 16], "texture": "#4"},
				"west": {"uv": [13, 3, 16, 16], "texture": "#4"},
				"up": {"uv": [16, 0, 0, 2], "texture": "#4"},
				"down": {"uv": [13, 13, 16, 16], "texture": "#4"}
			}
		},
		{
			"from": [8, 28.5, 5],
			"to": [24, 31.5, 8],
			"rotation": {"angle": 0, "axis": "y", "origin": [16, 30, 0]},
			"faces": {
				"north": {"uv": [0, 13, 16, 16], "rotation": 180, "texture": "#4"},
				"east": {"uv": [0, 0, 3, 3], "rotation": 270, "texture": "#4"},
				"south": {"uv": [16, 0, 0, 2], "rotation": 180, "texture": "#4"},
				"west": {"uv": [13, 0, 16, 3], "rotation": 90, "texture": "#4"},
				"up": {"uv": [0, 1, 16, 3], "rotation": 180, "texture": "#4"},
				"down": {"uv": [16, 3, 0, 0], "rotation": 180, "texture": "#4"}
			}
		},
		{
			"from": [21, 28.5, -8],
			"to": [24, 31.5, 5],
			"rotation": {"angle": 0, "axis": "y", "origin": [16, 30, 0]},
			"faces": {
				"north": {"uv": [0, 13, 3, 16], "texture": "#4"},
				"east": {"uv": [0, 3, 3, 16], "rotation": 270, "texture": "#4"},
				"south": {"uv": [16, 0, 0, 2], "rotation": 180, "texture": "#4"},
				"west": {"uv": [0, 3, 3, 16], "rotation": 90, "texture": "#4"},
				"up": {"uv": [0, 3, 3, 16], "rotation": 180, "texture": "#4"},
				"down": {"uv": [16, 16, 13, 3], "rotation": 180, "texture": "#4"}
			}
		},
		{
			"from": [8, 28.5, -8],
			"to": [11, 31.5, 5],
			"rotation": {"angle": 0, "axis": "y", "origin": [16, 30, 0]},
			"faces": {
				"north": {"uv": [13, 13, 16, 16], "texture": "#4"},
				"east": {"uv": [13, 3, 16, 16], "rotation": 270, "texture": "#4"},
				"south": {"uv": [16, 0, 0, 2], "rotation": 180, "texture": "#4"},
				"west": {"uv": [13, 3, 16, 16], "rotation": 90, "texture": "#4"},
				"up": {"uv": [13, 3, 16, 16], "rotation": 180, "texture": "#4"},
				"down": {"uv": [3, 16, 0, 3], "rotation": 180, "texture": "#4"}
			}
		},
		{
			"from": [11, 28.5, -8],
			"to": [21, 31.5, -5],
			"rotation": {"angle": 0, "axis": "y", "origin": [16, 30, 0]},
			"faces": {
				"north": {"uv": [3, 13, 13, 16], "rotation": 180, "texture": "#4"},
				"east": {"uv": [0, 0, 3, 3], "rotation": 270, "texture": "#4"},
				"south": {"uv": [13, 13, 3, 16], "rotation": 180, "texture": "#4"},
				"west": {"uv": [7, 8, 8, 16], "rotation": 90, "texture": "#4"},
				"up": {"uv": [3, 13, 13, 16], "rotation": 180, "texture": "#4"},
				"down": {"uv": [13, 16, 3, 13], "rotation": 180, "texture": "#4"}
			}
		},
		{
			"from": [0, 6.5, 0],
			"to": [16, 22.5, 16],
			"rotation": {"angle": 0, "axis": "y", "origin": [12, 30, 12]},
			"faces": {
				"north": {"uv": [0, 8.25, 3.5, 11.75], "rotation": 180, "texture": "#7"},
				"east": {"uv": [0, 8.25, 3.5, 11.75], "rotation": 180, "texture": "#7"},
				"south": {"uv": [10.5, 8.25, 14, 11.75], "rotation": 180, "texture": "#7"},
				"west": {"uv": [0, 8.25, 3.5, 11.75], "rotation": 180, "texture": "#7"},
				"up": {"uv": [10.5, 0, 7, 3.5], "rotation": 180, "texture": "#7"},
				"down": {"uv": [7, 8.25, 3.5, 4.75], "rotation": 180, "texture": "#7"}
			}
		},
		{
			"from": [6.9, 14.5, 16],
			"to": [9.1, 19.1, 17],
			"rotation": {"angle": 0, "axis": "y", "origin": [12, 30, 12]},
			"faces": {
				"north": {"uv": [0, 8.25, 3.5, 11.75], "rotation": 180, "texture": "#7"},
				"east": {"uv": [1, 0.25, 1.25, 1.25], "rotation": 180, "texture": "#7"},
				"south": {"uv": [1, 0.25, 0.5, 1.25], "rotation": 180, "texture": "#7"},
				"west": {"uv": [0.25, 0.25, 0.5, 1.25], "rotation": 180, "texture": "#7"},
				"up": {"uv": [1, 0, 0.5, 0.25], "rotation": 180, "texture": "#7"},
				"down": {"uv": [1, 0.25, 0.5, 0], "rotation": 180, "texture": "#7"}
			}
		}
	],
	"groups": [
		{
			"name": "group",
			"origin": [8, 0, -8],
			"color": 0,
			"nbt": "{}",
			"children": [0, 1, 2, 3, 4, 5, 6, 7, 8, 9, 10, 11, 12, 13, 14, 15, 16, 17, 18, 19, 20]
		}
	]
}