{
	"credit": "Made with Blockbench",
	"texture_size": [64, 64],
	"textures": {
		"4": "custom/titan/shifter/armor/head/jaw/jaw1",
		"particle": "custom/titan/shifter/armor/head/1/head"
	},
	"elements": [
		{
			"from": [4, -3.81066, -1.25],
			"to": [10, 2.18934, 1.5],
			"rotation": {"angle": 45, "axis": "z", "origin": [8, 0.18934, -1]},
			"faces": {
				"north": {"uv": [4.5, 6, 6, 7.5], "texture": "#4"},
				"east": {"uv": [3.25, 10.75, 4, 12.25], "texture": "#4"},
				"south": {"uv": [6.25, 0, 7.75, 1.5], "texture": "#4"},
				"west": {"uv": [8.75, 10.75, 9.5, 12.25], "texture": "#4"},
				"up": {"uv": [12.75, 3.5, 11.25, 2.75], "texture": "#4"},
				"down": {"uv": [12.75, 3.75, 11.25, 4.5], "texture": "#4"}
			}
		},
		{
			"from": [7.5, -4.51777, -0.75],
			"to": [13.6, 1.83223, 2.25],
			"rotation": {"angle": 22.5, "axis": "z", "origin": [8, -0.51777, -1]},
			"faces": {
				"north": {"uv": [6.25, 6, 7.75, 7.5], "texture": "#4"},
				"east": {"uv": [4.5, 9.5, 5.25, 11], "texture": "#4"},
				"south": {"uv": [6.75, 1.75, 8.25, 3.25], "texture": "#4"},
				"west": {"uv": [5.5, 9.5, 6.25, 11], "texture": "#4"},
				"up": {"uv": [8.25, 10.5, 6.75, 9.75], "texture": "#4"},
				"down": {"uv": [11.25, 1.75, 9.75, 2.5], "texture": "#4"}
			}
		},
		{
			"from": [11.9, -3.51777, 0],
			"to": [16.97, 1.15223, 5],
			"rotation": {"angle": 22.5, "axis": "z", "origin": [8, -0.51777, -1]},
			"faces": {
				"north": {"uv": [3.5, 0, 4.75, 1.25], "texture": "#4"},
				"east": {"uv": [8.5, 3.75, 9.75, 5], "texture": "#4"},
				"south": {"uv": [0, 4, 1.25, 5.25], "texture": "#4"},
				"west": {"uv": [8.75, 7.75, 10, 9], "texture": "#4"},
				"up": {"uv": [6, 2.75, 4, 1.5], "texture": "#4"},
				"down": {"uv": [3.5, 4, 2.25, 5.25], "texture": "#4"}
			}
		},
		{
			"from": [14.05, 2.11585, 4.33694],
			"to": [16.25, 8.11585, 10.33694],
			"rotation": {"angle": 22.5, "axis": "x", "origin": [15.77644, 3.89085, 7.46194]},
			"faces": {
				"north": {"uv": [12.5, 1, 13, 2.5], "texture": "#4"},
				"east": {"uv": [6.75, 3.5, 8.25, 5], "texture": "#4"},
				"south": {"uv": [3.25, 12.5, 3.75, 14], "texture": "#4"},
				"west": {"uv": [0, 7, 1.5, 8.5], "texture": "#4"},
				"up": {"uv": [13, 6.25, 12.5, 4.75], "texture": "#4"},
				"down": {"uv": [8.75, 12.5, 8.25, 14], "texture": "#4"}
			}
		},
		{
			"from": [14.5141, -0.17265, 3.6],
			"to": [17.0141, 5.42735, 8.5],
			"rotation": {"angle": -22.5, "axis": "x", "origin": [15.8891, 2.92735, 6.25709]},
			"faces": {
				"north": {"uv": [4.25, 11.25, 5, 12.75], "texture": "#4"},
				"east": {"uv": [4.25, 7.75, 5.5, 9.25], "texture": "#4"},
				"south": {"uv": [5.25, 11.25, 6, 12.75], "texture": "#4"},
				"west": {"uv": [5.75, 7.75, 7, 9.25], "texture": "#4"},
				"up": {"uv": [7, 13, 6.25, 11.75], "texture": "#4"},
				"down": {"uv": [8, 11.75, 7.25, 13], "texture": "#4"}
			}
		},
		{
			"from": [10.185, 2.395, -1.25],
			"to": [11.685, 3.895, 1.25],
			"rotation": {"angle": -22.5, "axis": "z", "origin": [11.16546, 2.75679, -0.75]},
			"faces": {
				"north": {"uv": [5.5, 13, 6, 13.5], "texture": "#4"},
				"east": {"uv": [6.75, 5.25, 7.5, 5.75], "texture": "#4"},
				"south": {"uv": [13, 12, 13.5, 12.5], "texture": "#4"},
				"west": {"uv": [12.75, 10.75, 13.5, 11.25], "texture": "#4"},
				"up": {"uv": [11.75, 13.5, 11.25, 12.75], "texture": "#4"},
				"down": {"uv": [13.5, 0, 13, 0.75], "texture": "#4"}
			}
		},
		{
			"from": [2.4, -4.51777, -0.75],
			"to": [8.5, 1.83223, 2.25],
			"rotation": {"angle": -22.5, "axis": "z", "origin": [8, -0.51777, -1]},
			"faces": {
				"north": {"uv": [7.75, 6, 6.25, 7.5], "texture": "#4"},
				"east": {"uv": [6.25, 9.5, 5.5, 11], "texture": "#4"},
				"south": {"uv": [8.25, 1.75, 6.75, 3.25], "texture": "#4"},
				"west": {"uv": [5.25, 9.5, 4.5, 11], "texture": "#4"},
				"up": {"uv": [6.75, 10.5, 8.25, 9.75], "texture": "#4"},
				"down": {"uv": [9.75, 1.75, 11.25, 2.5], "texture": "#4"}
			}
		},
		{
			"from": [-0.97, -3.51777, 0],
			"to": [4.1, 1.15223, 5],
			"rotation": {"angle": -22.5, "axis": "z", "origin": [8, -0.51777, -1]},
			"faces": {
				"north": {"uv": [4.75, 0, 3.5, 1.25], "texture": "#4"},
				"east": {"uv": [10, 7.75, 8.75, 9], "texture": "#4"},
				"south": {"uv": [2, 4, 0, 5.25], "texture": "#4"},
				"west": {"uv": [9.75, 3.75, 8.5, 5], "texture": "#4"},
				"up": {"uv": [4, 2.75, 6, 1.5], "texture": "#4"},
				"down": {"uv": [2.25, 4, 3.5, 5.25], "texture": "#4"}
			}
		},
		{
			"from": [-0.25, 2.11585, 4.33694],
			"to": [1.95, 8.11585, 10.33694],
			"rotation": {"angle": 22.5, "axis": "x", "origin": [0.22356, 3.89085, 7.46194]},
			"faces": {
				"north": {"uv": [13, 1, 12.5, 2.5], "texture": "#4"},
				"east": {"uv": [1.5, 7, 0, 8.5], "texture": "#4"},
				"south": {"uv": [3.75, 12.5, 3.25, 14], "texture": "#4"},
				"west": {"uv": [8.25, 3.5, 6.75, 5], "texture": "#4"},
				"up": {"uv": [12.5, 6.25, 13, 4.75], "texture": "#4"},
				"down": {"uv": [8.25, 12.5, 8.75, 14], "texture": "#4"}
			}
		},
		{
			"from": [-1.0141, -0.17265, 3.6],
			"to": [1.4859, 5.42735, 8.5],
			"rotation": {"angle": -22.5, "axis": "x", "origin": [0.1109, 2.92735, 6.25709]},
			"faces": {
				"north": {"uv": [5, 11.25, 4.25, 12.75], "texture": "#4"},
				"east": {"uv": [7, 7.75, 5.75, 9.25], "texture": "#4"},
				"south": {"uv": [6, 11.25, 5.25, 12.75], "texture": "#4"},
				"west": {"uv": [5.5, 7.75, 4.25, 9.25], "texture": "#4"},
				"up": {"uv": [6.25, 13, 7, 11.75], "texture": "#4"},
				"down": {"uv": [7.25, 11.75, 8, 13], "texture": "#4"}
			}
		},
		{
			"from": [4.315, 2.395, -1.25],
			"to": [5.815, 3.895, 1.25],
			"rotation": {"angle": 22.5, "axis": "z", "origin": [4.83454, 2.75679, -0.75]},
			"faces": {
				"north": {"uv": [6, 13, 5.5, 13.5], "texture": "#4"},
				"east": {"uv": [13.5, 10.75, 12.75, 11.25], "texture": "#4"},
				"south": {"uv": [13.5, 12, 13, 12.5], "texture": "#4"},
				"west": {"uv": [7.5, 5.25, 6.75, 5.75], "texture": "#4"},
				"up": {"uv": [11.25, 13.5, 11.75, 12.75], "texture": "#4"},
				"down": {"uv": [13, 0, 13.5, 0.75], "texture": "#4"}
			}
		}
	],
	"display": {
		"thirdperson_righthand": {
			"rotation": [90, 0, 0],
			"translation": [-7.75, -12.75, 21],
			"scale": [4, 4, 4]
		},
		"head": {
			"translation": [0, -3.5, 0],
			"scale": [0.41, 0.41, 0.41]
		}
	},
	"groups": [
		{
			"name": "jaw",
			"origin": [8, 8, 8],
			"color": 0,
			"children": [
				{
					"name": "lower",
					"origin": [8, 1.93934, -1],
					"color": 0,
					"children": [
						0,
						{
							"name": "side",
							"origin": [8, 8, 8],
							"color": 0,
							"children": [1, 2, 3, 4, 5]
						},
						{
							"name": "side",
							"origin": [8, 8, 8],
							"color": 0,
							"children": [6, 7, 8, 9, 10]
						}
					]
				}
			]
		}
	]
}