{
	"credit": "Made with Blockbench",
	"texture_size": [128, 128],
	"textures": {
		"0": "custom/people/eldia/ellie",
		"1": "custom/item/music_disc/cry_of_hope",
		"particle": "custom/people/eldia/ellie"
	},
	"elements": [
		{
			"name": "body",
			"from": [4, 11.5, 6],
			"to": [12, 23.5, 10],
			"faces": {
				"north": {"uv": [5, 5, 7, 8], "texture": "#0"},
				"east": {"uv": [7, 5, 8, 8], "texture": "#0"},
				"south": {"uv": [8, 5, 10, 8], "texture": "#0"},
				"west": {"uv": [4, 5, 5, 8], "texture": "#0"},
				"up": {"uv": [7, 5, 5, 4], "texture": "#0"},
				"down": {"uv": [9, 4, 7, 5], "texture": "#0"}
			}
		},
		{
			"name": "right_arm",
			"from": [12, 11.75, 4.5],
			"to": [15, 23.75, 8.5],
			"rotation": {"angle": 22.5, "axis": "x", "origin": [13.5, 17.75, 6.5]},
			"faces": {
				"north": {"uv": [11, 5, 11.75, 7.96875], "texture": "#0"},
				"east": {"uv": [12.5, 5.01563, 13.48438, 7.96875], "texture": "#0"},
				"south": {"uv": [11.75, 5, 12.48438, 7.96875], "texture": "#0"},
				"west": {"uv": [10, 5, 11, 7.96875], "texture": "#0"},
				"up": {"uv": [11.75, 5, 11, 4], "texture": "#0"},
				"down": {"uv": [12.5, 4, 11.75, 5], "texture": "#0"}
			}
		},
		{
			"name": "left_arm",
			"from": [1, 11.5, 6],
			"to": [4, 23.5, 10],
			"faces": {
				"north": {"uv": [9, 13, 9.75, 16], "texture": "#0"},
				"east": {"uv": [8, 13, 9, 16], "texture": "#0"},
				"south": {"uv": [10.75, 13, 11.5, 16], "texture": "#0"},
				"west": {"uv": [9.75, 13, 10.75, 16], "texture": "#0"},
				"up": {"uv": [9.75, 13, 9, 12], "texture": "#0"},
				"down": {"uv": [10.5, 12, 9.75, 13], "texture": "#0"}
			}
		},
		{
			"name": "right_leg",
			"from": [4, -0.5, 6],
			"to": [8, 11.5, 10],
			"faces": {
				"north": {"uv": [5, 13, 6, 16], "texture": "#0"},
				"east": {"uv": [4, 13, 5, 16], "texture": "#0"},
				"south": {"uv": [7, 13, 8, 16], "texture": "#0"},
				"west": {"uv": [6, 13, 7, 16], "texture": "#0"},
				"up": {"uv": [6, 13, 5, 12], "texture": "#0"},
				"down": {"uv": [7, 12, 6, 13], "texture": "#0"}
			}
		},
		{
			"name": "left_leg",
			"from": [8, -0.5, 6],
			"to": [12, 11.5, 10],
			"faces": {
				"north": {"uv": [1, 5, 2, 8], "texture": "#0"},
				"east": {"uv": [0, 5, 1, 8], "texture": "#0"},
				"south": {"uv": [3, 5, 4, 8], "texture": "#0"},
				"west": {"uv": [2, 5, 3, 8], "texture": "#0"},
				"up": {"uv": [2, 5, 1.0625, 4.0625], "texture": "#0"},
				"down": {"uv": [3, 4, 2, 5], "texture": "#0"}
			}
		},
		{
			"name": "body_2nd_layer",
			"from": [4, 11.02, 5.49],
			"to": [12, 24.03, 10.49],
			"faces": {
				"north": {"uv": [5, 9, 7, 12], "texture": "#0"},
				"east": {"uv": [4, 9, 5, 12], "texture": "#0"},
				"south": {"uv": [8, 9, 10, 12], "texture": "#0"},
				"west": {"uv": [7, 9, 8, 12], "texture": "#0"},
				"up": {"uv": [7, 9, 5, 8], "texture": "#0"},
				"down": {"uv": [9, 8, 7, 9], "texture": "#0"}
			}
		},
		{
			"name": "right_arm_2nd_layer",
			"from": [11.5, 11.25, 4],
			"to": [15.5, 24.25, 9],
			"rotation": {"angle": 22.5, "axis": "x", "origin": [13.5, 17.75, 6.5]},
			"faces": {
				"north": {"uv": [11, 9, 11.75, 12], "texture": "#0"},
				"east": {"uv": [10, 9, 11, 12], "texture": "#0"},
				"south": {"uv": [12.75, 9, 13.5, 12], "texture": "#0"},
				"west": {"uv": [11.75, 9, 12.75, 12], "texture": "#0"},
				"up": {"uv": [11.75, 9, 11, 8], "texture": "#0"},
				"down": {"uv": [12.5, 8, 11.75, 9], "texture": "#0"}
			}
		},
		{
			"name": "left_arm_2nd_layer",
			"from": [0.5, 11, 5.5],
			"to": [4.5, 24, 10.5],
			"faces": {
				"north": {"uv": [13, 13, 13.75, 16], "texture": "#0"},
				"east": {"uv": [12, 13, 13, 16], "texture": "#0"},
				"south": {"uv": [14.75, 13, 15.5, 16], "texture": "#0"},
				"west": {"uv": [13.75, 13, 14.75, 16], "texture": "#0"},
				"up": {"uv": [13.75, 13, 13, 12], "texture": "#0"},
				"down": {"uv": [14.75, 12, 13.75, 13], "texture": "#0"}
			}
		},
		{
			"name": "right_leg_2nd_layer",
			"from": [7.5, -1, 5.5],
			"to": [12.5, 12, 10.5],
			"faces": {
				"north": {"uv": [1, 9, 2, 12], "texture": "#0"},
				"east": {"uv": [0, 9, 1, 12], "texture": "#0"},
				"south": {"uv": [3, 9, 4, 12], "texture": "#0"},
				"west": {"uv": [2, 9, 3, 12], "texture": "#0"},
				"up": {"uv": [2, 9, 1, 8], "texture": "#0"},
				"down": {"uv": [4, 8.0625, 3, 9], "texture": "#0"}
			}
		},
		{
			"name": "left_leg_2nd_layer",
			"from": [3.5, -1, 5.5],
			"to": [8.5, 12, 10.5],
			"faces": {
				"north": {"uv": [1, 13, 2, 16], "texture": "#0"},
				"east": {"uv": [0, 13, 1, 16], "texture": "#0"},
				"south": {"uv": [3, 13, 4, 16], "texture": "#0"},
				"west": {"uv": [2, 13, 3, 16], "texture": "#0"},
				"up": {"uv": [2, 13, 1, 12.125], "texture": "#0"},
				"down": {"uv": [4, 12.125, 3, 13], "texture": "#0"}
			}
		},
		{
			"from": [12, 15.00894, -2.98866],
			"to": [15, 15.60894, -2.38866],
			"rotation": {"angle": 22.5, "axis": "x", "origin": [13.5, 15.00894, -0.18866]},
			"faces": {
				"north": {"uv": [8, 3, 9, 4], "rotation": 180, "texture": "#1"},
				"east": {"uv": [5, 3, 6, 4], "rotation": 90, "texture": "#1"},
				"south": {"uv": [6, 3, 7, 4], "texture": "#1"},
				"west": {"uv": [9, 3, 10, 4], "rotation": 270, "texture": "#1"},
				"up": {"uv": [5, 3, 10, 4], "texture": "#1"},
				"down": {"uv": [5, 3, 10, 4], "rotation": 180, "texture": "#1"}
			}
		},
		{
			"from": [12, 15.00894, 2.41134],
			"to": [15, 15.60894, 3.01134],
			"rotation": {"angle": 22.5, "axis": "x", "origin": [13.5, 15.00894, -0.18866]},
			"faces": {
				"north": {"uv": [8, 12, 9, 13], "rotation": 180, "texture": "#1"},
				"east": {"uv": [5, 12, 6, 13], "rotation": 90, "texture": "#1"},
				"south": {"uv": [5, 12, 6, 13], "texture": "#1"},
				"west": {"uv": [9, 12, 10, 13], "rotation": 270, "texture": "#1"},
				"up": {"uv": [5, 12, 10, 13], "texture": "#1"},
				"down": {"uv": [5, 12, 10, 13], "rotation": 180, "texture": "#1"}
			}
		},
		{
			"from": [10.2, 15.00894, -2.38866],
			"to": [16.8, 15.60894, 2.41134],
			"rotation": {"angle": 22.5, "axis": "x", "origin": [13.5, 15.00894, -0.18866]},
			"faces": {
				"north": {"uv": [2, 4, 13, 5], "rotation": 180, "texture": "#1"},
				"east": {"uv": [2, 4, 3, 12], "rotation": 90, "texture": "#1"},
				"south": {"uv": [2, 11, 13, 12], "texture": "#1"},
				"west": {"uv": [12, 4, 13, 12], "rotation": 270, "texture": "#1"},
				"up": {"uv": [2, 4, 13, 12], "texture": "#1"},
				"down": {"uv": [2, 4, 13, 12], "rotation": 180, "texture": "#1"}
			}
		},
		{
			"from": [9.6, 15.00894, -1.78866],
			"to": [10.2, 15.60894, 1.81134],
			"rotation": {"angle": 22.5, "axis": "x", "origin": [13.5, 15.00894, -0.18866]},
			"faces": {
				"north": {"uv": [13, 5, 14, 6], "rotation": 180, "texture": "#1"},
				"east": {"uv": [13, 5, 14, 11], "rotation": 90, "texture": "#1"},
				"south": {"uv": [13, 10, 14, 11], "texture": "#1"},
				"west": {"uv": [13, 5, 14, 11], "rotation": 270, "texture": "#1"},
				"up": {"uv": [13, 5, 14, 11], "texture": "#1"},
				"down": {"uv": [13, 5, 14, 11], "rotation": 180, "texture": "#1"}
			}
		},
		{
			"from": [16.8, 15.00894, -1.78866],
			"to": [17.4, 15.60894, 1.81134],
			"rotation": {"angle": 22.5, "axis": "x", "origin": [13.5, 15.00894, -0.18866]},
			"faces": {
				"north": {"uv": [13, 5, 14, 6], "rotation": 180, "texture": "#1"},
				"east": {"uv": [13, 5, 14, 11], "rotation": 90, "texture": "#1"},
				"south": {"uv": [13, 10, 14, 11], "texture": "#1"},
				"west": {"uv": [13, 5, 14, 11], "rotation": 270, "texture": "#1"},
				"up": {"uv": [13, 5, 14, 11], "texture": "#1"},
				"down": {"uv": [13, 5, 14, 11], "rotation": 180, "texture": "#1"}
			}
		},
		{
			"from": [17.4, 15.00894, -1.18866],
			"to": [18, 15.60894, 1.21134],
			"rotation": {"angle": 22.5, "axis": "x", "origin": [13.5, 15.00894, -0.18866]},
			"faces": {
				"north": {"uv": [14, 6, 15, 7], "rotation": 180, "texture": "#1"},
				"east": {"uv": [14, 6, 15, 10], "rotation": 90, "texture": "#1"},
				"south": {"uv": [14, 9, 15, 10], "texture": "#1"},
				"west": {"uv": [14, 6, 15, 10], "rotation": 270, "texture": "#1"},
				"up": {"uv": [14, 6, 15, 10], "texture": "#1"},
				"down": {"uv": [14, 6, 15, 10], "rotation": 180, "texture": "#1"}
			}
		},
		{
			"from": [9, 15.00894, -1.18866],
			"to": [9.6, 15.60894, 1.21134],
			"rotation": {"angle": 22.5, "axis": "x", "origin": [13.5, 15.00894, -0.18866]},
			"faces": {
				"north": {"uv": [14, 6, 15, 7], "rotation": 180, "texture": "#1"},
				"east": {"uv": [14, 6, 15, 10], "rotation": 90, "texture": "#1"},
				"south": {"uv": [14, 9, 15, 10], "texture": "#1"},
				"west": {"uv": [14, 6, 15, 10], "rotation": 270, "texture": "#1"},
				"up": {"uv": [14, 6, 15, 10], "texture": "#1"},
				"down": {"uv": [14, 6, 15, 10], "rotation": 180, "texture": "#1"}
			}
		}
	],
	"display": {
		"thirdperson_righthand": {
			"rotation": [90, 0, 0],
			"translation": [-6, -2, -57],
			"scale": [2, 2, 2]
		},
		"head": {
			"translation": [0, -28.25, 0],
			"scale": [1.6, 1.6, 1.6]
		}
	},
	"groups": [
		{
			"name": "alex",
			"origin": [8, 8, 8],
			"color": 0,
			"children": [
				0,
				1,
				2,
				3,
				4,
				5,
				6,
				7,
				8,
				9,
				{
					"name": "group",
					"origin": [0, 0, 0],
					"color": 0,
					"children": [10, 11, 12, 13, 14, 15, 16]
				}
			]
		}
	]
}