{
	"format_version": "1.21.6",
	"credit": "Made with Blockbench",
	"textures": {
		"0": "custom/odmgear/bright_metal",
		"1": "custom/odmgear/ap_gun_cartridge_cap_side",
		"3": "custom/odmgear/dark_metal",
		"4": "custom/odmgear/grip_wood",
		"5": "custom/odmgear/ap_gun_gauge",
		"6": "custom/odmgear/wood",
		"7": "custom/odmgear/screw",
		"particle": "custom/odmgear/bright_metal"
	},
	"elements": [
		{
			"from": [4.87, 19.50838, 27.69305],
			"to": [11.13, 21.12838, 28.50305],
			"rotation": {"angle": -22.5, "axis": "x", "origin": [7.79, 21.12838, 28.09805]},
			"faces": {
				"north": {"uv": [0, 0, 16, 16], "texture": "#0"},
				"east": {"uv": [0, 0, 16, 16], "texture": "#0"},
				"south": {"uv": [0, 0, 16, 16], "texture": "#0"},
				"west": {"uv": [0, 0, 16, 16], "rotation": 180, "texture": "#0"},
				"up": {"uv": [0, 0, 16, 16], "rotation": 270, "texture": "#0"},
				"down": {"uv": [0, 0, 16, 16], "rotation": 90, "texture": "#0"}
			}
		},
		{
			"from": [4.869, 18.16568, 28.28117],
			"to": [11.131, 19.78768, 29.09317],
			"rotation": {"angle": 0, "axis": "y", "origin": [8, 18.97668, 28.68717]},
			"faces": {
				"north": {"uv": [6.5, 3.62, 12.76, 2], "texture": "#0"},
				"east": {"uv": [0, 0, 16, 16], "texture": "#0"},
				"south": {"uv": [6.5, 3.62, 12.76, 2], "texture": "#0"},
				"west": {"uv": [0, 0, 16, 16], "rotation": 180, "texture": "#0"},
				"up": {"uv": [4.06, 2, 3.25, 8.26], "rotation": 270, "texture": "#0"},
				"down": {"uv": [4.06, 2, 3.25, 8.26], "rotation": 90, "texture": "#0"}
			}
		},
		{
			"from": [4.869, 18.16568, 20.94688],
			"to": [11.131, 19.78768, 21.75888],
			"rotation": {"angle": 0, "axis": "y", "origin": [8, 18.97668, 21.35288]},
			"faces": {
				"north": {"uv": [0, 0, 16, 16], "texture": "#0"},
				"east": {"uv": [0, 0, 16, 16], "rotation": 180, "texture": "#0"},
				"south": {"uv": [0, 0, 16, 16], "texture": "#0"},
				"west": {"uv": [0, 0, 16, 16], "texture": "#0"},
				"up": {"uv": [0, 0, 16, 16], "rotation": 270, "texture": "#0"},
				"down": {"uv": [0, 0, 16, 16], "rotation": 90, "texture": "#0"}
			}
		},
		{
			"from": [4.87, 19.50838, 21.537],
			"to": [11.13, 21.12838, 22.347],
			"rotation": {"angle": 22.5, "axis": "x", "origin": [7.79, 21.12838, 21.942]},
			"faces": {
				"north": {"uv": [0, 0, 16, 16], "texture": "#0"},
				"east": {"uv": [0, 0, 16, 16], "rotation": 180, "texture": "#0"},
				"south": {"uv": [0, 0, 16, 16], "texture": "#0"},
				"west": {"uv": [0, 0, 16, 16], "texture": "#0"},
				"up": {"uv": [0, 0, 16, 16], "rotation": 270, "texture": "#0"},
				"down": {"uv": [0, 0, 16, 16], "rotation": 90, "texture": "#0"}
			}
		},
		{
			"from": [4.869, 20.75874, 22.02096],
			"to": [11.131, 22.38074, 22.83296],
			"rotation": {"angle": 45, "axis": "x", "origin": [7.79, 21.56974, 22.42696]},
			"faces": {
				"north": {"uv": [0, 0, 16, 16], "texture": "#0"},
				"east": {"uv": [0, 0, 16, 16], "rotation": 180, "texture": "#0"},
				"south": {"uv": [0, 0, 16, 16], "texture": "#0"},
				"west": {"uv": [0, 0, 16, 16], "texture": "#0"},
				"up": {"uv": [0, 0, 16, 16], "rotation": 270, "texture": "#0"},
				"down": {"uv": [0, 0, 16, 16], "rotation": 90, "texture": "#0"}
			}
		},
		{
			"from": [4.87, 21.95968, 22.80667],
			"to": [11.13, 22.76968, 24.42667],
			"rotation": {"angle": -22.5, "axis": "x", "origin": [7.79, 22.36468, 23.61667]},
			"faces": {
				"north": {"uv": [0, 0, 16, 16], "rotation": 90, "texture": "#0"},
				"east": {"uv": [0, 0, 16, 16], "rotation": 90, "texture": "#0"},
				"south": {"uv": [0, 0, 16, 16], "rotation": 90, "texture": "#0"},
				"west": {"uv": [0, 0, 16, 16], "rotation": 90, "texture": "#0"},
				"up": {"uv": [0, 0, 16, 16], "texture": "#0"},
				"down": {"uv": [0, 0, 16, 16], "rotation": 180, "texture": "#0"}
			}
		},
		{
			"from": [4.869, 22.23782, 24.20902],
			"to": [11.131, 23.04982, 25.83102],
			"rotation": {"angle": 0, "axis": "y", "origin": [7.79, 22.64382, 25.02002]},
			"faces": {
				"north": {"uv": [3.31, 2, 2.5, 8.26], "rotation": 90, "texture": "#0"},
				"east": {"uv": [0, 0, 16, 16], "rotation": 90, "texture": "#0"},
				"south": {"uv": [3.31, 2, 2.5, 8.26], "rotation": 90, "texture": "#0"},
				"west": {"uv": [0, 0, 16, 16], "rotation": 90, "texture": "#0"},
				"up": {"uv": [0, 0, 16, 16], "texture": "#0"},
				"down": {"uv": [2.5, 3.62, 8.76, 2], "rotation": 180, "texture": "#0"}
			}
		},
		{
			"from": [4.87, 21.95968, 25.61338],
			"to": [11.13, 22.76968, 27.23338],
			"rotation": {"angle": 22.5, "axis": "x", "origin": [7.79, 22.36468, 26.42338]},
			"faces": {
				"north": {"uv": [3.31, 2, 2.5, 8.26], "rotation": 90, "texture": "#0"},
				"east": {"uv": [0, 0, 16, 16], "rotation": 90, "texture": "#0"},
				"south": {"uv": [3.31, 2, 2.5, 8.26], "rotation": 90, "texture": "#0"},
				"west": {"uv": [0, 0, 16, 16], "rotation": 90, "texture": "#0"},
				"up": {"uv": [0, 0, 16, 16], "texture": "#0"},
				"down": {"uv": [2.5, 3.62, 8.76, 2], "rotation": 180, "texture": "#0"}
			}
		},
		{
			"from": [4.869, 20.75874, 27.20709],
			"to": [11.131, 22.38074, 28.01909],
			"rotation": {"angle": -45, "axis": "x", "origin": [7.79, 21.56974, 27.61309]},
			"faces": {
				"north": {"uv": [2.5, 3.62, 8.76, 2], "texture": "#0"},
				"east": {"uv": [0, 0, 16, 16], "texture": "#0"},
				"south": {"uv": [0, 0, 16, 16], "texture": "#0"},
				"west": {"uv": [0, 0, 16, 16], "rotation": 180, "texture": "#0"},
				"up": {"uv": [3.31, 2, 2.5, 8.26], "rotation": 270, "texture": "#0"},
				"down": {"uv": [3.31, 2, 2.5, 8.26], "rotation": 90, "texture": "#0"}
			}
		},
		{
			"from": [5.28155, 3.59272, 13.725],
			"to": [10.78155, 4.29272, 28.485],
			"rotation": {"angle": 0, "axis": "y", "origin": [6.40655, 0.29272, 23.42]},
			"faces": {
				"north": {"uv": [0.75, 0, 6.25, 14.76], "texture": "#3"},
				"east": {"uv": [0.75, 0, 6.25, 14.76], "texture": "#3"},
				"south": {"uv": [0.75, 0, 6.25, 14.76], "texture": "#3"},
				"west": {"uv": [0.75, 0, 6.25, 14.76], "texture": "#3"},
				"up": {"uv": [0.75, 0, 6.25, 14.76], "texture": "#3"},
				"down": {"uv": [0.75, 0, 6.25, 14.76], "texture": "#3"}
			}
		},
		{
			"from": [5.28155, -0.56799, 30.49234],
			"to": [10.78155, 4.69201, 31.19234],
			"rotation": {"angle": -22.5, "axis": "x", "origin": [8.03155, -2.31299, 30.84234]},
			"faces": {
				"north": {"uv": [0.75, 0, 6.25, 5.26], "texture": "#3"},
				"east": {"uv": [0.75, 0, 6.25, 5.26], "texture": "#3"},
				"south": {"uv": [0.75, 0, 6.25, 5.26], "texture": "#3"},
				"west": {"uv": [0.75, 0, 6.25, 5.26], "texture": "#3"},
				"up": {"uv": [0.75, 0, 6.25, 5.26], "texture": "#3"},
				"down": {"uv": [0.75, 0, 6.25, 5.26], "texture": "#3"}
			}
		},
		{
			"from": [6.03155, -1.56799, 30.49234],
			"to": [10.03155, -0.56799, 31.19234],
			"rotation": {"angle": -22.5, "axis": "x", "origin": [8.03155, -2.31299, 30.84234]},
			"faces": {
				"north": {"uv": [0.75, 0, 4.75, 1], "texture": "#3"},
				"east": {"uv": [0.75, 0, 4.75, 1], "texture": "#3"},
				"south": {"uv": [0.75, 0, 4.75, 1], "texture": "#3"},
				"west": {"uv": [0.75, 0, 4.75, 1], "texture": "#3"},
				"up": {"uv": [0.75, 0, 4.75, 1], "texture": "#3"},
				"down": {"uv": [0.75, 0, 4.75, 1], "texture": "#3"}
			}
		},
		{
			"from": [10.71845, 1.44272, 20.495],
			"to": [11.39345, 5.04272, 24.005],
			"rotation": {"angle": 0, "axis": "y", "origin": [9.59345, -0.35728, 30.44]},
			"faces": {
				"north": {"uv": [0, 0, 0.675, 3.6], "texture": "#6", "tintindex": 0},
				"east": {"uv": [3.75, 12.4, 7.26, 16], "texture": "#6", "tintindex": 0},
				"south": {"uv": [0, 0, 0.675, 3.6], "texture": "#6", "tintindex": 0},
				"west": {"uv": [0, 0, 3.51, 3.6], "texture": "#6", "tintindex": 0},
				"up": {"uv": [0, 0, 0.675, 3.51], "texture": "#6", "tintindex": 0},
				"down": {"uv": [0, 0, 0.675, 3.51], "texture": "#6", "tintindex": 0}
			}
		},
		{
			"from": [4.60655, 1.44272, 20.495],
			"to": [5.28155, 5.04272, 24.005],
			"rotation": {"angle": 0, "axis": "y", "origin": [6.40655, -0.35728, 30.44]},
			"faces": {
				"north": {"uv": [0, 0, 0.675, 3.6], "texture": "#6", "tintindex": 0},
				"east": {"uv": [0, 0, 3.51, 3.6], "texture": "#6", "tintindex": 0},
				"south": {"uv": [0, 0, 0.675, 3.6], "texture": "#6", "tintindex": 0},
				"west": {"uv": [3.75, 0, 7.26, 3.6], "texture": "#6", "tintindex": 0},
				"up": {"uv": [0, 0, 0.675, 3.51], "texture": "#6", "tintindex": 0},
				"down": {"uv": [0, 0, 0.675, 3.51], "texture": "#6", "tintindex": 0}
			}
		},
		{
			"from": [5.09748, 0.32464, 20.495],
			"to": [5.77248, 1.67464, 24.005],
			"rotation": {"angle": 22.5, "axis": "z", "origin": [5.43498, 0.32464, 22.835]},
			"faces": {
				"north": {"uv": [0, 0, 0.675, 1.35], "texture": "#6", "tintindex": 0},
				"east": {"uv": [0, 0, 3.51, 1.35], "texture": "#6", "tintindex": 0},
				"south": {"uv": [0, 0, 0.675, 1.35], "texture": "#6", "tintindex": 0},
				"west": {"uv": [3.75, 3.25, 7.26, 4.6], "texture": "#6", "tintindex": 0},
				"up": {"uv": [0, 0, 0.675, 3.51], "texture": "#6", "tintindex": 0},
				"down": {"uv": [0, 0, 0.675, 3.51], "texture": "#6", "tintindex": 0}
			}
		},
		{
			"from": [5.50161, -0.71816, 20.495],
			"to": [6.17661, 0.63184, 24.005],
			"rotation": {"angle": 45, "axis": "z", "origin": [5.83911, -0.04316, 22.835]},
			"faces": {
				"north": {"uv": [0, 0, 0.675, 1.35], "texture": "#6", "tintindex": 0},
				"east": {"uv": [0, 0, 3.51, 1.35], "texture": "#6", "tintindex": 0},
				"south": {"uv": [0, 0, 0.675, 1.35], "texture": "#6", "tintindex": 0},
				"west": {"uv": [3.75, 4.75, 7.26, 6.1], "texture": "#6", "tintindex": 0},
				"up": {"uv": [0, 0, 0.675, 3.51], "texture": "#6", "tintindex": 0},
				"down": {"uv": [0, 0, 0.675, 3.51], "texture": "#6", "tintindex": 0}
			}
		},
		{
			"from": [6.15554, -1.04311, 20.495],
			"to": [7.50554, -0.36811, 24.005],
			"rotation": {"angle": -22.5, "axis": "z", "origin": [6.83054, -0.70561, 22.835]},
			"faces": {
				"north": {"uv": [0, 0, 3.51, 1.35], "rotation": 90, "texture": "#6", "tintindex": 0},
				"east": {"uv": [0, 0, 3.51, 1.35], "rotation": 90, "texture": "#6", "tintindex": 0},
				"south": {"uv": [0, 0, 3.51, 1.35], "rotation": 90, "texture": "#6", "tintindex": 0},
				"west": {"uv": [0, 0, 3.51, 1.35], "rotation": 90, "texture": "#6", "tintindex": 0},
				"up": {"uv": [0, 0, 3.51, 1.35], "rotation": 90, "texture": "#6", "tintindex": 0},
				"down": {"uv": [4, 6, 7.51, 7.35], "rotation": 90, "texture": "#6", "tintindex": 0}
			}
		},
		{
			"from": [7.325, -1.27573, 20.495],
			"to": [8.675, -0.60073, 24.005],
			"rotation": {"angle": 0, "axis": "y", "origin": [8, -0.93823, 22.835]},
			"faces": {
				"north": {"uv": [0, 0, 3.51, 1.35], "rotation": 90, "texture": "#6", "tintindex": 0},
				"east": {"uv": [0, 0, 3.51, 1.35], "rotation": 90, "texture": "#6", "tintindex": 0},
				"south": {"uv": [0, 0, 3.51, 1.35], "rotation": 90, "texture": "#6", "tintindex": 0},
				"west": {"uv": [0, 0, 3.51, 1.35], "rotation": 90, "texture": "#6", "tintindex": 0},
				"up": {"uv": [0, 0, 3.51, 1.35], "rotation": 90, "texture": "#6", "tintindex": 0},
				"down": {"uv": [4, 7.75, 7.51, 9.1], "rotation": 90, "texture": "#6", "tintindex": 0}
			}
		},
		{
			"from": [8.49446, -1.04311, 20.495],
			"to": [9.84446, -0.36811, 24.005],
			"rotation": {"angle": 22.5, "axis": "z", "origin": [9.16946, -0.70561, 22.835]},
			"faces": {
				"north": {"uv": [0, 0, 3.51, 1.35], "rotation": 90, "texture": "#6", "tintindex": 0},
				"east": {"uv": [0, 0, 3.51, 1.35], "rotation": 90, "texture": "#6", "tintindex": 0},
				"south": {"uv": [0, 0, 3.51, 1.35], "rotation": 90, "texture": "#6", "tintindex": 0},
				"west": {"uv": [0, 0, 3.51, 1.35], "rotation": 90, "texture": "#6", "tintindex": 0},
				"up": {"uv": [0, 0, 3.51, 1.35], "rotation": 90, "texture": "#6", "tintindex": 0},
				"down": {"uv": [3.75, 9, 7.26, 10.35], "rotation": 90, "texture": "#6", "tintindex": 0}
			}
		},
		{
			"from": [9.82339, -0.71816, 20.495],
			"to": [10.49839, 0.63184, 24.005],
			"rotation": {"angle": -45, "axis": "z", "origin": [10.16089, -0.04316, 22.835]},
			"faces": {
				"north": {"uv": [0, 0, 0.675, 1.35], "texture": "#6", "tintindex": 0},
				"east": {"uv": [4, 10.5, 7.51, 11.85], "texture": "#6", "tintindex": 0},
				"south": {"uv": [0, 0, 0.675, 1.35], "texture": "#6", "tintindex": 0},
				"west": {"uv": [0, 0, 3.51, 1.35], "texture": "#6", "tintindex": 0},
				"up": {"uv": [0, 0, 0.675, 3.51], "texture": "#6", "tintindex": 0},
				"down": {"uv": [0, 0, 0.675, 3.51], "texture": "#6", "tintindex": 0}
			}
		},
		{
			"from": [10.22752, 0.32464, 20.495],
			"to": [10.90252, 1.67464, 24.005],
			"rotation": {"angle": -22.5, "axis": "z", "origin": [10.56502, 0.32464, 22.835]},
			"faces": {
				"north": {"uv": [0, 0, 0.675, 1.35], "texture": "#6", "tintindex": 0},
				"east": {"uv": [3.75, 11.5, 7.26, 12.85], "texture": "#6", "tintindex": 0},
				"south": {"uv": [0, 0, 0.675, 1.35], "texture": "#6", "tintindex": 0},
				"west": {"uv": [0, 0, 3.51, 1.35], "texture": "#6", "tintindex": 0},
				"up": {"uv": [0, 0, 0.675, 3.51], "texture": "#6", "tintindex": 0},
				"down": {"uv": [0, 0, 0.675, 3.51], "texture": "#6", "tintindex": 0}
			}
		},
		{
			"from": [10.71845, 1.89272, 16.985],
			"to": [11.39345, 5.04272, 20.495],
			"rotation": {"angle": 0, "axis": "y", "origin": [9.59345, 0.09272, 26.93]},
			"faces": {
				"north": {"uv": [0, 0, 0.675, 3.15], "texture": "#6", "tintindex": 0},
				"east": {"uv": [0, 12.5, 3.51, 15.65], "texture": "#6", "tintindex": 0},
				"south": {"uv": [0, 0, 0.675, 3.15], "texture": "#6", "tintindex": 0},
				"west": {"uv": [0, 0, 3.51, 3.15], "texture": "#6", "tintindex": 0},
				"up": {"uv": [0, 0, 0.675, 3.51], "texture": "#6", "tintindex": 0},
				"down": {"uv": [0, 0, 0.675, 3.51], "texture": "#6", "tintindex": 0}
			}
		},
		{
			"from": [4.60655, 1.89272, 16.985],
			"to": [5.28155, 5.04272, 20.495],
			"rotation": {"angle": 0, "axis": "y", "origin": [6.40655, 0.09272, 26.93]},
			"faces": {
				"north": {"uv": [0, 0, 0.675, 3.15], "texture": "#6", "tintindex": 0},
				"east": {"uv": [0, 0, 3.51, 3.15], "texture": "#6", "tintindex": 0},
				"south": {"uv": [0, 0, 0.675, 3.15], "texture": "#6", "tintindex": 0},
				"west": {"uv": [0, 0, 3.51, 3.15], "texture": "#6", "tintindex": 0},
				"up": {"uv": [0, 0, 0.675, 3.51], "texture": "#6", "tintindex": 0},
				"down": {"uv": [0, 0, 0.675, 3.51], "texture": "#6", "tintindex": 0}
			}
		},
		{
			"from": [5.09748, 0.77464, 16.985],
			"to": [5.77248, 2.12464, 20.495],
			"rotation": {"angle": 22.5, "axis": "z", "origin": [5.43498, 0.77464, 19.325]},
			"faces": {
				"north": {"uv": [0, 0, 0.675, 1.35], "texture": "#6", "tintindex": 0},
				"east": {"uv": [0, 0, 3.51, 1.35], "texture": "#6", "tintindex": 0},
				"south": {"uv": [0, 0, 0.675, 1.35], "texture": "#6", "tintindex": 0},
				"west": {"uv": [0, 2.75, 3.51, 4.1], "texture": "#6", "tintindex": 0},
				"up": {"uv": [0, 0, 0.675, 3.51], "texture": "#6", "tintindex": 0},
				"down": {"uv": [0, 0, 0.675, 3.51], "texture": "#6", "tintindex": 0}
			}
		},
		{
			"from": [5.50161, -0.26816, 16.985],
			"to": [6.17661, 1.08184, 20.495],
			"rotation": {"angle": 45, "axis": "z", "origin": [5.83911, 0.40684, 19.325]},
			"faces": {
				"north": {"uv": [0, 0, 0.675, 1.35], "texture": "#6", "tintindex": 0},
				"east": {"uv": [0, 0, 3.51, 1.35], "texture": "#6", "tintindex": 0},
				"south": {"uv": [0, 0, 0.675, 1.35], "texture": "#6", "tintindex": 0},
				"west": {"uv": [0, 4.25, 3.51, 5.6], "texture": "#6", "tintindex": 0},
				"up": {"uv": [0, 0, 0.675, 3.51], "texture": "#6", "tintindex": 0},
				"down": {"uv": [0, 0, 0.675, 3.51], "texture": "#6", "tintindex": 0}
			}
		},
		{
			"from": [6.15554, -0.59311, 16.985],
			"to": [7.50554, 0.08189, 20.495],
			"rotation": {"angle": -22.5, "axis": "z", "origin": [6.83054, -0.25561, 19.325]},
			"faces": {
				"north": {"uv": [0, 0, 3.51, 1.35], "rotation": 90, "texture": "#6", "tintindex": 0},
				"east": {"uv": [0, 0, 3.51, 1.35], "rotation": 90, "texture": "#6", "tintindex": 0},
				"south": {"uv": [0, 0, 3.51, 1.35], "rotation": 90, "texture": "#6", "tintindex": 0},
				"west": {"uv": [0, 0, 3.51, 1.35], "rotation": 90, "texture": "#6", "tintindex": 0},
				"up": {"uv": [0, 0, 3.51, 1.35], "rotation": 90, "texture": "#6", "tintindex": 0},
				"down": {"uv": [0, 5.5, 3.51, 6.85], "rotation": 90, "texture": "#6", "tintindex": 0}
			}
		},
		{
			"from": [7.325, -0.82573, 16.985],
			"to": [8.675, -0.15073, 20.495],
			"rotation": {"angle": 0, "axis": "y", "origin": [8, -0.48823, 19.325]},
			"faces": {
				"north": {"uv": [0, 0, 3.51, 1.35], "rotation": 90, "texture": "#6", "tintindex": 0},
				"east": {"uv": [0, 0, 3.51, 1.35], "rotation": 90, "texture": "#6", "tintindex": 0},
				"south": {"uv": [0, 0, 3.51, 1.35], "rotation": 90, "texture": "#6", "tintindex": 0},
				"west": {"uv": [0, 0, 3.51, 1.35], "rotation": 90, "texture": "#6", "tintindex": 0},
				"up": {"uv": [0, 0, 3.51, 1.35], "rotation": 90, "texture": "#6", "tintindex": 0},
				"down": {"uv": [0, 7, 3.51, 8.35], "rotation": 90, "texture": "#6", "tintindex": 0}
			}
		},
		{
			"from": [8.49446, -0.59311, 16.985],
			"to": [9.84446, 0.08189, 20.495],
			"rotation": {"angle": 22.5, "axis": "z", "origin": [9.16946, -0.25561, 19.325]},
			"faces": {
				"north": {"uv": [0, 0, 3.51, 1.35], "rotation": 90, "texture": "#6", "tintindex": 0},
				"east": {"uv": [0, 0, 3.51, 1.35], "rotation": 90, "texture": "#6", "tintindex": 0},
				"south": {"uv": [0, 0, 3.51, 1.35], "rotation": 90, "texture": "#6", "tintindex": 0},
				"west": {"uv": [0, 0, 3.51, 1.35], "rotation": 90, "texture": "#6", "tintindex": 0},
				"up": {"uv": [0, 0, 3.51, 1.35], "rotation": 90, "texture": "#6", "tintindex": 0},
				"down": {"uv": [0, 8.5, 3.51, 9.85], "rotation": 90, "texture": "#6", "tintindex": 0}
			}
		},
		{
			"from": [9.82339, -0.26816, 16.985],
			"to": [10.49839, 1.08184, 20.495],
			"rotation": {"angle": -45, "axis": "z", "origin": [10.16089, 0.40684, 19.325]},
			"faces": {
				"north": {"uv": [0, 0, 0.675, 1.35], "texture": "#6", "tintindex": 0},
				"east": {"uv": [0, 10, 3.51, 11.35], "texture": "#6", "tintindex": 0},
				"south": {"uv": [0, 0, 0.675, 1.35], "texture": "#6", "tintindex": 0},
				"west": {"uv": [0, 0, 3.51, 1.35], "texture": "#6", "tintindex": 0},
				"up": {"uv": [0, 0, 0.675, 3.51], "texture": "#6", "tintindex": 0},
				"down": {"uv": [0, 0, 0.675, 3.51], "texture": "#6", "tintindex": 0}
			}
		},
		{
			"from": [10.22752, 0.77464, 16.985],
			"to": [10.90252, 2.12464, 20.495],
			"rotation": {"angle": -22.5, "axis": "z", "origin": [10.56502, 0.77464, 19.325]},
			"faces": {
				"north": {"uv": [0, 0, 0.675, 1.35], "texture": "#6", "tintindex": 0},
				"east": {"uv": [0, 11.25, 3.51, 12.6], "texture": "#6", "tintindex": 0},
				"south": {"uv": [0, 0, 0.675, 1.35], "texture": "#6", "tintindex": 0},
				"west": {"uv": [0, 0, 3.51, 1.35], "texture": "#6", "tintindex": 0},
				"up": {"uv": [0, 0, 0.675, 3.51], "texture": "#6", "tintindex": 0},
				"down": {"uv": [0, 0, 0.675, 3.51], "texture": "#6", "tintindex": 0}
			}
		},
		{
			"from": [10.71845, 0.99272, 24.005],
			"to": [11.39345, 5.04272, 27.515],
			"rotation": {"angle": 0, "axis": "y", "origin": [9.59345, -0.80728, 33.95]},
			"faces": {
				"north": {"uv": [0, 0, 0.675, 4.05], "texture": "#6", "tintindex": 0},
				"east": {"uv": [7.75, 11.95, 11.26, 16], "texture": "#6", "tintindex": 0},
				"south": {"uv": [0, 0, 0.675, 4.05], "texture": "#6", "tintindex": 0},
				"west": {"uv": [0, 0, 3.51, 4.05], "texture": "#6", "tintindex": 0},
				"up": {"uv": [0, 0, 0.675, 3.51], "texture": "#6", "tintindex": 0},
				"down": {"uv": [0, 0, 0.675, 3.51], "texture": "#6", "tintindex": 0}
			}
		},
		{
			"from": [4.60655, 0.99272, 24.005],
			"to": [5.28155, 5.04272, 27.515],
			"rotation": {"angle": 0, "axis": "y", "origin": [6.40655, -0.80728, 33.95]},
			"faces": {
				"north": {"uv": [0, 0, 0.675, 4.05], "texture": "#6", "tintindex": 0},
				"east": {"uv": [0, 0, 3.51, 4.05], "texture": "#6", "tintindex": 0},
				"south": {"uv": [0, 0, 0.675, 4.05], "texture": "#6", "tintindex": 0},
				"west": {"uv": [7.75, 0, 11.26, 4.05], "texture": "#6", "tintindex": 0},
				"up": {"uv": [0, 0, 0.675, 3.51], "texture": "#6", "tintindex": 0},
				"down": {"uv": [0, 0, 0.675, 3.51], "texture": "#6", "tintindex": 0}
			}
		},
		{
			"from": [5.09748, -0.12536, 24.005],
			"to": [5.77248, 1.22464, 27.515],
			"rotation": {"angle": 22.5, "axis": "z", "origin": [5.43498, -0.12536, 26.345]},
			"faces": {
				"north": {"uv": [0, 0, 0.675, 1.35], "texture": "#6", "tintindex": 0},
				"east": {"uv": [0, 0, 3.51, 1.35], "texture": "#6", "tintindex": 0},
				"south": {"uv": [0, 0, 0.675, 1.35], "texture": "#6", "tintindex": 0},
				"west": {"uv": [7.75, 4, 11.26, 5.35], "texture": "#6", "tintindex": 0},
				"up": {"uv": [0, 0, 0.675, 3.51], "texture": "#6", "tintindex": 0},
				"down": {"uv": [0, 0, 0.675, 3.51], "texture": "#6", "tintindex": 0}
			}
		},
		{
			"from": [5.50161, -1.16816, 24.005],
			"to": [6.17661, 0.18184, 27.515],
			"rotation": {"angle": 45, "axis": "z", "origin": [5.83911, -0.49316, 26.345]},
			"faces": {
				"north": {"uv": [0, 0, 0.675, 1.35], "texture": "#6", "tintindex": 0},
				"east": {"uv": [0, 0, 3.51, 1.35], "texture": "#6", "tintindex": 0},
				"south": {"uv": [0, 0, 0.675, 1.35], "texture": "#6", "tintindex": 0},
				"west": {"uv": [7.5, 4.75, 11.01, 6.1], "texture": "#6", "tintindex": 0},
				"up": {"uv": [0, 0, 0.675, 3.51], "texture": "#6", "tintindex": 0},
				"down": {"uv": [0, 0, 0.675, 3.51], "texture": "#6", "tintindex": 0}
			}
		},
		{
			"from": [6.15554, -1.49311, 24.005],
			"to": [7.50554, -0.81811, 27.515],
			"rotation": {"angle": -22.5, "axis": "z", "origin": [6.83054, -1.15561, 26.345]},
			"faces": {
				"north": {"uv": [0, 0, 3.51, 1.35], "rotation": 90, "texture": "#6", "tintindex": 0},
				"east": {"uv": [0, 0, 3.51, 1.35], "rotation": 90, "texture": "#6", "tintindex": 0},
				"south": {"uv": [0, 0, 3.51, 1.35], "rotation": 90, "texture": "#6", "tintindex": 0},
				"west": {"uv": [0, 0, 3.51, 1.35], "rotation": 90, "texture": "#6", "tintindex": 0},
				"up": {"uv": [0, 0, 3.51, 1.35], "rotation": 90, "texture": "#6", "tintindex": 0},
				"down": {"uv": [7.75, 7, 11.26, 8.35], "rotation": 90, "texture": "#6", "tintindex": 0}
			}
		},
		{
			"from": [7.325, -1.72573, 24.005],
			"to": [8.675, -1.05073, 27.515],
			"rotation": {"angle": 0, "axis": "y", "origin": [8, -1.38823, 26.345]},
			"faces": {
				"north": {"uv": [0, 0, 3.51, 1.35], "rotation": 90, "texture": "#6", "tintindex": 0},
				"east": {"uv": [0, 0, 3.51, 1.35], "rotation": 90, "texture": "#6", "tintindex": 0},
				"south": {"uv": [0, 0, 3.51, 1.35], "rotation": 90, "texture": "#6", "tintindex": 0},
				"west": {"uv": [0, 0, 3.51, 1.35], "rotation": 90, "texture": "#6", "tintindex": 0},
				"up": {"uv": [0, 0, 3.51, 1.35], "rotation": 90, "texture": "#6", "tintindex": 0},
				"down": {"uv": [8, 8, 11.51, 9.35], "rotation": 90, "texture": "#6", "tintindex": 0}
			}
		},
		{
			"from": [8.49446, -1.49311, 24.005],
			"to": [9.84446, -0.81811, 27.515],
			"rotation": {"angle": 22.5, "axis": "z", "origin": [9.16946, -1.15561, 26.345]},
			"faces": {
				"north": {"uv": [0, 0, 3.51, 1.35], "rotation": 90, "texture": "#6", "tintindex": 0},
				"east": {"uv": [0, 0, 3.51, 1.35], "rotation": 90, "texture": "#6", "tintindex": 0},
				"south": {"uv": [0, 0, 3.51, 1.35], "rotation": 90, "texture": "#6", "tintindex": 0},
				"west": {"uv": [0, 0, 3.51, 1.35], "rotation": 90, "texture": "#6", "tintindex": 0},
				"up": {"uv": [0, 0, 3.51, 1.35], "rotation": 90, "texture": "#6", "tintindex": 0},
				"down": {"uv": [7.75, 9.5, 11.26, 10.85], "rotation": 90, "texture": "#6", "tintindex": 0}
			}
		},
		{
			"from": [9.82339, -1.16816, 24.005],
			"to": [10.49839, 0.18184, 27.515],
			"rotation": {"angle": -45, "axis": "z", "origin": [10.16089, -0.49316, 26.345]},
			"faces": {
				"north": {"uv": [0, 0, 0.675, 1.35], "texture": "#6", "tintindex": 0},
				"east": {"uv": [8.25, 10.25, 11.76, 11.6], "texture": "#6", "tintindex": 0},
				"south": {"uv": [0, 0, 0.675, 1.35], "texture": "#6", "tintindex": 0},
				"west": {"uv": [0, 0, 3.51, 1.35], "texture": "#6", "tintindex": 0},
				"up": {"uv": [0, 0, 0.675, 3.51], "texture": "#6", "tintindex": 0},
				"down": {"uv": [0, 0, 0.675, 3.51], "texture": "#6", "tintindex": 0}
			}
		},
		{
			"from": [10.22752, -0.12536, 24.005],
			"to": [10.90252, 1.22464, 27.515],
			"rotation": {"angle": -22.5, "axis": "z", "origin": [10.56502, -0.12536, 26.345]},
			"faces": {
				"north": {"uv": [0, 0, 0.675, 1.35], "texture": "#6", "tintindex": 0},
				"east": {"uv": [8, 12, 11.51, 13.35], "texture": "#6", "tintindex": 0},
				"south": {"uv": [0, 0, 0.675, 1.35], "texture": "#6", "tintindex": 0},
				"west": {"uv": [0, 0, 3.51, 1.35], "texture": "#6", "tintindex": 0},
				"up": {"uv": [0, 0, 0.675, 3.51], "texture": "#6", "tintindex": 0},
				"down": {"uv": [0, 0, 0.675, 3.51], "texture": "#6", "tintindex": 0}
			}
		},
		{
			"from": [10.71845, 2.34272, 13.475],
			"to": [11.39345, 5.04272, 16.985],
			"rotation": {"angle": 0, "axis": "y", "origin": [9.59345, 0.54272, 23.42]},
			"faces": {
				"north": {"uv": [0.5, 0, 4.5, 2.5], "rotation": 90, "texture": "#0"},
				"east": {"uv": [0.5, 0, 4.5, 2.5], "rotation": 90, "texture": "#0"},
				"south": {"uv": [0.5, 0, 4.5, 2.5], "rotation": 90, "texture": "#0"},
				"west": {"uv": [0.5, 0, 4.5, 2.5], "rotation": 90, "texture": "#0"},
				"up": {"uv": [0.5, 0, 1.5, 2.5], "rotation": 90, "texture": "#0"},
				"down": {"uv": [0.5, 0, 4.5, 2.5], "rotation": 90, "texture": "#0"}
			}
		},
		{
			"from": [4.60655, 2.34272, 13.475],
			"to": [5.28155, 5.04272, 16.985],
			"rotation": {"angle": 0, "axis": "y", "origin": [6.40655, 0.54272, 23.42]},
			"faces": {
				"north": {"uv": [11.5, 0, 13.5, 2.5], "rotation": 270, "texture": "#0"},
				"east": {"uv": [11.5, 0, 13.5, 2.5], "rotation": 270, "texture": "#0"},
				"south": {"uv": [11.5, 0, 13.5, 2.5], "rotation": 270, "texture": "#0"},
				"west": {"uv": [11.5, 0, 13.5, 2.5], "rotation": 270, "texture": "#0"},
				"up": {"uv": [14, 0, 16, 2.5], "rotation": 270, "texture": "#0"},
				"down": {"uv": [11.5, 0, 13.5, 2.5], "rotation": 270, "texture": "#0"}
			}
		},
		{
			"from": [5.09748, 1.22464, 13.475],
			"to": [5.77248, 2.57464, 16.985],
			"rotation": {"angle": 22.5, "axis": "z", "origin": [5.43498, 1.22464, 15.815]},
			"faces": {
				"north": {"uv": [10.5, 0, 11.5, 2.5], "rotation": 270, "texture": "#0"},
				"east": {"uv": [10.5, 0, 11.5, 2.5], "rotation": 270, "texture": "#0"},
				"south": {"uv": [10.5, 0, 11.5, 2.5], "rotation": 270, "texture": "#0"},
				"west": {"uv": [10.5, 0, 11.5, 2.5], "rotation": 270, "texture": "#0"},
				"up": {"uv": [10.5, 0, 11.5, 2.5], "rotation": 270, "texture": "#0"},
				"down": {"uv": [10.5, 0, 11.5, 2.5], "rotation": 270, "texture": "#0"}
			}
		},
		{
			"from": [5.50161, 0.18184, 13.475],
			"to": [6.17661, 1.53184, 16.985],
			"rotation": {"angle": 45, "axis": "z", "origin": [5.83911, 0.85684, 15.815]},
			"faces": {
				"north": {"uv": [9.5, 0, 10.5, 2.5], "rotation": 270, "texture": "#0"},
				"east": {"uv": [9.5, 0, 10.5, 2.5], "rotation": 270, "texture": "#0"},
				"south": {"uv": [9.5, 0, 10.5, 2.5], "rotation": 270, "texture": "#0"},
				"west": {"uv": [9.5, 0, 10.5, 2.5], "rotation": 270, "texture": "#0"},
				"up": {"uv": [9.5, 0, 10.5, 2.5], "rotation": 270, "texture": "#0"},
				"down": {"uv": [9.5, 0, 10.5, 2.5], "rotation": 270, "texture": "#0"}
			}
		},
		{
			"from": [6.15554, -0.14311, 13.475],
			"to": [7.50554, 0.53189, 16.985],
			"rotation": {"angle": -22.5, "axis": "z", "origin": [6.83054, 0.19439, 15.815]},
			"faces": {
				"north": {"uv": [8.5, 0, 9.5, 3.5], "rotation": 180, "texture": "#0"},
				"east": {"uv": [8.5, 0, 9.5, 3.5], "rotation": 180, "texture": "#0"},
				"south": {"uv": [8.5, 0, 9.5, 3.5], "rotation": 180, "texture": "#0"},
				"west": {"uv": [8.5, 0, 9.5, 3.5], "rotation": 180, "texture": "#0"},
				"up": {"uv": [8.5, 0, 9.5, 3.5], "rotation": 180, "texture": "#0"},
				"down": {"uv": [8.5, 0, 9.5, 3.5], "rotation": 180, "texture": "#0"}
			}
		},
		{
			"from": [7.325, -0.37573, 13.475],
			"to": [8.675, 0.29927, 16.985],
			"rotation": {"angle": 0, "axis": "y", "origin": [8, -0.03823, 15.815]},
			"faces": {
				"north": {"uv": [7.5, 0, 8.5, 3.5], "rotation": 180, "texture": "#0"},
				"east": {"uv": [7.5, 0, 8.5, 3.5], "rotation": 180, "texture": "#0"},
				"south": {"uv": [7.5, 0, 8.5, 3.5], "rotation": 180, "texture": "#0"},
				"west": {"uv": [7.5, 0, 8.5, 3.5], "rotation": 180, "texture": "#0"},
				"up": {"uv": [7.5, 0, 8.5, 3.5], "rotation": 180, "texture": "#0"},
				"down": {"uv": [7.5, 0, 8.5, 3.5], "rotation": 180, "texture": "#0"}
			}
		},
		{
			"from": [8.49446, -0.14311, 13.475],
			"to": [9.84446, 0.53189, 16.985],
			"rotation": {"angle": 22.5, "axis": "z", "origin": [9.16946, 0.19439, 15.815]},
			"faces": {
				"north": {"uv": [6.5, 0, 7.5, 3.5], "rotation": 180, "texture": "#0"},
				"east": {"uv": [6.5, 0, 7.5, 3.5], "rotation": 180, "texture": "#0"},
				"south": {"uv": [6.5, 0, 7.5, 3.5], "rotation": 180, "texture": "#0"},
				"west": {"uv": [6.5, 0, 7.5, 3.5], "rotation": 180, "texture": "#0"},
				"up": {"uv": [6.5, 0, 7.5, 3.5], "rotation": 180, "texture": "#0"},
				"down": {"uv": [6.5, 0, 7.5, 3.5], "rotation": 180, "texture": "#0"}
			}
		},
		{
			"from": [9.82339, 0.18184, 13.475],
			"to": [10.49839, 1.53184, 16.985],
			"rotation": {"angle": -45, "axis": "z", "origin": [10.16089, 0.85684, 15.815]},
			"faces": {
				"north": {"uv": [5.5, 0, 6.5, 2.5], "rotation": 270, "texture": "#0"},
				"east": {"uv": [5.5, 0, 6.5, 2.5], "rotation": 270, "texture": "#0"},
				"south": {"uv": [5.5, 0, 6.5, 2.5], "rotation": 270, "texture": "#0"},
				"west": {"uv": [5.5, 0, 6.5, 2.5], "rotation": 270, "texture": "#0"},
				"up": {"uv": [5.5, 0, 6.5, 2.5], "rotation": 270, "texture": "#0"},
				"down": {"uv": [5.5, 0, 6.5, 2.5], "rotation": 270, "texture": "#0"}
			}
		},
		{
			"from": [10.22752, 1.22464, 13.475],
			"to": [10.90252, 2.57464, 16.985],
			"rotation": {"angle": -22.5, "axis": "z", "origin": [10.56502, 1.22464, 15.815]},
			"faces": {
				"north": {"uv": [4.5, 0, 5.5, 2.5], "rotation": 270, "texture": "#0"},
				"east": {"uv": [4.5, 0, 5.5, 2.5], "rotation": 270, "texture": "#0"},
				"south": {"uv": [4.5, 0, 5.5, 2.5], "rotation": 270, "texture": "#0"},
				"west": {"uv": [4.5, 0, 5.5, 2.5], "rotation": 270, "texture": "#0"},
				"up": {"uv": [4.5, 0, 5.5, 2.5], "rotation": 270, "texture": "#0"},
				"down": {"uv": [4.5, 0, 5.5, 2.5], "rotation": 270, "texture": "#0"}
			}
		},
		{
			"from": [10.71845, 0.39272, 27.475],
			"to": [11.39345, 5.09272, 30.985],
			"rotation": {"angle": 0, "axis": "y", "origin": [9.59345, -1.40728, 37.42]},
			"faces": {
				"north": {"uv": [0.5, 0, 4.5, 2.5], "rotation": 90, "texture": "#0"},
				"east": {"uv": [0.5, 0, 4.5, 2.5], "rotation": 90, "texture": "#0"},
				"south": {"uv": [0.5, 0, 4.5, 2.5], "rotation": 90, "texture": "#0"},
				"west": {"uv": [0.5, 0, 4.5, 2.5], "rotation": 90, "texture": "#0"},
				"up": {"uv": [0.5, 0, 1.5, 2.5], "rotation": 90, "texture": "#0"},
				"down": {"uv": [0.5, 0, 4.5, 2.5], "rotation": 90, "texture": "#0"}
			}
		},
		{
			"from": [4.60655, 0.39272, 27.475],
			"to": [5.28155, 5.09272, 30.985],
			"rotation": {"angle": 0, "axis": "y", "origin": [6.40655, -1.40728, 37.42]},
			"faces": {
				"north": {"uv": [11.5, 0, 13.5, 2.5], "rotation": 270, "texture": "#0"},
				"east": {"uv": [11.5, 0, 13.5, 2.5], "rotation": 270, "texture": "#0"},
				"south": {"uv": [11.5, 0, 13.5, 2.5], "rotation": 270, "texture": "#0"},
				"west": {"uv": [11.5, 0, 13.5, 2.5], "rotation": 270, "texture": "#0"},
				"up": {"uv": [14, 0, 16, 2.5], "rotation": 270, "texture": "#0"},
				"down": {"uv": [11.5, 0, 13.5, 2.5], "rotation": 270, "texture": "#0"}
			}
		},
		{
			"from": [5.09748, -0.72536, 27.475],
			"to": [5.77248, 0.62464, 30.985],
			"rotation": {"angle": 22.5, "axis": "z", "origin": [5.43498, -0.72536, 29.815]},
			"faces": {
				"north": {"uv": [10.5, 0, 11.5, 2.5], "rotation": 270, "texture": "#0"},
				"east": {"uv": [10.5, 0, 11.5, 2.5], "rotation": 270, "texture": "#0"},
				"south": {"uv": [10.5, 0, 11.5, 2.5], "rotation": 270, "texture": "#0"},
				"west": {"uv": [10.5, 0, 11.5, 2.5], "rotation": 270, "texture": "#0"},
				"up": {"uv": [10.5, 0, 11.5, 2.5], "rotation": 270, "texture": "#0"},
				"down": {"uv": [10.5, 0, 11.5, 2.5], "rotation": 270, "texture": "#0"}
			}
		},
		{
			"from": [5.50161, -1.76816, 27.475],
			"to": [6.17661, -0.41816, 30.985],
			"rotation": {"angle": 45, "axis": "z", "origin": [5.83911, -1.09316, 29.815]},
			"faces": {
				"north": {"uv": [9.5, 0, 10.5, 2.5], "rotation": 270, "texture": "#0"},
				"east": {"uv": [9.5, 0, 10.5, 2.5], "rotation": 270, "texture": "#0"},
				"south": {"uv": [9.5, 0, 10.5, 2.5], "rotation": 270, "texture": "#0"},
				"west": {"uv": [9.5, 0, 10.5, 2.5], "rotation": 270, "texture": "#0"},
				"up": {"uv": [9.5, 0, 10.5, 2.5], "rotation": 270, "texture": "#0"},
				"down": {"uv": [9.5, 0, 10.5, 2.5], "rotation": 270, "texture": "#0"}
			}
		},
		{
			"from": [6.15554, -2.09311, 27.475],
			"to": [7.50554, -1.41811, 30.985],
			"rotation": {"angle": -22.5, "axis": "z", "origin": [6.83054, -1.75561, 29.815]},
			"faces": {
				"north": {"uv": [8.5, 0, 9.5, 3.5], "rotation": 180, "texture": "#0"},
				"east": {"uv": [8.5, 0, 9.5, 3.5], "rotation": 180, "texture": "#0"},
				"south": {"uv": [8.5, 0, 9.5, 3.5], "rotation": 180, "texture": "#0"},
				"west": {"uv": [8.5, 0, 9.5, 3.5], "rotation": 180, "texture": "#0"},
				"up": {"uv": [8.5, 0, 9.5, 3.5], "rotation": 180, "texture": "#0"},
				"down": {"uv": [8.5, 0, 9.5, 3.5], "rotation": 180, "texture": "#0"}
			}
		},
		{
			"from": [7.325, -2.32573, 27.475],
			"to": [8.675, -1.65073, 30.985],
			"rotation": {"angle": 0, "axis": "y", "origin": [8, -1.98823, 29.815]},
			"faces": {
				"north": {"uv": [7.5, 0, 8.5, 3.5], "rotation": 180, "texture": "#0"},
				"east": {"uv": [7.5, 0, 8.5, 3.5], "rotation": 180, "texture": "#0"},
				"south": {"uv": [7.5, 0, 8.5, 3.5], "rotation": 180, "texture": "#0"},
				"west": {"uv": [7.5, 0, 8.5, 3.5], "rotation": 180, "texture": "#0"},
				"up": {"uv": [7.5, 0, 8.5, 3.5], "rotation": 180, "texture": "#0"},
				"down": {"uv": [7.5, 0, 8.5, 3.5], "rotation": 180, "texture": "#0"}
			}
		},
		{
			"from": [8.49446, -2.09311, 27.475],
			"to": [9.84446, -1.41811, 30.985],
			"rotation": {"angle": 22.5, "axis": "z", "origin": [9.16946, -1.75561, 29.815]},
			"faces": {
				"north": {"uv": [6.5, 0, 7.5, 3.5], "rotation": 180, "texture": "#0"},
				"east": {"uv": [6.5, 0, 7.5, 3.5], "rotation": 180, "texture": "#0"},
				"south": {"uv": [6.5, 0, 7.5, 3.5], "rotation": 180, "texture": "#0"},
				"west": {"uv": [6.5, 0, 7.5, 3.5], "rotation": 180, "texture": "#0"},
				"up": {"uv": [6.5, 0, 7.5, 3.5], "rotation": 180, "texture": "#0"},
				"down": {"uv": [6.5, 0, 7.5, 3.5], "rotation": 180, "texture": "#0"}
			}
		},
		{
			"from": [9.82339, -1.76816, 27.475],
			"to": [10.49839, -0.41816, 30.985],
			"rotation": {"angle": -45, "axis": "z", "origin": [10.16089, -1.09316, 29.815]},
			"faces": {
				"north": {"uv": [5.5, 0, 6.5, 2.5], "rotation": 270, "texture": "#0"},
				"east": {"uv": [5.5, 0, 6.5, 2.5], "rotation": 270, "texture": "#0"},
				"south": {"uv": [5.5, 0, 6.5, 2.5], "rotation": 270, "texture": "#0"},
				"west": {"uv": [5.5, 0, 6.5, 2.5], "rotation": 270, "texture": "#0"},
				"up": {"uv": [5.5, 0, 6.5, 2.5], "rotation": 270, "texture": "#0"},
				"down": {"uv": [5.5, 0, 6.5, 2.5], "rotation": 270, "texture": "#0"}
			}
		},
		{
			"from": [10.22752, -0.72536, 27.475],
			"to": [10.90252, 0.62464, 30.985],
			"rotation": {"angle": -22.5, "axis": "z", "origin": [10.56502, -0.72536, 29.815]},
			"faces": {
				"north": {"uv": [4.5, 0, 5.5, 2.5], "rotation": 270, "texture": "#0"},
				"east": {"uv": [4.5, 0, 5.5, 2.5], "rotation": 270, "texture": "#0"},
				"south": {"uv": [4.5, 0, 5.5, 2.5], "rotation": 270, "texture": "#0"},
				"west": {"uv": [4.5, 0, 5.5, 2.5], "rotation": 270, "texture": "#0"},
				"up": {"uv": [4.5, 0, 5.5, 2.5], "rotation": 270, "texture": "#0"},
				"down": {"uv": [4.5, 0, 5.5, 2.5], "rotation": 270, "texture": "#0"}
			}
		},
		{
			"from": [5.26845, 3.89272, 13.525],
			"to": [10.66845, 4.99272, 16.935],
			"rotation": {"angle": 0, "axis": "y", "origin": [9.59345, 0.54272, 23.42]},
			"faces": {
				"north": {"uv": [0, 0, 5.5, 3.51], "rotation": 180, "texture": "#0"},
				"east": {"uv": [0, 0, 5.5, 3.51], "texture": "#0"},
				"south": {"uv": [0, 0, 5.5, 3.51], "texture": "#0"},
				"west": {"uv": [0, 0, 5.5, 3.51], "texture": "#0"},
				"up": {"uv": [0, 0, 5.5, 3.51], "texture": "#0"},
				"down": {"uv": [0, 0, 5.5, 3.51], "texture": "#0"}
			}
		},
		{
			"from": [9.76, 18.6156, 20.87375],
			"to": [10.64, 22.1356, 31.92375],
			"rotation": {"angle": 0, "axis": "y", "origin": [8.88, 19.4956, 33.63375]},
			"faces": {
				"north": {"uv": [12, 0, 16, 16], "rotation": 90, "texture": "#0"},
				"east": {"uv": [12, 0, 16, 16], "rotation": 90, "texture": "#0"},
				"south": {"uv": [12, 0, 16, 16], "rotation": 90, "texture": "#0"},
				"west": {"uv": [12, 0, 16, 16], "rotation": 90, "texture": "#0"},
				"up": {"uv": [12, 0, 16, 16], "rotation": 90, "texture": "#0"},
				"down": {"uv": [15, 0, 16, 16], "rotation": 90, "texture": "#0"}
			}
		},
		{
			"from": [9.62511, 21.93373, 20.87375],
			"to": [10.50511, 22.81373, 31.92375],
			"rotation": {"angle": 22.5, "axis": "z", "origin": [10.06511, 22.37373, 27.91375]},
			"faces": {
				"north": {"uv": [11, 0, 12, 16], "rotation": 90, "texture": "#0"},
				"east": {"uv": [11, 0, 12, 16], "rotation": 90, "texture": "#0"},
				"south": {"uv": [11, 0, 12, 16], "rotation": 90, "texture": "#0"},
				"west": {"uv": [11, 0, 12, 16], "rotation": 90, "texture": "#0"},
				"up": {"uv": [11, 0, 12, 16], "rotation": 90, "texture": "#0"},
				"down": {"uv": [11, 0, 12, 16], "rotation": 90, "texture": "#0"}
			}
		},
		{
			"from": [9.24098, 22.50862, 20.87375],
			"to": [10.12098, 23.38862, 31.92375],
			"rotation": {"angle": 45, "axis": "z", "origin": [9.68098, 22.94862, 27.91375]},
			"faces": {
				"north": {"uv": [10, 0, 11, 16], "rotation": 90, "texture": "#0"},
				"east": {"uv": [10, 0, 11, 16], "rotation": 90, "texture": "#0"},
				"south": {"uv": [10, 0, 11, 16], "rotation": 90, "texture": "#0"},
				"west": {"uv": [10, 0, 11, 16], "rotation": 90, "texture": "#0"},
				"up": {"uv": [10, 0, 11, 16], "rotation": 90, "texture": "#0"},
				"down": {"uv": [10, 0, 11, 16], "rotation": 90, "texture": "#0"}
			}
		},
		{
			"from": [8.6661, 22.89275, 20.87375],
			"to": [9.5461, 23.77275, 31.92375],
			"rotation": {"angle": -22.5, "axis": "z", "origin": [9.1061, 23.33275, 27.91375]},
			"faces": {
				"north": {"uv": [9, 0, 10, 16], "rotation": 90, "texture": "#0"},
				"east": {"uv": [9, 0, 10, 16], "rotation": 90, "texture": "#0"},
				"south": {"uv": [9, 0, 10, 16], "rotation": 90, "texture": "#0"},
				"west": {"uv": [9, 0, 10, 16], "rotation": 90, "texture": "#0"},
				"up": {"uv": [9, 0, 10, 16], "texture": "#0"},
				"down": {"uv": [9, 0, 10, 16], "rotation": 90, "texture": "#0"}
			}
		},
		{
			"from": [5.36, 18.6156, 20.87375],
			"to": [6.24, 22.1356, 31.92375],
			"rotation": {"angle": 0, "axis": "y", "origin": [7.12, 19.4956, 33.63375]},
			"faces": {
				"north": {"uv": [0, 0, 4, 16], "rotation": 270, "texture": "#0"},
				"east": {"uv": [0, 0, 4, 16], "rotation": 270, "texture": "#0"},
				"south": {"uv": [0, 0, 4, 16], "rotation": 270, "texture": "#0"},
				"west": {"uv": [0, 0, 4, 16], "rotation": 270, "texture": "#0"},
				"up": {"uv": [0, 0, 4, 16], "rotation": 270, "texture": "#0"},
				"down": {"uv": [0, 0, 1, 16], "rotation": 270, "texture": "#0"}
			}
		},
		{
			"from": [5.87902, 22.50862, 20.87375],
			"to": [6.75902, 23.38862, 31.92375],
			"rotation": {"angle": -45, "axis": "z", "origin": [6.31902, 22.94862, 27.91375]},
			"faces": {
				"north": {"uv": [5, 0, 6, 16], "rotation": 270, "texture": "#0"},
				"east": {"uv": [5, 0, 6, 16], "rotation": 270, "texture": "#0"},
				"south": {"uv": [5, 0, 6, 16], "rotation": 270, "texture": "#0"},
				"west": {"uv": [5, 0, 6, 16], "rotation": 270, "texture": "#0"},
				"up": {"uv": [5, 0, 6, 16], "rotation": 270, "texture": "#0"},
				"down": {"uv": [5, 0, 6, 16], "rotation": 270, "texture": "#0"}
			}
		},
		{
			"from": [5.49489, 21.93373, 20.87375],
			"to": [6.37489, 22.81373, 31.92375],
			"rotation": {"angle": -22.5, "axis": "z", "origin": [5.93489, 22.37373, 27.91375]},
			"faces": {
				"north": {"uv": [4, 0, 5, 16], "rotation": 270, "texture": "#0"},
				"east": {"uv": [4, 0, 5, 16], "rotation": 270, "texture": "#0"},
				"south": {"uv": [4, 0, 5, 16], "rotation": 270, "texture": "#0"},
				"west": {"uv": [4, 0, 5, 16], "rotation": 270, "texture": "#0"},
				"up": {"uv": [4, 0, 5, 16], "rotation": 270, "texture": "#0"},
				"down": {"uv": [4, 0, 5, 16], "rotation": 270, "texture": "#0"}
			}
		},
		{
			"from": [6.4539, 22.89275, 20.87375],
			"to": [7.3339, 23.77275, 31.92375],
			"rotation": {"angle": 22.5, "axis": "z", "origin": [6.8939, 23.33275, 27.91375]},
			"faces": {
				"north": {"uv": [6, 0, 7, 16], "texture": "#0"},
				"east": {"uv": [6, 0, 7, 16], "texture": "#0"},
				"south": {"uv": [6, 0, 7, 16], "texture": "#0"},
				"west": {"uv": [6, 0, 7, 16], "texture": "#0"},
				"up": {"uv": [6, 0, 7, 16], "texture": "#0"},
				"down": {"uv": [6, 0, 7, 16], "texture": "#0"}
			}
		},
		{
			"from": [7.10797, 23.02763, 20.87375],
			"to": [8.86797, 23.90763, 31.92375],
			"rotation": {"angle": 0, "axis": "y", "origin": [8.42797, 23.46763, 27.91375]},
			"faces": {
				"north": {"uv": [9, 0, 10, 16], "texture": "#0"},
				"east": {"uv": [9, 0, 10, 16], "texture": "#0"},
				"south": {"uv": [9, 0, 10, 16], "texture": "#0"},
				"west": {"uv": [9, 0, 10, 16], "texture": "#0"},
				"up": {"uv": [7, 0, 9, 16], "texture": "#0"},
				"down": {"uv": [9, 0, 10, 16], "texture": "#0"}
			}
		},
		{
			"from": [10.19638, 18.19591, 29.09575],
			"to": [11.29456, 22.48866, 29.95175],
			"rotation": {"angle": 0, "axis": "y", "origin": [9.09819, 19.1941, 42.74895]},
			"faces": {
				"north": {"uv": [0, 0, 12, 4], "rotation": 180, "texture": "#0"},
				"east": {"uv": [0, 0, 12, 4], "texture": "#0"},
				"south": {"uv": [0, 0, 12, 4], "texture": "#0"},
				"west": {"uv": [0, 0, 12, 4], "texture": "#0"},
				"up": {"uv": [0, 0, 12, 4], "texture": "#0"},
				"down": {"uv": [0, 0, 12, 4], "texture": "#0"}
			}
		},
		{
			"from": [10.02804, 22.23673, 29.09575],
			"to": [11.12623, 23.33492, 29.95175],
			"rotation": {"angle": 22.5, "axis": "z", "origin": [10.57714, 22.78583, 36.62855]},
			"faces": {
				"north": {"uv": [0, 0, 12, 4], "rotation": 180, "texture": "#0"},
				"east": {"uv": [0, 0, 12, 4], "texture": "#0"},
				"south": {"uv": [0, 0, 12, 4], "texture": "#0"},
				"west": {"uv": [0, 0, 12, 4], "texture": "#0"},
				"up": {"uv": [0, 0, 12, 4], "texture": "#0"},
				"down": {"uv": [0, 0, 12, 4], "texture": "#0"}
			}
		},
		{
			"from": [9.54868, 22.95416, 29.09575],
			"to": [10.64686, 24.05235, 29.95175],
			"rotation": {"angle": 45, "axis": "z", "origin": [10.09777, 23.50325, 36.62855]},
			"faces": {
				"north": {"uv": [0, 0, 12, 4], "rotation": 180, "texture": "#0"},
				"east": {"uv": [0, 0, 12, 4], "texture": "#0"},
				"south": {"uv": [0, 0, 12, 4], "texture": "#0"},
				"west": {"uv": [0, 0, 12, 4], "texture": "#0"},
				"up": {"uv": [0, 0, 12, 4], "texture": "#0"},
				"down": {"uv": [0, 0, 12, 4], "texture": "#0"}
			}
		},
		{
			"from": [8.83125, 23.43353, 29.09575],
			"to": [9.92944, 24.53172, 29.95175],
			"rotation": {"angle": -22.5, "axis": "z", "origin": [9.38034, 23.98262, 36.62855]},
			"faces": {
				"north": {"uv": [0, 0, 12, 4.5], "rotation": 270, "texture": "#0"},
				"east": {"uv": [0, 0, 12, 4.5], "rotation": 270, "texture": "#0"},
				"south": {"uv": [0, 0, 12, 4.5], "rotation": 270, "texture": "#0"},
				"west": {"uv": [0, 0, 12, 4.5], "rotation": 270, "texture": "#0"},
				"up": {"uv": [0, 0, 12, 4.5], "rotation": 270, "texture": "#0"},
				"down": {"uv": [0, 0, 12, 4.5], "rotation": 270, "texture": "#0"}
			}
		},
		{
			"from": [4.70544, 18.19591, 29.09575],
			"to": [5.80362, 22.48866, 29.95175],
			"rotation": {"angle": 0, "axis": "y", "origin": [6.90181, 19.1941, 42.74895]},
			"faces": {
				"north": {"uv": [0, 0, 12, 4], "texture": "#0"},
				"east": {"uv": [0, 0, 12, 4], "rotation": 180, "texture": "#0"},
				"south": {"uv": [0, 0, 12, 4], "rotation": 180, "texture": "#0"},
				"west": {"uv": [0, 0, 12, 4], "rotation": 180, "texture": "#0"},
				"up": {"uv": [0, 0, 12, 4], "rotation": 180, "texture": "#0"},
				"down": {"uv": [0, 0, 12, 4], "rotation": 180, "texture": "#0"}
			}
		},
		{
			"from": [5.35314, 22.95416, 29.09575],
			"to": [6.45132, 24.05235, 29.95175],
			"rotation": {"angle": -45, "axis": "z", "origin": [5.90223, 23.50325, 36.62855]},
			"faces": {
				"north": {"uv": [0, 0, 12, 4], "texture": "#0"},
				"east": {"uv": [0, 0, 12, 4], "rotation": 180, "texture": "#0"},
				"south": {"uv": [0, 0, 12, 4], "rotation": 180, "texture": "#0"},
				"west": {"uv": [0, 0, 12, 4], "rotation": 180, "texture": "#0"},
				"up": {"uv": [0, 0, 12, 4], "rotation": 180, "texture": "#0"},
				"down": {"uv": [0, 0, 12, 4], "rotation": 180, "texture": "#0"}
			}
		},
		{
			"from": [4.87377, 22.23673, 29.09575],
			"to": [5.97196, 23.33492, 29.95175],
			"rotation": {"angle": -22.5, "axis": "z", "origin": [5.42286, 22.78583, 36.62855]},
			"faces": {
				"north": {"uv": [0, 0, 12, 4], "texture": "#0"},
				"east": {"uv": [0, 0, 12, 4], "rotation": 180, "texture": "#0"},
				"south": {"uv": [0, 0, 12, 4], "rotation": 180, "texture": "#0"},
				"west": {"uv": [0, 0, 12, 4], "rotation": 180, "texture": "#0"},
				"up": {"uv": [0, 0, 12, 4], "rotation": 180, "texture": "#0"},
				"down": {"uv": [0, 0, 12, 4], "rotation": 180, "texture": "#0"}
			}
		},
		{
			"from": [6.07056, 23.43353, 29.09575],
			"to": [7.16875, 24.53172, 29.95175],
			"rotation": {"angle": 22.5, "axis": "z", "origin": [6.61966, 23.98262, 36.62855]},
			"faces": {
				"north": {"uv": [0, 0, 12, 4.5], "rotation": 270, "texture": "#0"},
				"east": {"uv": [0, 0, 12, 4.5], "rotation": 270, "texture": "#0"},
				"south": {"uv": [0, 0, 12, 4.5], "rotation": 270, "texture": "#0"},
				"west": {"uv": [0, 0, 12, 4.5], "rotation": 270, "texture": "#0"},
				"up": {"uv": [0, 0, 12, 4.5], "rotation": 270, "texture": "#0"},
				"down": {"uv": [0, 0, 12, 4.5], "rotation": 270, "texture": "#0"}
			}
		},
		{
			"from": [6.8868, 23.60186, 29.09575],
			"to": [9.08318, 24.70005, 29.95175],
			"rotation": {"angle": 0, "axis": "y", "origin": [8.53408, 24.15095, 36.62855]},
			"faces": {
				"north": {"uv": [0, 0, 12, 4.5], "rotation": 270, "texture": "#0"},
				"east": {"uv": [0, 0, 12, 4.5], "rotation": 270, "texture": "#0"},
				"south": {"uv": [0, 0, 12, 4.5], "rotation": 270, "texture": "#0"},
				"west": {"uv": [0, 0, 12, 4.5], "rotation": 270, "texture": "#0"},
				"up": {"uv": [0, 0, 12, 4.5], "rotation": 270, "texture": "#0"},
				"down": {"uv": [0, 0, 12, 4.5], "rotation": 270, "texture": "#0"}
			}
		},
		{
			"from": [10.19638, 18.19591, 20.09575],
			"to": [11.29456, 22.48866, 20.95175],
			"rotation": {"angle": 0, "axis": "y", "origin": [9.09819, 19.1941, 33.74895]},
			"faces": {
				"north": {"uv": [0, 0, 12, 4], "rotation": 180, "texture": "#0"},
				"east": {"uv": [0, 0, 12, 4], "texture": "#0"},
				"south": {"uv": [0, 0, 12, 4], "texture": "#0"},
				"west": {"uv": [0, 0, 12, 4], "texture": "#0"},
				"up": {"uv": [0, 0, 12, 4], "texture": "#0"},
				"down": {"uv": [0, 0, 12, 4], "texture": "#0"}
			}
		},
		{
			"from": [10.02804, 22.23673, 20.09575],
			"to": [11.12623, 23.33492, 20.95175],
			"rotation": {"angle": 22.5, "axis": "z", "origin": [10.57714, 22.78583, 27.62855]},
			"faces": {
				"north": {"uv": [0, 0, 12, 4], "rotation": 180, "texture": "#0"},
				"east": {"uv": [0, 0, 12, 4], "texture": "#0"},
				"south": {"uv": [0, 0, 12, 4], "texture": "#0"},
				"west": {"uv": [0, 0, 12, 4], "texture": "#0"},
				"up": {"uv": [0, 0, 12, 4], "texture": "#0"},
				"down": {"uv": [0, 0, 12, 4], "texture": "#0"}
			}
		},
		{
			"from": [9.54868, 22.95416, 20.09575],
			"to": [10.64686, 24.05235, 20.95175],
			"rotation": {"angle": 45, "axis": "z", "origin": [10.09777, 23.50325, 27.62855]},
			"faces": {
				"north": {"uv": [0, 0, 12, 4], "rotation": 180, "texture": "#0"},
				"east": {"uv": [0, 0, 12, 4], "texture": "#0"},
				"south": {"uv": [0, 0, 12, 4], "texture": "#0"},
				"west": {"uv": [0, 0, 12, 4], "texture": "#0"},
				"up": {"uv": [0, 0, 12, 4], "texture": "#0"},
				"down": {"uv": [0, 0, 12, 4], "texture": "#0"}
			}
		},
		{
			"from": [8.83125, 23.43353, 20.09575],
			"to": [9.92944, 24.53172, 20.95175],
			"rotation": {"angle": -22.5, "axis": "z", "origin": [9.38034, 23.98262, 27.62855]},
			"faces": {
				"north": {"uv": [0, 0, 12, 4.5], "rotation": 270, "texture": "#0"},
				"east": {"uv": [0, 0, 12, 4.5], "rotation": 270, "texture": "#0"},
				"south": {"uv": [0, 0, 12, 4.5], "rotation": 270, "texture": "#0"},
				"west": {"uv": [0, 0, 12, 4.5], "rotation": 270, "texture": "#0"},
				"up": {"uv": [0, 0, 12, 4.5], "rotation": 270, "texture": "#0"},
				"down": {"uv": [0, 0, 12, 4.5], "rotation": 270, "texture": "#0"}
			}
		},
		{
			"from": [4.70544, 18.19591, 20.09575],
			"to": [5.80362, 22.48866, 20.95175],
			"rotation": {"angle": 0, "axis": "y", "origin": [6.90181, 19.1941, 33.74895]},
			"faces": {
				"north": {"uv": [0, 0, 12, 4], "texture": "#0"},
				"east": {"uv": [0, 0, 12, 4], "rotation": 180, "texture": "#0"},
				"south": {"uv": [0, 0, 12, 4], "rotation": 180, "texture": "#0"},
				"west": {"uv": [0, 0, 12, 4], "rotation": 180, "texture": "#0"},
				"up": {"uv": [0, 0, 12, 4], "rotation": 180, "texture": "#0"},
				"down": {"uv": [0, 0, 12, 4], "rotation": 180, "texture": "#0"}
			}
		},
		{
			"from": [5.35314, 22.95416, 20.09575],
			"to": [6.45132, 24.05235, 20.95175],
			"rotation": {"angle": -45, "axis": "z", "origin": [5.90223, 23.50325, 27.62855]},
			"faces": {
				"north": {"uv": [0, 0, 12, 4], "texture": "#0"},
				"east": {"uv": [0, 0, 12, 4], "rotation": 180, "texture": "#0"},
				"south": {"uv": [0, 0, 12, 4], "rotation": 180, "texture": "#0"},
				"west": {"uv": [0, 0, 12, 4], "rotation": 180, "texture": "#0"},
				"up": {"uv": [0, 0, 12, 4], "rotation": 180, "texture": "#0"},
				"down": {"uv": [0, 0, 12, 4], "rotation": 180, "texture": "#0"}
			}
		},
		{
			"from": [4.87377, 22.23673, 20.09575],
			"to": [5.97196, 23.33492, 20.95175],
			"rotation": {"angle": -22.5, "axis": "z", "origin": [5.42286, 22.78583, 27.62855]},
			"faces": {
				"north": {"uv": [0, 0, 12, 4], "texture": "#0"},
				"east": {"uv": [0, 0, 12, 4], "rotation": 180, "texture": "#0"},
				"south": {"uv": [0, 0, 12, 4], "rotation": 180, "texture": "#0"},
				"west": {"uv": [0, 0, 12, 4], "rotation": 180, "texture": "#0"},
				"up": {"uv": [0, 0, 12, 4], "rotation": 180, "texture": "#0"},
				"down": {"uv": [0, 0, 12, 4], "rotation": 180, "texture": "#0"}
			}
		},
		{
			"from": [6.07056, 23.43353, 20.09575],
			"to": [7.16875, 24.53172, 20.95175],
			"rotation": {"angle": 22.5, "axis": "z", "origin": [6.61966, 23.98262, 27.62855]},
			"faces": {
				"north": {"uv": [0, 0, 12, 4.5], "rotation": 270, "texture": "#0"},
				"east": {"uv": [0, 0, 12, 4.5], "rotation": 270, "texture": "#0"},
				"south": {"uv": [0, 0, 12, 4.5], "rotation": 270, "texture": "#0"},
				"west": {"uv": [0, 0, 12, 4.5], "rotation": 270, "texture": "#0"},
				"up": {"uv": [0, 0, 12, 4.5], "rotation": 270, "texture": "#0"},
				"down": {"uv": [0, 0, 12, 4.5], "rotation": 270, "texture": "#0"}
			}
		},
		{
			"from": [6.8868, 23.60186, 20.09575],
			"to": [9.08318, 24.70005, 20.95175],
			"rotation": {"angle": 0, "axis": "y", "origin": [8.53408, 24.15095, 27.62855]},
			"faces": {
				"north": {"uv": [0, 0, 12, 4.5], "rotation": 270, "texture": "#0"},
				"east": {"uv": [0, 0, 12, 4.5], "rotation": 270, "texture": "#0"},
				"south": {"uv": [0, 0, 12, 4.5], "rotation": 270, "texture": "#0"},
				"west": {"uv": [0, 0, 12, 4.5], "rotation": 270, "texture": "#0"},
				"up": {"uv": [0, 0, 12, 4.5], "rotation": 270, "texture": "#0"},
				"down": {"uv": [0, 0, 12, 4.5], "rotation": 270, "texture": "#0"}
			}
		},
		{
			"from": [9.95477, 19.14149, 15.14283],
			"to": [10.93216, 21.96204, 15.90467],
			"rotation": {"angle": 0, "axis": "y", "origin": [8.97739, 19.02987, 27.29418]},
			"faces": {
				"north": {"uv": [0, 0, 12, 4], "rotation": 180, "texture": "#0"},
				"east": {"uv": [0, 0, 12, 4], "texture": "#0"},
				"south": {"uv": [0, 0, 12, 4], "texture": "#0"},
				"west": {"uv": [0, 0, 12, 4], "texture": "#0"},
				"up": {"uv": [0, 0, 12, 4], "texture": "#0"},
				"down": {"uv": [0, 0, 12, 4], "texture": "#0"}
			}
		},
		{
			"from": [9.80496, 21.73782, 15.14283],
			"to": [10.78235, 22.71521, 15.90467],
			"rotation": {"angle": 22.5, "axis": "z", "origin": [10.29365, 22.22651, 21.84702]},
			"faces": {
				"north": {"uv": [0, 0, 12, 4], "rotation": 180, "texture": "#0"},
				"east": {"uv": [0, 0, 12, 4], "texture": "#0"},
				"south": {"uv": [0, 0, 12, 4], "texture": "#0"},
				"west": {"uv": [0, 0, 12, 4], "texture": "#0"},
				"up": {"uv": [0, 0, 12, 4], "texture": "#0"},
				"down": {"uv": [0, 0, 12, 4], "texture": "#0"}
			}
		},
		{
			"from": [9.37832, 22.37633, 15.14283],
			"to": [10.35571, 23.35372, 15.90467],
			"rotation": {"angle": 45, "axis": "z", "origin": [9.86701, 22.86502, 21.84702]},
			"faces": {
				"north": {"uv": [0, 0, 12, 4], "rotation": 180, "texture": "#0"},
				"east": {"uv": [0, 0, 12, 4], "texture": "#0"},
				"south": {"uv": [0, 0, 12, 4], "texture": "#0"},
				"west": {"uv": [0, 0, 12, 4], "texture": "#0"},
				"up": {"uv": [0, 0, 12, 4], "texture": "#0"},
				"down": {"uv": [0, 0, 12, 4], "texture": "#0"}
			}
		},
		{
			"from": [8.73981, 22.80297, 15.14283],
			"to": [9.7172, 23.78036, 15.90467],
			"rotation": {"angle": -22.5, "axis": "z", "origin": [9.22851, 23.29166, 21.84702]},
			"faces": {
				"north": {"uv": [0, 0, 12, 4.5], "rotation": 270, "texture": "#0"},
				"east": {"uv": [0, 0, 12, 4.5], "rotation": 270, "texture": "#0"},
				"south": {"uv": [0, 0, 12, 4.5], "rotation": 270, "texture": "#0"},
				"west": {"uv": [0, 0, 12, 4.5], "rotation": 270, "texture": "#0"},
				"up": {"uv": [0, 0, 12, 4.5], "rotation": 270, "texture": "#0"},
				"down": {"uv": [0, 0, 12, 4.5], "rotation": 270, "texture": "#0"}
			}
		},
		{
			"from": [5.06784, 19.14149, 15.14283],
			"to": [6.04523, 21.96204, 15.90467],
			"rotation": {"angle": 0, "axis": "y", "origin": [7.02261, 19.02987, 27.29418]},
			"faces": {
				"north": {"uv": [0, 0, 12, 4], "texture": "#0"},
				"east": {"uv": [0, 0, 12, 4], "rotation": 180, "texture": "#0"},
				"south": {"uv": [0, 0, 12, 4], "rotation": 180, "texture": "#0"},
				"west": {"uv": [0, 0, 12, 4], "rotation": 180, "texture": "#0"},
				"up": {"uv": [0, 0, 12, 4], "rotation": 180, "texture": "#0"},
				"down": {"uv": [0, 0, 12, 4], "rotation": 180, "texture": "#0"}
			}
		},
		{
			"from": [5.06784, 18.42084, 15.86347],
			"to": [6.04523, 19.18268, 19.93402],
			"rotation": {"angle": 0, "axis": "y", "origin": [5.55653, 18.80176, 18.52375]},
			"faces": {
				"north": {"uv": [0, 0, 12, 4], "texture": "#0"},
				"east": {"uv": [0, 0, 12, 4], "rotation": 270, "texture": "#0"},
				"south": {"uv": [0, 0, 12, 4], "rotation": 180, "texture": "#0"},
				"west": {"uv": [0, 0, 12, 4], "rotation": 90, "texture": "#0"},
				"up": {"uv": [0, 0, 12, 4], "rotation": 180, "texture": "#0"},
				"down": {"uv": [0, 0, 12, 4], "rotation": 180, "texture": "#0"}
			}
		},
		{
			"from": [5.06884, 17.62811, 14.88071],
			"to": [6.04423, 18.38795, 15.84926],
			"rotation": {"angle": 45, "axis": "x", "origin": [5.55653, 18.00803, 16.81499]},
			"faces": {
				"north": {"uv": [0, 0, 12, 4], "texture": "#0"},
				"east": {"uv": [0, 0, 12, 4], "rotation": 270, "texture": "#0"},
				"south": {"uv": [0, 0, 12, 4], "rotation": 180, "texture": "#0"},
				"west": {"uv": [0, 0, 12, 4], "rotation": 90, "texture": "#0"},
				"up": {"uv": [0, 0, 12, 4], "rotation": 180, "texture": "#0"},
				"down": {"uv": [0, 0, 12, 4], "rotation": 180, "texture": "#0"}
			}
		},
		{
			"from": [9.95577, 17.62811, 14.88071],
			"to": [10.93116, 18.38795, 15.84926],
			"rotation": {"angle": 45, "axis": "x", "origin": [10.44347, 18.00803, 16.81499]},
			"faces": {
				"north": {"uv": [12, 0, 0, 4], "texture": "#0"},
				"east": {"uv": [0, 4, 12, 0], "rotation": 90, "texture": "#0"},
				"south": {"uv": [12, 0, 0, 4], "rotation": 180, "texture": "#0"},
				"west": {"uv": [0, 4, 12, 0], "rotation": 270, "texture": "#0"},
				"up": {"uv": [12, 0, 0, 4], "rotation": 180, "texture": "#0"},
				"down": {"uv": [12, 0, 0, 4], "rotation": 180, "texture": "#0"}
			}
		},
		{
			"from": [9.95477, 18.42084, 15.86347],
			"to": [10.93216, 19.18268, 19.93402],
			"rotation": {"angle": 0, "axis": "y", "origin": [10.44347, 18.80176, 18.52375]},
			"faces": {
				"north": {"uv": [12, 0, 0, 4], "texture": "#0"},
				"east": {"uv": [0, 4, 12, 0], "rotation": 90, "texture": "#0"},
				"south": {"uv": [12, 0, 0, 4], "rotation": 180, "texture": "#0"},
				"west": {"uv": [0, 4, 12, 0], "rotation": 270, "texture": "#0"},
				"up": {"uv": [12, 0, 0, 4], "rotation": 180, "texture": "#0"},
				"down": {"uv": [12, 0, 0, 4], "rotation": 180, "texture": "#0"}
			}
		},
		{
			"from": [5.64429, 22.37633, 15.14283],
			"to": [6.62168, 23.35372, 15.90467],
			"rotation": {"angle": -45, "axis": "z", "origin": [6.13299, 22.86502, 21.84702]},
			"faces": {
				"north": {"uv": [0, 0, 12, 4], "texture": "#0"},
				"east": {"uv": [0, 0, 12, 4], "rotation": 180, "texture": "#0"},
				"south": {"uv": [0, 0, 12, 4], "rotation": 180, "texture": "#0"},
				"west": {"uv": [0, 0, 12, 4], "rotation": 180, "texture": "#0"},
				"up": {"uv": [0, 0, 12, 4], "rotation": 180, "texture": "#0"},
				"down": {"uv": [0, 0, 12, 4], "rotation": 180, "texture": "#0"}
			}
		},
		{
			"from": [5.21765, 21.73782, 15.14283],
			"to": [6.19504, 22.71521, 15.90467],
			"rotation": {"angle": -22.5, "axis": "z", "origin": [5.70635, 22.22651, 21.84702]},
			"faces": {
				"north": {"uv": [0, 0, 12, 4], "texture": "#0"},
				"east": {"uv": [0, 0, 12, 4], "rotation": 180, "texture": "#0"},
				"south": {"uv": [0, 0, 12, 4], "rotation": 180, "texture": "#0"},
				"west": {"uv": [0, 0, 12, 4], "rotation": 180, "texture": "#0"},
				"up": {"uv": [0, 0, 12, 4], "rotation": 180, "texture": "#0"},
				"down": {"uv": [0, 0, 12, 4], "rotation": 180, "texture": "#0"}
			}
		},
		{
			"from": [6.2828, 22.80297, 15.14283],
			"to": [7.26019, 23.78036, 15.90467],
			"rotation": {"angle": 22.5, "axis": "z", "origin": [6.77149, 23.29166, 21.84702]},
			"faces": {
				"north": {"uv": [0, 0, 12, 4.5], "rotation": 270, "texture": "#0"},
				"east": {"uv": [0, 0, 12, 4.5], "rotation": 270, "texture": "#0"},
				"south": {"uv": [0, 0, 12, 4.5], "rotation": 270, "texture": "#0"},
				"west": {"uv": [0, 0, 12, 4.5], "rotation": 270, "texture": "#0"},
				"up": {"uv": [0, 0, 12, 4.5], "rotation": 270, "texture": "#0"},
				"down": {"uv": [0, 0, 12, 4.5], "rotation": 270, "texture": "#0"}
			}
		},
		{
			"from": [7.00925, 22.95278, 15.14283],
			"to": [8.96403, 23.93017, 15.90467],
			"rotation": {"angle": 0, "axis": "y", "origin": [8.47533, 23.44148, 21.84702]},
			"faces": {
				"north": {"uv": [0, 0, 12, 4.5], "rotation": 270, "texture": "#0"},
				"east": {"uv": [0, 0, 12, 4.5], "rotation": 270, "texture": "#0"},
				"south": {"uv": [0, 0, 12, 4.5], "rotation": 270, "texture": "#0"},
				"west": {"uv": [0, 0, 12, 4.5], "rotation": 270, "texture": "#0"},
				"up": {"uv": [0, 0, 12, 4.5], "rotation": 270, "texture": "#0"},
				"down": {"uv": [0, 0, 12, 4.5], "rotation": 270, "texture": "#0"}
			}
		},
		{
			"from": [4.82591, 18.09591, 20.20175],
			"to": [11.17409, 18.98866, 29.80175],
			"rotation": {"angle": 0, "axis": "y", "origin": [8.97772, 19.1941, 33.74895]},
			"faces": {
				"north": {"uv": [0, 0, 16, 7], "texture": "#1"},
				"east": {"uv": [0, 0, 16, 7], "texture": "#1"},
				"south": {"uv": [0, 0, 16, 7], "texture": "#1"},
				"west": {"uv": [0, 0, 16, 7], "texture": "#1"},
				"up": {"uv": [0, 0, 16, 7], "texture": "#3"},
				"down": {"uv": [0, 0, 16, 7], "texture": "#1"}
			}
		},
		{
			"from": [5.32591, 18.98866, 21.85175],
			"to": [10.67409, 22.23866, 28.25175],
			"rotation": {"angle": 0, "axis": "y", "origin": [8.97772, 19.1941, 33.74895]},
			"faces": {
				"east": {"uv": [0, 0, 16, 16], "texture": "#5"},
				"west": {"uv": [0, 0, 16, 16], "texture": "#5"}
			}
		},
		{
			"from": [6, 4, 24],
			"to": [10, 10, 28],
			"rotation": {"angle": 0, "axis": "y", "origin": [8, 5, 32.5]},
			"faces": {
				"north": {"uv": [8, 0, 12, 16], "texture": "#0"},
				"east": {"uv": [4, 0, 8, 16], "texture": "#0"},
				"south": {"uv": [0, 0, 4, 16], "texture": "#0"},
				"west": {"uv": [12, 0, 16, 16], "texture": "#0"},
				"up": {"uv": [4, 2.5, 8, 6.5], "texture": "#0"},
				"down": {"uv": [4, 4, 8, 8], "texture": "#0"}
			}
		},
		{
			"from": [5.75, 4, 24.5],
			"to": [10.25, 9.8, 27.5],
			"rotation": {"angle": 0, "axis": "y", "origin": [8, 5, 32]},
			"faces": {
				"north": {"uv": [10, 2.5, 16, 14.5], "texture": "#4", "tintindex": 0},
				"east": {"uv": [10, 2.5, 16, 14.5], "texture": "#4", "tintindex": 0},
				"south": {"uv": [10, 2.5, 16, 14.5], "texture": "#4", "tintindex": 0},
				"west": {"uv": [10, 2.5, 16, 14.5], "texture": "#4", "tintindex": 0},
				"up": {"uv": [10, 2.5, 16, 14.5], "texture": "#4", "tintindex": 0},
				"down": {"uv": [10, 2.5, 16, 14.5], "texture": "#4", "tintindex": 0}
			}
		},
		{
			"from": [5.751, 9.14317, 24.30862],
			"to": [10.249, 12.96617, 27.30662],
			"rotation": {"angle": -22.5, "axis": "x", "origin": [8, 9.96717, 25.80762]},
			"faces": {
				"north": {"uv": [5, 1.25, 11, 8.5], "texture": "#4", "tintindex": 0},
				"east": {"uv": [5, 1.25, 11, 8.5], "texture": "#4", "tintindex": 0},
				"south": {"uv": [5, 1.25, 11, 8.5], "texture": "#4", "tintindex": 0},
				"west": {"uv": [5, 1.25, 11, 8.5], "texture": "#4", "tintindex": 0},
				"up": {"uv": [5, 1.25, 11, 8.5], "texture": "#4", "tintindex": 0},
				"down": {"uv": [5, 1.25, 11, 8.5], "texture": "#4", "tintindex": 0}
			}
		},
		{
			"from": [6, 12.16478, 22.77375],
			"to": [10, 18.16478, 26.77375],
			"rotation": {"angle": 0, "axis": "y", "origin": [8, 13.16478, 31.27375]},
			"faces": {
				"north": {"uv": [8, 0, 12, 16], "texture": "#0"},
				"east": {"uv": [4, 0, 8, 16], "texture": "#0"},
				"south": {"uv": [0, 0, 4, 16], "texture": "#0"},
				"west": {"uv": [12, 0, 16, 16], "texture": "#0"},
				"up": {"uv": [0, 0, 4, 4], "texture": "#missing"},
				"down": {"uv": [0, 0, 4, 4], "texture": "#missing"}
			}
		},
		{
			"from": [5.75, 12.16478, 23.27375],
			"to": [10.25, 18.16478, 26.27375],
			"rotation": {"angle": 0, "axis": "y", "origin": [8, 13.16478, 30.77375]},
			"faces": {
				"north": {"uv": [0, 0, 6, 12], "texture": "#4", "tintindex": 0},
				"east": {"uv": [0, 0, 6, 12], "texture": "#4", "tintindex": 0},
				"south": {"uv": [0, 0, 6, 12], "texture": "#4", "tintindex": 0},
				"west": {"uv": [0, 0, 6, 12], "texture": "#4", "tintindex": 0},
				"up": {"uv": [0, 0, 6, 12], "texture": "#4", "tintindex": 0},
				"down": {"uv": [0, 0, 6, 12], "texture": "#4", "tintindex": 0}
			}
		},
		{
			"from": [7, 3.91478, 23.52375],
			"to": [9, 18.16478, 27.27375],
			"rotation": {"angle": 0, "axis": "y", "origin": [8, 13.16478, 31.27375]},
			"faces": {
				"north": {"uv": [0, 0, 2.5, 16], "texture": "#4", "tintindex": 0},
				"east": {"uv": [0, 0, 2.5, 16], "texture": "#4", "tintindex": 0},
				"south": {"uv": [0, 0, 2.5, 16], "texture": "#4", "tintindex": 0},
				"west": {"uv": [0, 0, 2.5, 16], "texture": "#4", "tintindex": 0},
				"up": {"uv": [0, 0, 2.5, 16], "texture": "#4", "tintindex": 0},
				"down": {"uv": [0, 0, 2.5, 16], "texture": "#4", "tintindex": 0}
			}
		},
		{
			"from": [7.001, 14.91578, 22.52475],
			"to": [8.999, 19.16378, 25.77275],
			"rotation": {"angle": 22.5, "axis": "x", "origin": [8, 12.03978, 24.39875]},
			"faces": {
				"north": {"uv": [0, 0, 2.5, 5.5], "texture": "#4", "tintindex": 0},
				"east": {"uv": [0, 0, 2.5, 5.5], "texture": "#4", "tintindex": 0},
				"south": {"uv": [0, 0, 2.5, 5.5], "texture": "#4", "tintindex": 0},
				"west": {"uv": [0, 0, 2.5, 5.5], "texture": "#4", "tintindex": 0},
				"up": {"uv": [0, 0, 2.5, 5.5], "texture": "#4", "tintindex": 0},
				"down": {"uv": [0, 0, 2.5, 5.5], "texture": "#4", "tintindex": 0}
			}
		},
		{
			"from": [6.001, 9.00727, 23.00519],
			"to": [9.999, 13.00527, 27.00319],
			"rotation": {"angle": -22.5, "axis": "x", "origin": [8, 12.00627, 25.00419]},
			"faces": {
				"north": {"uv": [8, 0, 12, 16], "texture": "#0"},
				"east": {"uv": [4, 0, 8, 16], "texture": "#0"},
				"south": {"uv": [0, 0, 4, 16], "texture": "#0"},
				"west": {"uv": [12, 0, 16, 16], "texture": "#0"},
				"up": {"uv": [0, 0, 4, 16], "texture": "#0"},
				"down": {"uv": [0, 0, 4, 16], "texture": "#0"}
			}
		},
		{
			"from": [7, 13.16396, 19.20313],
			"to": [9, 14.21396, 19.70313],
			"rotation": {"angle": -45, "axis": "x", "origin": [8, 12.08896, 19.45313]},
			"faces": {
				"north": {"uv": [0, 0, 0.5, 1.05], "texture": "#0"},
				"east": {"uv": [0, 0, 0.5, 1.05], "texture": "#0"},
				"south": {"uv": [0, 0, 0.5, 1.05], "texture": "#0"},
				"west": {"uv": [0, 0, 0.5, 1.05], "texture": "#0"},
				"up": {"uv": [0, 0, 0.5, 1.05], "texture": "#0"},
				"down": {"uv": [0, 0, 0.5, 1.05], "texture": "#0"}
			}
		},
		{
			"from": [7, 15.16478, 18.27375],
			"to": [9, 15.66478, 22.77375],
			"rotation": {"angle": 0, "axis": "y", "origin": [8, 10.66478, 27.27375]},
			"faces": {
				"north": {"uv": [0, 0, 4.25, 0.5], "texture": "#0"},
				"east": {"uv": [0, 0, 4.25, 0.5], "rotation": 180, "texture": "#0"},
				"south": {"uv": [0, 0, 4.25, 0.5], "texture": "#0"},
				"west": {"uv": [0, 0, 4.25, 0.5], "texture": "#0"},
				"up": {"uv": [0, 0, 4, 0.25], "rotation": 90, "texture": "#0"},
				"down": {"uv": [0, 0, 4, 0.25], "rotation": 270, "texture": "#0"}
			}
		},
		{
			"from": [7, 12.66478, 18.52375],
			"to": [9, 13.16478, 22.77375],
			"rotation": {"angle": 0, "axis": "y", "origin": [8, 8.16478, 27.27375]},
			"faces": {
				"north": {"uv": [0, 0, 2, 0.5], "texture": "#0"},
				"east": {"uv": [0, 0, 4.25, 0.5], "rotation": 180, "texture": "#0"},
				"south": {"uv": [0, 0, 2, 0.5], "texture": "#0"},
				"west": {"uv": [0, 0, 4.25, 0.5], "texture": "#0"},
				"up": {"uv": [0, 0, 4, 0.25], "rotation": 90, "texture": "#0"},
				"down": {"uv": [0, 0, 4, 0.25], "rotation": 270, "texture": "#0"}
			}
		},
		{
			"from": [7, 13.41478, 17.77375],
			"to": [9, 17.66478, 18.27375],
			"rotation": {"angle": 0, "axis": "y", "origin": [8, 12.66478, 27.27375]},
			"faces": {
				"north": {"uv": [0, 0, 0.5, 4.25], "texture": "#0"},
				"east": {"uv": [0, 0, 0.5, 4.25], "texture": "#0"},
				"south": {"uv": [0, 0, 0.5, 4.25], "texture": "#0"},
				"west": {"uv": [0, 0, 0.5, 4.25], "texture": "#0"},
				"up": {"uv": [0, 0, 0.5, 4.25], "texture": "#0"},
				"down": {"uv": [0, 0, 0.5, 4.25], "texture": "#0"}
			}
		},
		{
			"from": [7, 17.66478, 17.77375],
			"to": [9, 18.16478, 22.77375],
			"rotation": {"angle": 0, "axis": "y", "origin": [8, 13.16478, 27.27375]},
			"faces": {
				"north": {"uv": [0, 0, 4.25, 0.5], "texture": "#0"},
				"east": {"uv": [0, 0, 4.25, 0.5], "rotation": 180, "texture": "#0"},
				"south": {"uv": [0, 0, 4.25, 0.5], "texture": "#0"},
				"west": {"uv": [0, 0, 4.25, 0.5], "texture": "#0"},
				"up": {"uv": [0, 0, 4, 0.25], "rotation": 90, "texture": "#0"},
				"down": {"uv": [0, 0, 4, 0.25], "rotation": 270, "texture": "#0"}
			}
		},
		{
			"from": [7.5, 17.16478, 21.27375],
			"to": [8.5, 17.66478, 21.77375],
			"rotation": {"angle": 0, "axis": "y", "origin": [8, 17.41478, 21.52375]},
			"faces": {
				"north": {"uv": [1, 0, 5, 4.5], "texture": "#0"},
				"east": {"uv": [1, 0, 4.5, 4.5], "texture": "#0"},
				"south": {"uv": [1, 0, 5, 4.5], "texture": "#0"},
				"west": {"uv": [1, 0, 4.5, 4.5], "texture": "#0"},
				"up": {"uv": [1, 0, 5, 4.5], "texture": "#0"},
				"down": {"uv": [1, 0, 5, 4.5], "texture": "#0"}
			}
		},
		{
			"from": [7.5, 15.92949, 21.19711],
			"to": [8.5, 17.27949, 21.69711],
			"rotation": {"angle": 22.5, "axis": "x", "origin": [8, 17.02949, 21.44711]},
			"faces": {
				"north": {"uv": [1, 0, 5, 5.35], "texture": "#0"},
				"east": {"uv": [1, 0, 4.5, 5.35], "texture": "#0"},
				"south": {"uv": [1, 0, 5, 5.35], "texture": "#0"},
				"west": {"uv": [1, 0, 4.5, 5.35], "texture": "#0"},
				"up": {"uv": [1, 0, 5, 4.5], "texture": "#0"},
				"down": {"uv": [1, 0, 5, 4.5], "texture": "#0"}
			}
		},
		{
			"from": [7.5, 13.42949, 21.19711],
			"to": [8.5, 14.77949, 21.69711],
			"rotation": {"angle": 22.5, "axis": "x", "origin": [8, 14.52949, 21.44711]},
			"faces": {
				"north": {"uv": [1, 0, 5, 5.35], "texture": "#0"},
				"east": {"uv": [1, 0, 4.5, 5.35], "texture": "#0"},
				"south": {"uv": [1, 0, 5, 5.35], "texture": "#0"},
				"west": {"uv": [1, 0, 4.5, 5.35], "texture": "#0"},
				"up": {"uv": [1, 0, 5, 4.5], "texture": "#0"},
				"down": {"uv": [1, 0, 5, 4.5], "texture": "#0"}
			}
		},
		{
			"from": [7.5, 14.66478, 21.27375],
			"to": [8.5, 15.16478, 21.77375],
			"rotation": {"angle": 0, "axis": "y", "origin": [8, 14.91478, 21.52375]},
			"faces": {
				"north": {"uv": [1, 0, 5, 4.5], "texture": "#0"},
				"east": {"uv": [1, 0, 4.5, 4.5], "texture": "#0"},
				"south": {"uv": [1, 0, 5, 4.5], "texture": "#0"},
				"west": {"uv": [1, 0, 4.5, 4.5], "texture": "#0"},
				"up": {"uv": [1, 0, 5, 4.5], "texture": "#0"},
				"down": {"uv": [1, 0, 5, 4.5], "texture": "#0"}
			}
		},
		{
			"from": [7.25, 16.41478, 16.77375],
			"to": [8.75, 18.16478, 17.77375],
			"rotation": {"angle": 0, "axis": "y", "origin": [8, 13.16478, 27.27375]},
			"faces": {
				"north": {"uv": [0, 0, 16, 16], "texture": "#3"},
				"east": {"uv": [0, 0, 16, 16], "texture": "#3"},
				"south": {"uv": [0, 0, 16, 16], "texture": "#3"},
				"west": {"uv": [0, 0, 16, 16], "texture": "#3"},
				"up": {"uv": [0, 0, 16, 16], "texture": "#3"},
				"down": {"uv": [0, 0, 16, 16], "texture": "#3"}
			}
		},
		{
			"from": [7, 16.41478, 14.27375],
			"to": [9, 18.16478, 16.77375],
			"rotation": {"angle": 0, "axis": "y", "origin": [8, 13.16478, 27.27375]},
			"faces": {
				"north": {"uv": [0.5, 4.5, 2.5, 6.25], "texture": "#0"},
				"east": {"uv": [0.5, 4.5, 3, 6.25], "texture": "#0"},
				"south": {"uv": [0.5, 4.5, 2.5, 6.25], "texture": "#0"},
				"west": {"uv": [0.5, 4.5, 3, 6.25], "texture": "#0"},
				"up": {"uv": [0.5, 4.5, 2.5, 7], "texture": "#0"},
				"down": {"uv": [0.5, 4.5, 2.5, 7], "texture": "#0"}
			}
		},
		{
			"from": [7.2, 16.91478, 16.87375],
			"to": [8.8, 17.66478, 17.62375],
			"rotation": {"angle": 0, "axis": "y", "origin": [8.05, 12.41478, 29.87375]},
			"faces": {
				"east": {"uv": [0, 0, 16, 16], "texture": "#7"},
				"west": {"uv": [0, 0, 16, 16], "texture": "#7"}
			}
		},
		{
			"from": [7, 15.41478, 14.87375],
			"to": [9, 16.16478, 15.62375],
			"rotation": {"angle": 0, "axis": "y", "origin": [8, 10.91478, 27.87375]},
			"faces": {
				"east": {"uv": [0, 0, 16, 16], "texture": "#7"},
				"west": {"uv": [0, 0, 16, 16], "texture": "#7"}
			}
		},
		{
			"from": [5.25, 19.06478, 24.72375],
			"to": [10.75, 19.81478, 25.47375],
			"rotation": {"angle": 0, "axis": "y", "origin": [7.75, 14.56478, 37.72375]},
			"faces": {
				"east": {"uv": [0, 0, 16, 16], "texture": "#7"},
				"west": {"uv": [0, 0, 16, 16], "texture": "#7"}
			}
		},
		{
			"from": [7.124, 15.26398, 14.37669],
			"to": [8.876, 16.65348, 16.04369],
			"rotation": {"angle": 22.5, "axis": "x", "origin": [8, 15.68123, 15.07144]},
			"faces": {
				"north": {"uv": [0, 0.5, 4.25, 5.75], "texture": "#0"},
				"east": {"uv": [0, 0.5, 4, 5.75], "texture": "#0"},
				"south": {"uv": [0, 0.5, 4.25, 5.75], "texture": "#0"},
				"west": {"uv": [0, 0.5, 4, 5.75], "texture": "#0"},
				"up": {"uv": [0, 0.5, 4.25, 6], "texture": "#0"},
				"down": {"uv": [0, 0.5, 4.25, 6], "texture": "#0"}
			}
		},
		{
			"from": [7.125, 13.06465, 14.27121],
			"to": [8.875, 15.56215, 15.21471],
			"rotation": {"angle": 0, "axis": "y", "origin": [8, 14.8684, 15.10371]},
			"faces": {
				"north": {"uv": [0, 0.5, 4.25, 6.75], "texture": "#0"},
				"east": {"uv": [0, 0.5, 3.35, 6.75], "texture": "#0"},
				"south": {"uv": [0, 0.5, 4.25, 6.75], "texture": "#0"},
				"west": {"uv": [0, 0.5, 3.35, 6.75], "texture": "#0"},
				"up": {"uv": [0, 0.5, 4.25, 5.35], "texture": "#0"},
				"down": {"uv": [0, 0.5, 4.25, 5.35], "texture": "#0"}
			}
		},
		{
			"from": [7.126, 11.12124, 14.71417],
			"to": [8.874, 13.33924, 15.54467],
			"rotation": {"angle": -22.5, "axis": "x", "origin": [8, 12.09149, 15.18492]},
			"faces": {
				"north": {"uv": [0, 0.5, 4.25, 6.5], "texture": "#0"},
				"east": {"uv": [0, 0.5, 3.25, 6.5], "texture": "#0"},
				"south": {"uv": [0, 0.5, 4.25, 6.5], "texture": "#0"},
				"west": {"uv": [0, 0.5, 3.25, 6.5], "texture": "#0"},
				"up": {"uv": [0, 0.5, 4.25, 5.25], "texture": "#0"},
				"down": {"uv": [0, 0.5, 4.25, 5.25], "texture": "#0"}
			}
		},
		{
			"from": [7.127, 10.52508, 15.78574],
			"to": [8.873, 11.63108, 16.50324],
			"rotation": {"angle": -45, "axis": "x", "origin": [8, 10.52308, 16.19999]},
			"faces": {
				"north": {"uv": [0, 0.5, 4.25, 5.5], "texture": "#0"},
				"east": {"uv": [0, 0.5, 3.15, 5.5], "texture": "#0"},
				"south": {"uv": [0, 0.5, 4.25, 5.5], "texture": "#0"},
				"west": {"uv": [0, 0.5, 3.15, 5.5], "texture": "#0"},
				"up": {"uv": [0, 0.5, 4.25, 5.15], "texture": "#0"},
				"down": {"uv": [0, 0.5, 4.25, 5.15], "texture": "#0"}
			}
		},
		{
			"from": [7.128, 8.42612, 16.04818],
			"to": [8.872, 10.64012, 16.65268],
			"rotation": {"angle": -22.5, "axis": "x", "origin": [8, 10.08812, 16.29493]},
			"faces": {
				"north": {"uv": [0, 0.5, 4.25, 6.5], "texture": "#0"},
				"east": {"uv": [0, 0.5, 3.05, 6.5], "texture": "#0"},
				"south": {"uv": [0, 0.5, 4.25, 6.5], "texture": "#0"},
				"west": {"uv": [0, 0.5, 3.05, 6.5], "texture": "#0"},
				"up": {"uv": [0, 0.5, 4.25, 5.05], "texture": "#0"},
				"down": {"uv": [0, 0.5, 4.25, 5.05], "texture": "#0"}
			}
		},
		{
			"from": [7.125, 6.46791, 16.65489],
			"to": [8.875, 8.68791, 17.26539],
			"rotation": {"angle": 0, "axis": "y", "origin": [8, 7.57791, 16.96014]},
			"faces": {
				"north": {"uv": [0, 0.5, 4.25, 6.5], "texture": "#0"},
				"east": {"uv": [0, 0.5, 3.05, 6.5], "texture": "#0"},
				"south": {"uv": [0, 0.5, 4.25, 6.5], "texture": "#0"},
				"west": {"uv": [0, 0.5, 3.05, 6.5], "texture": "#0"},
				"up": {"uv": [0, 0.5, 4.25, 5.05], "texture": "#0"},
				"down": {"uv": [0, 0.5, 4.25, 5.05], "texture": "#0"}
			}
		},
		{
			"from": [7.13, 14.61169, 14.76929],
			"to": [8.87, 15.71169, 15.59179],
			"rotation": {"angle": -22.5, "axis": "x", "origin": [8, 15.30044, 14.90304]},
			"faces": {
				"north": {"uv": [0, 0.5, 4.25, 5.5], "texture": "#0"},
				"east": {"uv": [0, 0.5, 3.25, 5.5], "texture": "#0"},
				"south": {"uv": [0, 0.5, 4.25, 5.5], "texture": "#0"},
				"west": {"uv": [0, 0.5, 3.25, 5.5], "texture": "#0"},
				"up": {"uv": [0, 0.5, 4.25, 5.25], "texture": "#0"},
				"down": {"uv": [0, 0.5, 4.25, 5.25], "texture": "#0"}
			}
		}
	],
	"display": {
		"thirdperson_righthand": {
			"translation": [0, -2.5, -5],
			"scale": [0.24, 0.24, 0.24]
		},
		"thirdperson_lefthand": {
			"translation": [0, -2.5, -5],
			"scale": [0.24, 0.24, 0.24]
		},
		"firstperson_righthand": {
			"rotation": [1, 6, 0],
			"translation": [0, 1.75, -1.25],
			"scale": [0.31, 0.31, 0.19]
		},
		"firstperson_lefthand": {
			"rotation": [1, 6, 0],
			"translation": [0, 1.75, -1.25],
			"scale": [0.31, 0.31, 0.19]
		},
		"ground": {
			"rotation": [0, 0, 89],
			"translation": [0.5, -1.75, -2.25],
			"scale": [0.29, 0.29, 0.29]
		},
		"gui": {
			"rotation": [63.49, 52.45, -61.85],
			"translation": [-4, 0.25, 0],
			"scale": [0.48, 0.48, 0.48]
		},
		"fixed": {
			"rotation": [91.41, -57.49, 91.2],
			"translation": [6.5, 1, -1.25],
			"scale": [0.63, 0.63, 0.63]
		}
	},
	"groups": [
		{
			"name": "group",
			"origin": [7.79, 21.94316, 16.08091],
			"color": 0,
			"children": [0, 1, 2, 3, 4, 5, 6, 7, 8]
		},
		{
			"name": "bottom",
			"origin": [10.85002, 5.75769, 5],
			"color": 0,
			"children": [
				9,
				10,
				11,
				{
					"name": "arch",
					"origin": [10.85002, 5.75769, 5],
					"color": 0,
					"children": [12, 13, 14, 15, 16, 17, 18, 19, 20]
				},
				{
					"name": "arch",
					"origin": [10.85002, 5.75769, 5],
					"color": 0,
					"children": [21, 22, 23, 24, 25, 26, 27, 28, 29]
				},
				{
					"name": "arch",
					"origin": [10.85002, 5.75769, 5],
					"color": 0,
					"children": [30, 31, 32, 33, 34, 35, 36, 37, 38]
				},
				{
					"name": "arch",
					"origin": [10.85002, 5.75769, 5],
					"color": 0,
					"children": [39, 40, 41, 42, 43, 44, 45, 46, 47]
				},
				{
					"name": "arch",
					"origin": [10.85002, 5.75769, 5],
					"color": 0,
					"children": [48, 49, 50, 51, 52, 53, 54, 55, 56]
				}
			]
		},
		57,
		{
			"name": "top",
			"origin": [8.48633, 23.67845, 13.77375],
			"color": 0,
			"children": [58, 59, 60, 61, 62, 63, 64, 65, 66]
		},
		{
			"name": "top",
			"origin": [8.48633, 23.67845, 13.77375],
			"color": 0,
			"children": [67, 68, 69, 70, 71, 72, 73, 74, 75]
		},
		{
			"name": "top",
			"origin": [8.48633, 23.67845, 13.77375],
			"color": 0,
			"children": [76, 77, 78, 79, 80, 81, 82, 83, 84]
		},
		{
			"name": "top",
			"origin": [8.48633, 23.67845, 13.77375],
			"color": 0,
			"children": [85, 86, 87, 88, 89, 90, 91, 92, 93, 94, 95, 96, 97]
		},
		98,
		99,
		{
			"name": "grip",
			"origin": [8, 12.00627, 14.00419],
			"color": 0,
			"children": [100, 101, 102, 103, 104, 105, 106, 107]
		},
		{
			"name": "trigger_guard",
			"origin": [8, 13.16478, 16.27375],
			"color": 0,
			"children": [108, 109, 110, 111, 112, 113, 114, 115, 116, 117, 118, 119, 120, 121, 122, 123, 124, 125, 126, 127, 128]
		}
	]
}