{
	"credit": "Made with Blockbench",
	"textures": {
		"5": "custom/odmgear/dark_metal",
		"6": "custom/odmgear/bright_metal",
		"7": "custom/odmgear/ap_gun_cartridge_cap_side",
		"8": "custom/odmgear/ap_gun_cartridge_cap_top",
		"particle": "custom/odmgear/bright_metal"
	},
	"elements": [
		{
			"name": "octagon",
			"from": [7.8191, 10.5243, 6.56361],
			"to": [8.1809, 10.8965, 7.43639],
			"rotation": {"angle": -45, "axis": "y", "origin": [8, 11.26797, 7]},
			"faces": {
				"north": {"uv": [8, 0, 4, 16], "texture": "#7"},
				"east": {"uv": [8, 0, 4, 16], "texture": "#7"},
				"south": {"uv": [8, 0, 4, 16], "texture": "#7"},
				"west": {"uv": [8, 0, 4, 16], "texture": "#7"},
				"up": {"uv": [0.5, 16, 15.5, 0], "rotation": 90, "texture": "#8"},
				"down": {"uv": [0.5, 16, 15.5, 0], "rotation": 90, "texture": "#8"}
			}
		},
		{
			"name": "octagon",
			"from": [7.81835, 10.52355, 6.56287],
			"to": [8.18165, 10.89725, 7.43713],
			"rotation": {"angle": 0, "axis": "y", "origin": [8, 11.26797, 7]},
			"faces": {
				"north": {"uv": [4, 0, 0, 16], "texture": "#7"},
				"east": {"uv": [4, 0, 0, 16], "texture": "#7"},
				"south": {"uv": [4, 0, 0, 16], "texture": "#7"},
				"west": {"uv": [4, 0, 0, 16], "texture": "#7"},
				"up": {"uv": [0, 16, 16, 0], "rotation": 90, "texture": "#8"},
				"down": {"uv": [0, 16, 16, 0], "rotation": 90, "texture": "#8"}
			}
		},
		{
			"name": "octagon",
			"from": [7.56336, 10.52405, 6.81885],
			"to": [8.43664, 10.89675, 7.18115],
			"rotation": {"angle": -45, "axis": "y", "origin": [8, 11.26797, 7]},
			"faces": {
				"north": {"uv": [16, 0, 12, 16], "texture": "#7"},
				"east": {"uv": [16, 0, 12, 16], "texture": "#7"},
				"south": {"uv": [16, 0, 12, 16], "texture": "#7"},
				"west": {"uv": [16, 0, 12, 16], "texture": "#7"},
				"up": {"uv": [15.5, 0, 0.5, 16], "texture": "#8"},
				"down": {"uv": [15.5, 0, 0.5, 16], "texture": "#8"}
			}
		},
		{
			"name": "octagon",
			"from": [7.56311, 10.5238, 6.8186],
			"to": [8.43689, 10.897, 7.1814],
			"rotation": {"angle": 0, "axis": "y", "origin": [8, 11.26797, 7]},
			"faces": {
				"north": {"uv": [12, 0, 8, 16], "texture": "#7"},
				"east": {"uv": [12, 0, 8, 16], "texture": "#7"},
				"south": {"uv": [12, 0, 8, 16], "texture": "#7"},
				"west": {"uv": [12, 0, 8, 16], "texture": "#7"},
				"up": {"uv": [16, 0, 0, 16], "texture": "#8"},
				"down": {"uv": [16, 0, 0, 16], "texture": "#8"}
			}
		},
		{
			"name": "octagon",
			"from": [7.9005, 5.69204, 6.75999],
			"to": [8.0995, 10.7726, 7.24001],
			"rotation": {"angle": -45, "axis": "y", "origin": [8, 6.43571, 7]},
			"faces": {
				"north": {"uv": [8, 0, 4, 16], "texture": "#5"},
				"east": {"uv": [8, 0, 4, 16], "texture": "#5"},
				"south": {"uv": [8, 0, 4, 16], "texture": "#5"},
				"west": {"uv": [8, 0, 4, 16], "texture": "#5"},
				"up": {"uv": [8, 2.5, 4, 6.5], "texture": "#5"},
				"down": {"uv": [8, 2.5, 4, 6.5], "texture": "#5"}
			}
		},
		{
			"name": "octagon",
			"from": [7.90064, 5.69229, 6.76012],
			"to": [8.09936, 10.77235, 7.23988],
			"rotation": {"angle": 0, "axis": "y", "origin": [8, 6.43571, 7]},
			"faces": {
				"north": {"uv": [4, 0, 0, 16], "texture": "#5"},
				"east": {"uv": [4, 0, 0, 16], "texture": "#5"},
				"south": {"uv": [4, 0, 0, 16], "texture": "#5"},
				"west": {"uv": [4, 0, 0, 16], "texture": "#5"},
				"up": {"uv": [8, 2.5, 4, 6.5], "texture": "#5"},
				"down": {"uv": [8, 2.5, 4, 6.5], "texture": "#5"}
			}
		},
		{
			"name": "octagon",
			"from": [7.75985, 5.69179, 6.90037],
			"to": [8.24015, 10.77285, 7.09963],
			"rotation": {"angle": -45, "axis": "y", "origin": [8, 6.43571, 7]},
			"faces": {
				"north": {"uv": [16, 0, 12, 16], "texture": "#5"},
				"east": {"uv": [16, 0, 12, 16], "texture": "#5"},
				"south": {"uv": [16, 0, 12, 16], "texture": "#5"},
				"west": {"uv": [16, 0, 12, 16], "texture": "#5"},
				"up": {"uv": [8, 2.5, 4, 6.5], "texture": "#5"},
				"down": {"uv": [8, 2.5, 4, 6.5], "texture": "#5"}
			}
		},
		{
			"name": "octagon",
			"from": [7.75971, 5.69154, 6.90023],
			"to": [8.24029, 10.7731, 7.09977],
			"rotation": {"angle": 0, "axis": "y", "origin": [8, 6.43571, 7]},
			"faces": {
				"north": {"uv": [12, 0, 8, 16], "texture": "#5"},
				"east": {"uv": [12, 0, 8, 16], "texture": "#5"},
				"south": {"uv": [12, 0, 8, 16], "texture": "#5"},
				"west": {"uv": [12, 0, 8, 16], "texture": "#5"},
				"up": {"uv": [8, 2.5, 4, 6.5], "texture": "#5"},
				"down": {"uv": [8, 2.5, 4, 6.5], "texture": "#5"}
			}
		},
		{
			"name": "octagon",
			"from": [7.82986, 10.15258, 6.58958],
			"to": [8.17014, 10.21503, 7.41042],
			"rotation": {"angle": -45, "axis": "y", "origin": [8, 7.42694, 7]},
			"faces": {
				"north": {"uv": [8, 0, 4, 16], "texture": "#5"},
				"east": {"uv": [8, 0, 4, 16], "texture": "#5"},
				"south": {"uv": [8, 0, 4, 16], "texture": "#5"},
				"west": {"uv": [8, 0, 4, 16], "texture": "#5"},
				"up": {"uv": [8, 2.5, 4, 6.5], "texture": "#5"},
				"down": {"uv": [8, 2.5, 4, 6.5], "texture": "#5"}
			}
		},
		{
			"name": "octagon",
			"from": [7.83009, 10.15283, 6.58981],
			"to": [8.16991, 10.21478, 7.41019],
			"rotation": {"angle": 0, "axis": "y", "origin": [8, 7.42694, 7]},
			"faces": {
				"north": {"uv": [4, 0, 0, 16], "texture": "#5"},
				"east": {"uv": [4, 0, 0, 16], "texture": "#5"},
				"south": {"uv": [4, 0, 0, 16], "texture": "#5"},
				"west": {"uv": [4, 0, 0, 16], "texture": "#5"},
				"up": {"uv": [8, 2.5, 4, 6.5], "texture": "#5"},
				"down": {"uv": [8, 2.5, 4, 6.5], "texture": "#5"}
			}
		},
		{
			"name": "octagon",
			"from": [7.58934, 10.15234, 6.82963],
			"to": [8.41066, 10.21528, 7.17037],
			"rotation": {"angle": -45, "axis": "y", "origin": [8, 7.42694, 7]},
			"faces": {
				"north": {"uv": [16, 0, 12, 16], "texture": "#5"},
				"east": {"uv": [16, 0, 12, 16], "texture": "#5"},
				"south": {"uv": [16, 0, 12, 16], "texture": "#5"},
				"west": {"uv": [16, 0, 12, 16], "texture": "#5"},
				"up": {"uv": [8, 2.5, 4, 6.5], "texture": "#5"},
				"down": {"uv": [8, 2.5, 4, 6.5], "texture": "#5"}
			}
		},
		{
			"name": "octagon",
			"from": [7.58911, 10.15209, 6.82939],
			"to": [8.41089, 10.21553, 7.17061],
			"rotation": {"angle": 0, "axis": "y", "origin": [8, 7.42694, 7]},
			"faces": {
				"north": {"uv": [12, 0, 8, 16], "texture": "#5"},
				"east": {"uv": [12, 0, 8, 16], "texture": "#5"},
				"south": {"uv": [12, 0, 8, 16], "texture": "#5"},
				"west": {"uv": [12, 0, 8, 16], "texture": "#5"},
				"up": {"uv": [8, 2.5, 4, 6.5], "texture": "#5"},
				"down": {"uv": [8, 2.5, 4, 6.5], "texture": "#5"}
			}
		},
		{
			"name": "octagon",
			"from": [7.86219, 10.15258, 6.66756],
			"to": [8.13781, 10.33894, 7.33244],
			"rotation": {"angle": -45, "axis": "y", "origin": [8, 7.42694, 7]},
			"faces": {
				"north": {"uv": [8, 0, 4, 16], "texture": "#5"},
				"east": {"uv": [8, 0, 4, 16], "texture": "#5"},
				"south": {"uv": [8, 0, 4, 16], "texture": "#5"},
				"west": {"uv": [8, 0, 4, 16], "texture": "#5"},
				"up": {"uv": [8, 2.5, 4, 6.5], "texture": "#5"},
				"down": {"uv": [8, 2.5, 4, 6.5], "texture": "#5"}
			}
		},
		{
			"name": "octagon",
			"from": [7.86238, 10.15283, 6.66774],
			"to": [8.13762, 10.33869, 7.33226],
			"rotation": {"angle": 0, "axis": "y", "origin": [8, 7.42694, 7]},
			"faces": {
				"north": {"uv": [4, 0, 0, 16], "texture": "#5"},
				"east": {"uv": [4, 0, 0, 16], "texture": "#5"},
				"south": {"uv": [4, 0, 0, 16], "texture": "#5"},
				"west": {"uv": [4, 0, 0, 16], "texture": "#5"},
				"up": {"uv": [8, 2.5, 4, 6.5], "texture": "#5"},
				"down": {"uv": [8, 2.5, 4, 6.5], "texture": "#5"}
			}
		},
		{
			"name": "octagon",
			"from": [7.66737, 10.15234, 6.862],
			"to": [8.33263, 10.33918, 7.138],
			"rotation": {"angle": -45, "axis": "y", "origin": [8, 7.42694, 7]},
			"faces": {
				"north": {"uv": [16, 0, 12, 16], "texture": "#5"},
				"east": {"uv": [16, 0, 12, 16], "texture": "#5"},
				"south": {"uv": [16, 0, 12, 16], "texture": "#5"},
				"west": {"uv": [16, 0, 12, 16], "texture": "#5"},
				"up": {"uv": [8, 2.5, 4, 6.5], "texture": "#5"},
				"down": {"uv": [8, 2.5, 4, 6.5], "texture": "#5"}
			}
		},
		{
			"name": "octagon",
			"from": [7.66718, 10.15209, 6.86181],
			"to": [8.33282, 10.33943, 7.13819],
			"rotation": {"angle": 0, "axis": "y", "origin": [8, 7.42694, 7]},
			"faces": {
				"north": {"uv": [12, 0, 8, 16], "texture": "#5"},
				"east": {"uv": [12, 0, 8, 16], "texture": "#5"},
				"south": {"uv": [12, 0, 8, 16], "texture": "#5"},
				"west": {"uv": [12, 0, 8, 16], "texture": "#5"},
				"up": {"uv": [8, 2.5, 4, 6.5], "texture": "#5"},
				"down": {"uv": [8, 2.5, 4, 6.5], "texture": "#5"}
			}
		},
		{
			"name": "octagon",
			"from": [7.82986, 5.25838, 6.58958],
			"to": [8.17014, 5.32082, 7.41042],
			"rotation": {"angle": -45, "axis": "y", "origin": [8, 2.53274, 7]},
			"faces": {
				"north": {"uv": [8, 0, 4, 16], "texture": "#5"},
				"east": {"uv": [8, 0, 4, 16], "texture": "#5"},
				"south": {"uv": [8, 0, 4, 16], "texture": "#5"},
				"west": {"uv": [8, 0, 4, 16], "texture": "#5"},
				"up": {"uv": [8, 2.5, 4, 6.5], "texture": "#5"},
				"down": {"uv": [8, 2.5, 4, 6.5], "texture": "#5"}
			}
		},
		{
			"name": "octagon",
			"from": [7.83009, 5.25862, 6.58981],
			"to": [8.16991, 5.32058, 7.41019],
			"rotation": {"angle": 0, "axis": "y", "origin": [8, 2.53274, 7]},
			"faces": {
				"north": {"uv": [4, 0, 0, 16], "texture": "#5"},
				"east": {"uv": [4, 0, 0, 16], "texture": "#5"},
				"south": {"uv": [4, 0, 0, 16], "texture": "#5"},
				"west": {"uv": [4, 0, 0, 16], "texture": "#5"},
				"up": {"uv": [8, 2.5, 4, 6.5], "texture": "#5"},
				"down": {"uv": [8, 2.5, 4, 6.5], "texture": "#5"}
			}
		},
		{
			"name": "octagon",
			"from": [7.58934, 5.25813, 6.82963],
			"to": [8.41066, 5.32107, 7.17037],
			"rotation": {"angle": -45, "axis": "y", "origin": [8, 2.53274, 7]},
			"faces": {
				"north": {"uv": [16, 0, 12, 16], "texture": "#5"},
				"east": {"uv": [16, 0, 12, 16], "texture": "#5"},
				"south": {"uv": [16, 0, 12, 16], "texture": "#5"},
				"west": {"uv": [16, 0, 12, 16], "texture": "#5"},
				"up": {"uv": [8, 2.5, 4, 6.5], "texture": "#5"},
				"down": {"uv": [8, 2.5, 4, 6.5], "texture": "#5"}
			}
		},
		{
			"name": "octagon",
			"from": [7.58911, 5.25788, 6.82939],
			"to": [8.41089, 5.32132, 7.17061],
			"rotation": {"angle": 0, "axis": "y", "origin": [8, 2.53274, 7]},
			"faces": {
				"north": {"uv": [12, 0, 8, 16], "texture": "#5"},
				"east": {"uv": [12, 0, 8, 16], "texture": "#5"},
				"south": {"uv": [12, 0, 8, 16], "texture": "#5"},
				"west": {"uv": [12, 0, 8, 16], "texture": "#5"},
				"up": {"uv": [8, 2.5, 4, 6.5], "texture": "#5"},
				"down": {"uv": [8, 2.5, 4, 6.5], "texture": "#5"}
			}
		},
		{
			"name": "octagon",
			"from": [7.8191, 5.93985, 6.56361],
			"to": [8.1809, 10.15308, 7.43639],
			"rotation": {"angle": -45, "axis": "y", "origin": [8, 6.1879, 7]},
			"faces": {
				"north": {"uv": [8, 0, 4, 16], "texture": "#6"},
				"east": {"uv": [8, 0, 4, 16], "texture": "#6"},
				"south": {"uv": [8, 0, 4, 16], "texture": "#6"},
				"west": {"uv": [8, 0, 4, 16], "texture": "#6"},
				"up": {"uv": [8, 2.5, 4, 6.5], "texture": "#6"},
				"down": {"uv": [8, 2.5, 4, 6.5], "texture": "#6"}
			}
		},
		{
			"name": "octagon",
			"from": [7.81934, 5.9401, 6.56386],
			"to": [8.18066, 10.15283, 7.43614],
			"rotation": {"angle": 0, "axis": "y", "origin": [8, 6.1879, 7]},
			"faces": {
				"north": {"uv": [4, 0, 0, 16], "texture": "#6"},
				"east": {"uv": [4, 0, 0, 16], "texture": "#6"},
				"south": {"uv": [4, 0, 0, 16], "texture": "#6"},
				"west": {"uv": [4, 0, 0, 16], "texture": "#6"},
				"up": {"uv": [8, 2.5, 4, 6.5], "texture": "#6"},
				"down": {"uv": [8, 2.5, 4, 6.5], "texture": "#6"}
			}
		},
		{
			"name": "octagon",
			"from": [7.56336, 5.9396, 6.81885],
			"to": [8.43664, 10.15333, 7.18115],
			"rotation": {"angle": -45, "axis": "y", "origin": [8, 6.1879, 7]},
			"faces": {
				"north": {"uv": [16, 0, 12, 16], "texture": "#6"},
				"east": {"uv": [16, 0, 12, 16], "texture": "#6"},
				"south": {"uv": [16, 0, 12, 16], "texture": "#6"},
				"west": {"uv": [16, 0, 12, 16], "texture": "#6"},
				"up": {"uv": [8, 2.5, 4, 6.5], "texture": "#6"},
				"down": {"uv": [8, 2.5, 4, 6.5], "texture": "#6"}
			}
		},
		{
			"name": "octagon",
			"from": [7.56311, 5.93935, 6.8186],
			"to": [8.43689, 10.15358, 7.1814],
			"rotation": {"angle": 0, "axis": "y", "origin": [8, 6.1879, 7]},
			"faces": {
				"north": {"uv": [12, 0, 8, 16], "texture": "#6"},
				"east": {"uv": [12, 0, 8, 16], "texture": "#6"},
				"south": {"uv": [12, 0, 8, 16], "texture": "#6"},
				"west": {"uv": [12, 0, 8, 16], "texture": "#6"},
				"up": {"uv": [8, 2.5, 4, 6.5], "texture": "#6"},
				"down": {"uv": [8, 2.5, 4, 6.5], "texture": "#6"}
			}
		},
		{
			"name": "octagon",
			"from": [7.8191, 5.32033, 6.56361],
			"to": [8.1809, 5.81644, 7.43639],
			"rotation": {"angle": -45, "axis": "y", "origin": [8, 6.064, 7]},
			"faces": {
				"north": {"uv": [8, 0, 4, 16], "texture": "#6"},
				"east": {"uv": [8, 0, 4, 16], "texture": "#6"},
				"south": {"uv": [8, 0, 4, 16], "texture": "#6"},
				"west": {"uv": [8, 0, 4, 16], "texture": "#6"},
				"up": {"uv": [8, 2.5, 4, 6.5], "texture": "#6"},
				"down": {"uv": [8, 2.5, 4, 6.5], "texture": "#6"}
			}
		},
		{
			"name": "octagon",
			"from": [7.81934, 5.32058, 6.56386],
			"to": [8.18066, 5.81619, 7.43614],
			"rotation": {"angle": 0, "axis": "y", "origin": [8, 6.064, 7]},
			"faces": {
				"north": {"uv": [4, 0, 0, 16], "texture": "#6"},
				"east": {"uv": [4, 0, 0, 16], "texture": "#6"},
				"south": {"uv": [4, 0, 0, 16], "texture": "#6"},
				"west": {"uv": [4, 0, 0, 16], "texture": "#6"},
				"up": {"uv": [8, 2.5, 4, 6.5], "texture": "#6"},
				"down": {"uv": [8, 2.5, 4, 6.5], "texture": "#6"}
			}
		},
		{
			"name": "octagon",
			"from": [7.56336, 5.32008, 6.81885],
			"to": [8.43664, 5.81669, 7.18115],
			"rotation": {"angle": -45, "axis": "y", "origin": [8, 6.064, 7]},
			"faces": {
				"north": {"uv": [16, 0, 12, 16], "texture": "#6"},
				"east": {"uv": [16, 0, 12, 16], "texture": "#6"},
				"south": {"uv": [16, 0, 12, 16], "texture": "#6"},
				"west": {"uv": [16, 0, 12, 16], "texture": "#6"},
				"up": {"uv": [8, 2.5, 4, 6.5], "texture": "#6"},
				"down": {"uv": [8, 2.5, 4, 6.5], "texture": "#6"}
			}
		},
		{
			"name": "octagon",
			"from": [7.56311, 5.31983, 6.8186],
			"to": [8.43689, 5.81694, 7.1814],
			"rotation": {"angle": 0, "axis": "y", "origin": [8, 6.064, 7]},
			"faces": {
				"north": {"uv": [12, 0, 8, 16], "texture": "#6"},
				"east": {"uv": [12, 0, 8, 16], "texture": "#6"},
				"south": {"uv": [12, 0, 8, 16], "texture": "#6"},
				"west": {"uv": [12, 0, 8, 16], "texture": "#6"},
				"up": {"uv": [8, 2.5, 4, 6.5], "texture": "#6"},
				"down": {"uv": [8, 2.5, 4, 6.5], "texture": "#6"}
			}
		},
		{
			"name": "octagon",
			"from": [7.8191, 10.5243, 7.56361],
			"to": [8.1809, 10.8965, 8.43639],
			"rotation": {"angle": -45, "axis": "y", "origin": [8, 11.26797, 8]},
			"faces": {
				"north": {"uv": [8, 0, 4, 16], "texture": "#7"},
				"east": {"uv": [8, 0, 4, 16], "texture": "#7"},
				"south": {"uv": [8, 0, 4, 16], "texture": "#7"},
				"west": {"uv": [8, 0, 4, 16], "texture": "#7"},
				"up": {"uv": [0.5, 16, 15.5, 0], "rotation": 90, "texture": "#8"},
				"down": {"uv": [0.5, 16, 15.5, 0], "rotation": 90, "texture": "#8"}
			}
		},
		{
			"name": "octagon",
			"from": [7.81835, 10.52355, 7.56287],
			"to": [8.18165, 10.89725, 8.43713],
			"rotation": {"angle": 0, "axis": "y", "origin": [8, 11.26797, 8]},
			"faces": {
				"north": {"uv": [4, 0, 0, 16], "texture": "#7"},
				"east": {"uv": [4, 0, 0, 16], "texture": "#7"},
				"south": {"uv": [4, 0, 0, 16], "texture": "#7"},
				"west": {"uv": [4, 0, 0, 16], "texture": "#7"},
				"up": {"uv": [0, 16, 16, 0], "rotation": 90, "texture": "#8"},
				"down": {"uv": [0, 16, 16, 0], "rotation": 90, "texture": "#8"}
			}
		},
		{
			"name": "octagon",
			"from": [7.56336, 10.52405, 7.81885],
			"to": [8.43664, 10.89675, 8.18115],
			"rotation": {"angle": -45, "axis": "y", "origin": [8, 11.26797, 8]},
			"faces": {
				"north": {"uv": [16, 0, 12, 16], "texture": "#7"},
				"east": {"uv": [16, 0, 12, 16], "texture": "#7"},
				"south": {"uv": [16, 0, 12, 16], "texture": "#7"},
				"west": {"uv": [16, 0, 12, 16], "texture": "#7"},
				"up": {"uv": [15.5, 0, 0.5, 16], "texture": "#8"},
				"down": {"uv": [15.5, 0, 0.5, 16], "texture": "#8"}
			}
		},
		{
			"name": "octagon",
			"from": [7.56311, 10.5238, 7.8186],
			"to": [8.43689, 10.897, 8.1814],
			"rotation": {"angle": 0, "axis": "y", "origin": [8, 11.26797, 8]},
			"faces": {
				"north": {"uv": [12, 0, 8, 16], "texture": "#7"},
				"east": {"uv": [12, 0, 8, 16], "texture": "#7"},
				"south": {"uv": [12, 0, 8, 16], "texture": "#7"},
				"west": {"uv": [12, 0, 8, 16], "texture": "#7"},
				"up": {"uv": [16, 0, 0, 16], "texture": "#8"},
				"down": {"uv": [16, 0, 0, 16], "texture": "#8"}
			}
		},
		{
			"name": "octagon",
			"from": [7.9005, 5.69204, 7.75999],
			"to": [8.0995, 10.7726, 8.24001],
			"rotation": {"angle": -45, "axis": "y", "origin": [8, 6.43571, 8]},
			"faces": {
				"north": {"uv": [8, 0, 4, 16], "texture": "#5"},
				"east": {"uv": [8, 0, 4, 16], "texture": "#5"},
				"south": {"uv": [8, 0, 4, 16], "texture": "#5"},
				"west": {"uv": [8, 0, 4, 16], "texture": "#5"},
				"up": {"uv": [8, 2.5, 4, 6.5], "texture": "#5"},
				"down": {"uv": [8, 2.5, 4, 6.5], "texture": "#5"}
			}
		},
		{
			"name": "octagon",
			"from": [7.90064, 5.69229, 7.76012],
			"to": [8.09936, 10.77235, 8.23988],
			"rotation": {"angle": 0, "axis": "y", "origin": [8, 6.43571, 8]},
			"faces": {
				"north": {"uv": [4, 0, 0, 16], "texture": "#5"},
				"east": {"uv": [4, 0, 0, 16], "texture": "#5"},
				"south": {"uv": [4, 0, 0, 16], "texture": "#5"},
				"west": {"uv": [4, 0, 0, 16], "texture": "#5"},
				"up": {"uv": [8, 2.5, 4, 6.5], "texture": "#5"},
				"down": {"uv": [8, 2.5, 4, 6.5], "texture": "#5"}
			}
		},
		{
			"name": "octagon",
			"from": [7.75985, 5.69179, 7.90037],
			"to": [8.24015, 10.77285, 8.09963],
			"rotation": {"angle": -45, "axis": "y", "origin": [8, 6.43571, 8]},
			"faces": {
				"north": {"uv": [16, 0, 12, 16], "texture": "#5"},
				"east": {"uv": [16, 0, 12, 16], "texture": "#5"},
				"south": {"uv": [16, 0, 12, 16], "texture": "#5"},
				"west": {"uv": [16, 0, 12, 16], "texture": "#5"},
				"up": {"uv": [8, 2.5, 4, 6.5], "texture": "#5"},
				"down": {"uv": [8, 2.5, 4, 6.5], "texture": "#5"}
			}
		},
		{
			"name": "octagon",
			"from": [7.75971, 5.69154, 7.90023],
			"to": [8.24029, 10.7731, 8.09977],
			"rotation": {"angle": 0, "axis": "y", "origin": [8, 6.43571, 8]},
			"faces": {
				"north": {"uv": [12, 0, 8, 16], "texture": "#5"},
				"east": {"uv": [12, 0, 8, 16], "texture": "#5"},
				"south": {"uv": [12, 0, 8, 16], "texture": "#5"},
				"west": {"uv": [12, 0, 8, 16], "texture": "#5"},
				"up": {"uv": [8, 2.5, 4, 6.5], "texture": "#5"},
				"down": {"uv": [8, 2.5, 4, 6.5], "texture": "#5"}
			}
		},
		{
			"name": "octagon",
			"from": [7.82986, 10.15258, 7.58958],
			"to": [8.17014, 10.21503, 8.41042],
			"rotation": {"angle": -45, "axis": "y", "origin": [8, 7.42694, 8]},
			"faces": {
				"north": {"uv": [8, 0, 4, 16], "texture": "#5"},
				"east": {"uv": [8, 0, 4, 16], "texture": "#5"},
				"south": {"uv": [8, 0, 4, 16], "texture": "#5"},
				"west": {"uv": [8, 0, 4, 16], "texture": "#5"},
				"up": {"uv": [8, 2.5, 4, 6.5], "texture": "#5"},
				"down": {"uv": [8, 2.5, 4, 6.5], "texture": "#5"}
			}
		},
		{
			"name": "octagon",
			"from": [7.83009, 10.15283, 7.58981],
			"to": [8.16991, 10.21478, 8.41019],
			"rotation": {"angle": 0, "axis": "y", "origin": [8, 7.42694, 8]},
			"faces": {
				"north": {"uv": [4, 0, 0, 16], "texture": "#5"},
				"east": {"uv": [4, 0, 0, 16], "texture": "#5"},
				"south": {"uv": [4, 0, 0, 16], "texture": "#5"},
				"west": {"uv": [4, 0, 0, 16], "texture": "#5"},
				"up": {"uv": [8, 2.5, 4, 6.5], "texture": "#5"},
				"down": {"uv": [8, 2.5, 4, 6.5], "texture": "#5"}
			}
		},
		{
			"name": "octagon",
			"from": [7.58934, 10.15234, 7.82963],
			"to": [8.41066, 10.21528, 8.17037],
			"rotation": {"angle": -45, "axis": "y", "origin": [8, 7.42694, 8]},
			"faces": {
				"north": {"uv": [16, 0, 12, 16], "texture": "#5"},
				"east": {"uv": [16, 0, 12, 16], "texture": "#5"},
				"south": {"uv": [16, 0, 12, 16], "texture": "#5"},
				"west": {"uv": [16, 0, 12, 16], "texture": "#5"},
				"up": {"uv": [8, 2.5, 4, 6.5], "texture": "#5"},
				"down": {"uv": [8, 2.5, 4, 6.5], "texture": "#5"}
			}
		},
		{
			"name": "octagon",
			"from": [7.58911, 10.15209, 7.82939],
			"to": [8.41089, 10.21553, 8.17061],
			"rotation": {"angle": 0, "axis": "y", "origin": [8, 7.42694, 8]},
			"faces": {
				"north": {"uv": [12, 0, 8, 16], "texture": "#5"},
				"east": {"uv": [12, 0, 8, 16], "texture": "#5"},
				"south": {"uv": [12, 0, 8, 16], "texture": "#5"},
				"west": {"uv": [12, 0, 8, 16], "texture": "#5"},
				"up": {"uv": [8, 2.5, 4, 6.5], "texture": "#5"},
				"down": {"uv": [8, 2.5, 4, 6.5], "texture": "#5"}
			}
		},
		{
			"name": "octagon",
			"from": [7.86219, 10.15258, 7.66756],
			"to": [8.13781, 10.33894, 8.33244],
			"rotation": {"angle": -45, "axis": "y", "origin": [8, 7.42694, 8]},
			"faces": {
				"north": {"uv": [8, 0, 4, 16], "texture": "#5"},
				"east": {"uv": [8, 0, 4, 16], "texture": "#5"},
				"south": {"uv": [8, 0, 4, 16], "texture": "#5"},
				"west": {"uv": [8, 0, 4, 16], "texture": "#5"},
				"up": {"uv": [8, 2.5, 4, 6.5], "texture": "#5"},
				"down": {"uv": [8, 2.5, 4, 6.5], "texture": "#5"}
			}
		},
		{
			"name": "octagon",
			"from": [7.86238, 10.15283, 7.66774],
			"to": [8.13762, 10.33869, 8.33226],
			"rotation": {"angle": 0, "axis": "y", "origin": [8, 7.42694, 8]},
			"faces": {
				"north": {"uv": [4, 0, 0, 16], "texture": "#5"},
				"east": {"uv": [4, 0, 0, 16], "texture": "#5"},
				"south": {"uv": [4, 0, 0, 16], "texture": "#5"},
				"west": {"uv": [4, 0, 0, 16], "texture": "#5"},
				"up": {"uv": [8, 2.5, 4, 6.5], "texture": "#5"},
				"down": {"uv": [8, 2.5, 4, 6.5], "texture": "#5"}
			}
		},
		{
			"name": "octagon",
			"from": [7.66737, 10.15234, 7.862],
			"to": [8.33263, 10.33918, 8.138],
			"rotation": {"angle": -45, "axis": "y", "origin": [8, 7.42694, 8]},
			"faces": {
				"north": {"uv": [16, 0, 12, 16], "texture": "#5"},
				"east": {"uv": [16, 0, 12, 16], "texture": "#5"},
				"south": {"uv": [16, 0, 12, 16], "texture": "#5"},
				"west": {"uv": [16, 0, 12, 16], "texture": "#5"},
				"up": {"uv": [8, 2.5, 4, 6.5], "texture": "#5"},
				"down": {"uv": [8, 2.5, 4, 6.5], "texture": "#5"}
			}
		},
		{
			"name": "octagon",
			"from": [7.66718, 10.15209, 7.86181],
			"to": [8.33282, 10.33943, 8.13819],
			"rotation": {"angle": 0, "axis": "y", "origin": [8, 7.42694, 8]},
			"faces": {
				"north": {"uv": [12, 0, 8, 16], "texture": "#5"},
				"east": {"uv": [12, 0, 8, 16], "texture": "#5"},
				"south": {"uv": [12, 0, 8, 16], "texture": "#5"},
				"west": {"uv": [12, 0, 8, 16], "texture": "#5"},
				"up": {"uv": [8, 2.5, 4, 6.5], "texture": "#5"},
				"down": {"uv": [8, 2.5, 4, 6.5], "texture": "#5"}
			}
		},
		{
			"name": "octagon",
			"from": [7.82986, 5.25838, 7.58958],
			"to": [8.17014, 5.32082, 8.41042],
			"rotation": {"angle": -45, "axis": "y", "origin": [8, 2.53274, 8]},
			"faces": {
				"north": {"uv": [8, 0, 4, 16], "texture": "#5"},
				"east": {"uv": [8, 0, 4, 16], "texture": "#5"},
				"south": {"uv": [8, 0, 4, 16], "texture": "#5"},
				"west": {"uv": [8, 0, 4, 16], "texture": "#5"},
				"up": {"uv": [8, 2.5, 4, 6.5], "texture": "#5"},
				"down": {"uv": [8, 2.5, 4, 6.5], "texture": "#5"}
			}
		},
		{
			"name": "octagon",
			"from": [7.83009, 5.25862, 7.58981],
			"to": [8.16991, 5.32058, 8.41019],
			"rotation": {"angle": 0, "axis": "y", "origin": [8, 2.53274, 8]},
			"faces": {
				"north": {"uv": [4, 0, 0, 16], "texture": "#5"},
				"east": {"uv": [4, 0, 0, 16], "texture": "#5"},
				"south": {"uv": [4, 0, 0, 16], "texture": "#5"},
				"west": {"uv": [4, 0, 0, 16], "texture": "#5"},
				"up": {"uv": [8, 2.5, 4, 6.5], "texture": "#5"},
				"down": {"uv": [8, 2.5, 4, 6.5], "texture": "#5"}
			}
		},
		{
			"name": "octagon",
			"from": [7.58934, 5.25813, 7.82963],
			"to": [8.41066, 5.32107, 8.17037],
			"rotation": {"angle": -45, "axis": "y", "origin": [8, 2.53274, 8]},
			"faces": {
				"north": {"uv": [16, 0, 12, 16], "texture": "#5"},
				"east": {"uv": [16, 0, 12, 16], "texture": "#5"},
				"south": {"uv": [16, 0, 12, 16], "texture": "#5"},
				"west": {"uv": [16, 0, 12, 16], "texture": "#5"},
				"up": {"uv": [8, 2.5, 4, 6.5], "texture": "#5"},
				"down": {"uv": [8, 2.5, 4, 6.5], "texture": "#5"}
			}
		},
		{
			"name": "octagon",
			"from": [7.58911, 5.25788, 7.82939],
			"to": [8.41089, 5.32132, 8.17061],
			"rotation": {"angle": 0, "axis": "y", "origin": [8, 2.53274, 8]},
			"faces": {
				"north": {"uv": [12, 0, 8, 16], "texture": "#5"},
				"east": {"uv": [12, 0, 8, 16], "texture": "#5"},
				"south": {"uv": [12, 0, 8, 16], "texture": "#5"},
				"west": {"uv": [12, 0, 8, 16], "texture": "#5"},
				"up": {"uv": [8, 2.5, 4, 6.5], "texture": "#5"},
				"down": {"uv": [8, 2.5, 4, 6.5], "texture": "#5"}
			}
		},
		{
			"name": "octagon",
			"from": [7.8191, 5.93985, 7.56361],
			"to": [8.1809, 10.15308, 8.43639],
			"rotation": {"angle": -45, "axis": "y", "origin": [8, 6.1879, 8]},
			"faces": {
				"north": {"uv": [8, 0, 4, 16], "texture": "#6"},
				"east": {"uv": [8, 0, 4, 16], "texture": "#6"},
				"south": {"uv": [8, 0, 4, 16], "texture": "#6"},
				"west": {"uv": [8, 0, 4, 16], "texture": "#6"},
				"up": {"uv": [8, 2.5, 4, 6.5], "texture": "#6"},
				"down": {"uv": [8, 2.5, 4, 6.5], "texture": "#6"}
			}
		},
		{
			"name": "octagon",
			"from": [7.81934, 5.9401, 7.56386],
			"to": [8.18066, 10.15283, 8.43614],
			"rotation": {"angle": 0, "axis": "y", "origin": [8, 6.1879, 8]},
			"faces": {
				"north": {"uv": [4, 0, 0, 16], "texture": "#6"},
				"east": {"uv": [4, 0, 0, 16], "texture": "#6"},
				"south": {"uv": [4, 0, 0, 16], "texture": "#6"},
				"west": {"uv": [4, 0, 0, 16], "texture": "#6"},
				"up": {"uv": [8, 2.5, 4, 6.5], "texture": "#6"},
				"down": {"uv": [8, 2.5, 4, 6.5], "texture": "#6"}
			}
		},
		{
			"name": "octagon",
			"from": [7.56336, 5.9396, 7.81885],
			"to": [8.43664, 10.15333, 8.18115],
			"rotation": {"angle": -45, "axis": "y", "origin": [8, 6.1879, 8]},
			"faces": {
				"north": {"uv": [16, 0, 12, 16], "texture": "#6"},
				"east": {"uv": [16, 0, 12, 16], "texture": "#6"},
				"south": {"uv": [16, 0, 12, 16], "texture": "#6"},
				"west": {"uv": [16, 0, 12, 16], "texture": "#6"},
				"up": {"uv": [8, 2.5, 4, 6.5], "texture": "#6"},
				"down": {"uv": [8, 2.5, 4, 6.5], "texture": "#6"}
			}
		},
		{
			"name": "octagon",
			"from": [7.56311, 5.93935, 7.8186],
			"to": [8.43689, 10.15358, 8.1814],
			"rotation": {"angle": 0, "axis": "y", "origin": [8, 6.1879, 8]},
			"faces": {
				"north": {"uv": [12, 0, 8, 16], "texture": "#6"},
				"east": {"uv": [12, 0, 8, 16], "texture": "#6"},
				"south": {"uv": [12, 0, 8, 16], "texture": "#6"},
				"west": {"uv": [12, 0, 8, 16], "texture": "#6"},
				"up": {"uv": [8, 2.5, 4, 6.5], "texture": "#6"},
				"down": {"uv": [8, 2.5, 4, 6.5], "texture": "#6"}
			}
		},
		{
			"name": "octagon",
			"from": [7.8191, 5.32033, 7.56361],
			"to": [8.1809, 5.81644, 8.43639],
			"rotation": {"angle": -45, "axis": "y", "origin": [8, 6.064, 8]},
			"faces": {
				"north": {"uv": [8, 0, 4, 16], "texture": "#6"},
				"east": {"uv": [8, 0, 4, 16], "texture": "#6"},
				"south": {"uv": [8, 0, 4, 16], "texture": "#6"},
				"west": {"uv": [8, 0, 4, 16], "texture": "#6"},
				"up": {"uv": [8, 2.5, 4, 6.5], "texture": "#6"},
				"down": {"uv": [8, 2.5, 4, 6.5], "texture": "#6"}
			}
		},
		{
			"name": "octagon",
			"from": [7.81934, 5.32058, 7.56386],
			"to": [8.18066, 5.81619, 8.43614],
			"rotation": {"angle": 0, "axis": "y", "origin": [8, 6.064, 8]},
			"faces": {
				"north": {"uv": [4, 0, 0, 16], "texture": "#6"},
				"east": {"uv": [4, 0, 0, 16], "texture": "#6"},
				"south": {"uv": [4, 0, 0, 16], "texture": "#6"},
				"west": {"uv": [4, 0, 0, 16], "texture": "#6"},
				"up": {"uv": [8, 2.5, 4, 6.5], "texture": "#6"},
				"down": {"uv": [8, 2.5, 4, 6.5], "texture": "#6"}
			}
		},
		{
			"name": "octagon",
			"from": [7.56336, 5.32008, 7.81885],
			"to": [8.43664, 5.81669, 8.18115],
			"rotation": {"angle": -45, "axis": "y", "origin": [8, 6.064, 8]},
			"faces": {
				"north": {"uv": [16, 0, 12, 16], "texture": "#6"},
				"east": {"uv": [16, 0, 12, 16], "texture": "#6"},
				"south": {"uv": [16, 0, 12, 16], "texture": "#6"},
				"west": {"uv": [16, 0, 12, 16], "texture": "#6"},
				"up": {"uv": [8, 2.5, 4, 6.5], "texture": "#6"},
				"down": {"uv": [8, 2.5, 4, 6.5], "texture": "#6"}
			}
		},
		{
			"name": "octagon",
			"from": [7.56311, 5.31983, 7.8186],
			"to": [8.43689, 5.81694, 8.1814],
			"rotation": {"angle": 0, "axis": "y", "origin": [8, 6.064, 8]},
			"faces": {
				"north": {"uv": [12, 0, 8, 16], "texture": "#6"},
				"east": {"uv": [12, 0, 8, 16], "texture": "#6"},
				"south": {"uv": [12, 0, 8, 16], "texture": "#6"},
				"west": {"uv": [12, 0, 8, 16], "texture": "#6"},
				"up": {"uv": [8, 2.5, 4, 6.5], "texture": "#6"},
				"down": {"uv": [8, 2.5, 4, 6.5], "texture": "#6"}
			}
		},
		{
			"name": "octagon",
			"from": [7.8191, 10.5243, 8.56361],
			"to": [8.1809, 10.8965, 9.43639],
			"rotation": {"angle": -45, "axis": "y", "origin": [8, 11.26797, 9]},
			"faces": {
				"north": {"uv": [8, 0, 4, 16], "texture": "#7"},
				"east": {"uv": [8, 0, 4, 16], "texture": "#7"},
				"south": {"uv": [8, 0, 4, 16], "texture": "#7"},
				"west": {"uv": [8, 0, 4, 16], "texture": "#7"},
				"up": {"uv": [0.5, 16, 15.5, 0], "rotation": 90, "texture": "#8"},
				"down": {"uv": [0.5, 16, 15.5, 0], "rotation": 90, "texture": "#8"}
			}
		},
		{
			"name": "octagon",
			"from": [7.81835, 10.52355, 8.56287],
			"to": [8.18165, 10.89725, 9.43713],
			"rotation": {"angle": 0, "axis": "y", "origin": [8, 11.26797, 9]},
			"faces": {
				"north": {"uv": [4, 0, 0, 16], "texture": "#7"},
				"east": {"uv": [4, 0, 0, 16], "texture": "#7"},
				"south": {"uv": [4, 0, 0, 16], "texture": "#7"},
				"west": {"uv": [4, 0, 0, 16], "texture": "#7"},
				"up": {"uv": [0, 16, 16, 0], "rotation": 90, "texture": "#8"},
				"down": {"uv": [0, 16, 16, 0], "rotation": 90, "texture": "#8"}
			}
		},
		{
			"name": "octagon",
			"from": [7.56336, 10.52405, 8.81885],
			"to": [8.43664, 10.89675, 9.18115],
			"rotation": {"angle": -45, "axis": "y", "origin": [8, 11.26797, 9]},
			"faces": {
				"north": {"uv": [16, 0, 12, 16], "texture": "#7"},
				"east": {"uv": [16, 0, 12, 16], "texture": "#7"},
				"south": {"uv": [16, 0, 12, 16], "texture": "#7"},
				"west": {"uv": [16, 0, 12, 16], "texture": "#7"},
				"up": {"uv": [15.5, 0, 0.5, 16], "texture": "#8"},
				"down": {"uv": [15.5, 0, 0.5, 16], "texture": "#8"}
			}
		},
		{
			"name": "octagon",
			"from": [7.56311, 10.5238, 8.8186],
			"to": [8.43689, 10.897, 9.1814],
			"rotation": {"angle": 0, "axis": "y", "origin": [8, 11.26797, 9]},
			"faces": {
				"north": {"uv": [12, 0, 8, 16], "texture": "#7"},
				"east": {"uv": [12, 0, 8, 16], "texture": "#7"},
				"south": {"uv": [12, 0, 8, 16], "texture": "#7"},
				"west": {"uv": [12, 0, 8, 16], "texture": "#7"},
				"up": {"uv": [16, 0, 0, 16], "texture": "#8"},
				"down": {"uv": [16, 0, 0, 16], "texture": "#8"}
			}
		},
		{
			"name": "octagon",
			"from": [7.9005, 5.69204, 8.75999],
			"to": [8.0995, 10.7726, 9.24001],
			"rotation": {"angle": -45, "axis": "y", "origin": [8, 6.43571, 9]},
			"faces": {
				"north": {"uv": [8, 0, 4, 16], "texture": "#5"},
				"east": {"uv": [8, 0, 4, 16], "texture": "#5"},
				"south": {"uv": [8, 0, 4, 16], "texture": "#5"},
				"west": {"uv": [8, 0, 4, 16], "texture": "#5"},
				"up": {"uv": [8, 2.5, 4, 6.5], "texture": "#5"},
				"down": {"uv": [8, 2.5, 4, 6.5], "texture": "#5"}
			}
		},
		{
			"name": "octagon",
			"from": [7.90064, 5.69229, 8.76012],
			"to": [8.09936, 10.77235, 9.23988],
			"rotation": {"angle": 0, "axis": "y", "origin": [8, 6.43571, 9]},
			"faces": {
				"north": {"uv": [4, 0, 0, 16], "texture": "#5"},
				"east": {"uv": [4, 0, 0, 16], "texture": "#5"},
				"south": {"uv": [4, 0, 0, 16], "texture": "#5"},
				"west": {"uv": [4, 0, 0, 16], "texture": "#5"},
				"up": {"uv": [8, 2.5, 4, 6.5], "texture": "#5"},
				"down": {"uv": [8, 2.5, 4, 6.5], "texture": "#5"}
			}
		},
		{
			"name": "octagon",
			"from": [7.75985, 5.69179, 8.90037],
			"to": [8.24015, 10.77285, 9.09963],
			"rotation": {"angle": -45, "axis": "y", "origin": [8, 6.43571, 9]},
			"faces": {
				"north": {"uv": [16, 0, 12, 16], "texture": "#5"},
				"east": {"uv": [16, 0, 12, 16], "texture": "#5"},
				"south": {"uv": [16, 0, 12, 16], "texture": "#5"},
				"west": {"uv": [16, 0, 12, 16], "texture": "#5"},
				"up": {"uv": [8, 2.5, 4, 6.5], "texture": "#5"},
				"down": {"uv": [8, 2.5, 4, 6.5], "texture": "#5"}
			}
		},
		{
			"name": "octagon",
			"from": [7.75971, 5.69154, 8.90023],
			"to": [8.24029, 10.7731, 9.09977],
			"rotation": {"angle": 0, "axis": "y", "origin": [8, 6.43571, 9]},
			"faces": {
				"north": {"uv": [12, 0, 8, 16], "texture": "#5"},
				"east": {"uv": [12, 0, 8, 16], "texture": "#5"},
				"south": {"uv": [12, 0, 8, 16], "texture": "#5"},
				"west": {"uv": [12, 0, 8, 16], "texture": "#5"},
				"up": {"uv": [8, 2.5, 4, 6.5], "texture": "#5"},
				"down": {"uv": [8, 2.5, 4, 6.5], "texture": "#5"}
			}
		},
		{
			"name": "octagon",
			"from": [7.82986, 10.15258, 8.58958],
			"to": [8.17014, 10.21503, 9.41042],
			"rotation": {"angle": -45, "axis": "y", "origin": [8, 7.42694, 9]},
			"faces": {
				"north": {"uv": [8, 0, 4, 16], "texture": "#5"},
				"east": {"uv": [8, 0, 4, 16], "texture": "#5"},
				"south": {"uv": [8, 0, 4, 16], "texture": "#5"},
				"west": {"uv": [8, 0, 4, 16], "texture": "#5"},
				"up": {"uv": [8, 2.5, 4, 6.5], "texture": "#5"},
				"down": {"uv": [8, 2.5, 4, 6.5], "texture": "#5"}
			}
		},
		{
			"name": "octagon",
			"from": [7.83009, 10.15283, 8.58981],
			"to": [8.16991, 10.21478, 9.41019],
			"rotation": {"angle": 0, "axis": "y", "origin": [8, 7.42694, 9]},
			"faces": {
				"north": {"uv": [4, 0, 0, 16], "texture": "#5"},
				"east": {"uv": [4, 0, 0, 16], "texture": "#5"},
				"south": {"uv": [4, 0, 0, 16], "texture": "#5"},
				"west": {"uv": [4, 0, 0, 16], "texture": "#5"},
				"up": {"uv": [8, 2.5, 4, 6.5], "texture": "#5"},
				"down": {"uv": [8, 2.5, 4, 6.5], "texture": "#5"}
			}
		},
		{
			"name": "octagon",
			"from": [7.58934, 10.15234, 8.82963],
			"to": [8.41066, 10.21528, 9.17037],
			"rotation": {"angle": -45, "axis": "y", "origin": [8, 7.42694, 9]},
			"faces": {
				"north": {"uv": [16, 0, 12, 16], "texture": "#5"},
				"east": {"uv": [16, 0, 12, 16], "texture": "#5"},
				"south": {"uv": [16, 0, 12, 16], "texture": "#5"},
				"west": {"uv": [16, 0, 12, 16], "texture": "#5"},
				"up": {"uv": [8, 2.5, 4, 6.5], "texture": "#5"},
				"down": {"uv": [8, 2.5, 4, 6.5], "texture": "#5"}
			}
		},
		{
			"name": "octagon",
			"from": [7.58911, 10.15209, 8.82939],
			"to": [8.41089, 10.21553, 9.17061],
			"rotation": {"angle": 0, "axis": "y", "origin": [8, 7.42694, 9]},
			"faces": {
				"north": {"uv": [12, 0, 8, 16], "texture": "#5"},
				"east": {"uv": [12, 0, 8, 16], "texture": "#5"},
				"south": {"uv": [12, 0, 8, 16], "texture": "#5"},
				"west": {"uv": [12, 0, 8, 16], "texture": "#5"},
				"up": {"uv": [8, 2.5, 4, 6.5], "texture": "#5"},
				"down": {"uv": [8, 2.5, 4, 6.5], "texture": "#5"}
			}
		},
		{
			"name": "octagon",
			"from": [7.86219, 10.15258, 8.66756],
			"to": [8.13781, 10.33894, 9.33244],
			"rotation": {"angle": -45, "axis": "y", "origin": [8, 7.42694, 9]},
			"faces": {
				"north": {"uv": [8, 0, 4, 16], "texture": "#5"},
				"east": {"uv": [8, 0, 4, 16], "texture": "#5"},
				"south": {"uv": [8, 0, 4, 16], "texture": "#5"},
				"west": {"uv": [8, 0, 4, 16], "texture": "#5"},
				"up": {"uv": [8, 2.5, 4, 6.5], "texture": "#5"},
				"down": {"uv": [8, 2.5, 4, 6.5], "texture": "#5"}
			}
		},
		{
			"name": "octagon",
			"from": [7.86238, 10.15283, 8.66774],
			"to": [8.13762, 10.33869, 9.33226],
			"rotation": {"angle": 0, "axis": "y", "origin": [8, 7.42694, 9]},
			"faces": {
				"north": {"uv": [4, 0, 0, 16], "texture": "#5"},
				"east": {"uv": [4, 0, 0, 16], "texture": "#5"},
				"south": {"uv": [4, 0, 0, 16], "texture": "#5"},
				"west": {"uv": [4, 0, 0, 16], "texture": "#5"},
				"up": {"uv": [8, 2.5, 4, 6.5], "texture": "#5"},
				"down": {"uv": [8, 2.5, 4, 6.5], "texture": "#5"}
			}
		},
		{
			"name": "octagon",
			"from": [7.66737, 10.15234, 8.862],
			"to": [8.33263, 10.33918, 9.138],
			"rotation": {"angle": -45, "axis": "y", "origin": [8, 7.42694, 9]},
			"faces": {
				"north": {"uv": [16, 0, 12, 16], "texture": "#5"},
				"east": {"uv": [16, 0, 12, 16], "texture": "#5"},
				"south": {"uv": [16, 0, 12, 16], "texture": "#5"},
				"west": {"uv": [16, 0, 12, 16], "texture": "#5"},
				"up": {"uv": [8, 2.5, 4, 6.5], "texture": "#5"},
				"down": {"uv": [8, 2.5, 4, 6.5], "texture": "#5"}
			}
		},
		{
			"name": "octagon",
			"from": [7.66718, 10.15209, 8.86181],
			"to": [8.33282, 10.33943, 9.13819],
			"rotation": {"angle": 0, "axis": "y", "origin": [8, 7.42694, 9]},
			"faces": {
				"north": {"uv": [12, 0, 8, 16], "texture": "#5"},
				"east": {"uv": [12, 0, 8, 16], "texture": "#5"},
				"south": {"uv": [12, 0, 8, 16], "texture": "#5"},
				"west": {"uv": [12, 0, 8, 16], "texture": "#5"},
				"up": {"uv": [8, 2.5, 4, 6.5], "texture": "#5"},
				"down": {"uv": [8, 2.5, 4, 6.5], "texture": "#5"}
			}
		},
		{
			"name": "octagon",
			"from": [7.82986, 5.25838, 8.58958],
			"to": [8.17014, 5.32082, 9.41042],
			"rotation": {"angle": -45, "axis": "y", "origin": [8, 2.53274, 9]},
			"faces": {
				"north": {"uv": [8, 0, 4, 16], "texture": "#5"},
				"east": {"uv": [8, 0, 4, 16], "texture": "#5"},
				"south": {"uv": [8, 0, 4, 16], "texture": "#5"},
				"west": {"uv": [8, 0, 4, 16], "texture": "#5"},
				"up": {"uv": [8, 2.5, 4, 6.5], "texture": "#5"},
				"down": {"uv": [8, 2.5, 4, 6.5], "texture": "#5"}
			}
		},
		{
			"name": "octagon",
			"from": [7.83009, 5.25862, 8.58981],
			"to": [8.16991, 5.32058, 9.41019],
			"rotation": {"angle": 0, "axis": "y", "origin": [8, 2.53274, 9]},
			"faces": {
				"north": {"uv": [4, 0, 0, 16], "texture": "#5"},
				"east": {"uv": [4, 0, 0, 16], "texture": "#5"},
				"south": {"uv": [4, 0, 0, 16], "texture": "#5"},
				"west": {"uv": [4, 0, 0, 16], "texture": "#5"},
				"up": {"uv": [8, 2.5, 4, 6.5], "texture": "#5"},
				"down": {"uv": [8, 2.5, 4, 6.5], "texture": "#5"}
			}
		},
		{
			"name": "octagon",
			"from": [7.58934, 5.25813, 8.82963],
			"to": [8.41066, 5.32107, 9.17037],
			"rotation": {"angle": -45, "axis": "y", "origin": [8, 2.53274, 9]},
			"faces": {
				"north": {"uv": [16, 0, 12, 16], "texture": "#5"},
				"east": {"uv": [16, 0, 12, 16], "texture": "#5"},
				"south": {"uv": [16, 0, 12, 16], "texture": "#5"},
				"west": {"uv": [16, 0, 12, 16], "texture": "#5"},
				"up": {"uv": [8, 2.5, 4, 6.5], "texture": "#5"},
				"down": {"uv": [8, 2.5, 4, 6.5], "texture": "#5"}
			}
		},
		{
			"name": "octagon",
			"from": [7.58911, 5.25788, 8.82939],
			"to": [8.41089, 5.32132, 9.17061],
			"rotation": {"angle": 0, "axis": "y", "origin": [8, 2.53274, 9]},
			"faces": {
				"north": {"uv": [12, 0, 8, 16], "texture": "#5"},
				"east": {"uv": [12, 0, 8, 16], "texture": "#5"},
				"south": {"uv": [12, 0, 8, 16], "texture": "#5"},
				"west": {"uv": [12, 0, 8, 16], "texture": "#5"},
				"up": {"uv": [8, 2.5, 4, 6.5], "texture": "#5"},
				"down": {"uv": [8, 2.5, 4, 6.5], "texture": "#5"}
			}
		},
		{
			"name": "octagon",
			"from": [7.8191, 5.93985, 8.56361],
			"to": [8.1809, 10.15308, 9.43639],
			"rotation": {"angle": -45, "axis": "y", "origin": [8, 6.1879, 9]},
			"faces": {
				"north": {"uv": [8, 0, 4, 16], "texture": "#6"},
				"east": {"uv": [8, 0, 4, 16], "texture": "#6"},
				"south": {"uv": [8, 0, 4, 16], "texture": "#6"},
				"west": {"uv": [8, 0, 4, 16], "texture": "#6"},
				"up": {"uv": [8, 2.5, 4, 6.5], "texture": "#6"},
				"down": {"uv": [8, 2.5, 4, 6.5], "texture": "#6"}
			}
		},
		{
			"name": "octagon",
			"from": [7.81934, 5.9401, 8.56386],
			"to": [8.18066, 10.15283, 9.43614],
			"rotation": {"angle": 0, "axis": "y", "origin": [8, 6.1879, 9]},
			"faces": {
				"north": {"uv": [4, 0, 0, 16], "texture": "#6"},
				"east": {"uv": [4, 0, 0, 16], "texture": "#6"},
				"south": {"uv": [4, 0, 0, 16], "texture": "#6"},
				"west": {"uv": [4, 0, 0, 16], "texture": "#6"},
				"up": {"uv": [8, 2.5, 4, 6.5], "texture": "#6"},
				"down": {"uv": [8, 2.5, 4, 6.5], "texture": "#6"}
			}
		},
		{
			"name": "octagon",
			"from": [7.56336, 5.9396, 8.81885],
			"to": [8.43664, 10.15333, 9.18115],
			"rotation": {"angle": -45, "axis": "y", "origin": [8, 6.1879, 9]},
			"faces": {
				"north": {"uv": [16, 0, 12, 16], "texture": "#6"},
				"east": {"uv": [16, 0, 12, 16], "texture": "#6"},
				"south": {"uv": [16, 0, 12, 16], "texture": "#6"},
				"west": {"uv": [16, 0, 12, 16], "texture": "#6"},
				"up": {"uv": [8, 2.5, 4, 6.5], "texture": "#6"},
				"down": {"uv": [8, 2.5, 4, 6.5], "texture": "#6"}
			}
		},
		{
			"name": "octagon",
			"from": [7.56311, 5.93935, 8.8186],
			"to": [8.43689, 10.15358, 9.1814],
			"rotation": {"angle": 0, "axis": "y", "origin": [8, 6.1879, 9]},
			"faces": {
				"north": {"uv": [12, 0, 8, 16], "texture": "#6"},
				"east": {"uv": [12, 0, 8, 16], "texture": "#6"},
				"south": {"uv": [12, 0, 8, 16], "texture": "#6"},
				"west": {"uv": [12, 0, 8, 16], "texture": "#6"},
				"up": {"uv": [8, 2.5, 4, 6.5], "texture": "#6"},
				"down": {"uv": [8, 2.5, 4, 6.5], "texture": "#6"}
			}
		},
		{
			"name": "octagon",
			"from": [7.8191, 5.32033, 8.56361],
			"to": [8.1809, 5.81644, 9.43639],
			"rotation": {"angle": -45, "axis": "y", "origin": [8, 6.064, 9]},
			"faces": {
				"north": {"uv": [8, 0, 4, 16], "texture": "#6"},
				"east": {"uv": [8, 0, 4, 16], "texture": "#6"},
				"south": {"uv": [8, 0, 4, 16], "texture": "#6"},
				"west": {"uv": [8, 0, 4, 16], "texture": "#6"},
				"up": {"uv": [8, 2.5, 4, 6.5], "texture": "#6"},
				"down": {"uv": [8, 2.5, 4, 6.5], "texture": "#6"}
			}
		},
		{
			"name": "octagon",
			"from": [7.81934, 5.32058, 8.56386],
			"to": [8.18066, 5.81619, 9.43614],
			"rotation": {"angle": 0, "axis": "y", "origin": [8, 6.064, 9]},
			"faces": {
				"north": {"uv": [4, 0, 0, 16], "texture": "#6"},
				"east": {"uv": [4, 0, 0, 16], "texture": "#6"},
				"south": {"uv": [4, 0, 0, 16], "texture": "#6"},
				"west": {"uv": [4, 0, 0, 16], "texture": "#6"},
				"up": {"uv": [8, 2.5, 4, 6.5], "texture": "#6"},
				"down": {"uv": [8, 2.5, 4, 6.5], "texture": "#6"}
			}
		},
		{
			"name": "octagon",
			"from": [7.56336, 5.32008, 8.81885],
			"to": [8.43664, 5.81669, 9.18115],
			"rotation": {"angle": -45, "axis": "y", "origin": [8, 6.064, 9]},
			"faces": {
				"north": {"uv": [16, 0, 12, 16], "texture": "#6"},
				"east": {"uv": [16, 0, 12, 16], "texture": "#6"},
				"south": {"uv": [16, 0, 12, 16], "texture": "#6"},
				"west": {"uv": [16, 0, 12, 16], "texture": "#6"},
				"up": {"uv": [8, 2.5, 4, 6.5], "texture": "#6"},
				"down": {"uv": [8, 2.5, 4, 6.5], "texture": "#6"}
			}
		},
		{
			"name": "octagon",
			"from": [7.56311, 5.31983, 8.8186],
			"to": [8.43689, 5.81694, 9.1814],
			"rotation": {"angle": 0, "axis": "y", "origin": [8, 6.064, 9]},
			"faces": {
				"north": {"uv": [12, 0, 8, 16], "texture": "#6"},
				"east": {"uv": [12, 0, 8, 16], "texture": "#6"},
				"south": {"uv": [12, 0, 8, 16], "texture": "#6"},
				"west": {"uv": [12, 0, 8, 16], "texture": "#6"},
				"up": {"uv": [8, 2.5, 4, 6.5], "texture": "#6"},
				"down": {"uv": [8, 2.5, 4, 6.5], "texture": "#6"}
			}
		}
	],
	"gui_light": "front",
	"display": {
		"thirdperson_righthand": {
			"rotation": [39.11, 5.42, 13.21],
			"translation": [0, -0.75, -1.25]
		},
		"thirdperson_lefthand": {
			"rotation": [39.11, 5.42, 13.21],
			"translation": [0, -0.75, -1.25]
		},
		"firstperson_righthand": {
			"rotation": [0, 42.5, 0],
			"scale": [1.25, 1.25, 1.25]
		},
		"firstperson_lefthand": {
			"rotation": [0, 42.5, 0],
			"scale": [1.25, 1.25, 1.25]
		},
		"ground": {
			"rotation": [0, 0, 90],
			"translation": [0, -1, 0],
			"scale": [1.46, 1.46, 1.46]
		},
		"gui": {
			"rotation": [-41.21, -71.75, -60.18],
			"scale": [2.5, 2.5, 2.5]
		},
		"fixed": {
			"rotation": [0, -90, 0],
			"translation": [0, 0, -0.75],
			"scale": [2.73, 2.73, 2.73]
		}
	},
	"groups": [
		{
			"name": "cartridges",
			"origin": [4.75, 16.4375, -5],
			"color": 0,
			"children": [
				{
					"name": "cartridge",
					"origin": [4.75, 16.4375, -5],
					"color": 0,
					"children": [
						{
							"name": "octagon",
							"origin": [4.75, 16.4375, -5],
							"color": 0,
							"children": [0, 1, 2, 3]
						},
						{
							"name": "octagon",
							"origin": [4.75, 16.4375, -5],
							"color": 0,
							"children": [4, 5, 6, 7]
						},
						{
							"name": "octagon",
							"origin": [4.75, 16.4375, -5],
							"color": 0,
							"children": [8, 9, 10, 11]
						},
						{
							"name": "octagon",
							"origin": [4.75, 16.4375, -5],
							"color": 0,
							"children": [12, 13, 14, 15]
						},
						{
							"name": "octagon",
							"origin": [4.75, 16.4375, -5],
							"color": 0,
							"children": [16, 17, 18, 19]
						},
						{
							"name": "octagon",
							"origin": [4.75, 16.4375, -5],
							"color": 0,
							"children": [20, 21, 22, 23]
						},
						{
							"name": "octagon",
							"origin": [4.75, 16.4375, -5],
							"color": 0,
							"children": [24, 25, 26, 27]
						}
					]
				},
				{
					"name": "cartridge",
					"origin": [4.75, 16.4375, -5],
					"color": 0,
					"children": [
						{
							"name": "octagon",
							"origin": [4.75, 16.4375, -5],
							"color": 0,
							"children": [28, 29, 30, 31]
						},
						{
							"name": "octagon",
							"origin": [4.75, 16.4375, -5],
							"color": 0,
							"children": [32, 33, 34, 35]
						},
						{
							"name": "octagon",
							"origin": [4.75, 16.4375, -5],
							"color": 0,
							"children": [36, 37, 38, 39]
						},
						{
							"name": "octagon",
							"origin": [4.75, 16.4375, -5],
							"color": 0,
							"children": [40, 41, 42, 43]
						},
						{
							"name": "octagon",
							"origin": [4.75, 16.4375, -5],
							"color": 0,
							"children": [44, 45, 46, 47]
						},
						{
							"name": "octagon",
							"origin": [4.75, 16.4375, -5],
							"color": 0,
							"children": [48, 49, 50, 51]
						},
						{
							"name": "octagon",
							"origin": [4.75, 16.4375, -5],
							"color": 0,
							"children": [52, 53, 54, 55]
						}
					]
				},
				{
					"name": "cartridge",
					"origin": [4.75, 16.4375, -5],
					"color": 0,
					"children": [
						{
							"name": "octagon",
							"origin": [4.75, 16.4375, -5],
							"color": 0,
							"children": [56, 57, 58, 59]
						},
						{
							"name": "octagon",
							"origin": [4.75, 16.4375, -5],
							"color": 0,
							"children": [60, 61, 62, 63]
						},
						{
							"name": "octagon",
							"origin": [4.75, 16.4375, -5],
							"color": 0,
							"children": [64, 65, 66, 67]
						},
						{
							"name": "octagon",
							"origin": [4.75, 16.4375, -5],
							"color": 0,
							"children": [68, 69, 70, 71]
						},
						{
							"name": "octagon",
							"origin": [4.75, 16.4375, -5],
							"color": 0,
							"children": [72, 73, 74, 75]
						},
						{
							"name": "octagon",
							"origin": [4.75, 16.4375, -5],
							"color": 0,
							"children": [76, 77, 78, 79]
						},
						{
							"name": "octagon",
							"origin": [4.75, 16.4375, -5],
							"color": 0,
							"children": [80, 81, 82, 83]
						}
					]
				}
			]
		}
	]
}