{
	"credit": "Made with Blockbench",
	"textures": {
		"0": "custom/odmgear/3dmg_gas_tank",
		"1": "custom/odmgear/3dmg_main",
		"4": "custom/odmgear/bright_metal",
		"5": "custom/odmgear/semi_bright_metal",
		"particle": "custom/odmgear/3dmg_gas_tank"
	},
	"elements": [
		{
			"from": [7.8075, 4.84685, 8.67774],
			"to": [8.19195, 5.35583, 9.28872],
			"rotation": {"angle": 22.5, "axis": "x", "origin": [7.99972, 5.22884, 8.98323]},
			"faces": {
				"north": {"uv": [0, 0, 5, 3.75], "texture": "#0"},
				"east": {"uv": [0, 0, 5, 3.75], "texture": "#0"},
				"south": {"uv": [0, 0, 5, 3.75], "texture": "#0"},
				"west": {"uv": [0, 0, 5, 3.75], "texture": "#0"},
				"up": {"uv": [0, 0, 5, 3.75], "texture": "#0"},
				"down": {"uv": [1.5, 0, 3.75, 2.75], "texture": "#0"}
			}
		},
		{
			"from": [7.72432, 8.51864, 8.1193],
			"to": [8.27512, 9.79864, 9.1393],
			"rotation": {"angle": 0, "axis": "y", "origin": [7.17352, 3.67864, 8.1193]},
			"faces": {
				"north": {"uv": [0, 0, 5, 5.75], "texture": "#0"},
				"east": {"uv": [0, 0, 5, 5.75], "texture": "#0"},
				"south": {"uv": [0, 0, 5, 5.75], "texture": "#0"},
				"west": {"uv": [0, 0, 5, 5.75], "texture": "#0"},
				"up": {"uv": [0, 0, 5, 5.75], "texture": "#0"},
				"down": {"uv": [0, 0, 5, 5.75], "texture": "#0"}
			}
		},
		{
			"from": [7.93087, 8.65114, 7.6093],
			"to": [8.06857, 9.79864, 8.1193],
			"rotation": {"angle": 0, "axis": "y", "origin": [7.10467, 3.67864, 8.1193]},
			"faces": {
				"north": {"uv": [8, 0, 13, 5.75], "texture": "#0"},
				"east": {"uv": [13, 0, 8.75, 5.75], "texture": "#0"},
				"south": {"uv": [8, 0, 13, 5.75], "texture": "#0"},
				"west": {"uv": [8.75, 0, 13, 5.75], "texture": "#0"},
				"up": {"uv": [8, 0, 13, 5.75], "texture": "#0"},
				"down": {"uv": [8, 0, 13, 5.75], "texture": "#0"}
			}
		},
		{
			"from": [7.93143, 8.60065, 7.73731],
			"to": [8.06802, 8.95663, 7.88929],
			"rotation": {"angle": 22.5, "axis": "x", "origin": [7.99972, 9.22489, 7.8643]},
			"faces": {
				"north": {"uv": [8, 0, 13, 5.75], "texture": "#0"},
				"east": {"uv": [9.75, 0, 8.5, 2], "texture": "#0"},
				"south": {"uv": [8, 0, 13, 5.75], "texture": "#0"},
				"west": {"uv": [8.5, 0, 9.75, 2], "texture": "#0"},
				"up": {"uv": [8, 0, 13, 5.75], "texture": "#0"},
				"down": {"uv": [8, 0, 13, 5.75], "texture": "#0"}
			}
		},
		{
			"from": [7.93143, 9.11065, 7.53331],
			"to": [8.06802, 9.46663, 7.68529],
			"rotation": {"angle": 22.5, "axis": "x", "origin": [7.99972, 9.22489, 7.8643]},
			"faces": {
				"north": {"uv": [8, 0, 13, 5.75], "texture": "#0"},
				"east": {"uv": [9.75, 0, 8.5, 2], "texture": "#0"},
				"south": {"uv": [8, 0, 13, 5.75], "texture": "#0"},
				"west": {"uv": [8.5, 0, 9.75, 2], "texture": "#0"},
				"up": {"uv": [8, 0, 13, 5.75], "texture": "#0"},
				"down": {"uv": [8, 0, 13, 5.75], "texture": "#0"}
			}
		},
		{
			"from": [7.72432, 8.61544, 6.93546],
			"to": [8.27512, 8.71489, 8.12886],
			"rotation": {"angle": 0, "axis": "y", "origin": [7.17352, 4.85674, 7.87386]},
			"faces": {
				"north": {"uv": [0, 0, 5, 5.75], "texture": "#0"},
				"east": {"uv": [0, 0, 5, 5.75], "texture": "#0"},
				"south": {"uv": [0, 0, 5, 5.75], "texture": "#0"},
				"west": {"uv": [0, 0, 5, 5.75], "texture": "#0"},
				"up": {"uv": [0, 0, 5, 5.75], "texture": "#0"},
				"down": {"uv": [0, 0, 5, 5.75], "texture": "#0"}
			}
		},
		{
			"from": [7.72432, 9.70939, 6.93546],
			"to": [8.27512, 9.80884, 8.12886],
			"rotation": {"angle": 0, "axis": "y", "origin": [7.17352, 4.85674, 7.87386]},
			"faces": {
				"north": {"uv": [0, 0, 5, 5.75], "texture": "#0"},
				"east": {"uv": [0, 0, 5, 5.75], "texture": "#0"},
				"south": {"uv": [0, 0, 5, 5.75], "texture": "#0"},
				"west": {"uv": [0, 0, 5, 5.75], "texture": "#0"},
				"up": {"uv": [0, 0, 5, 5.75], "texture": "#0"},
				"down": {"uv": [0, 0, 5, 5.75], "texture": "#0"}
			}
		},
		{
			"from": [7.72432, 9.83689, 6.93546],
			"to": [8.27512, 10.44634, 9.27636],
			"rotation": {"angle": 0, "axis": "y", "origin": [7.17352, 4.85674, 7.87386]},
			"faces": {
				"north": {"uv": [0, 4, 2.75, 6], "texture": "#1"},
				"east": {"uv": [2.75, 2, 4, 6], "rotation": 90, "texture": "#1"},
				"south": {"uv": [0, 4, 2.75, 6], "texture": "#1"},
				"west": {"uv": [2.75, 2, 4, 6], "rotation": 90, "texture": "#1"},
				"up": {"uv": [0, 4, 2.75, 6], "texture": "#1"},
				"down": {"uv": [1, 2, 2.25, 6], "texture": "#1"}
			}
		},
		{
			"from": [7.79373, 9.9649, 8.21097],
			"to": [8.20572, 11.08333, 9.27585],
			"rotation": {"angle": -22.5, "axis": "x", "origin": [8.06857, 10.14161, 8.10591]},
			"faces": {
				"north": {"uv": [0, 2, 2.75, 6], "texture": "#1"},
				"east": {"uv": [2.75, 2, 0.5, 6], "texture": "#1"},
				"south": {"uv": [0, 2, 2.75, 6], "texture": "#1"},
				"west": {"uv": [0.5, 2, 2.75, 6], "texture": "#1"},
				"up": {"uv": [0, 2, 2.75, 6], "texture": "#1"},
				"down": {"uv": [0, 2, 2.75, 6], "texture": "#1"}
			}
		},
		{
			"from": [7.79073, 10.32674, 7.71307],
			"to": [8.20872, 11.45117, 8.78395],
			"rotation": {"angle": 0, "axis": "y", "origin": [7.99972, 10.73896, 8.54851]},
			"faces": {
				"north": {"uv": [0, 2, 2.75, 6], "texture": "#1"},
				"east": {"uv": [2.75, 2, 0.5, 6], "texture": "#1"},
				"south": {"uv": [0, 2, 2.75, 6], "texture": "#1"},
				"west": {"uv": [0.5, 2, 2.75, 6], "texture": "#1"},
				"up": {"uv": [15, 12, 16, 16], "texture": "#1"},
				"down": {"uv": [0, 2, 2.75, 6], "texture": "#1"}
			}
		},
		{
			"from": [7.79428, 9.71041, 7.34575],
			"to": [8.20517, 10.72782, 8.15461],
			"rotation": {"angle": 22.5, "axis": "x", "origin": [8.06857, 10.14161, 9.15268]},
			"faces": {
				"north": {"uv": [2.25, 2, 1.25, 6], "texture": "#1"},
				"east": {"uv": [3, 2, 0, 6], "texture": "#1"},
				"south": {"uv": [3, 2, 0, 6], "texture": "#1"},
				"west": {"uv": [3, 2, 0, 6], "texture": "#1"},
				"up": {"uv": [3, 2, 0, 6], "texture": "#1"},
				"down": {"uv": [3, 2, 0, 6], "texture": "#1"}
			}
		},
		{
			"from": [7.72488, 10.57578, 6.37768],
			"to": [8.27457, 11.18421, 7.06006],
			"rotation": {"angle": -45, "axis": "x", "origin": [7.99972, 10.87999, 7.54762]},
			"faces": {
				"north": {"uv": [0, 2, 4, 6], "texture": "#1"},
				"east": {"uv": [2.5, 4.5, 3.75, 5.75], "texture": "#1"},
				"south": {"uv": [3.75, 4.5, 3.25, 5.25], "texture": "#1"},
				"west": {"uv": [3.75, 4.5, 2.5, 5.75], "texture": "#1"},
				"up": {"uv": [2.5, 5.75, 3.75, 4.75], "rotation": 270, "texture": "#1"},
				"down": {"uv": [0, 2, 4, 6], "texture": "#1"}
			}
		},
		{
			"from": [7.79373, 10.70328, 5.99518],
			"to": [8.20572, 11.05671, 6.55006],
			"rotation": {"angle": -45, "axis": "x", "origin": [7.93087, 10.87999, 7.54762]},
			"faces": {
				"north": {"uv": [9.25, 1.75, 12.5, 5.25], "texture": "#0"},
				"east": {"uv": [9.25, 1.75, 12.5, 5.25], "texture": "#0"},
				"south": {"uv": [9.25, 1.75, 12.5, 5.25], "texture": "#0"},
				"west": {"uv": [9.25, 1.75, 12.5, 5.25], "texture": "#0"},
				"up": {"uv": [9.25, 1.75, 12.5, 5.25], "texture": "#0"},
				"down": {"uv": [9.25, 1.75, 12.5, 5.25], "texture": "#0"}
			}
		},
		{
			"from": [7.79428, 9.43383, 6.20581],
			"to": [8.20517, 9.86019, 6.50722],
			"rotation": {"angle": 22.5, "axis": "x", "origin": [7.99972, 9.58326, 6.38201]},
			"faces": {
				"north": {"uv": [9.25, 1.75, 12.5, 5.25], "rotation": 180, "texture": "#0"},
				"east": {"uv": [9.25, 1.75, 12.5, 5.25], "rotation": 90, "texture": "#0"},
				"south": {"uv": [9.25, 1.75, 12.5, 5.25], "texture": "#0"},
				"west": {"uv": [9.25, 1.75, 12.5, 5.25], "rotation": 270, "texture": "#0"},
				"up": {"uv": [9.25, 1.75, 12.5, 5.25], "texture": "#0"},
				"down": {"uv": [9.25, 1.75, 12.5, 5.25], "rotation": 180, "texture": "#0"}
			}
		},
		{
			"from": [7.82127, 9.08498, 6.16137],
			"to": [8.17818, 9.51236, 6.4128],
			"rotation": {"angle": 0, "axis": "y", "origin": [7.97218, 9.80867, 6.31259]},
			"faces": {
				"north": {"uv": [9.25, 1.75, 12.5, 5.25], "rotation": 180, "texture": "#0"},
				"east": {"uv": [9.25, 1.75, 12.5, 5.25], "rotation": 90, "texture": "#0"},
				"south": {"uv": [9.25, 1.75, 12.5, 5.25], "texture": "#0"},
				"west": {"uv": [9.25, 1.75, 12.5, 5.25], "rotation": 270, "texture": "#0"},
				"up": {"uv": [9.25, 1.75, 12.5, 5.25], "texture": "#0"},
				"down": {"uv": [9.25, 1.75, 12.5, 5.25], "rotation": 180, "texture": "#0"}
			}
		},
		{
			"from": [7.82182, 8.64484, 5.84375],
			"to": [8.17763, 9.0712, 6.04316],
			"rotation": {"angle": -22.5, "axis": "x", "origin": [7.97218, 9.87802, 5.96896]},
			"faces": {
				"north": {"uv": [9.25, 1.75, 12.5, 5.25], "rotation": 180, "texture": "#0"},
				"east": {"uv": [9.25, 1.75, 12.5, 5.25], "rotation": 90, "texture": "#0"},
				"south": {"uv": [9.25, 1.75, 12.5, 5.25], "texture": "#0"},
				"west": {"uv": [9.25, 1.75, 12.5, 5.25], "rotation": 270, "texture": "#0"},
				"up": {"uv": [9.25, 1.75, 12.5, 5.25], "texture": "#0"},
				"down": {"uv": [9.25, 1.75, 12.5, 5.25], "rotation": 180, "texture": "#0"}
			}
		},
		{
			"from": [7.84881, 7.53522, 6.04067],
			"to": [8.15064, 7.9626, 6.1901],
			"rotation": {"angle": -22.5, "axis": "x", "origin": [7.94464, 10.29891, 6.16638]},
			"faces": {
				"north": {"uv": [9.25, 1.75, 12.5, 5.25], "rotation": 180, "texture": "#0"},
				"east": {"uv": [9.25, 1.75, 12.5, 5.25], "rotation": 90, "texture": "#0"},
				"south": {"uv": [9.25, 1.75, 12.5, 5.25], "texture": "#0"},
				"west": {"uv": [9.25, 1.75, 12.5, 5.25], "rotation": 270, "texture": "#0"},
				"up": {"uv": [9.25, 1.75, 12.5, 5.25], "texture": "#0"},
				"down": {"uv": [9.25, 1.75, 12.5, 5.25], "rotation": 180, "texture": "#0"}
			}
		},
		{
			"from": [7.84936, 7.47481, 7.09311],
			"to": [8.15009, 7.77367, 7.24152],
			"rotation": {"angle": 0, "axis": "y", "origin": [7.94464, 7.56049, 7.19281]},
			"faces": {
				"north": {"uv": [9.25, 1.75, 12.5, 5.25], "rotation": 180, "texture": "#0"},
				"east": {"uv": [9.25, 1.75, 12.5, 5.25], "rotation": 90, "texture": "#0"},
				"south": {"uv": [9.25, 1.75, 12.5, 5.25], "texture": "#0"},
				"west": {"uv": [9.25, 1.75, 12.5, 5.25], "rotation": 270, "texture": "#0"},
				"up": {"uv": [9.25, 1.75, 12.5, 5.25], "texture": "#0"},
				"down": {"uv": [9.25, 1.75, 12.5, 5.25], "rotation": 180, "texture": "#0"}
			}
		},
		{
			"from": [7.84991, 7.22521, 7.04387],
			"to": [8.14954, 7.52305, 7.16831],
			"rotation": {"angle": 22.5, "axis": "x", "origin": [7.94464, 7.37413, 7.14306]},
			"faces": {
				"north": {"uv": [9.25, 1.75, 12.5, 5.25], "rotation": 180, "texture": "#0"},
				"east": {"uv": [9.25, 1.75, 12.5, 5.25], "rotation": 90, "texture": "#0"},
				"south": {"uv": [9.25, 1.75, 12.5, 5.25], "texture": "#0"},
				"west": {"uv": [9.25, 1.75, 12.5, 5.25], "rotation": 270, "texture": "#0"},
				"up": {"uv": [9.25, 1.75, 12.5, 5.25], "texture": "#0"},
				"down": {"uv": [9.25, 1.75, 12.5, 5.25], "rotation": 180, "texture": "#0"}
			}
		},
		{
			"from": [7.85046, 7.01368, 6.9027],
			"to": [8.14899, 7.3105, 6.99807],
			"rotation": {"angle": 45, "axis": "x", "origin": [7.94464, 7.16209, 7.00138]},
			"faces": {
				"north": {"uv": [9.25, 1.75, 12.5, 5.25], "rotation": 180, "texture": "#0"},
				"east": {"uv": [9.25, 1.75, 12.5, 5.25], "rotation": 90, "texture": "#0"},
				"south": {"uv": [9.25, 1.75, 12.5, 5.25], "texture": "#0"},
				"west": {"uv": [9.25, 1.75, 12.5, 5.25], "rotation": 270, "texture": "#0"},
				"up": {"uv": [9.25, 1.75, 12.5, 5.25], "texture": "#0"},
				"down": {"uv": [9.25, 1.75, 12.5, 5.25], "rotation": 180, "texture": "#0"}
			}
		},
		{
			"from": [7.82127, 7.73683, 6.08605],
			"to": [8.17818, 8.67421, 6.23548],
			"rotation": {"angle": -45, "axis": "x", "origin": [7.97218, 8.97052, 6.18626]},
			"faces": {
				"north": {"uv": [9.25, 1.75, 12.5, 5.25], "rotation": 180, "texture": "#0"},
				"east": {"uv": [9.25, 1.75, 12.5, 5.25], "rotation": 90, "texture": "#0"},
				"south": {"uv": [9.25, 1.75, 12.5, 5.25], "texture": "#0"},
				"west": {"uv": [9.25, 1.75, 12.5, 5.25], "rotation": 270, "texture": "#0"},
				"up": {"uv": [9.25, 1.75, 12.5, 5.25], "texture": "#0"},
				"down": {"uv": [9.25, 1.75, 12.5, 5.25], "rotation": 180, "texture": "#0"}
			}
		},
		{
			"from": [7.72598, 10.77463, 8.57353],
			"to": [8.27457, 11.34508, 9.04059],
			"rotation": {"angle": -45, "axis": "x", "origin": [8.00028, 11.17856, 10.02887]},
			"faces": {
				"north": {"uv": [3, 5, 3.75, 5.75], "texture": "#1"},
				"east": {"uv": [3, 5, 3.75, 5.75], "texture": "#1"},
				"south": {"uv": [3, 5, 3.75, 5.75], "texture": "#1"},
				"west": {"uv": [3, 5, 3.75, 5.75], "texture": "#1"},
				"up": {"uv": [3, 5, 3.75, 5.75], "texture": "#1"},
				"down": {"uv": [3, 5, 3.75, 5.75], "texture": "#1"}
			}
		},
		{
			"from": [7.82182, 11.11378, 8.47353],
			"to": [8.17763, 11.20942, 9.27799],
			"rotation": {"angle": -45, "axis": "x", "origin": [8.04103, 11.17856, 10.02887]},
			"faces": {
				"north": {"uv": [0, 2, 4, 6], "texture": "#1"},
				"east": {"uv": [0, 2, 1.5, 6], "texture": "#1"},
				"south": {"uv": [0, 2, 4, 6], "texture": "#1"},
				"west": {"uv": [0, 2, 4, 6], "texture": "#1"},
				"up": {"uv": [0, 2, 4, 6], "texture": "#1"},
				"down": {"uv": [0, 2, 4, 6], "texture": "#1"}
			}
		},
		{
			"from": [7.82182, 11.04595, 9.28071],
			"to": [8.17763, 11.27725, 9.34582],
			"rotation": {"angle": -45, "axis": "x", "origin": [8.04103, 11.17856, 10.02887]},
			"faces": {
				"north": {"uv": [0, 2, 4, 6], "texture": "#1"},
				"east": {"uv": [0, 2, 1.5, 6], "texture": "#1"},
				"south": {"uv": [0, 2, 4, 6], "texture": "#1"},
				"west": {"uv": [0, 2, 4, 6], "texture": "#1"},
				"up": {"uv": [0, 2, 4, 6], "texture": "#1"},
				"down": {"uv": [0, 2, 4, 6], "texture": "#1"}
			}
		},
		{
			"from": [7.82182, 10.50902, 9.59726],
			"to": [8.17763, 10.57414, 9.82856],
			"rotation": {"angle": 22.5, "axis": "x", "origin": [7.99972, 10.54158, 9.71291]},
			"faces": {
				"north": {"uv": [0, 2, 4, 6], "rotation": 180, "texture": "#1"},
				"east": {"uv": [0, 2, 1.5, 6], "rotation": 90, "texture": "#1"},
				"south": {"uv": [0, 2, 4, 6], "texture": "#1"},
				"west": {"uv": [0, 2, 4, 6], "rotation": 270, "texture": "#1"},
				"up": {"uv": [0, 2, 4, 6], "texture": "#1"},
				"down": {"uv": [0, 2, 4, 6], "rotation": 180, "texture": "#1"}
			}
		},
		{
			"from": [7.72653, 9.70826, 9.09534],
			"to": [8.27402, 9.83646, 9.83062],
			"rotation": {"angle": -22.5, "axis": "x", "origin": [8.00028, 10.11151, 8.69989]},
			"faces": {
				"north": {"uv": [3, 5, 3.75, 5.75], "texture": "#1"},
				"east": {"uv": [3, 5, 3.75, 5.75], "texture": "#1"},
				"south": {"uv": [3, 5, 3.75, 5.75], "texture": "#1"},
				"west": {"uv": [3, 5, 3.75, 5.75], "texture": "#1"},
				"up": {"uv": [3, 5, 3.75, 5.75], "texture": "#1"},
				"down": {"uv": [3, 5, 3.75, 5.75], "texture": "#1"}
			}
		},
		{
			"from": [7.72763, 10.16327, 9.11588],
			"to": [8.27292, 10.28875, 9.84845],
			"rotation": {"angle": 0, "axis": "y", "origin": [8.00028, 10.22601, 9.48217]},
			"faces": {
				"north": {"uv": [3, 5, 3.75, 5.75], "texture": "#1"},
				"east": {"uv": [3, 5, 3.75, 5.75], "texture": "#1"},
				"south": {"uv": [3, 5, 3.75, 5.75], "texture": "#1"},
				"west": {"uv": [3, 5, 3.75, 5.75], "texture": "#1"},
				"up": {"uv": [3, 5, 3.75, 5.75], "texture": "#1"},
				"down": {"uv": [3, 5, 3.75, 5.75], "texture": "#1"}
			}
		},
		{
			"from": [7.79317, 9.76039, 7.06296],
			"to": [8.20627, 9.85984, 9.02136],
			"rotation": {"angle": 0, "axis": "y", "origin": [7.10467, 4.85674, 7.87386]},
			"faces": {
				"north": {"uv": [8.5, 8.5, 13.5, 14.25], "texture": "#0"},
				"east": {"uv": [8.5, 8.5, 13.5, 14.25], "texture": "#0"},
				"south": {"uv": [8.5, 8.5, 13.5, 14.25], "texture": "#0"},
				"west": {"uv": [8.5, 8.5, 13.5, 14.25], "texture": "#0"},
				"up": {"uv": [8.5, 8.5, 13.5, 14.25], "texture": "#0"},
				"down": {"uv": [8.5, 8.5, 13.5, 14.25], "texture": "#0"}
			}
		},
		{
			"from": [7.72432, 9.17236, 6.93546],
			"to": [8.27512, 9.27181, 8.12886],
			"rotation": {"angle": 0, "axis": "y", "origin": [7.17352, 4.85674, 7.87386]},
			"faces": {
				"north": {"uv": [0, 0, 5, 5.75], "texture": "#0"},
				"east": {"uv": [0, 0, 5, 5.75], "texture": "#0"},
				"south": {"uv": [0, 0, 5, 5.75], "texture": "#0"},
				"west": {"uv": [0, 0, 5, 5.75], "texture": "#0"},
				"up": {"uv": [0, 0, 5, 5.75], "texture": "#0"},
				"down": {"uv": [0, 0, 5, 5.75], "texture": "#0"}
			}
		},
		{
			"from": [7.73534, 8.68306, 6.94342],
			"to": [8.26411, 9.7611, 7.02695],
			"rotation": {"angle": 0, "axis": "y", "origin": [7.17352, 4.85674, 7.87386]},
			"faces": {
				"north": {"uv": [0, 0, 5, 5.75], "texture": "#0"},
				"east": {"uv": [0, 0, 5, 5.75], "texture": "#0"},
				"south": {"uv": [0, 0, 5, 5.75], "texture": "#0"},
				"west": {"uv": [0, 0, 5, 5.75], "texture": "#0"},
				"up": {"uv": [0, 0, 5, 5.75], "texture": "#0"},
				"down": {"uv": [0, 0, 5, 5.75], "texture": "#0"}
			}
		},
		{
			"from": [7.72488, 6.99255, 8.37374],
			"to": [8.27457, 8.77153, 9.39272],
			"rotation": {"angle": -22.5, "axis": "x", "origin": [7.99972, 8.00704, 8.88323]},
			"faces": {
				"north": {"uv": [0, 0, 5, 5.75], "texture": "#0"},
				"east": {"uv": [0, 0, 5, 5.75], "texture": "#0"},
				"south": {"uv": [0, 0, 5, 5.75], "texture": "#0"},
				"west": {"uv": [0, 0, 5, 5.75], "texture": "#0"},
				"up": {"uv": [0, 0, 5, 5.75], "texture": "#0"},
				"down": {"uv": [0, 0, 5, 5.75], "texture": "#0"}
			}
		},
		{
			"from": [7.72432, 5.74044, 8.72716],
			"to": [8.27512, 7.27044, 9.74716],
			"rotation": {"angle": 0, "axis": "y", "origin": [7.99972, 6.50544, 9.23716]},
			"faces": {
				"north": {"uv": [0, 0, 5, 5.75], "texture": "#0"},
				"east": {"uv": [0, 0, 5, 5.75], "texture": "#0"},
				"south": {"uv": [0, 0, 5, 5.75], "texture": "#0"},
				"west": {"uv": [0, 0, 5, 5.75], "texture": "#0"},
				"up": {"uv": [0, 0, 5, 5.75], "texture": "#0"},
				"down": {"uv": [0, 0, 5, 5.75], "texture": "#0"}
			}
		},
		{
			"from": [7.72322, 5.48282, 8.47221],
			"to": [8.27623, 5.99486, 9.49425],
			"rotation": {"angle": 22.5, "axis": "x", "origin": [7.99972, 5.22884, 8.98323]},
			"faces": {
				"north": {"uv": [0, 0, 5, 3.75], "texture": "#0"},
				"east": {"uv": [0, 0, 5, 3.75], "texture": "#0"},
				"south": {"uv": [0, 0, 5, 3.75], "texture": "#0"},
				"west": {"uv": [0, 0, 5, 3.75], "texture": "#0"},
				"up": {"uv": [0, 0, 5, 3.75], "texture": "#0"},
				"down": {"uv": [0, 0, 5, 3.75], "texture": "#0"}
			}
		},
		{
			"from": [7.67373, 5.67247, 8.57431],
			"to": [8.32572, 6.13331, 9.44315],
			"rotation": {"angle": 22.5, "axis": "x", "origin": [7.99972, 5.44389, 8.98323]},
			"faces": {
				"north": {"uv": [12, 2, 16, 6], "texture": "#1"},
				"east": {"uv": [14, 4.75, 16, 6], "texture": "#1"},
				"south": {"uv": [12, 2, 16, 6], "texture": "#1"},
				"west": {"uv": [16, 4.75, 14, 6], "texture": "#1"},
				"up": {"uv": [12, 2, 16, 6], "texture": "#1"},
				"down": {"uv": [12, 2, 16, 6], "texture": "#1"}
			}
		},
		{
			"from": [7.67503, 5.90433, 8.75277],
			"to": [8.32442, 7.28133, 9.67077],
			"rotation": {"angle": 0, "axis": "y", "origin": [7.99972, 6.59283, 9.21177]},
			"faces": {
				"north": {"uv": [12, 2, 16, 6], "texture": "#1"},
				"east": {"uv": [13.75, 2.75, 16, 6], "texture": "#1"},
				"south": {"uv": [12, 2, 16, 6], "texture": "#1"},
				"west": {"uv": [16, 2.75, 13.75, 6], "texture": "#1"},
				"up": {"uv": [12, 2, 16, 6], "texture": "#1"},
				"down": {"uv": [12, 2, 16, 6], "texture": "#1"}
			}
		},
		{
			"from": [7.67568, 7.02873, 8.42469],
			"to": [8.32377, 8.65481, 9.34177],
			"rotation": {"angle": -22.5, "axis": "x", "origin": [7.99972, 7.96677, 8.88323]},
			"faces": {
				"north": {"uv": [12, 2, 16, 6], "texture": "#1"},
				"east": {"uv": [14, 2, 16, 6], "texture": "#1"},
				"south": {"uv": [12, 2, 16, 6], "texture": "#1"},
				"west": {"uv": [16, 2, 14, 6], "texture": "#1"},
				"up": {"uv": [12, 2, 16, 6], "texture": "#1"},
				"down": {"uv": [12, 2, 16, 6], "texture": "#1"}
			}
		},
		{
			"from": [7.67503, 8.42721, 8.19569],
			"to": [8.32442, 9.80921, 9.11369],
			"rotation": {"angle": 0, "axis": "y", "origin": [7.02563, 4.04621, 8.19569]},
			"faces": {
				"north": {"uv": [12, 2, 16, 6], "texture": "#1"},
				"east": {"uv": [14.25, 2, 12, 5.5], "texture": "#1"},
				"south": {"uv": [12, 2, 16, 6], "texture": "#1"},
				"west": {"uv": [12, 2, 14.25, 5.75], "texture": "#1"},
				"up": {"uv": [12, 2, 16, 6], "texture": "#1"},
				"down": {"uv": [12, 2, 16, 6], "texture": "#1"}
			}
		},
		{
			"from": [7.6698, 5.10185, 8.42274],
			"to": [8.32965, 5.61083, 9.54372],
			"rotation": {"angle": 22.5, "axis": "x", "origin": [7.99972, 5.22884, 8.98323]},
			"faces": {
				"north": {"uv": [0, 0, 5, 3.75], "texture": "#0"},
				"east": {"uv": [0, 0, 5, 3.75], "texture": "#0"},
				"south": {"uv": [0, 0, 5, 3.75], "texture": "#0"},
				"west": {"uv": [0, 0, 5, 3.75], "texture": "#0"},
				"up": {"uv": [0, 0, 5, 3.75], "texture": "#0"},
				"down": {"uv": [0, 0, 5, 3.75], "texture": "#0"}
			}
		},
		{
			"name": "hexadecagon",
			"from": [9.021, 3.38048, 8.311],
			"to": [9.359, 3.91952, 9.989],
			"rotation": {"angle": 22.5, "axis": "z", "origin": [8, 3.65, 9.15]},
			"faces": {
				"north": {"uv": [5, 0, 6, 16], "rotation": 180, "texture": "#4"},
				"east": {"uv": [5, 0, 6, 16], "texture": "#4"},
				"south": {"uv": [5, 0, 6, 16], "texture": "#4"},
				"west": {"uv": [5, 0, 6, 16], "texture": "#4"},
				"up": {"uv": [5, 0, 6, 16], "texture": "#4"},
				"down": {"uv": [5, 0, 6, 16], "texture": "#4"}
			}
		},
		{
			"name": "hexadecagon",
			"from": [9.02, 3.37948, 8.31],
			"to": [9.36, 3.92052, 9.99],
			"rotation": {"angle": 45, "axis": "z", "origin": [8, 3.65, 9.15]},
			"faces": {
				"north": {"uv": [7, 0, 6, 16], "rotation": 90, "texture": "#4"},
				"east": {"uv": [6, 0, 7, 16], "rotation": 270, "texture": "#4"},
				"south": {"uv": [6, 0, 7, 16], "rotation": 270, "texture": "#4"},
				"west": {"uv": [6, 0, 7, 16], "rotation": 270, "texture": "#4"},
				"up": {"uv": [6, 0, 7, 16], "rotation": 270, "texture": "#4"},
				"down": {"uv": [6, 0, 7, 16], "rotation": 270, "texture": "#4"}
			}
		},
		{
			"name": "hexadecagon",
			"from": [7.73048, 4.671, 8.311],
			"to": [8.26952, 5.009, 9.989],
			"rotation": {"angle": -22.5, "axis": "z", "origin": [8, 3.65, 9.15]},
			"faces": {
				"north": {"uv": [8, 0, 7, 16], "rotation": 180, "texture": "#4"},
				"east": {"uv": [7, 0, 8, 16], "rotation": 180, "texture": "#4"},
				"south": {"uv": [7, 0, 8, 16], "rotation": 180, "texture": "#4"},
				"west": {"uv": [7, 0, 8, 16], "rotation": 180, "texture": "#4"},
				"up": {"uv": [7, 0, 8, 16], "rotation": 180, "texture": "#4"},
				"down": {"uv": [7, 0, 8, 16], "rotation": 180, "texture": "#4"}
			}
		},
		{
			"name": "hexadecagon",
			"from": [7.72948, 4.67, 8.31],
			"to": [8.27052, 5.01, 9.99],
			"rotation": {"angle": 0, "axis": "y", "origin": [8, 3.65, 9.15]},
			"faces": {
				"north": {"uv": [9, 0, 8, 16], "rotation": 180, "texture": "#4"},
				"east": {"uv": [8, 0, 9, 16], "rotation": 180, "texture": "#4"},
				"south": {"uv": [8, 0, 9, 16], "rotation": 180, "texture": "#4"},
				"west": {"uv": [8, 0, 9, 16], "rotation": 180, "texture": "#4"},
				"up": {"uv": [8, 0, 9, 16], "rotation": 180, "texture": "#4"},
				"down": {"uv": [8, 0, 9, 16], "rotation": 180, "texture": "#4"}
			}
		},
		{
			"name": "hexadecagon",
			"from": [7.73048, 4.671, 8.311],
			"to": [8.26952, 5.009, 9.989],
			"rotation": {"angle": 22.5, "axis": "z", "origin": [8, 3.65, 9.15]},
			"faces": {
				"north": {"uv": [10, 0, 9, 16], "rotation": 180, "texture": "#4"},
				"east": {"uv": [9, 0, 10, 16], "rotation": 180, "texture": "#4"},
				"south": {"uv": [9, 0, 10, 16], "rotation": 180, "texture": "#4"},
				"west": {"uv": [9, 0, 10, 16], "rotation": 180, "texture": "#4"},
				"up": {"uv": [9, 0, 10, 16], "rotation": 180, "texture": "#4"},
				"down": {"uv": [9, 0, 10, 16], "rotation": 180, "texture": "#4"}
			}
		},
		{
			"name": "hexadecagon",
			"from": [6.641, 3.38048, 8.311],
			"to": [6.979, 3.91952, 9.989],
			"rotation": {"angle": 22.5, "axis": "z", "origin": [8, 3.65, 9.15]},
			"faces": {
				"north": {"uv": [14, 0, 13, 16], "rotation": 270, "texture": "#4"},
				"east": {"uv": [13, 0, 14, 16], "rotation": 90, "texture": "#4"},
				"south": {"uv": [13, 0, 14, 16], "rotation": 90, "texture": "#4"},
				"west": {"uv": [13, 0, 14, 16], "rotation": 90, "texture": "#4"},
				"up": {"uv": [13, 0, 14, 16], "rotation": 90, "texture": "#4"},
				"down": {"uv": [13, 0, 14, 16], "rotation": 90, "texture": "#4"}
			}
		},
		{
			"name": "hexadecagon",
			"from": [6.64, 3.37948, 8.31],
			"to": [6.98, 3.92052, 9.99],
			"rotation": {"angle": 45, "axis": "z", "origin": [8, 3.65, 9.15]},
			"faces": {
				"north": {"uv": [15, 0, 14, 16], "rotation": 270, "texture": "#4"},
				"east": {"uv": [14, 0, 15, 16], "rotation": 90, "texture": "#4"},
				"south": {"uv": [14, 0, 15, 16], "rotation": 90, "texture": "#4"},
				"west": {"uv": [14, 0, 15, 16], "rotation": 90, "texture": "#4"},
				"up": {"uv": [14, 0, 15, 16], "rotation": 90, "texture": "#4"},
				"down": {"uv": [14, 0, 15, 16], "rotation": 90, "texture": "#4"}
			}
		},
		{
			"name": "hexadecagon",
			"from": [7.73048, 2.291, 8.311],
			"to": [8.26952, 2.629, 9.989],
			"rotation": {"angle": -22.5, "axis": "z", "origin": [8, 3.65, 9.15]},
			"faces": {
				"north": {"uv": [15, 0, 16, 16], "texture": "#4"},
				"east": {"uv": [15, 0, 16, 16], "texture": "#4"},
				"south": {"uv": [15, 0, 16, 16], "texture": "#4"},
				"west": {"uv": [15, 0, 16, 16], "texture": "#4"},
				"up": {"uv": [15, 0, 16, 16], "texture": "#4"},
				"down": {"uv": [15, 0, 16, 16], "texture": "#4"}
			}
		},
		{
			"name": "hexadecagon",
			"from": [7.72948, 2.29, 8.31],
			"to": [8.27052, 2.63, 9.99],
			"rotation": {"angle": 0, "axis": "y", "origin": [8, 3.65, 9.15]},
			"faces": {
				"north": {"uv": [1, 0, 0, 16], "texture": "#4"},
				"east": {"uv": [0, 0, 1, 16], "texture": "#4"},
				"south": {"uv": [0, 0, 1, 16], "texture": "#4"},
				"west": {"uv": [0, 0, 1, 16], "texture": "#4"},
				"up": {"uv": [0, 0, 1, 16], "texture": "#4"},
				"down": {"uv": [0, 0, 1, 16], "texture": "#4"}
			}
		},
		{
			"name": "hexadecagon",
			"from": [7.73048, 2.291, 8.311],
			"to": [8.26952, 2.629, 9.989],
			"rotation": {"angle": 22.5, "axis": "z", "origin": [8, 3.65, 9.15]},
			"faces": {
				"north": {"uv": [2, 0, 1, 16], "texture": "#4"},
				"east": {"uv": [1, 0, 2, 16], "texture": "#4"},
				"south": {"uv": [1, 0, 2, 16], "texture": "#4"},
				"west": {"uv": [1, 0, 2, 16], "texture": "#4"},
				"up": {"uv": [1, 0, 2, 16], "texture": "#4"},
				"down": {"uv": [1, 0, 2, 16], "texture": "#4"}
			}
		},
		{
			"name": "hexadecagon",
			"from": [7.72948, 2.29, 8.31],
			"to": [8.27052, 2.63, 9.99],
			"rotation": {"angle": 45, "axis": "z", "origin": [8, 3.65, 9.15]},
			"faces": {
				"north": {"uv": [2, 0, 3, 16], "rotation": 180, "texture": "#4"},
				"east": {"uv": [2, 0, 3, 16], "texture": "#4"},
				"south": {"uv": [2, 0, 3, 16], "texture": "#4"},
				"west": {"uv": [2, 0, 3, 16], "texture": "#4"},
				"up": {"uv": [2, 0, 3, 16], "texture": "#4"},
				"down": {"uv": [2, 0, 3, 16], "texture": "#4"}
			}
		},
		{
			"name": "hexadecagon",
			"from": [9.021, 3.38048, 8.311],
			"to": [9.359, 3.91952, 9.989],
			"rotation": {"angle": -22.5, "axis": "z", "origin": [8, 3.65, 9.15]},
			"faces": {
				"north": {"uv": [3, 0, 4, 16], "rotation": 270, "texture": "#4"},
				"east": {"uv": [3, 0, 4, 16], "rotation": 270, "texture": "#4"},
				"south": {"uv": [3, 0, 4, 16], "rotation": 270, "texture": "#4"},
				"west": {"uv": [3, 0, 4, 16], "rotation": 270, "texture": "#4"},
				"up": {"uv": [3, 0, 4, 16], "rotation": 270, "texture": "#4"},
				"down": {"uv": [3, 0, 4, 16], "rotation": 270, "texture": "#4"}
			}
		},
		{
			"name": "hexadecagon",
			"from": [9.02, 3.37948, 8.31],
			"to": [9.36, 3.92052, 9.99],
			"rotation": {"angle": 0, "axis": "y", "origin": [8, 3.65, 9.15]},
			"faces": {
				"north": {"uv": [4, 0, 5, 16], "rotation": 270, "texture": "#4"},
				"east": {"uv": [4, 0, 5, 16], "rotation": 270, "texture": "#4"},
				"south": {"uv": [4, 0, 5, 16], "rotation": 270, "texture": "#4"},
				"west": {"uv": [4, 0, 5, 16], "rotation": 270, "texture": "#4"},
				"up": {"uv": [4, 0, 5, 16], "rotation": 270, "texture": "#4"},
				"down": {"uv": [4, 0, 5, 16], "rotation": 270, "texture": "#4"}
			}
		},
		{
			"name": "hexadecagon",
			"from": [7.72948, 4.67, 8.31],
			"to": [8.27052, 5.01, 9.99],
			"rotation": {"angle": 45, "axis": "z", "origin": [8, 3.65, 9.15]},
			"faces": {
				"north": {"uv": [10, 0, 11, 16], "texture": "#4"},
				"east": {"uv": [10, 0, 11, 16], "rotation": 180, "texture": "#4"},
				"south": {"uv": [10, 0, 11, 16], "rotation": 180, "texture": "#4"},
				"west": {"uv": [10, 0, 11, 16], "rotation": 180, "texture": "#4"},
				"up": {"uv": [10, 0, 11, 16], "rotation": 180, "texture": "#4"},
				"down": {"uv": [10, 0, 11, 16], "rotation": 180, "texture": "#4"}
			}
		},
		{
			"name": "hexadecagon",
			"from": [6.641, 3.38048, 8.311],
			"to": [6.979, 3.91952, 9.989],
			"rotation": {"angle": -22.5, "axis": "z", "origin": [8, 3.65, 9.15]},
			"faces": {
				"north": {"uv": [11, 0, 12, 16], "rotation": 90, "texture": "#4"},
				"east": {"uv": [11, 0, 12, 16], "rotation": 90, "texture": "#4"},
				"south": {"uv": [11, 0, 12, 16], "rotation": 90, "texture": "#4"},
				"west": {"uv": [11, 0, 12, 16], "rotation": 90, "texture": "#4"},
				"up": {"uv": [11, 0, 12, 16], "rotation": 90, "texture": "#4"},
				"down": {"uv": [11, 0, 12, 16], "rotation": 90, "texture": "#4"}
			}
		},
		{
			"name": "hexadecagon",
			"from": [6.64, 3.37948, 8.31],
			"to": [6.98, 3.92052, 9.99],
			"rotation": {"angle": 0, "axis": "y", "origin": [8, 3.65, 9.15]},
			"faces": {
				"north": {"uv": [12, 0, 13, 16], "rotation": 90, "texture": "#4"},
				"east": {"uv": [12, 0, 13, 16], "rotation": 90, "texture": "#4"},
				"south": {"uv": [12, 0, 13, 16], "rotation": 90, "texture": "#4"},
				"west": {"uv": [12, 0, 13, 16], "rotation": 90, "texture": "#4"},
				"up": {"uv": [12, 0, 13, 16], "rotation": 90, "texture": "#4"},
				"down": {"uv": [12, 0, 13, 16], "rotation": 90, "texture": "#4"}
			}
		},
		{
			"from": [7.62948, 4.76, 8.335],
			"to": [8.37052, 5.51, 9.965],
			"rotation": {"angle": 0, "axis": "y", "origin": [8, 3.65, 9.15]},
			"faces": {
				"north": {"uv": [2, 0, 9.5, 16], "rotation": 180, "texture": "#4"},
				"east": {"uv": [13, 0, 0.5, 16], "rotation": 180, "texture": "#4"},
				"south": {"uv": [2, 0, 9.5, 16], "rotation": 180, "texture": "#4"},
				"west": {"uv": [0.5, 0, 13, 16], "rotation": 180, "texture": "#4"},
				"up": {"uv": [13.5, 0, 16, 16], "rotation": 180, "texture": "#4"},
				"down": {"uv": [8, 0, 9, 16], "rotation": 180, "texture": "#4"}
			}
		},
		{
			"from": [7.72948, 1.26, 8.335],
			"to": [8.27052, 2.51, 9.965],
			"rotation": {"angle": 0, "axis": "y", "origin": [8, 0.65, 9.15]},
			"faces": {
				"north": {"uv": [2, 0, 9.5, 16], "rotation": 180, "texture": "#5"},
				"east": {"uv": [13, 0, 0.5, 16], "rotation": 180, "texture": "#5"},
				"south": {"uv": [2, 0, 9.5, 16], "rotation": 180, "texture": "#5"},
				"west": {"uv": [0.5, 0, 13, 16], "rotation": 180, "texture": "#5"},
				"up": {"uv": [13.5, 0, 16, 16], "rotation": 180, "texture": "#5"},
				"down": {"uv": [7, 0, 10.5, 16], "rotation": 180, "texture": "#5"}
			}
		}
	],
	"gui_light": "front",
	"display": {
		"thirdperson_righthand": {
			"rotation": [-0.08, -1.91, -4.61],
			"translation": [0, -1.25, -1.25],
			"scale": [0.75, 0.75, 0.75]
		},
		"thirdperson_lefthand": {
			"rotation": [-0.08, -1.91, -4.61],
			"translation": [0, -1.25, -1.25],
			"scale": [0.75, 0.75, 0.75]
		},
		"firstperson_righthand": {
			"rotation": [-7, 0, -7],
			"translation": [3, -0.75, 0],
			"scale": [0.76, 0.76, 0.66]
		},
		"firstperson_lefthand": {
			"rotation": [-7, 0, -7],
			"translation": [3, -0.75, 0],
			"scale": [0.76, 0.76, 0.66]
		},
		"ground": {
			"rotation": [90, 90, 0],
			"translation": [-0.75, 0, 1]
		},
		"gui": {
			"rotation": [71.23, 43.95, -63.8],
			"translation": [1, 2, 0],
			"scale": [1.53, 1.53, 1.53]
		},
		"head": {
			"rotation": [90, -59.75, -90],
			"translation": [-0.25, -20.5, 4.25]
		},
		"fixed": {
			"rotation": [-90, 88.75, 90],
			"translation": [-1.5, 3, -0.5],
			"scale": [2.13, 2.13, 2.13]
		}
	},
	"groups": [
		{
			"name": "grip",
			"origin": [7.99975, -5.79616, 8.88323],
			"color": 0,
			"children": [0, 1, 2, 3, 4, 5, 6, 7, 8, 9, 10, 11, 12, 13, 14, 15, 16, 17, 18, 19, 20, 21, 22, 23, 24, 25, 26, 27, 28, 29, 30, 31, 32, 33, 34, 35, 36, 37]
		},
		{
			"name": "hexadecagon",
			"origin": [8, 8, 8],
			"color": 0,
			"children": [38, 39, 40, 41, 42, 43, 44, 45, 46, 47, 48, 49, 50, 51, 52, 53]
		},
		54,
		55
	]
}