{
	"credit": "Made with Blockbench",
	"textures": {
		"0": "custom/odmgear/3dmg_gas_tank",
		"1": "custom/odmgear/3dmg_main",
		"3": "custom/odmgear/thunder_spear",
		"4": "custom/odmgear/bright_metal",
		"5": "custom/odmgear/semi_bright_metal",
		"6": "custom/odmgear/thunder_spear_front",
		"particle": "custom/odmgear/thunder_spear"
	},
	"elements": [
		{
			"from": [7.8075, 4.84685, -0.32226],
			"to": [8.19195, 5.35583, 0.28872],
			"rotation": {"angle": 22.5, "axis": "x", "origin": [7.99972, 5.22884, -0.01677]},
			"faces": {
				"north": {"uv": [0, 0, 5, 3.75], "texture": "#0"},
				"east": {"uv": [0, 0, 5, 3.75], "texture": "#0"},
				"south": {"uv": [0, 0, 5, 3.75], "texture": "#0"},
				"west": {"uv": [0, 0, 5, 3.75], "texture": "#0"},
				"up": {"uv": [0, 0, 5, 3.75], "texture": "#0"},
				"down": {"uv": [1.5, 0, 3.75, 2.75], "texture": "#0"}
			}
		},
		{
			"from": [7.72432, 8.51864, -0.8807],
			"to": [8.27512, 9.79864, 0.1393],
			"rotation": {"angle": 0, "axis": "y", "origin": [7.17352, 3.67864, -0.8807]},
			"faces": {
				"north": {"uv": [0, 0, 5, 5.75], "texture": "#0"},
				"east": {"uv": [0, 0, 5, 5.75], "texture": "#0"},
				"south": {"uv": [0, 0, 5, 5.75], "texture": "#0"},
				"west": {"uv": [0, 0, 5, 5.75], "texture": "#0"},
				"up": {"uv": [0, 0, 5, 5.75], "texture": "#0"},
				"down": {"uv": [0, 0, 5, 5.75], "texture": "#0"}
			}
		},
		{
			"from": [7.93087, 8.65114, -1.3907],
			"to": [8.06857, 9.79864, -0.8807],
			"rotation": {"angle": 0, "axis": "y", "origin": [7.10467, 3.67864, -0.8807]},
			"faces": {
				"north": {"uv": [8, 0, 13, 5.75], "texture": "#0"},
				"east": {"uv": [13, 0, 8.75, 5.75], "texture": "#0"},
				"south": {"uv": [8, 0, 13, 5.75], "texture": "#0"},
				"west": {"uv": [8.75, 0, 13, 5.75], "texture": "#0"},
				"up": {"uv": [8, 0, 13, 5.75], "texture": "#0"},
				"down": {"uv": [8, 0, 13, 5.75], "texture": "#0"}
			}
		},
		{
			"from": [7.93143, 8.60065, -1.26269],
			"to": [8.06802, 8.95663, -1.11071],
			"rotation": {"angle": 22.5, "axis": "x", "origin": [7.99972, 9.22489, -1.1357]},
			"faces": {
				"north": {"uv": [8, 0, 13, 5.75], "texture": "#0"},
				"east": {"uv": [9.75, 0, 8.5, 2], "texture": "#0"},
				"south": {"uv": [8, 0, 13, 5.75], "texture": "#0"},
				"west": {"uv": [8.5, 0, 9.75, 2], "texture": "#0"},
				"up": {"uv": [8, 0, 13, 5.75], "texture": "#0"},
				"down": {"uv": [8, 0, 13, 5.75], "texture": "#0"}
			}
		},
		{
			"from": [7.93143, 9.11065, -1.46669],
			"to": [8.06802, 9.46663, -1.31471],
			"rotation": {"angle": 22.5, "axis": "x", "origin": [7.99972, 9.22489, -1.1357]},
			"faces": {
				"north": {"uv": [8, 0, 13, 5.75], "texture": "#0"},
				"east": {"uv": [9.75, 0, 8.5, 2], "texture": "#0"},
				"south": {"uv": [8, 0, 13, 5.75], "texture": "#0"},
				"west": {"uv": [8.5, 0, 9.75, 2], "texture": "#0"},
				"up": {"uv": [8, 0, 13, 5.75], "texture": "#0"},
				"down": {"uv": [8, 0, 13, 5.75], "texture": "#0"}
			}
		},
		{
			"from": [7.72432, 8.61544, -2.06454],
			"to": [8.27512, 8.71489, -0.87114],
			"rotation": {"angle": 0, "axis": "y", "origin": [7.17352, 4.85674, -1.12614]},
			"faces": {
				"north": {"uv": [0, 0, 5, 5.75], "texture": "#0"},
				"east": {"uv": [0, 0, 5, 5.75], "texture": "#0"},
				"south": {"uv": [0, 0, 5, 5.75], "texture": "#0"},
				"west": {"uv": [0, 0, 5, 5.75], "texture": "#0"},
				"up": {"uv": [0, 0, 5, 5.75], "texture": "#0"},
				"down": {"uv": [0, 0, 5, 5.75], "texture": "#0"}
			}
		},
		{
			"from": [7.72432, 9.70939, -2.06454],
			"to": [8.27512, 9.80884, -0.87114],
			"rotation": {"angle": 0, "axis": "y", "origin": [7.17352, 4.85674, -1.12614]},
			"faces": {
				"north": {"uv": [0, 0, 5, 5.75], "texture": "#0"},
				"east": {"uv": [0, 0, 5, 5.75], "texture": "#0"},
				"south": {"uv": [0, 0, 5, 5.75], "texture": "#0"},
				"west": {"uv": [0, 0, 5, 5.75], "texture": "#0"},
				"up": {"uv": [0, 0, 5, 5.75], "texture": "#0"},
				"down": {"uv": [0, 0, 5, 5.75], "texture": "#0"}
			}
		},
		{
			"from": [7.72432, 9.83689, -2.06454],
			"to": [8.27512, 10.44634, 0.27636],
			"rotation": {"angle": 0, "axis": "y", "origin": [7.17352, 4.85674, -1.12614]},
			"faces": {
				"north": {"uv": [0, 4, 2.75, 6], "texture": "#1"},
				"east": {"uv": [2.75, 2, 4, 6], "rotation": 90, "texture": "#1"},
				"south": {"uv": [0, 4, 2.75, 6], "texture": "#1"},
				"west": {"uv": [2.75, 2, 4, 6], "rotation": 90, "texture": "#1"},
				"up": {"uv": [0, 4, 2.75, 6], "texture": "#1"},
				"down": {"uv": [1, 2, 2.25, 6], "texture": "#1"}
			}
		},
		{
			"from": [7.79373, 9.9649, -0.78903],
			"to": [8.20572, 11.08333, 0.27585],
			"rotation": {"angle": -22.5, "axis": "x", "origin": [8.06857, 10.14161, -0.89409]},
			"faces": {
				"north": {"uv": [0, 2, 2.75, 6], "texture": "#1"},
				"east": {"uv": [2.75, 2, 0.5, 6], "texture": "#1"},
				"south": {"uv": [0, 2, 2.75, 6], "texture": "#1"},
				"west": {"uv": [0.5, 2, 2.75, 6], "texture": "#1"},
				"up": {"uv": [0, 2, 2.75, 6], "texture": "#1"},
				"down": {"uv": [0, 2, 2.75, 6], "texture": "#1"}
			}
		},
		{
			"from": [7.79073, 10.32674, -1.28693],
			"to": [8.20872, 11.45117, -0.21605],
			"rotation": {"angle": 0, "axis": "y", "origin": [7.99972, 10.73896, -0.45149]},
			"faces": {
				"north": {"uv": [0, 2, 2.75, 6], "texture": "#1"},
				"east": {"uv": [2.75, 2, 0.5, 6], "texture": "#1"},
				"south": {"uv": [0, 2, 2.75, 6], "texture": "#1"},
				"west": {"uv": [0.5, 2, 2.75, 6], "texture": "#1"},
				"up": {"uv": [15, 12, 16, 16], "texture": "#1"},
				"down": {"uv": [0, 2, 2.75, 6], "texture": "#1"}
			}
		},
		{
			"from": [7.79428, 9.71041, -1.65425],
			"to": [8.20517, 10.72782, -0.84539],
			"rotation": {"angle": 22.5, "axis": "x", "origin": [8.06857, 10.14161, 0.15268]},
			"faces": {
				"north": {"uv": [2.25, 2, 1.25, 6], "texture": "#1"},
				"east": {"uv": [3, 2, 0, 6], "texture": "#1"},
				"south": {"uv": [3, 2, 0, 6], "texture": "#1"},
				"west": {"uv": [3, 2, 0, 6], "texture": "#1"},
				"up": {"uv": [3, 2, 0, 6], "texture": "#1"},
				"down": {"uv": [3, 2, 0, 6], "texture": "#1"}
			}
		},
		{
			"from": [7.72488, 10.57578, -2.62232],
			"to": [8.27457, 11.18421, -1.93994],
			"rotation": {"angle": -45, "axis": "x", "origin": [7.99972, 10.87999, -1.45238]},
			"faces": {
				"north": {"uv": [0, 2, 4, 6], "texture": "#1"},
				"east": {"uv": [2.5, 4.5, 3.75, 5.75], "texture": "#1"},
				"south": {"uv": [3.75, 4.5, 3.25, 5.25], "texture": "#1"},
				"west": {"uv": [3.75, 4.5, 2.5, 5.75], "texture": "#1"},
				"up": {"uv": [2.5, 5.75, 3.75, 4.75], "rotation": 270, "texture": "#1"},
				"down": {"uv": [0, 2, 4, 6], "texture": "#1"}
			}
		},
		{
			"from": [7.79373, 10.70328, -3.00482],
			"to": [8.20572, 11.05671, -2.44994],
			"rotation": {"angle": -45, "axis": "x", "origin": [7.93087, 10.87999, -1.45238]},
			"faces": {
				"north": {"uv": [9.25, 1.75, 12.5, 5.25], "texture": "#0"},
				"east": {"uv": [9.25, 1.75, 12.5, 5.25], "texture": "#0"},
				"south": {"uv": [9.25, 1.75, 12.5, 5.25], "texture": "#0"},
				"west": {"uv": [9.25, 1.75, 12.5, 5.25], "texture": "#0"},
				"up": {"uv": [9.25, 1.75, 12.5, 5.25], "texture": "#0"},
				"down": {"uv": [9.25, 1.75, 12.5, 5.25], "texture": "#0"}
			}
		},
		{
			"from": [7.79428, 9.43383, -2.79419],
			"to": [8.20517, 9.86019, -2.49278],
			"rotation": {"angle": 22.5, "axis": "x", "origin": [7.99972, 9.58326, -2.61799]},
			"faces": {
				"north": {"uv": [9.25, 1.75, 12.5, 5.25], "rotation": 180, "texture": "#0"},
				"east": {"uv": [9.25, 1.75, 12.5, 5.25], "rotation": 90, "texture": "#0"},
				"south": {"uv": [9.25, 1.75, 12.5, 5.25], "texture": "#0"},
				"west": {"uv": [9.25, 1.75, 12.5, 5.25], "rotation": 270, "texture": "#0"},
				"up": {"uv": [9.25, 1.75, 12.5, 5.25], "texture": "#0"},
				"down": {"uv": [9.25, 1.75, 12.5, 5.25], "rotation": 180, "texture": "#0"}
			}
		},
		{
			"from": [7.82127, 9.08498, -2.83863],
			"to": [8.17818, 9.51236, -2.5872],
			"rotation": {"angle": 0, "axis": "y", "origin": [7.97218, 9.80867, -2.68741]},
			"faces": {
				"north": {"uv": [9.25, 1.75, 12.5, 5.25], "rotation": 180, "texture": "#0"},
				"east": {"uv": [9.25, 1.75, 12.5, 5.25], "rotation": 90, "texture": "#0"},
				"south": {"uv": [9.25, 1.75, 12.5, 5.25], "texture": "#0"},
				"west": {"uv": [9.25, 1.75, 12.5, 5.25], "rotation": 270, "texture": "#0"},
				"up": {"uv": [9.25, 1.75, 12.5, 5.25], "texture": "#0"},
				"down": {"uv": [9.25, 1.75, 12.5, 5.25], "rotation": 180, "texture": "#0"}
			}
		},
		{
			"from": [7.82182, 8.64484, -3.15625],
			"to": [8.17763, 9.0712, -2.95684],
			"rotation": {"angle": -22.5, "axis": "x", "origin": [7.97218, 9.87802, -3.03104]},
			"faces": {
				"north": {"uv": [9.25, 1.75, 12.5, 5.25], "rotation": 180, "texture": "#0"},
				"east": {"uv": [9.25, 1.75, 12.5, 5.25], "rotation": 90, "texture": "#0"},
				"south": {"uv": [9.25, 1.75, 12.5, 5.25], "texture": "#0"},
				"west": {"uv": [9.25, 1.75, 12.5, 5.25], "rotation": 270, "texture": "#0"},
				"up": {"uv": [9.25, 1.75, 12.5, 5.25], "texture": "#0"},
				"down": {"uv": [9.25, 1.75, 12.5, 5.25], "rotation": 180, "texture": "#0"}
			}
		},
		{
			"from": [7.84881, 7.53522, -2.95933],
			"to": [8.15064, 7.9626, -2.8099],
			"rotation": {"angle": -22.5, "axis": "x", "origin": [7.94464, 10.29891, -2.83362]},
			"faces": {
				"north": {"uv": [9.25, 1.75, 12.5, 5.25], "rotation": 180, "texture": "#0"},
				"east": {"uv": [9.25, 1.75, 12.5, 5.25], "rotation": 90, "texture": "#0"},
				"south": {"uv": [9.25, 1.75, 12.5, 5.25], "texture": "#0"},
				"west": {"uv": [9.25, 1.75, 12.5, 5.25], "rotation": 270, "texture": "#0"},
				"up": {"uv": [9.25, 1.75, 12.5, 5.25], "texture": "#0"},
				"down": {"uv": [9.25, 1.75, 12.5, 5.25], "rotation": 180, "texture": "#0"}
			}
		},
		{
			"from": [7.84936, 7.47481, -1.90689],
			"to": [8.15009, 7.77367, -1.75848],
			"rotation": {"angle": 0, "axis": "y", "origin": [7.94464, 7.56049, -1.80719]},
			"faces": {
				"north": {"uv": [9.25, 1.75, 12.5, 5.25], "rotation": 180, "texture": "#0"},
				"east": {"uv": [9.25, 1.75, 12.5, 5.25], "rotation": 90, "texture": "#0"},
				"south": {"uv": [9.25, 1.75, 12.5, 5.25], "texture": "#0"},
				"west": {"uv": [9.25, 1.75, 12.5, 5.25], "rotation": 270, "texture": "#0"},
				"up": {"uv": [9.25, 1.75, 12.5, 5.25], "texture": "#0"},
				"down": {"uv": [9.25, 1.75, 12.5, 5.25], "rotation": 180, "texture": "#0"}
			}
		},
		{
			"from": [7.84991, 7.22521, -1.95613],
			"to": [8.14954, 7.52305, -1.83169],
			"rotation": {"angle": 22.5, "axis": "x", "origin": [7.94464, 7.37413, -1.85694]},
			"faces": {
				"north": {"uv": [9.25, 1.75, 12.5, 5.25], "rotation": 180, "texture": "#0"},
				"east": {"uv": [9.25, 1.75, 12.5, 5.25], "rotation": 90, "texture": "#0"},
				"south": {"uv": [9.25, 1.75, 12.5, 5.25], "texture": "#0"},
				"west": {"uv": [9.25, 1.75, 12.5, 5.25], "rotation": 270, "texture": "#0"},
				"up": {"uv": [9.25, 1.75, 12.5, 5.25], "texture": "#0"},
				"down": {"uv": [9.25, 1.75, 12.5, 5.25], "rotation": 180, "texture": "#0"}
			}
		},
		{
			"from": [7.85046, 7.01368, -2.0973],
			"to": [8.14899, 7.3105, -2.00193],
			"rotation": {"angle": 45, "axis": "x", "origin": [7.94464, 7.16209, -1.99862]},
			"faces": {
				"north": {"uv": [9.25, 1.75, 12.5, 5.25], "rotation": 180, "texture": "#0"},
				"east": {"uv": [9.25, 1.75, 12.5, 5.25], "rotation": 90, "texture": "#0"},
				"south": {"uv": [9.25, 1.75, 12.5, 5.25], "texture": "#0"},
				"west": {"uv": [9.25, 1.75, 12.5, 5.25], "rotation": 270, "texture": "#0"},
				"up": {"uv": [9.25, 1.75, 12.5, 5.25], "texture": "#0"},
				"down": {"uv": [9.25, 1.75, 12.5, 5.25], "rotation": 180, "texture": "#0"}
			}
		},
		{
			"from": [7.82127, 7.73683, -2.91395],
			"to": [8.17818, 8.67421, -2.76452],
			"rotation": {"angle": -45, "axis": "x", "origin": [7.97218, 8.97052, -2.81374]},
			"faces": {
				"north": {"uv": [9.25, 1.75, 12.5, 5.25], "rotation": 180, "texture": "#0"},
				"east": {"uv": [9.25, 1.75, 12.5, 5.25], "rotation": 90, "texture": "#0"},
				"south": {"uv": [9.25, 1.75, 12.5, 5.25], "texture": "#0"},
				"west": {"uv": [9.25, 1.75, 12.5, 5.25], "rotation": 270, "texture": "#0"},
				"up": {"uv": [9.25, 1.75, 12.5, 5.25], "texture": "#0"},
				"down": {"uv": [9.25, 1.75, 12.5, 5.25], "rotation": 180, "texture": "#0"}
			}
		},
		{
			"from": [7.72598, 10.77463, -0.42647],
			"to": [8.27457, 11.34508, 0.04059],
			"rotation": {"angle": -45, "axis": "x", "origin": [8.00028, 11.17856, 1.02887]},
			"faces": {
				"north": {"uv": [3, 5, 3.75, 5.75], "texture": "#1"},
				"east": {"uv": [3, 5, 3.75, 5.75], "texture": "#1"},
				"south": {"uv": [3, 5, 3.75, 5.75], "texture": "#1"},
				"west": {"uv": [3, 5, 3.75, 5.75], "texture": "#1"},
				"up": {"uv": [3, 5, 3.75, 5.75], "texture": "#1"},
				"down": {"uv": [3, 5, 3.75, 5.75], "texture": "#1"}
			}
		},
		{
			"from": [7.82182, 11.11378, -0.52647],
			"to": [8.17763, 11.20942, 0.27799],
			"rotation": {"angle": -45, "axis": "x", "origin": [8.04103, 11.17856, 1.02887]},
			"faces": {
				"north": {"uv": [0, 2, 4, 6], "texture": "#1"},
				"east": {"uv": [0, 2, 1.5, 6], "texture": "#1"},
				"south": {"uv": [0, 2, 4, 6], "texture": "#1"},
				"west": {"uv": [0, 2, 4, 6], "texture": "#1"},
				"up": {"uv": [0, 2, 4, 6], "texture": "#1"},
				"down": {"uv": [0, 2, 4, 6], "texture": "#1"}
			}
		},
		{
			"from": [7.82182, 11.04595, 0.28071],
			"to": [8.17763, 11.27725, 0.34582],
			"rotation": {"angle": -45, "axis": "x", "origin": [8.04103, 11.17856, 1.02887]},
			"faces": {
				"north": {"uv": [0, 2, 4, 6], "texture": "#1"},
				"east": {"uv": [0, 2, 1.5, 6], "texture": "#1"},
				"south": {"uv": [0, 2, 4, 6], "texture": "#1"},
				"west": {"uv": [0, 2, 4, 6], "texture": "#1"},
				"up": {"uv": [0, 2, 4, 6], "texture": "#1"},
				"down": {"uv": [0, 2, 4, 6], "texture": "#1"}
			}
		},
		{
			"from": [7.82182, 10.50902, 0.59726],
			"to": [8.17763, 10.57414, 0.82856],
			"rotation": {"angle": 22.5, "axis": "x", "origin": [7.99972, 10.54158, 0.71291]},
			"faces": {
				"north": {"uv": [0, 2, 4, 6], "rotation": 180, "texture": "#1"},
				"east": {"uv": [0, 2, 1.5, 6], "rotation": 90, "texture": "#1"},
				"south": {"uv": [0, 2, 4, 6], "texture": "#1"},
				"west": {"uv": [0, 2, 4, 6], "rotation": 270, "texture": "#1"},
				"up": {"uv": [0, 2, 4, 6], "texture": "#1"},
				"down": {"uv": [0, 2, 4, 6], "rotation": 180, "texture": "#1"}
			}
		},
		{
			"from": [7.72653, 9.70826, 0.09534],
			"to": [8.27402, 9.83646, 0.83062],
			"rotation": {"angle": -22.5, "axis": "x", "origin": [8.00028, 10.11151, -0.30011]},
			"faces": {
				"north": {"uv": [3, 5, 3.75, 5.75], "texture": "#1"},
				"east": {"uv": [3, 5, 3.75, 5.75], "texture": "#1"},
				"south": {"uv": [3, 5, 3.75, 5.75], "texture": "#1"},
				"west": {"uv": [3, 5, 3.75, 5.75], "texture": "#1"},
				"up": {"uv": [3, 5, 3.75, 5.75], "texture": "#1"},
				"down": {"uv": [3, 5, 3.75, 5.75], "texture": "#1"}
			}
		},
		{
			"from": [7.72763, 10.16327, 0.11588],
			"to": [8.27292, 10.28875, 0.84845],
			"rotation": {"angle": 0, "axis": "y", "origin": [8.00028, 10.22601, 0.48217]},
			"faces": {
				"north": {"uv": [3, 5, 3.75, 5.75], "texture": "#1"},
				"east": {"uv": [3, 5, 3.75, 5.75], "texture": "#1"},
				"south": {"uv": [3, 5, 3.75, 5.75], "texture": "#1"},
				"west": {"uv": [3, 5, 3.75, 5.75], "texture": "#1"},
				"up": {"uv": [3, 5, 3.75, 5.75], "texture": "#1"},
				"down": {"uv": [3, 5, 3.75, 5.75], "texture": "#1"}
			}
		},
		{
			"from": [7.79317, 9.76039, -1.93704],
			"to": [8.20627, 9.85984, 0.02136],
			"rotation": {"angle": 0, "axis": "y", "origin": [7.10467, 4.85674, -1.12614]},
			"faces": {
				"north": {"uv": [8.5, 8.5, 13.5, 14.25], "texture": "#0"},
				"east": {"uv": [8.5, 8.5, 13.5, 14.25], "texture": "#0"},
				"south": {"uv": [8.5, 8.5, 13.5, 14.25], "texture": "#0"},
				"west": {"uv": [8.5, 8.5, 13.5, 14.25], "texture": "#0"},
				"up": {"uv": [8.5, 8.5, 13.5, 14.25], "texture": "#0"},
				"down": {"uv": [8.5, 8.5, 13.5, 14.25], "texture": "#0"}
			}
		},
		{
			"from": [7.72432, 9.17236, -2.06454],
			"to": [8.27512, 9.27181, -0.87114],
			"rotation": {"angle": 0, "axis": "y", "origin": [7.17352, 4.85674, -1.12614]},
			"faces": {
				"north": {"uv": [0, 0, 5, 5.75], "texture": "#0"},
				"east": {"uv": [0, 0, 5, 5.75], "texture": "#0"},
				"south": {"uv": [0, 0, 5, 5.75], "texture": "#0"},
				"west": {"uv": [0, 0, 5, 5.75], "texture": "#0"},
				"up": {"uv": [0, 0, 5, 5.75], "texture": "#0"},
				"down": {"uv": [0, 0, 5, 5.75], "texture": "#0"}
			}
		},
		{
			"from": [7.73534, 8.68306, -2.05658],
			"to": [8.26411, 9.7611, -1.97305],
			"rotation": {"angle": 0, "axis": "y", "origin": [7.17352, 4.85674, -1.12614]},
			"faces": {
				"north": {"uv": [0, 0, 5, 5.75], "texture": "#0"},
				"east": {"uv": [0, 0, 5, 5.75], "texture": "#0"},
				"south": {"uv": [0, 0, 5, 5.75], "texture": "#0"},
				"west": {"uv": [0, 0, 5, 5.75], "texture": "#0"},
				"up": {"uv": [0, 0, 5, 5.75], "texture": "#0"},
				"down": {"uv": [0, 0, 5, 5.75], "texture": "#0"}
			}
		},
		{
			"from": [7.72488, 6.99255, -0.62626],
			"to": [8.27457, 8.77153, 0.39272],
			"rotation": {"angle": -22.5, "axis": "x", "origin": [7.99972, 8.00704, -0.11677]},
			"faces": {
				"north": {"uv": [0, 0, 5, 5.75], "texture": "#0"},
				"east": {"uv": [0, 0, 5, 5.75], "texture": "#0"},
				"south": {"uv": [0, 0, 5, 5.75], "texture": "#0"},
				"west": {"uv": [0, 0, 5, 5.75], "texture": "#0"},
				"up": {"uv": [0, 0, 5, 5.75], "texture": "#0"},
				"down": {"uv": [0, 0, 5, 5.75], "texture": "#0"}
			}
		},
		{
			"from": [7.72432, 5.74044, -0.27284],
			"to": [8.27512, 7.27044, 0.74716],
			"rotation": {"angle": 0, "axis": "y", "origin": [7.99972, 6.50544, 0.23716]},
			"faces": {
				"north": {"uv": [0, 0, 5, 5.75], "texture": "#0"},
				"east": {"uv": [0, 0, 5, 5.75], "texture": "#0"},
				"south": {"uv": [0, 0, 5, 5.75], "texture": "#0"},
				"west": {"uv": [0, 0, 5, 5.75], "texture": "#0"},
				"up": {"uv": [0, 0, 5, 5.75], "texture": "#0"},
				"down": {"uv": [0, 0, 5, 5.75], "texture": "#0"}
			}
		},
		{
			"from": [7.72322, 5.48282, -0.52779],
			"to": [8.27623, 5.99486, 0.49425],
			"rotation": {"angle": 22.5, "axis": "x", "origin": [7.99972, 5.22884, -0.01677]},
			"faces": {
				"north": {"uv": [0, 0, 5, 3.75], "texture": "#0"},
				"east": {"uv": [0, 0, 5, 3.75], "texture": "#0"},
				"south": {"uv": [0, 0, 5, 3.75], "texture": "#0"},
				"west": {"uv": [0, 0, 5, 3.75], "texture": "#0"},
				"up": {"uv": [0, 0, 5, 3.75], "texture": "#0"},
				"down": {"uv": [0, 0, 5, 3.75], "texture": "#0"}
			}
		},
		{
			"from": [7.67373, 5.67247, -0.42569],
			"to": [8.32572, 6.13331, 0.44315],
			"rotation": {"angle": 22.5, "axis": "x", "origin": [7.99972, 5.44389, -0.01677]},
			"faces": {
				"north": {"uv": [12, 2, 16, 6], "texture": "#1"},
				"east": {"uv": [14, 4.75, 16, 6], "texture": "#1"},
				"south": {"uv": [12, 2, 16, 6], "texture": "#1"},
				"west": {"uv": [16, 4.75, 14, 6], "texture": "#1"},
				"up": {"uv": [12, 2, 16, 6], "texture": "#1"},
				"down": {"uv": [12, 2, 16, 6], "texture": "#1"}
			}
		},
		{
			"from": [7.67503, 5.90433, -0.24723],
			"to": [8.32442, 7.28133, 0.67077],
			"rotation": {"angle": 0, "axis": "y", "origin": [7.99972, 6.59283, 0.21177]},
			"faces": {
				"north": {"uv": [12, 2, 16, 6], "texture": "#1"},
				"east": {"uv": [13.75, 2.75, 16, 6], "texture": "#1"},
				"south": {"uv": [12, 2, 16, 6], "texture": "#1"},
				"west": {"uv": [16, 2.75, 13.75, 6], "texture": "#1"},
				"up": {"uv": [12, 2, 16, 6], "texture": "#1"},
				"down": {"uv": [12, 2, 16, 6], "texture": "#1"}
			}
		},
		{
			"from": [7.67568, 7.02873, -0.57531],
			"to": [8.32377, 8.65481, 0.34177],
			"rotation": {"angle": -22.5, "axis": "x", "origin": [7.99972, 7.96677, -0.11677]},
			"faces": {
				"north": {"uv": [12, 2, 16, 6], "texture": "#1"},
				"east": {"uv": [14, 2, 16, 6], "texture": "#1"},
				"south": {"uv": [12, 2, 16, 6], "texture": "#1"},
				"west": {"uv": [16, 2, 14, 6], "texture": "#1"},
				"up": {"uv": [12, 2, 16, 6], "texture": "#1"},
				"down": {"uv": [12, 2, 16, 6], "texture": "#1"}
			}
		},
		{
			"from": [7.67503, 8.42721, -0.80431],
			"to": [8.32442, 9.80921, 0.11369],
			"rotation": {"angle": 0, "axis": "y", "origin": [7.02563, 4.04621, -0.80431]},
			"faces": {
				"north": {"uv": [12, 2, 16, 6], "texture": "#1"},
				"east": {"uv": [14.25, 2, 12, 5.5], "texture": "#1"},
				"south": {"uv": [12, 2, 16, 6], "texture": "#1"},
				"west": {"uv": [12, 2, 14.25, 5.75], "texture": "#1"},
				"up": {"uv": [12, 2, 16, 6], "texture": "#1"},
				"down": {"uv": [12, 2, 16, 6], "texture": "#1"}
			}
		},
		{
			"from": [7.6698, 5.10185, -0.57726],
			"to": [8.32965, 5.61083, 0.54372],
			"rotation": {"angle": 22.5, "axis": "x", "origin": [7.99972, 5.22884, -0.01677]},
			"faces": {
				"north": {"uv": [0, 0, 5, 3.75], "texture": "#0"},
				"east": {"uv": [0, 0, 5, 3.75], "texture": "#0"},
				"south": {"uv": [0, 0, 5, 3.75], "texture": "#0"},
				"west": {"uv": [0, 0, 5, 3.75], "texture": "#0"},
				"up": {"uv": [0, 0, 5, 3.75], "texture": "#0"},
				"down": {"uv": [0, 0, 5, 3.75], "texture": "#0"}
			}
		},
		{
			"name": "hexadecagon",
			"from": [9.021, 3.38048, -0.689],
			"to": [9.359, 3.91952, 0.989],
			"rotation": {"angle": 22.5, "axis": "z", "origin": [8, 3.65, 0.15]},
			"faces": {
				"north": {"uv": [5, 0, 6, 16], "rotation": 180, "texture": "#4"},
				"east": {"uv": [5, 0, 6, 16], "texture": "#4"},
				"south": {"uv": [5, 0, 6, 16], "texture": "#4"},
				"west": {"uv": [5, 0, 6, 16], "texture": "#4"},
				"up": {"uv": [5, 0, 6, 16], "texture": "#4"},
				"down": {"uv": [5, 0, 6, 16], "texture": "#4"}
			}
		},
		{
			"name": "hexadecagon",
			"from": [9.02, 3.37948, -0.69],
			"to": [9.36, 3.92052, 0.99],
			"rotation": {"angle": 45, "axis": "z", "origin": [8, 3.65, 0.15]},
			"faces": {
				"north": {"uv": [7, 0, 6, 16], "rotation": 90, "texture": "#4"},
				"east": {"uv": [6, 0, 7, 16], "rotation": 270, "texture": "#4"},
				"south": {"uv": [6, 0, 7, 16], "rotation": 270, "texture": "#4"},
				"west": {"uv": [6, 0, 7, 16], "rotation": 270, "texture": "#4"},
				"up": {"uv": [6, 0, 7, 16], "rotation": 270, "texture": "#4"},
				"down": {"uv": [6, 0, 7, 16], "rotation": 270, "texture": "#4"}
			}
		},
		{
			"name": "hexadecagon",
			"from": [7.73048, 4.671, -0.689],
			"to": [8.26952, 5.009, 0.989],
			"rotation": {"angle": -22.5, "axis": "z", "origin": [8, 3.65, 0.15]},
			"faces": {
				"north": {"uv": [8, 0, 7, 16], "rotation": 180, "texture": "#4"},
				"east": {"uv": [7, 0, 8, 16], "rotation": 180, "texture": "#4"},
				"south": {"uv": [7, 0, 8, 16], "rotation": 180, "texture": "#4"},
				"west": {"uv": [7, 0, 8, 16], "rotation": 180, "texture": "#4"},
				"up": {"uv": [7, 0, 8, 16], "rotation": 180, "texture": "#4"},
				"down": {"uv": [7, 0, 8, 16], "rotation": 180, "texture": "#4"}
			}
		},
		{
			"name": "hexadecagon",
			"from": [7.72948, 4.67, -0.69],
			"to": [8.27052, 5.01, 0.99],
			"rotation": {"angle": 0, "axis": "y", "origin": [8, 3.65, 0.15]},
			"faces": {
				"north": {"uv": [9, 0, 8, 16], "rotation": 180, "texture": "#4"},
				"east": {"uv": [8, 0, 9, 16], "rotation": 180, "texture": "#4"},
				"south": {"uv": [8, 0, 9, 16], "rotation": 180, "texture": "#4"},
				"west": {"uv": [8, 0, 9, 16], "rotation": 180, "texture": "#4"},
				"up": {"uv": [8, 0, 9, 16], "rotation": 180, "texture": "#4"},
				"down": {"uv": [8, 0, 9, 16], "rotation": 180, "texture": "#4"}
			}
		},
		{
			"name": "hexadecagon",
			"from": [7.73048, 4.671, -0.689],
			"to": [8.26952, 5.009, 0.989],
			"rotation": {"angle": 22.5, "axis": "z", "origin": [8, 3.65, 0.15]},
			"faces": {
				"north": {"uv": [10, 0, 9, 16], "rotation": 180, "texture": "#4"},
				"east": {"uv": [9, 0, 10, 16], "rotation": 180, "texture": "#4"},
				"south": {"uv": [9, 0, 10, 16], "rotation": 180, "texture": "#4"},
				"west": {"uv": [9, 0, 10, 16], "rotation": 180, "texture": "#4"},
				"up": {"uv": [9, 0, 10, 16], "rotation": 180, "texture": "#4"},
				"down": {"uv": [9, 0, 10, 16], "rotation": 180, "texture": "#4"}
			}
		},
		{
			"name": "hexadecagon",
			"from": [6.641, 3.38048, -0.689],
			"to": [6.979, 3.91952, 0.989],
			"rotation": {"angle": 22.5, "axis": "z", "origin": [8, 3.65, 0.15]},
			"faces": {
				"north": {"uv": [14, 0, 13, 16], "rotation": 270, "texture": "#4"},
				"east": {"uv": [13, 0, 14, 16], "rotation": 90, "texture": "#4"},
				"south": {"uv": [13, 0, 14, 16], "rotation": 90, "texture": "#4"},
				"west": {"uv": [13, 0, 14, 16], "rotation": 90, "texture": "#4"},
				"up": {"uv": [13, 0, 14, 16], "rotation": 90, "texture": "#4"},
				"down": {"uv": [13, 0, 14, 16], "rotation": 90, "texture": "#4"}
			}
		},
		{
			"name": "hexadecagon",
			"from": [6.64, 3.37948, -0.69],
			"to": [6.98, 3.92052, 0.99],
			"rotation": {"angle": 45, "axis": "z", "origin": [8, 3.65, 0.15]},
			"faces": {
				"north": {"uv": [15, 0, 14, 16], "rotation": 270, "texture": "#4"},
				"east": {"uv": [14, 0, 15, 16], "rotation": 90, "texture": "#4"},
				"south": {"uv": [14, 0, 15, 16], "rotation": 90, "texture": "#4"},
				"west": {"uv": [14, 0, 15, 16], "rotation": 90, "texture": "#4"},
				"up": {"uv": [14, 0, 15, 16], "rotation": 90, "texture": "#4"},
				"down": {"uv": [14, 0, 15, 16], "rotation": 90, "texture": "#4"}
			}
		},
		{
			"name": "hexadecagon",
			"from": [7.73048, 2.291, -0.689],
			"to": [8.26952, 2.629, 0.989],
			"rotation": {"angle": -22.5, "axis": "z", "origin": [8, 3.65, 0.15]},
			"faces": {
				"north": {"uv": [15, 0, 16, 16], "texture": "#4"},
				"east": {"uv": [15, 0, 16, 16], "texture": "#4"},
				"south": {"uv": [15, 0, 16, 16], "texture": "#4"},
				"west": {"uv": [15, 0, 16, 16], "texture": "#4"},
				"up": {"uv": [15, 0, 16, 16], "texture": "#4"},
				"down": {"uv": [15, 0, 16, 16], "texture": "#4"}
			}
		},
		{
			"name": "hexadecagon",
			"from": [7.72948, 2.29, -0.69],
			"to": [8.27052, 2.63, 0.99],
			"rotation": {"angle": 0, "axis": "y", "origin": [8, 3.65, 0.15]},
			"faces": {
				"north": {"uv": [1, 0, 0, 16], "texture": "#4"},
				"east": {"uv": [0, 0, 1, 16], "texture": "#4"},
				"south": {"uv": [0, 0, 1, 16], "texture": "#4"},
				"west": {"uv": [0, 0, 1, 16], "texture": "#4"},
				"up": {"uv": [0, 0, 1, 16], "texture": "#4"},
				"down": {"uv": [0, 0, 1, 16], "texture": "#4"}
			}
		},
		{
			"name": "hexadecagon",
			"from": [7.73048, 2.291, -0.689],
			"to": [8.26952, 2.629, 0.989],
			"rotation": {"angle": 22.5, "axis": "z", "origin": [8, 3.65, 0.15]},
			"faces": {
				"north": {"uv": [2, 0, 1, 16], "texture": "#4"},
				"east": {"uv": [1, 0, 2, 16], "texture": "#4"},
				"south": {"uv": [1, 0, 2, 16], "texture": "#4"},
				"west": {"uv": [1, 0, 2, 16], "texture": "#4"},
				"up": {"uv": [1, 0, 2, 16], "texture": "#4"},
				"down": {"uv": [1, 0, 2, 16], "texture": "#4"}
			}
		},
		{
			"name": "hexadecagon",
			"from": [7.72948, 2.29, -0.69],
			"to": [8.27052, 2.63, 0.99],
			"rotation": {"angle": 45, "axis": "z", "origin": [8, 3.65, 0.15]},
			"faces": {
				"north": {"uv": [2, 0, 3, 16], "rotation": 180, "texture": "#4"},
				"east": {"uv": [2, 0, 3, 16], "texture": "#4"},
				"south": {"uv": [2, 0, 3, 16], "texture": "#4"},
				"west": {"uv": [2, 0, 3, 16], "texture": "#4"},
				"up": {"uv": [2, 0, 3, 16], "texture": "#4"},
				"down": {"uv": [2, 0, 3, 16], "texture": "#4"}
			}
		},
		{
			"name": "hexadecagon",
			"from": [9.021, 3.38048, -0.689],
			"to": [9.359, 3.91952, 0.989],
			"rotation": {"angle": -22.5, "axis": "z", "origin": [8, 3.65, 0.15]},
			"faces": {
				"north": {"uv": [3, 0, 4, 16], "rotation": 270, "texture": "#4"},
				"east": {"uv": [3, 0, 4, 16], "rotation": 270, "texture": "#4"},
				"south": {"uv": [3, 0, 4, 16], "rotation": 270, "texture": "#4"},
				"west": {"uv": [3, 0, 4, 16], "rotation": 270, "texture": "#4"},
				"up": {"uv": [3, 0, 4, 16], "rotation": 270, "texture": "#4"},
				"down": {"uv": [3, 0, 4, 16], "rotation": 270, "texture": "#4"}
			}
		},
		{
			"name": "hexadecagon",
			"from": [9.02, 3.37948, -0.69],
			"to": [9.36, 3.92052, 0.99],
			"rotation": {"angle": 0, "axis": "y", "origin": [8, 3.65, 0.15]},
			"faces": {
				"north": {"uv": [4, 0, 5, 16], "rotation": 270, "texture": "#4"},
				"east": {"uv": [4, 0, 5, 16], "rotation": 270, "texture": "#4"},
				"south": {"uv": [4, 0, 5, 16], "rotation": 270, "texture": "#4"},
				"west": {"uv": [4, 0, 5, 16], "rotation": 270, "texture": "#4"},
				"up": {"uv": [4, 0, 5, 16], "rotation": 270, "texture": "#4"},
				"down": {"uv": [4, 0, 5, 16], "rotation": 270, "texture": "#4"}
			}
		},
		{
			"name": "hexadecagon",
			"from": [7.72948, 4.67, -0.69],
			"to": [8.27052, 5.01, 0.99],
			"rotation": {"angle": 45, "axis": "z", "origin": [8, 3.65, 0.15]},
			"faces": {
				"north": {"uv": [10, 0, 11, 16], "texture": "#4"},
				"east": {"uv": [10, 0, 11, 16], "rotation": 180, "texture": "#4"},
				"south": {"uv": [10, 0, 11, 16], "rotation": 180, "texture": "#4"},
				"west": {"uv": [10, 0, 11, 16], "rotation": 180, "texture": "#4"},
				"up": {"uv": [10, 0, 11, 16], "rotation": 180, "texture": "#4"},
				"down": {"uv": [10, 0, 11, 16], "rotation": 180, "texture": "#4"}
			}
		},
		{
			"name": "hexadecagon",
			"from": [6.641, 3.38048, -0.689],
			"to": [6.979, 3.91952, 0.989],
			"rotation": {"angle": -22.5, "axis": "z", "origin": [8, 3.65, 0.15]},
			"faces": {
				"north": {"uv": [11, 0, 12, 16], "rotation": 90, "texture": "#4"},
				"east": {"uv": [11, 0, 12, 16], "rotation": 90, "texture": "#4"},
				"south": {"uv": [11, 0, 12, 16], "rotation": 90, "texture": "#4"},
				"west": {"uv": [11, 0, 12, 16], "rotation": 90, "texture": "#4"},
				"up": {"uv": [11, 0, 12, 16], "rotation": 90, "texture": "#4"},
				"down": {"uv": [11, 0, 12, 16], "rotation": 90, "texture": "#4"}
			}
		},
		{
			"name": "hexadecagon",
			"from": [6.64, 3.37948, -0.69],
			"to": [6.98, 3.92052, 0.99],
			"rotation": {"angle": 0, "axis": "y", "origin": [8, 3.65, 0.15]},
			"faces": {
				"north": {"uv": [12, 0, 13, 16], "rotation": 90, "texture": "#4"},
				"east": {"uv": [12, 0, 13, 16], "rotation": 90, "texture": "#4"},
				"south": {"uv": [12, 0, 13, 16], "rotation": 90, "texture": "#4"},
				"west": {"uv": [12, 0, 13, 16], "rotation": 90, "texture": "#4"},
				"up": {"uv": [12, 0, 13, 16], "rotation": 90, "texture": "#4"},
				"down": {"uv": [12, 0, 13, 16], "rotation": 90, "texture": "#4"}
			}
		},
		{
			"from": [7.62948, 4.76, -0.665],
			"to": [8.37052, 5.51, 0.965],
			"rotation": {"angle": 0, "axis": "y", "origin": [8, 3.65, 0.15]},
			"faces": {
				"north": {"uv": [2, 0, 9.5, 16], "rotation": 180, "texture": "#4"},
				"east": {"uv": [13, 0, 0.5, 16], "rotation": 180, "texture": "#4"},
				"south": {"uv": [2, 0, 9.5, 16], "rotation": 180, "texture": "#4"},
				"west": {"uv": [0.5, 0, 13, 16], "rotation": 180, "texture": "#4"},
				"up": {"uv": [13.5, 0, 16, 16], "rotation": 180, "texture": "#4"},
				"down": {"uv": [8, 0, 9, 16], "rotation": 180, "texture": "#4"}
			}
		},
		{
			"from": [7.72948, 1.26, -0.665],
			"to": [8.27052, 2.51, 0.965],
			"rotation": {"angle": 0, "axis": "y", "origin": [8, 0.65, 0.15]},
			"faces": {
				"north": {"uv": [2, 0, 9.5, 16], "rotation": 180, "texture": "#5"},
				"east": {"uv": [13, 0, 0.5, 16], "rotation": 180, "texture": "#5"},
				"south": {"uv": [2, 0, 9.5, 16], "rotation": 180, "texture": "#5"},
				"west": {"uv": [0.5, 0, 13, 16], "rotation": 180, "texture": "#5"},
				"up": {"uv": [13.5, 0, 16, 16], "rotation": 180, "texture": "#5"},
				"down": {"uv": [7, 0, 10.5, 16], "rotation": 180, "texture": "#5"}
			}
		},
		{
			"from": [8, 2.462, -13.791],
			"to": [8, 4.838, -10.227],
			"rotation": {"angle": -22.5, "axis": "z", "origin": [8, 3.65, 9.375]},
			"faces": {
				"north": {"uv": [0, 0, 16, 16], "texture": "#6"},
				"east": {"uv": [16, 0, 0, 16], "texture": "#6"},
				"south": {"uv": [0, 0, 16, 16], "texture": "#6"},
				"west": {"uv": [0, 0, 16, 16], "texture": "#6"},
				"up": {"uv": [0, 0, 16, 16], "texture": "#6"},
				"down": {"uv": [0, 0, 16, 16], "texture": "#6"}
			}
		},
		{
			"from": [8, 2.462, -13.791],
			"to": [8, 4.838, -10.227],
			"rotation": {"angle": 22.5, "axis": "z", "origin": [8, 3.65, 9.375]},
			"faces": {
				"north": {"uv": [0, 0, 16, 16], "texture": "#6"},
				"east": {"uv": [16, 0, 0, 16], "texture": "#6"},
				"south": {"uv": [0, 0, 16, 16], "texture": "#6"},
				"west": {"uv": [0, 0, 16, 16], "texture": "#6"},
				"up": {"uv": [0, 0, 16, 16], "texture": "#6"},
				"down": {"uv": [0, 0, 16, 16], "texture": "#6"}
			}
		},
		{
			"from": [6.812, 3.65, -13.791],
			"to": [9.188, 3.65, -10.227],
			"rotation": {"angle": -22.5, "axis": "z", "origin": [8, 3.65, 9.375]},
			"faces": {
				"north": {"uv": [0, 0, 16, 16], "rotation": 90, "texture": "#6"},
				"east": {"uv": [0, 0, 16, 16], "rotation": 270, "texture": "#6"},
				"south": {"uv": [0, 0, 16, 16], "rotation": 270, "texture": "#6"},
				"west": {"uv": [0, 0, 16, 16], "rotation": 270, "texture": "#6"},
				"up": {"uv": [16, 0, 0, 16], "rotation": 270, "texture": "#6"},
				"down": {"uv": [0, 0, 16, 16], "rotation": 270, "texture": "#6"}
			}
		},
		{
			"from": [6.812, 3.65, -13.791],
			"to": [9.188, 3.65, -10.227],
			"rotation": {"angle": 22.5, "axis": "z", "origin": [8, 3.65, 9.375]},
			"faces": {
				"north": {"uv": [0, 0, 16, 16], "rotation": 90, "texture": "#6"},
				"east": {"uv": [0, 0, 16, 16], "rotation": 270, "texture": "#6"},
				"south": {"uv": [0, 0, 16, 16], "rotation": 270, "texture": "#6"},
				"west": {"uv": [0, 0, 16, 16], "rotation": 270, "texture": "#6"},
				"up": {"uv": [16, 0, 0, 16], "rotation": 270, "texture": "#6"},
				"down": {"uv": [0, 0, 16, 16], "rotation": 270, "texture": "#6"}
			}
		},
		{
			"from": [8, 2.462, -13.791],
			"to": [8, 4.838, -10.227],
			"rotation": {"angle": -45, "axis": "z", "origin": [8, 3.65, 9.375]},
			"faces": {
				"north": {"uv": [0, 0, 16, 16], "texture": "#6"},
				"east": {"uv": [16, 0, 0, 16], "texture": "#6"},
				"south": {"uv": [0, 0, 16, 16], "texture": "#6"},
				"west": {"uv": [0, 0, 16, 16], "texture": "#6"},
				"up": {"uv": [0, 0, 16, 16], "texture": "#6"},
				"down": {"uv": [0, 0, 16, 16], "texture": "#6"}
			}
		},
		{
			"from": [8, 2.462, -13.791],
			"to": [8, 4.838, -10.227],
			"rotation": {"angle": 0, "axis": "y", "origin": [8, 3.65, 9.375]},
			"faces": {
				"north": {"uv": [0, 0, 16, 16], "texture": "#6"},
				"east": {"uv": [16, 0, 0, 16], "texture": "#6"},
				"south": {"uv": [0, 0, 16, 16], "texture": "#6"},
				"west": {"uv": [0, 0, 16, 16], "texture": "#6"},
				"up": {"uv": [0, 0, 16, 16], "texture": "#6"},
				"down": {"uv": [0, 0, 16, 16], "texture": "#6"}
			}
		},
		{
			"from": [6.812, 3.65, -13.791],
			"to": [9.188, 3.65, -10.227],
			"rotation": {"angle": -45, "axis": "z", "origin": [8, 3.65, 9.375]},
			"faces": {
				"north": {"uv": [0, 0, 16, 16], "rotation": 90, "texture": "#6"},
				"east": {"uv": [0, 0, 16, 16], "rotation": 270, "texture": "#6"},
				"south": {"uv": [0, 0, 16, 16], "rotation": 270, "texture": "#6"},
				"west": {"uv": [0, 0, 16, 16], "rotation": 270, "texture": "#6"},
				"up": {"uv": [16, 0, 0, 16], "rotation": 270, "texture": "#6"},
				"down": {"uv": [0, 0, 16, 16], "rotation": 270, "texture": "#6"}
			}
		},
		{
			"from": [6.812, 3.65, -13.791],
			"to": [9.188, 3.65, -10.227],
			"rotation": {"angle": 0, "axis": "y", "origin": [8, 3.65, 9.375]},
			"faces": {
				"north": {"uv": [0, 0, 16, 16], "rotation": 90, "texture": "#6"},
				"east": {"uv": [0, 0, 16, 16], "rotation": 270, "texture": "#6"},
				"south": {"uv": [0, 0, 16, 16], "rotation": 270, "texture": "#6"},
				"west": {"uv": [0, 0, 16, 16], "rotation": 270, "texture": "#6"},
				"up": {"uv": [16, 0, 0, 16], "rotation": 270, "texture": "#6"},
				"down": {"uv": [0, 0, 16, 16], "rotation": 270, "texture": "#6"}
			}
		},
		{
			"name": "Cube",
			"from": [7.7719, 2.50952, 29.6898],
			"to": [8.2281, 4.79048, 31.8282],
			"rotation": {"angle": -22.5, "axis": "z", "origin": [8, 3.65, 9.375]},
			"faces": {
				"north": {"uv": [3.5, 0, 4, 16], "rotation": 180, "texture": "#3"},
				"east": {"uv": [3.5, 0, 4, 16], "rotation": 180, "texture": "#3"},
				"south": {"uv": [7, 0, 7.5, 16], "texture": "#3"},
				"west": {"uv": [3.5, 0, 4, 16], "rotation": 180, "texture": "#3"},
				"up": {"uv": [3.5, 0, 4, 16], "rotation": 180, "texture": "#3"},
				"down": {"uv": [7.5, 0, 8, 16], "rotation": 180, "texture": "#3"}
			}
		},
		{
			"name": "Cube",
			"from": [7.7729, 2.51052, 29.6898],
			"to": [8.2271, 4.78948, 31.8282],
			"rotation": {"angle": -45, "axis": "z", "origin": [8, 3.65, 9.375]},
			"faces": {
				"north": {"uv": [3.5, 0, 4, 16], "rotation": 180, "texture": "#3"},
				"east": {"uv": [7, 0, 7.5, 16], "texture": "#3"},
				"south": {"uv": [7, 0, 7.5, 16], "texture": "#3"},
				"west": {"uv": [7, 0, 7.5, 16], "texture": "#3"},
				"up": {"uv": [3, 0, 3.5, 16], "rotation": 180, "texture": "#3"},
				"down": {"uv": [7, 0, 7.5, 16], "texture": "#3"}
			}
		},
		{
			"name": "Cube",
			"from": [6.86038, 3.42276, 29.6898],
			"to": [9.13962, 3.87724, 31.8282],
			"rotation": {"angle": 22.5, "axis": "z", "origin": [8, 3.65, 9.375]},
			"faces": {
				"north": {"uv": [3.5, 0, 4, 16], "rotation": 90, "texture": "#3"},
				"east": {"uv": [2.5, 0, 3, 16], "texture": "#3"},
				"south": {"uv": [7, 0, 7.5, 16], "rotation": 90, "texture": "#3"},
				"west": {"uv": [6.5, 0, 7, 16], "rotation": 90, "texture": "#3"},
				"up": {"uv": [6.5, 0, 7, 16], "rotation": 90, "texture": "#3"},
				"down": {"uv": [6.5, 0, 7, 16], "rotation": 90, "texture": "#3"}
			}
		},
		{
			"name": "Cube",
			"from": [6.85995, 3.42233, 29.6898],
			"to": [9.14005, 3.87767, 31.8282],
			"rotation": {"angle": -45, "axis": "z", "origin": [8, 3.65, 9.375]},
			"faces": {
				"north": {"uv": [3.5, 0, 4, 16], "rotation": 180, "texture": "#3"},
				"east": {"uv": [1, 0, 1.5, 16], "rotation": 270, "texture": "#3"},
				"south": {"uv": [7, 0, 7.5, 16], "texture": "#3"},
				"west": {"uv": [5, 0, 5.5, 16], "rotation": 90, "texture": "#3"},
				"up": {"uv": [5, 0, 5.5, 16], "rotation": 90, "texture": "#3"},
				"down": {"uv": [5, 0, 5.5, 16], "rotation": 90, "texture": "#3"}
			}
		},
		{
			"name": "Cube",
			"from": [6.86009, 3.42247, 29.6898],
			"to": [9.13991, 3.87753, 31.8282],
			"rotation": {"angle": -22.5, "axis": "z", "origin": [8, 3.65, 9.375]},
			"faces": {
				"north": {"uv": [3.5, 0, 4, 16], "rotation": 180, "texture": "#3"},
				"east": {"uv": [1.5, 0, 2, 16], "rotation": 270, "texture": "#3"},
				"south": {"uv": [7, 0, 7.5, 16], "texture": "#3"},
				"west": {"uv": [5.5, 0, 6, 16], "rotation": 90, "texture": "#3"},
				"up": {"uv": [5.5, 0, 6, 16], "rotation": 90, "texture": "#3"},
				"down": {"uv": [5.5, 0, 6, 16], "rotation": 90, "texture": "#3"}
			}
		},
		{
			"name": "Cube",
			"from": [6.86023, 3.42262, 29.6898],
			"to": [9.13977, 3.87738, 31.8282],
			"rotation": {"angle": 0, "axis": "y", "origin": [8, 3.65, 9.375]},
			"faces": {
				"north": {"uv": [3.5, 0, 4, 16], "rotation": 180, "texture": "#3"},
				"east": {"uv": [2, 0, 2.5, 16], "rotation": 270, "texture": "#3"},
				"south": {"uv": [7, 0, 7.5, 16], "texture": "#3"},
				"west": {"uv": [6, 0, 6.5, 16], "rotation": 90, "texture": "#3"},
				"up": {"uv": [6, 0, 6.5, 16], "rotation": 90, "texture": "#3"},
				"down": {"uv": [6, 0, 6.5, 16], "rotation": 90, "texture": "#3"}
			}
		},
		{
			"name": "Cube",
			"from": [7.77219, 2.50981, 29.6898],
			"to": [8.22781, 4.79019, 31.8282],
			"rotation": {"angle": 22.5, "axis": "z", "origin": [8, 3.65, 9.375]},
			"faces": {
				"north": {"uv": [3.5, 0, 4, 16], "rotation": 90, "texture": "#3"},
				"east": {"uv": [4.5, 0, 5, 16], "rotation": 180, "texture": "#3"},
				"south": {"uv": [7, 0, 7.5, 16], "rotation": 90, "texture": "#3"},
				"west": {"uv": [4.5, 0, 5, 16], "rotation": 180, "texture": "#3"},
				"up": {"uv": [4.5, 0, 5, 16], "rotation": 180, "texture": "#3"},
				"down": {"uv": [0.5, 0, 1, 16], "texture": "#3"}
			}
		},
		{
			"name": "Cube",
			"from": [7.77205, 2.50966, 29.6898],
			"to": [8.22795, 4.79034, 31.8282],
			"rotation": {"angle": 0, "axis": "y", "origin": [8, 3.65, 9.375]},
			"faces": {
				"north": {"uv": [3.5, 0, 4, 16], "rotation": 180, "texture": "#3"},
				"east": {"uv": [4, 0, 4.5, 16], "rotation": 180, "texture": "#3"},
				"south": {"uv": [7, 0, 7.5, 16], "texture": "#3"},
				"west": {"uv": [4, 0, 4.5, 16], "rotation": 180, "texture": "#3"},
				"up": {"uv": [4, 0, 4.5, 16], "rotation": 180, "texture": "#3"},
				"down": {"uv": [0, 0, 0.5, 16], "texture": "#3"}
			}
		},
		{
			"name": "Cube",
			"from": [7.76506, 2.47531, -10.227],
			"to": [8.23494, 4.82469, -9.9894],
			"rotation": {"angle": -22.5, "axis": "z", "origin": [8, 3.65, 9.375]},
			"faces": {
				"north": {"uv": [3.5, 0, 4, 16], "rotation": 180, "texture": "#3"},
				"east": {"uv": [3.5, 0, 4, 16], "rotation": 180, "texture": "#3"},
				"south": {"uv": [7, 0, 7.5, 16], "texture": "#3"},
				"west": {"uv": [3.5, 0, 4, 16], "rotation": 180, "texture": "#3"},
				"up": {"uv": [3.5, 0, 4, 16], "rotation": 180, "texture": "#3"},
				"down": {"uv": [7.5, 0, 8, 16], "rotation": 180, "texture": "#3"}
			}
		},
		{
			"name": "Cube",
			"from": [7.76609, 2.47633, -10.227],
			"to": [8.23391, 4.82367, -9.9894],
			"rotation": {"angle": -45, "axis": "z", "origin": [8, 3.65, 9.375]},
			"faces": {
				"north": {"uv": [3.5, 0, 4, 16], "rotation": 180, "texture": "#3"},
				"east": {"uv": [7, 0, 7.5, 16], "texture": "#3"},
				"south": {"uv": [7, 0, 7.5, 16], "texture": "#3"},
				"west": {"uv": [7, 0, 7.5, 16], "texture": "#3"},
				"up": {"uv": [3, 0, 3.5, 16], "rotation": 180, "texture": "#3"},
				"down": {"uv": [7, 0, 7.5, 16], "texture": "#3"}
			}
		},
		{
			"name": "Cube",
			"from": [6.82619, 3.41594, -10.227],
			"to": [9.17381, 3.88406, -9.9894],
			"rotation": {"angle": 22.5, "axis": "z", "origin": [8, 3.65, 9.375]},
			"faces": {
				"north": {"uv": [3.5, 0, 4, 16], "rotation": 90, "texture": "#3"},
				"east": {"uv": [2.5, 0, 3, 16], "texture": "#3"},
				"south": {"uv": [7, 0, 7.5, 16], "rotation": 90, "texture": "#3"},
				"west": {"uv": [6.5, 0, 7, 16], "rotation": 90, "texture": "#3"},
				"up": {"uv": [6.5, 0, 7, 16], "rotation": 90, "texture": "#3"},
				"down": {"uv": [6.5, 0, 7, 16], "rotation": 90, "texture": "#3"}
			}
		},
		{
			"name": "Cube",
			"from": [6.82575, 3.4155, -10.227],
			"to": [9.17425, 3.8845, -9.9894],
			"rotation": {"angle": -45, "axis": "z", "origin": [8, 3.65, 9.375]},
			"faces": {
				"north": {"uv": [3.5, 0, 4, 16], "rotation": 180, "texture": "#3"},
				"east": {"uv": [1, 0, 1.5, 16], "rotation": 270, "texture": "#3"},
				"south": {"uv": [7, 0, 7.5, 16], "texture": "#3"},
				"west": {"uv": [5, 0, 5.5, 16], "rotation": 90, "texture": "#3"},
				"up": {"uv": [5, 0, 5.5, 16], "rotation": 90, "texture": "#3"},
				"down": {"uv": [5, 0, 5.5, 16], "rotation": 90, "texture": "#3"}
			}
		},
		{
			"name": "Cube",
			"from": [6.82589, 3.41565, -10.227],
			"to": [9.17411, 3.88435, -9.9894],
			"rotation": {"angle": -22.5, "axis": "z", "origin": [8, 3.65, 9.375]},
			"faces": {
				"north": {"uv": [3.5, 0, 4, 16], "rotation": 180, "texture": "#3"},
				"east": {"uv": [1.5, 0, 2, 16], "rotation": 270, "texture": "#3"},
				"south": {"uv": [7, 0, 7.5, 16], "texture": "#3"},
				"west": {"uv": [5.5, 0, 6, 16], "rotation": 90, "texture": "#3"},
				"up": {"uv": [5.5, 0, 6, 16], "rotation": 90, "texture": "#3"},
				"down": {"uv": [5.5, 0, 6, 16], "rotation": 90, "texture": "#3"}
			}
		},
		{
			"name": "Cube",
			"from": [6.82604, 3.4158, -10.227],
			"to": [9.17396, 3.8842, -9.9894],
			"rotation": {"angle": 0, "axis": "y", "origin": [8, 3.65, 9.375]},
			"faces": {
				"north": {"uv": [3.5, 0, 4, 16], "rotation": 180, "texture": "#3"},
				"east": {"uv": [2, 0, 2.5, 16], "rotation": 270, "texture": "#3"},
				"south": {"uv": [7, 0, 7.5, 16], "texture": "#3"},
				"west": {"uv": [6, 0, 6.5, 16], "rotation": 90, "texture": "#3"},
				"up": {"uv": [6, 0, 6.5, 16], "rotation": 90, "texture": "#3"},
				"down": {"uv": [6, 0, 6.5, 16], "rotation": 90, "texture": "#3"}
			}
		},
		{
			"name": "Cube",
			"from": [7.76535, 2.4756, -10.227],
			"to": [8.23465, 4.8244, -9.9894],
			"rotation": {"angle": 22.5, "axis": "z", "origin": [8, 3.65, 9.375]},
			"faces": {
				"north": {"uv": [3.5, 0, 4, 16], "rotation": 90, "texture": "#3"},
				"east": {"uv": [4.5, 0, 5, 16], "rotation": 180, "texture": "#3"},
				"south": {"uv": [7, 0, 7.5, 16], "rotation": 90, "texture": "#3"},
				"west": {"uv": [4.5, 0, 5, 16], "rotation": 180, "texture": "#3"},
				"up": {"uv": [4.5, 0, 5, 16], "rotation": 180, "texture": "#3"},
				"down": {"uv": [0.5, 0, 1, 16], "texture": "#3"}
			}
		},
		{
			"name": "Cube",
			"from": [7.76521, 2.47545, -10.227],
			"to": [8.23479, 4.82455, -9.9894],
			"rotation": {"angle": 0, "axis": "y", "origin": [8, 3.65, 9.375]},
			"faces": {
				"north": {"uv": [3.5, 0, 4, 16], "rotation": 180, "texture": "#3"},
				"east": {"uv": [4, 0, 4.5, 16], "rotation": 180, "texture": "#3"},
				"south": {"uv": [7, 0, 7.5, 16], "texture": "#3"},
				"west": {"uv": [4, 0, 4.5, 16], "rotation": 180, "texture": "#3"},
				"up": {"uv": [4, 0, 4.5, 16], "rotation": 180, "texture": "#3"},
				"down": {"uv": [0, 0, 0.5, 16], "texture": "#3"}
			}
		},
		{
			"name": "Cube",
			"from": [7.81752, 2.73762, -9.9894],
			"to": [8.18248, 4.56238, 29.9274],
			"rotation": {"angle": -22.5, "axis": "z", "origin": [8, 3.65, 9.375]},
			"faces": {
				"north": {"uv": [11.5, 0, 12, 16], "rotation": 180, "texture": "#3"},
				"east": {"uv": [11.5, 0, 12, 16], "rotation": 180, "texture": "#3"},
				"south": {"uv": [15, 0, 15.5, 16], "texture": "#3"},
				"west": {"uv": [11.5, 0, 12, 16], "rotation": 180, "texture": "#3"},
				"up": {"uv": [11.5, 0, 12, 16], "rotation": 180, "texture": "#3"},
				"down": {"uv": [15.5, 0, 16, 16], "rotation": 180, "texture": "#3"}
			}
		},
		{
			"name": "Cube",
			"from": [7.81832, 2.73841, -9.9894],
			"to": [8.18168, 4.56159, 29.9274],
			"rotation": {"angle": -45, "axis": "z", "origin": [8, 3.65, 9.375]},
			"faces": {
				"north": {"uv": [11.5, 0, 12, 16], "rotation": 180, "texture": "#3"},
				"east": {"uv": [15, 0, 15.5, 16], "texture": "#3"},
				"south": {"uv": [15, 0, 15.5, 16], "texture": "#3"},
				"west": {"uv": [15, 0, 15.5, 16], "texture": "#3"},
				"up": {"uv": [11, 0, 11.5, 16], "rotation": 180, "texture": "#3"},
				"down": {"uv": [15, 0, 15.5, 16], "texture": "#3"}
			}
		},
		{
			"name": "Cube",
			"from": [7.0883, 3.46821, -9.9894],
			"to": [8.9117, 3.83179, 29.9274],
			"rotation": {"angle": 22.5, "axis": "z", "origin": [8, 3.65, 9.375]},
			"faces": {
				"north": {"uv": [11.5, 0, 12, 16], "rotation": 90, "texture": "#3"},
				"east": {"uv": [10.5, 0, 11, 16], "texture": "#3"},
				"south": {"uv": [15, 0, 15.5, 16], "rotation": 90, "texture": "#3"},
				"west": {"uv": [14.5, 0, 15, 16], "rotation": 90, "texture": "#3"},
				"up": {"uv": [14.5, 0, 15, 16], "rotation": 90, "texture": "#3"},
				"down": {"uv": [14.5, 0, 15, 16], "rotation": 90, "texture": "#3"}
			}
		},
		{
			"name": "Cube",
			"from": [7.08796, 3.46787, -9.9894],
			"to": [8.91204, 3.83213, 29.9274],
			"rotation": {"angle": -45, "axis": "z", "origin": [8, 3.65, 9.375]},
			"faces": {
				"north": {"uv": [11.5, 0, 12, 16], "rotation": 180, "texture": "#3"},
				"east": {"uv": [9, 0, 9.5, 16], "rotation": 270, "texture": "#3"},
				"south": {"uv": [15, 0, 15.5, 16], "texture": "#3"},
				"west": {"uv": [13, 0, 13.5, 16], "rotation": 90, "texture": "#3"},
				"up": {"uv": [13, 0, 13.5, 16], "rotation": 90, "texture": "#3"},
				"down": {"uv": [13, 0, 13.5, 16], "rotation": 90, "texture": "#3"}
			}
		},
		{
			"name": "Cube",
			"from": [7.08807, 3.46798, -9.9894],
			"to": [8.91193, 3.83202, 29.9274],
			"rotation": {"angle": -22.5, "axis": "z", "origin": [8, 3.65, 9.375]},
			"faces": {
				"north": {"uv": [11.5, 0, 12, 16], "rotation": 180, "texture": "#3"},
				"east": {"uv": [9.5, 0, 10, 16], "rotation": 270, "texture": "#3"},
				"south": {"uv": [15, 0, 15.5, 16], "texture": "#3"},
				"west": {"uv": [13.5, 0, 14, 16], "rotation": 90, "texture": "#3"},
				"up": {"uv": [13.5, 0, 14, 16], "rotation": 90, "texture": "#3"},
				"down": {"uv": [13.5, 0, 14, 16], "rotation": 90, "texture": "#3"}
			}
		},
		{
			"name": "Cube",
			"from": [7.08819, 3.46809, -9.9894],
			"to": [8.91181, 3.83191, 29.9274],
			"rotation": {"angle": 0, "axis": "y", "origin": [8, 3.65, 9.375]},
			"faces": {
				"north": {"uv": [11.5, 0, 12, 16], "rotation": 180, "texture": "#3"},
				"east": {"uv": [10, 0, 10.5, 16], "rotation": 270, "texture": "#3"},
				"south": {"uv": [15, 0, 15.5, 16], "texture": "#3"},
				"west": {"uv": [14, 0, 14.5, 16], "rotation": 90, "texture": "#3"},
				"up": {"uv": [14, 0, 14.5, 16], "rotation": 90, "texture": "#3"},
				"down": {"uv": [14, 0, 14.5, 16], "rotation": 90, "texture": "#3"}
			}
		},
		{
			"name": "Cube",
			"from": [7.81775, 2.73784, -9.9894],
			"to": [8.18225, 4.56216, 29.9274],
			"rotation": {"angle": 22.5, "axis": "z", "origin": [8, 3.65, 9.375]},
			"faces": {
				"north": {"uv": [11.5, 0, 12, 16], "rotation": 90, "texture": "#3"},
				"east": {"uv": [12.5, 0, 13, 16], "rotation": 180, "texture": "#3"},
				"south": {"uv": [15, 0, 15.5, 16], "rotation": 90, "texture": "#3"},
				"west": {"uv": [12.5, 0, 13, 16], "rotation": 180, "texture": "#3"},
				"up": {"uv": [12.5, 0, 13, 16], "rotation": 180, "texture": "#3"},
				"down": {"uv": [8.5, 0, 9, 16], "texture": "#3"}
			}
		},
		{
			"name": "Cube",
			"from": [7.81764, 2.73773, -9.9894],
			"to": [8.18236, 4.56227, 29.9274],
			"rotation": {"angle": 0, "axis": "y", "origin": [8, 3.65, 9.375]},
			"faces": {
				"north": {"uv": [11.5, 0, 12, 16], "rotation": 180, "texture": "#3"},
				"east": {"uv": [12, 0, 12.5, 16], "rotation": 180, "texture": "#3"},
				"south": {"uv": [15, 0, 15.5, 16], "texture": "#3"},
				"west": {"uv": [12, 0, 12.5, 16], "rotation": 180, "texture": "#3"},
				"up": {"uv": [12, 0, 12.5, 16], "rotation": 180, "texture": "#3"},
				"down": {"uv": [8, 0, 8.5, 16], "texture": "#3"}
			}
		},
		{
			"name": "Cube",
			"from": [7.7719, 2.50952, -9.7518],
			"to": [8.2281, 4.79048, 29.2146],
			"rotation": {"angle": -22.5, "axis": "z", "origin": [8, 3.65, 9.375]},
			"faces": {
				"north": {"uv": [3.5, 0, 4, 16], "rotation": 180, "texture": "#3"},
				"east": {"uv": [3.5, 0, 4, 16], "rotation": 180, "texture": "#3"},
				"south": {"uv": [7, 0, 7.5, 16], "texture": "#3"},
				"west": {"uv": [3.5, 0, 4, 16], "rotation": 180, "texture": "#3"},
				"up": {"uv": [3.5, 0, 4, 16], "rotation": 180, "texture": "#3"},
				"down": {"uv": [7.5, 0, 8, 16], "rotation": 180, "texture": "#3"}
			}
		},
		{
			"name": "Cube",
			"from": [7.7729, 2.51052, -9.7518],
			"to": [8.2271, 4.78948, 29.2146],
			"rotation": {"angle": -45, "axis": "z", "origin": [8, 3.65, 9.375]},
			"faces": {
				"north": {"uv": [3.5, 0, 4, 16], "rotation": 180, "texture": "#3"},
				"east": {"uv": [7, 0, 7.5, 16], "texture": "#3"},
				"south": {"uv": [7, 0, 7.5, 16], "texture": "#3"},
				"west": {"uv": [7, 0, 7.5, 16], "texture": "#3"},
				"up": {"uv": [3, 0, 3.5, 16], "rotation": 180, "texture": "#3"},
				"down": {"uv": [7, 0, 7.5, 16], "texture": "#3"}
			}
		},
		{
			"name": "Cube",
			"from": [6.86038, 3.42276, -9.7518],
			"to": [9.13962, 3.87724, 29.2146],
			"rotation": {"angle": 22.5, "axis": "z", "origin": [8, 3.65, 9.375]},
			"faces": {
				"north": {"uv": [3.5, 0, 4, 16], "rotation": 90, "texture": "#3"},
				"east": {"uv": [2.5, 0, 3, 16], "texture": "#3"},
				"south": {"uv": [7, 0, 7.5, 16], "rotation": 90, "texture": "#3"},
				"west": {"uv": [6.5, 0, 7, 16], "rotation": 90, "texture": "#3"},
				"up": {"uv": [6.5, 0, 7, 16], "rotation": 90, "texture": "#3"},
				"down": {"uv": [6.5, 0, 7, 16], "rotation": 90, "texture": "#3"}
			}
		},
		{
			"name": "Cube",
			"from": [6.85995, 3.42233, -9.7518],
			"to": [9.14005, 3.87767, 29.2146],
			"rotation": {"angle": -45, "axis": "z", "origin": [8, 3.65, 9.375]},
			"faces": {
				"north": {"uv": [3.5, 0, 4, 16], "rotation": 180, "texture": "#3"},
				"east": {"uv": [1, 0, 1.5, 16], "rotation": 270, "texture": "#3"},
				"south": {"uv": [7, 0, 7.5, 16], "texture": "#3"},
				"west": {"uv": [5, 0, 5.5, 16], "rotation": 90, "texture": "#3"},
				"up": {"uv": [5, 0, 5.5, 16], "rotation": 90, "texture": "#3"},
				"down": {"uv": [5, 0, 5.5, 16], "rotation": 90, "texture": "#3"}
			}
		},
		{
			"name": "Cube",
			"from": [6.86009, 3.42247, -9.7518],
			"to": [9.13991, 3.87753, 29.2146],
			"rotation": {"angle": -22.5, "axis": "z", "origin": [8, 3.65, 9.375]},
			"faces": {
				"north": {"uv": [3.5, 0, 4, 16], "rotation": 180, "texture": "#3"},
				"east": {"uv": [1.5, 0, 2, 16], "rotation": 270, "texture": "#3"},
				"south": {"uv": [7, 0, 7.5, 16], "texture": "#3"},
				"west": {"uv": [5.5, 0, 6, 16], "rotation": 90, "texture": "#3"},
				"up": {"uv": [5.5, 0, 6, 16], "rotation": 90, "texture": "#3"},
				"down": {"uv": [5.5, 0, 6, 16], "rotation": 90, "texture": "#3"}
			}
		},
		{
			"name": "Cube",
			"from": [6.86023, 3.42262, -9.7518],
			"to": [9.13977, 3.87738, 29.2146],
			"rotation": {"angle": 0, "axis": "y", "origin": [8, 3.65, 9.375]},
			"faces": {
				"north": {"uv": [3.5, 0, 4, 16], "rotation": 180, "texture": "#3"},
				"east": {"uv": [2, 0, 2.5, 16], "rotation": 270, "texture": "#3"},
				"south": {"uv": [7, 0, 7.5, 16], "texture": "#3"},
				"west": {"uv": [6, 0, 6.5, 16], "rotation": 90, "texture": "#3"},
				"up": {"uv": [6, 0, 6.5, 16], "rotation": 90, "texture": "#3"},
				"down": {"uv": [6, 0, 6.5, 16], "rotation": 90, "texture": "#3"}
			}
		},
		{
			"name": "Cube",
			"from": [7.77219, 2.50981, -9.7518],
			"to": [8.22781, 4.79019, 29.2146],
			"rotation": {"angle": 22.5, "axis": "z", "origin": [8, 3.65, 9.375]},
			"faces": {
				"north": {"uv": [3.5, 0, 4, 16], "rotation": 90, "texture": "#3"},
				"east": {"uv": [4.5, 0, 5, 16], "rotation": 180, "texture": "#3"},
				"south": {"uv": [7, 0, 7.5, 16], "rotation": 90, "texture": "#3"},
				"west": {"uv": [4.5, 0, 5, 16], "rotation": 180, "texture": "#3"},
				"up": {"uv": [4.5, 0, 5, 16], "rotation": 180, "texture": "#3"},
				"down": {"uv": [0.5, 0, 1, 16], "texture": "#3"}
			}
		},
		{
			"name": "Cube",
			"from": [7.77205, 2.50966, -9.7518],
			"to": [8.22795, 4.79034, 29.2146],
			"rotation": {"angle": 0, "axis": "y", "origin": [8, 3.65, 9.375]},
			"faces": {
				"north": {"uv": [3.5, 0, 4, 16], "rotation": 180, "texture": "#3"},
				"east": {"uv": [4, 0, 4.5, 16], "rotation": 180, "texture": "#3"},
				"south": {"uv": [7, 0, 7.5, 16], "texture": "#3"},
				"west": {"uv": [4, 0, 4.5, 16], "rotation": 180, "texture": "#3"},
				"up": {"uv": [4, 0, 4.5, 16], "rotation": 180, "texture": "#3"},
				"down": {"uv": [0, 0, 0.5, 16], "texture": "#3"}
			}
		}
	],
	"gui_light": "front",
	"display": {
		"thirdperson_righthand": {
			"translation": [-0.25, -1.5, 4.5],
			"scale": [0.63, 0.63, 0.63]
		},
		"thirdperson_lefthand": {
			"rotation": [89.95, 20.37, 48.43],
			"translation": [-0.25, -1.5, -0.5],
			"scale": [0.63, 0.63, 0.63]
		},
		"firstperson_righthand": {
			"translation": [1.5, 0, 8],
			"scale": [1, 1, 0.89]
		},
		"firstperson_lefthand": {
			"translation": [1.5, 0, 8],
			"scale": [1, 1, 0.89]
		},
		"ground": {
			"rotation": [0, 0, -69],
			"translation": [0, -1, 0],
			"scale": [0.59, 0.59, 0.59]
		},
		"gui": {
			"rotation": [60.08, 40.28, -80.18],
			"translation": [1.25, 2, 0],
			"scale": [0.55, 0.55, 0.55]
		},
		"head": {
			"translation": [0, -5, 0]
		},
		"fixed": {
			"rotation": [90, 0, 69],
			"translation": [0, 0, -0.25],
			"scale": [1.15, 1.15, 1.15]
		}
	},
	"groups": [
		{
			"name": "grip",
			"origin": [7.99975, -5.79616, 8.88323],
			"color": 0,
			"children": [0, 1, 2, 3, 4, 5, 6, 7, 8, 9, 10, 11, 12, 13, 14, 15, 16, 17, 18, 19, 20, 21, 22, 23, 24, 25, 26, 27, 28, 29, 30, 31, 32, 33, 34, 35, 36, 37]
		},
		{
			"name": "hexadecagon",
			"origin": [8, 8, 8],
			"color": 0,
			"children": [38, 39, 40, 41, 42, 43, 44, 45, 46, 47, 48, 49, 50, 51, 52, 53]
		},
		54,
		55,
		{
			"name": "spear",
			"origin": [8, 8, 8],
			"color": 0,
			"children": [
				56,
				57,
				58,
				59,
				60,
				61,
				62,
				63,
				{
					"name": "tank",
					"origin": [8, 8, 1],
					"color": 0,
					"children": [64, 65, 66, 67, 68, 69, 70, 71]
				},
				{
					"name": "tank",
					"origin": [8, 8, 1],
					"color": 0,
					"children": [72, 73, 74, 75, 76, 77, 78, 79]
				},
				{
					"name": "tank_inside",
					"origin": [8, 8, 1],
					"color": 0,
					"children": [80, 81, 82, 83, 84, 85, 86, 87]
				},
				{
					"name": "tank",
					"origin": [8, 8, 1],
					"color": 0,
					"children": [88, 89, 90, 91, 92, 93, 94, 95]
				}
			]
		}
	]
}