{
	"credit": "Made with Blockbench",
	"textures": {
		"0": "custom/odmgear/3dmg_gas_tank",
		"1": "custom/odmgear/3dmg_main_old",
		"particle": "custom/odmgear/3dmg_gas_tank"
	},
	"elements": [
		{
			"from": [8.732, 7.78038, 6.1976],
			"to": [11.294, 7.78038, 7.6616],
			"rotation": {"angle": 0, "axis": "y", "origin": [9.464, 7.78038, 6.9296]},
			"faces": {
				"up": {"uv": [6, 6, 16, 16], "texture": "#1"},
				"down": {"uv": [6, 16, 16, 6], "texture": "#1"}
			}
		},
		{
			"from": [8.732, 8.29807, 6.41179],
			"to": [11.294, 8.29807, 7.87579],
			"rotation": {"angle": 45, "axis": "x", "origin": [9.464, 8.29807, 7.14379]},
			"faces": {
				"up": {"uv": [6, 6, 16, 16], "texture": "#1"},
				"down": {"uv": [6, 16, 16, 6], "texture": "#1"}
			}
		},
		{
			"from": [8.732, 7.78047, 7.66151],
			"to": [11.294, 9.24447, 7.66151],
			"rotation": {"angle": 0, "axis": "y", "origin": [9.464, 8.40537, 7.92035]},
			"faces": {
				"north": {"uv": [6, 16, 16, 6], "rotation": 180, "texture": "#1"},
				"south": {"uv": [6, 6, 16, 16], "texture": "#1"}
			}
		},
		{
			"from": [8.732, 7.78068, 8.17911],
			"to": [11.294, 9.24468, 8.17911],
			"rotation": {"angle": 45, "axis": "x", "origin": [9.464, 8.40537, 7.92035]},
			"faces": {
				"north": {"uv": [6, 16, 16, 6.125], "rotation": 180, "texture": "#1"},
				"south": {"uv": [6, 6, 16, 16], "texture": "#1"}
			}
		},
		{
			"from": [8.732, 7.78056, 7.66118],
			"to": [11.294, 7.78056, 9.12518],
			"rotation": {"angle": 0, "axis": "y", "origin": [9.464, 7.41451, 7.76838]},
			"faces": {
				"up": {"uv": [6, 16, 16, 6], "texture": "#1"},
				"down": {"uv": [6, 6, 16, 16], "texture": "#1"}
			}
		},
		{
			"from": [8.732, 7.59763, 7.43396],
			"to": [11.294, 7.59763, 8.89796],
			"rotation": {"angle": 45, "axis": "x", "origin": [9.464, 7.41451, 7.76838]},
			"faces": {
				"up": {"uv": [6, 16, 16, 6], "texture": "#1"},
				"down": {"uv": [6, 6, 16, 16], "texture": "#1"}
			}
		},
		{
			"from": [8.732, 6.31647, 7.66127],
			"to": [11.294, 7.78047, 7.66127],
			"rotation": {"angle": 0, "axis": "y", "origin": [9.464, 7.41451, 7.76838]},
			"faces": {
				"north": {"uv": [6, 6, 16, 16], "rotation": 180, "texture": "#1"},
				"south": {"uv": [6, 16, 16, 6], "texture": "#1"}
			}
		},
		{
			"from": [8.732, 6.13334, 7.43396],
			"to": [11.294, 7.59734, 7.43396],
			"rotation": {"angle": 45, "axis": "x", "origin": [9.464, 7.41451, 7.76838]},
			"faces": {
				"north": {"uv": [6, 6, 16, 16], "rotation": 180, "texture": "#1"},
				"south": {"uv": [6, 16, 16, 6], "texture": "#1"}
			}
		},
		{
			"from": [4.706, 7.78038, 6.1976],
			"to": [7.268, 7.78038, 7.6616],
			"rotation": {"angle": 0, "axis": "y", "origin": [6.536, 7.78038, 6.9296]},
			"faces": {
				"up": {"uv": [16, 6, 6, 16], "texture": "#1"},
				"down": {"uv": [16, 16, 6, 6], "texture": "#1"}
			}
		},
		{
			"from": [4.706, 8.29807, 6.41179],
			"to": [7.268, 8.29807, 7.87579],
			"rotation": {"angle": 45, "axis": "x", "origin": [6.536, 8.29807, 7.14379]},
			"faces": {
				"up": {"uv": [16, 6, 6, 16], "texture": "#1"},
				"down": {"uv": [16, 16, 6, 6], "texture": "#1"}
			}
		},
		{
			"from": [4.706, 7.78047, 7.66151],
			"to": [7.268, 9.24447, 7.66151],
			"rotation": {"angle": 0, "axis": "y", "origin": [6.536, 8.40537, 7.92035]},
			"faces": {
				"north": {"uv": [16, 16, 6, 6], "rotation": 180, "texture": "#1"},
				"south": {"uv": [16, 6, 6, 16], "texture": "#1"}
			}
		},
		{
			"from": [4.706, 7.78068, 8.17911],
			"to": [7.268, 9.24468, 8.17911],
			"rotation": {"angle": 45, "axis": "x", "origin": [6.536, 8.40537, 7.92035]},
			"faces": {
				"north": {"uv": [16, 16, 6, 6.075], "rotation": 180, "texture": "#1"},
				"south": {"uv": [16, 6, 6, 16], "texture": "#1"}
			}
		},
		{
			"from": [4.706, 7.78056, 7.66118],
			"to": [7.268, 7.78056, 9.12518],
			"rotation": {"angle": 0, "axis": "y", "origin": [6.536, 7.41451, 7.76838]},
			"faces": {
				"up": {"uv": [16, 16, 6, 6], "texture": "#1"},
				"down": {"uv": [16, 6, 6, 16], "texture": "#1"}
			}
		},
		{
			"from": [4.706, 7.59763, 7.43396],
			"to": [7.268, 7.59763, 8.89796],
			"rotation": {"angle": 45, "axis": "x", "origin": [6.536, 7.41451, 7.76838]},
			"faces": {
				"up": {"uv": [16, 16, 6, 6.1], "texture": "#1"},
				"down": {"uv": [16, 6, 6, 16], "texture": "#1"}
			}
		},
		{
			"from": [4.706, 6.31647, 7.66127],
			"to": [7.268, 7.78047, 7.66127],
			"rotation": {"angle": 0, "axis": "y", "origin": [6.536, 7.41451, 7.76838]},
			"faces": {
				"north": {"uv": [16, 6, 6, 16], "rotation": 180, "texture": "#1"},
				"south": {"uv": [16, 16, 6, 6], "texture": "#1"}
			}
		},
		{
			"from": [4.706, 6.13334, 7.43396],
			"to": [7.268, 7.59734, 7.43396],
			"rotation": {"angle": 45, "axis": "x", "origin": [6.536, 7.41451, 7.76838]},
			"faces": {
				"north": {"uv": [16, 6, 6, 16], "rotation": 180, "texture": "#1"},
				"south": {"uv": [16, 16, 6, 6], "texture": "#1"}
			}
		},
		{
			"from": [8.732, 7.90233, 6.56373],
			"to": [10.196, 9.19553, 6.80773],
			"rotation": {"angle": 0, "axis": "y", "origin": [8.732, 7.12153, 10.22373]},
			"faces": {
				"north": {"uv": [0, 6, 4, 10], "texture": "#1"},
				"east": {"uv": [12, 2, 16, 6], "texture": "#1"},
				"south": {"uv": [12, 2, 16, 6], "texture": "#1"},
				"west": {"uv": [12, 2, 16, 6], "texture": "#1"},
				"up": {"uv": [12, 2, 16, 6], "texture": "#1"},
				"down": {"uv": [12, 2, 16, 6], "texture": "#1"}
			}
		},
		{
			"from": [10.09408, 7.90282, 6.29338],
			"to": [11.0691, 9.19504, 6.53641],
			"rotation": {"angle": 22.5, "axis": "y", "origin": [10.82559, 8.54893, 6.4149]},
			"faces": {
				"north": {"uv": [0, 6, 4, 10], "texture": "#1"},
				"east": {"uv": [12, 2, 16, 6], "texture": "#1"},
				"south": {"uv": [12, 2, 16, 6], "texture": "#1"},
				"west": {"uv": [12, 2, 16, 6], "texture": "#1"},
				"up": {"uv": [12, 2, 16, 6], "texture": "#1"},
				"down": {"uv": [12, 2, 16, 6], "texture": "#1"}
			}
		},
		{
			"from": [5.804, 7.90233, 6.56373],
			"to": [7.268, 9.19553, 6.80773],
			"rotation": {"angle": 0, "axis": "y", "origin": [7.268, 7.12153, 10.22373]},
			"faces": {
				"north": {"uv": [4, 6, 0, 10], "texture": "#1"},
				"east": {"uv": [16, 2, 12, 6], "texture": "#1"},
				"south": {"uv": [16, 2, 12, 6], "texture": "#1"},
				"west": {"uv": [16, 2, 12, 6], "texture": "#1"},
				"up": {"uv": [16, 2, 12, 6], "texture": "#1"},
				"down": {"uv": [16, 2, 12, 6], "texture": "#1"}
			}
		},
		{
			"from": [7.268, 8.51233, 6.61253],
			"to": [8.732, 8.65873, 6.75893],
			"rotation": {"angle": 0, "axis": "y", "origin": [8.732, 7.12153, 10.22373]},
			"faces": {
				"north": {"uv": [16, 2, 12, 6], "texture": "#1"},
				"east": {"uv": [16, 2, 12, 6], "texture": "#1"},
				"south": {"uv": [16, 2, 12, 6], "texture": "#1"},
				"west": {"uv": [16, 2, 12, 6], "texture": "#1"},
				"up": {"uv": [16, 2, 12, 6], "texture": "#1"},
				"down": {"uv": [16, 2, 12, 6], "texture": "#1"}
			}
		},
		{
			"from": [7.268, 8.87833, 6.61253],
			"to": [8.732, 9.02473, 6.75893],
			"rotation": {"angle": 0, "axis": "y", "origin": [8.732, 7.12153, 10.22373]},
			"faces": {
				"north": {"uv": [16, 2, 12, 6], "texture": "#1"},
				"east": {"uv": [16, 2, 12, 6], "texture": "#1"},
				"south": {"uv": [16, 2, 12, 6], "texture": "#1"},
				"west": {"uv": [16, 2, 12, 6], "texture": "#1"},
				"up": {"uv": [16, 2, 12, 6], "texture": "#1"},
				"down": {"uv": [16, 2, 12, 6], "texture": "#1"}
			}
		},
		{
			"from": [7.268, 8.14633, 6.61253],
			"to": [8.732, 8.29273, 6.75893],
			"rotation": {"angle": 0, "axis": "y", "origin": [8.732, 7.12153, 10.22373]},
			"faces": {
				"north": {"uv": [16, 2, 12, 6], "texture": "#1"},
				"east": {"uv": [16, 2, 12, 6], "texture": "#1"},
				"south": {"uv": [16, 2, 12, 6], "texture": "#1"},
				"west": {"uv": [16, 2, 12, 6], "texture": "#1"},
				"up": {"uv": [16, 2, 12, 6], "texture": "#1"},
				"down": {"uv": [16, 2, 12, 6], "texture": "#1"}
			}
		},
		{
			"from": [4.9309, 7.90282, 6.29338],
			"to": [5.90592, 9.19504, 6.53641],
			"rotation": {"angle": -22.5, "axis": "y", "origin": [5.17441, 8.54893, 6.4149]},
			"faces": {
				"north": {"uv": [4, 6, 0, 10], "texture": "#1"},
				"east": {"uv": [16, 2, 12, 6], "texture": "#1"},
				"south": {"uv": [16, 2, 12, 6], "texture": "#1"},
				"west": {"uv": [16, 2, 12, 6], "texture": "#1"},
				"up": {"uv": [16, 2, 12, 6], "texture": "#1"},
				"down": {"uv": [16, 2, 12, 6], "texture": "#1"}
			}
		},
		{
			"from": [7.77553, 8.23206, 7.74885],
			"to": [8.22207, 8.80841, 8.83171],
			"rotation": {"angle": 0, "axis": "y", "origin": [7.9988, 8.45533, 7.97212]},
			"faces": {
				"north": {"uv": [7, 0, 8, 1], "rotation": 180, "texture": "#0"},
				"east": {"uv": [7, 0, 8, 1], "rotation": 270, "texture": "#0"},
				"south": {"uv": [7, 0, 8, 1], "rotation": 180, "texture": "#0"},
				"west": {"uv": [7, 0, 8, 1], "rotation": 90, "texture": "#0"},
				"up": {"uv": [7, 0, 8, 1], "rotation": 180, "texture": "#0"},
				"down": {"uv": [7, 0, 8, 1], "texture": "#0"}
			}
		},
		{
			"from": [7.55248, 8.23229, 7.84156],
			"to": [7.99857, 8.80819, 8.92397],
			"rotation": {"angle": 45, "axis": "y", "origin": [7.77553, 8.45533, 8.0646]},
			"faces": {
				"north": {"uv": [7, 0, 8, 1], "rotation": 180, "texture": "#0"},
				"east": {"uv": [7, 0, 8, 1], "rotation": 270, "texture": "#0"},
				"south": {"uv": [7, 0, 8, 1], "rotation": 270, "texture": "#0"},
				"west": {"uv": [7, 0, 8, 1], "rotation": 90, "texture": "#0"},
				"up": {"uv": [7, 0, 8, 1], "rotation": 180, "texture": "#0"},
				"down": {"uv": [7, 0, 8, 1], "texture": "#0"}
			}
		},
		{
			"from": [7.46022, 8.23251, 8.06505],
			"to": [8.54219, 8.80796, 8.51069],
			"rotation": {"angle": 0, "axis": "y", "origin": [7.68304, 8.45533, 8.28787]},
			"faces": {
				"north": {"uv": [7, 0, 8, 1], "rotation": 270, "texture": "#0"},
				"east": {"uv": [7, 0, 8, 1], "rotation": 180, "texture": "#0"},
				"south": {"uv": [7, 0, 8, 1], "rotation": 90, "texture": "#0"},
				"west": {"uv": [7, 0, 8, 1], "rotation": 180, "texture": "#0"},
				"up": {"uv": [7, 0, 8, 1], "rotation": 180, "texture": "#0"},
				"down": {"uv": [7, 0, 8, 1], "texture": "#0"}
			}
		},
		{
			"from": [7.55293, 8.23273, 8.28854],
			"to": [8.63444, 8.80774, 8.73374],
			"rotation": {"angle": 45, "axis": "y", "origin": [7.77553, 8.45533, 8.51114]},
			"faces": {
				"north": {"uv": [7, 0, 8, 1], "rotation": 270, "texture": "#0"},
				"east": {"uv": [7, 0, 8, 1], "rotation": 180, "texture": "#0"},
				"south": {"uv": [7, 0, 8, 1], "rotation": 90, "texture": "#0"},
				"west": {"uv": [7, 0, 8, 1], "rotation": 180, "texture": "#0"},
				"up": {"uv": [7, 0, 8, 1], "rotation": 180, "texture": "#0"},
				"down": {"uv": [7, 0, 8, 1], "texture": "#0"}
			}
		},
		{
			"from": [7.76371, 8.1681, 7.72046],
			"to": [8.23375, 8.77478, 8.86031],
			"rotation": {"angle": 0, "axis": "y", "origin": [7.99873, 8.40312, 7.95548]},
			"faces": {
				"north": {"uv": [0, 8, 1, 16], "rotation": 180, "texture": "#0"},
				"east": {"uv": [1.25, 8.25, 3.25, 10.25], "rotation": 270, "texture": "#0"},
				"south": {"uv": [4, 8, 5, 16], "rotation": 180, "texture": "#0"},
				"west": {"uv": [1.25, 8.25, 3.25, 10.25], "rotation": 90, "texture": "#0"},
				"up": {"uv": [2, 11.25, 4, 13.25], "rotation": 180, "texture": "#0"},
				"down": {"uv": [2, 11.25, 4, 13.25], "texture": "#0"}
			}
		},
		{
			"from": [7.52893, 8.16833, 7.81805],
			"to": [7.9985, 8.77454, 8.95743],
			"rotation": {"angle": 45, "axis": "y", "origin": [7.76371, 8.40312, 8.05283]},
			"faces": {
				"north": {"uv": [7, 8, 8, 16], "rotation": 180, "texture": "#0"},
				"east": {"uv": [1.25, 8.25, 3.25, 10.25], "rotation": 270, "texture": "#0"},
				"south": {"uv": [3, 8, 4, 16], "rotation": 270, "texture": "#0"},
				"west": {"uv": [1.25, 8.25, 3.25, 10.25], "rotation": 90, "texture": "#0"},
				"up": {"uv": [2, 11.25, 4, 13.25], "rotation": 180, "texture": "#0"},
				"down": {"uv": [2, 11.25, 4, 13.25], "texture": "#0"}
			}
		},
		{
			"from": [7.43181, 8.16857, 8.0533],
			"to": [8.57072, 8.77431, 8.5224],
			"rotation": {"angle": 0, "axis": "y", "origin": [7.66636, 8.40312, 8.28785]},
			"faces": {
				"north": {"uv": [1.25, 8.25, 3.25, 13.1], "rotation": 270, "texture": "#0"},
				"east": {"uv": [2, 8, 3, 16], "rotation": 180, "texture": "#0"},
				"south": {"uv": [1.25, 8.25, 3.25, 13.1], "rotation": 90, "texture": "#0"},
				"west": {"uv": [6, 8, 7, 16], "rotation": 180, "texture": "#0"},
				"up": {"uv": [2, 11.25, 4, 13.25], "rotation": 180, "texture": "#0"},
				"down": {"uv": [2, 11.25, 4, 13.25], "texture": "#0"}
			}
		},
		{
			"from": [7.5294, 8.1688, 8.28856],
			"to": [8.66784, 8.77407, 8.75719],
			"rotation": {"angle": 45, "axis": "y", "origin": [7.76371, 8.40312, 8.52287]},
			"faces": {
				"north": {"uv": [1.25, 8.25, 3.25, 13.1], "rotation": 270, "texture": "#0"},
				"east": {"uv": [1, 8, 2, 16], "rotation": 180, "texture": "#0"},
				"south": {"uv": [1.25, 8.25, 3.25, 13.1], "rotation": 90, "texture": "#0"},
				"west": {"uv": [5, 8, 6, 16], "rotation": 180, "texture": "#0"},
				"up": {"uv": [2, 11.25, 4, 13.25], "rotation": 180, "texture": "#0"},
				"down": {"uv": [2, 11.25, 4, 13.25], "texture": "#0"}
			}
		},
		{
			"from": [8, 8.26833, 5.90493],
			"to": [8.488, 8.46353, 8.83293],
			"rotation": {"angle": -45, "axis": "y", "origin": [8, 8.36593, 8.34493]},
			"faces": {
				"north": {"uv": [0, 2, 4, 6], "texture": "#1"},
				"east": {"uv": [0, 2, 4, 6], "texture": "#1"},
				"south": {"uv": [0, 2, 4, 6], "texture": "#1"},
				"west": {"uv": [0, 2, 4, 6], "texture": "#1"},
				"up": {"uv": [0, 2, 4, 6], "texture": "#1"},
				"down": {"uv": [0, 2, 4, 6], "texture": "#1"}
			}
		},
		{
			"from": [7.878, 8.41473, 8.83293],
			"to": [8.122, 8.51233, 9.07693],
			"rotation": {"angle": 0, "axis": "y", "origin": [7.512, 7.48753, 9.00373]},
			"faces": {
				"north": {"uv": [0, 2, 4, 6], "texture": "#1"},
				"east": {"uv": [0, 2, 4, 6], "texture": "#1"},
				"south": {"uv": [0, 2, 4, 6], "texture": "#1"},
				"west": {"uv": [0, 2, 4, 6], "texture": "#1"},
				"up": {"uv": [0, 2, 4, 6], "texture": "#1"},
				"down": {"uv": [0, 2, 4, 6], "texture": "#1"}
			}
		},
		{
			"from": [7.268, 7.65833, 7.29573],
			"to": [7.512, 8.34153, 8.02773],
			"rotation": {"angle": 0, "axis": "y", "origin": [8.488, 7.48753, 9.00373]},
			"faces": {
				"north": {"uv": [4, 2, 0, 6], "texture": "#1"},
				"east": {"uv": [4, 2, 0, 6], "texture": "#1"},
				"south": {"uv": [4, 2, 0, 6], "texture": "#1"},
				"west": {"uv": [4, 2, 0, 6], "texture": "#1"},
				"up": {"uv": [4, 2, 0, 6], "texture": "#1"},
				"down": {"uv": [4, 2, 0, 6], "texture": "#1"}
			}
		},
		{
			"from": [8.488, 7.65833, 7.29573],
			"to": [8.732, 8.34153, 8.02773],
			"rotation": {"angle": 0, "axis": "y", "origin": [7.512, 7.48753, 9.00373]},
			"faces": {
				"north": {"uv": [0, 2, 4, 6], "texture": "#1"},
				"east": {"uv": [0, 2, 4, 6], "texture": "#1"},
				"south": {"uv": [0, 2, 4, 6], "texture": "#1"},
				"west": {"uv": [0, 2, 4, 6], "texture": "#1"},
				"up": {"uv": [0, 2, 4, 6], "texture": "#1"},
				"down": {"uv": [0, 2, 4, 6], "texture": "#1"}
			}
		},
		{
			"from": [7.512, 8.26833, 9.00373],
			"to": [8.488, 8.46353, 9.97973],
			"rotation": {"angle": 0, "axis": "y", "origin": [7.512, 7.48753, 9.00373]},
			"faces": {
				"north": {"uv": [8, 2, 12, 2.25], "texture": "#1"},
				"east": {"uv": [8, 2, 12, 2.25], "texture": "#1"},
				"south": {"uv": [8, 2, 12, 2.25], "texture": "#1"},
				"west": {"uv": [8, 2, 12, 2.25], "texture": "#1"},
				"up": {"uv": [8, 2, 12, 6], "texture": "#1"},
				"down": {"uv": [0, 2, 4, 6], "texture": "#1"}
			}
		},
		{
			"from": [7.51249, 8.26882, 5.90542],
			"to": [7.99951, 8.46304, 8.83245],
			"rotation": {"angle": 45, "axis": "y", "origin": [8, 8.36593, 8.34493]},
			"faces": {
				"north": {"uv": [4, 2, 0, 6], "texture": "#1"},
				"east": {"uv": [4, 2, 0, 6], "texture": "#1"},
				"south": {"uv": [4, 2, 0, 6], "texture": "#1"},
				"west": {"uv": [4, 2, 0, 6], "texture": "#1"},
				"up": {"uv": [4, 2, 0, 6], "texture": "#1"},
				"down": {"uv": [4, 2, 0, 6], "texture": "#1"}
			}
		},
		{
			"from": [6.02413, 8.2693, 7.15296],
			"to": [8.09618, 8.46255, 7.63901],
			"rotation": {"angle": -22.5, "axis": "y", "origin": [7.48716, 8.36593, 7.51798]},
			"faces": {
				"north": {"uv": [0, 6, 4, 2], "rotation": 90, "texture": "#1"},
				"east": {"uv": [0, 6, 4, 2], "rotation": 90, "texture": "#1"},
				"south": {"uv": [0, 6, 4, 2], "rotation": 90, "texture": "#1"},
				"west": {"uv": [0, 6, 4, 2], "rotation": 90, "texture": "#1"},
				"up": {"uv": [0, 6, 4, 2], "rotation": 90, "texture": "#1"},
				"down": {"uv": [0, 6, 4, 2], "rotation": 90, "texture": "#1"}
			}
		},
		{
			"from": [7.90333, 8.26882, 7.15247],
			"to": [9.97636, 8.46304, 7.63949],
			"rotation": {"angle": 22.5, "axis": "y", "origin": [8.51284, 8.36593, 7.51798]},
			"faces": {
				"north": {"uv": [0, 2, 4, 6], "rotation": 90, "texture": "#1"},
				"east": {"uv": [0, 2, 4, 6], "rotation": 90, "texture": "#1"},
				"south": {"uv": [0, 2, 4, 6], "rotation": 90, "texture": "#1"},
				"west": {"uv": [0, 2, 4, 6], "rotation": 90, "texture": "#1"},
				"up": {"uv": [0, 2, 4, 6], "rotation": 90, "texture": "#1"},
				"down": {"uv": [0, 2, 4, 6], "rotation": 90, "texture": "#1"}
			}
		}
	],
	"gui_light": "front",
	"display": {
		"thirdperson_righthand": {
			"rotation": [-138.28, 3.95, 175.64],
			"translation": [0, 0, -2.25],
			"scale": [1.18, 1.18, 1.18]
		},
		"thirdperson_lefthand": {
			"rotation": [-138.28, 3.95, 175.64],
			"translation": [0, 0, -2.25],
			"scale": [1.18, 1.18, 1.18]
		},
		"firstperson_righthand": {
			"rotation": [0, 0, -6],
			"scale": [1.49, 1.49, 1.22]
		},
		"firstperson_lefthand": {
			"rotation": [0, 0, -6],
			"scale": [1.49, 1.49, 1.22]
		},
		"ground": {
			"translation": [0, -1, 0],
			"scale": [1.31, 1.31, 1.31]
		},
		"gui": {
			"rotation": [33.78, -26.01, -2.77],
			"scale": [2.38, 2.38, 2.38]
		},
		"fixed": {
			"rotation": [90, 0, 180],
			"translation": [0, 0, -1.75],
			"scale": [3.27, 3.27, 3.27]
		}
	},
	"groups": [
		{
			"name": "central_piece",
			"origin": [8, 14.22125, -6.51319],
			"color": 0,
			"children": [
				{
					"name": "round_support",
					"origin": [9.5, 25.57169, -2.14849],
					"color": 0,
					"children": [0, 1, 2, 3, 4, 5, 6, 7]
				},
				{
					"name": "round_support",
					"origin": [9.5, 25.57169, -2.14849],
					"color": 0,
					"children": [8, 9, 10, 11, 12, 13, 14, 15]
				},
				{
					"name": "padding",
					"origin": [11.29015, 16.14625, -15.31819],
					"color": 0,
					"children": [16, 17, 18, 19, 20, 21, 22]
				},
				{
					"name": "black_round",
					"origin": [16.99461, 15.21967, 6.93296],
					"color": 0,
					"children": [23, 24, 25, 26]
				},
				{
					"name": "black_round",
					"origin": [16.99461, 15.21967, 6.93296],
					"color": 0,
					"children": [27, 28, 29, 30]
				},
				{
					"name": "rig",
					"origin": [9.05091, 15.02125, -10.55776],
					"color": 0,
					"children": [31, 32, 33, 34, 35, 36, 37, 38]
				}
			]
		}
	]
}