{
	"credit": "Made with Blockbench",
	"textures": {
		"0": "custom/odmgear/3dmg_gas_tank",
		"1": "custom/odmgear/3dmg_main",
		"particle": "custom/odmgear/3dmg_gas_tank"
	},
	"elements": [
		{
			"name": "Cube",
			"from": [8.12088, 7.58377, 10.38678],
			"to": [8.263, 8.20351, 10.96787],
			"rotation": {"angle": 22.5, "axis": "x", "origin": [7.76733, 9.34364, 10.27732]},
			"faces": {
				"north": {"uv": [4.3871, 0, 4.12903, 8], "rotation": 180, "texture": "#0"},
				"east": {"uv": [7.48387, 0, 7.22581, 8], "texture": "#0"},
				"south": {"uv": [4.3871, 0, 4.12903, 8], "rotation": 180, "texture": "#0"},
				"west": {"uv": [3.87097, 0, 3.6129, 8], "rotation": 180, "texture": "#0"},
				"up": {"uv": [4.12903, 8, 4.3871, 0], "rotation": 270, "texture": "#0"},
				"down": {"uv": [0, 8, 0.25806, 0], "rotation": 270, "texture": "#0"}
			}
		},
		{
			"name": "Cube",
			"from": [7.12088, 7.54107, 8.80144],
			"to": [7.183, 7.94081, 9.78253],
			"rotation": {"angle": 22.5, "axis": "y", "origin": [8.15194, 7.70094, 7.29199]},
			"faces": {
				"north": {"uv": [0, 8, 5.5, 0], "rotation": 270, "texture": "#0"},
				"east": {"uv": [0, 8, 5.5, 0], "rotation": 270, "texture": "#0"},
				"south": {"uv": [0, 8, 5.5, 0], "rotation": 270, "texture": "#0"},
				"west": {"uv": [0, 8, 5.5, 0], "rotation": 270, "texture": "#0"},
				"up": {"uv": [2, 9.5, 3.25, 7.5], "rotation": 270, "texture": "#0"},
				"down": {"uv": [9.75, 12.25, 11.5, 9.5], "rotation": 270, "texture": "#0"}
			}
		},
		{
			"name": "Cube",
			"from": [7.777, 7.54107, 7.08001],
			"to": [7.83913, 7.94081, 9.08111],
			"rotation": {"angle": 0, "axis": "y", "origin": [7.80807, 7.70094, 11.79056]},
			"faces": {
				"north": {"uv": [0, 8, 5.5, 0], "rotation": 270, "texture": "#0"},
				"east": {"uv": [0, 8, 5.5, 0], "rotation": 270, "texture": "#0"},
				"south": {"uv": [0, 8, 5.5, 0], "rotation": 270, "texture": "#0"},
				"west": {"uv": [0, 8, 5.5, 0], "rotation": 270, "texture": "#0"},
				"up": {"uv": [2, 9.5, 3.25, 7.5], "rotation": 270, "texture": "#0"},
				"down": {"uv": [9.75, 12.25, 11.5, 9.5], "rotation": 270, "texture": "#0"}
			}
		},
		{
			"name": "Cube",
			"from": [7.84313, 7.54107, 6.20001],
			"to": [8.23913, 8.46081, 7.18111],
			"rotation": {"angle": 0, "axis": "y", "origin": [7.80807, 7.70094, 11.79056]},
			"faces": {
				"north": {"uv": [0, 8, 5.5, 0], "rotation": 270, "texture": "#0"},
				"east": {"uv": [0, 8, 5.5, 0], "rotation": 270, "texture": "#0"},
				"south": {"uv": [0, 8, 5.5, 0], "rotation": 270, "texture": "#0"},
				"west": {"uv": [0, 8, 5.5, 0], "rotation": 270, "texture": "#0"},
				"up": {"uv": [2, 9.5, 3.25, 7.5], "rotation": 270, "texture": "#0"},
				"down": {"uv": [9.75, 12.25, 11.5, 9.5], "rotation": 270, "texture": "#0"}
			}
		},
		{
			"name": "Cube",
			"from": [7.80313, 7.50107, 6.16001],
			"to": [8.27913, 8.50081, 6.88111],
			"rotation": {"angle": 0, "axis": "y", "origin": [7.80807, 7.70094, 11.79056]},
			"faces": {
				"north": {"uv": [0, 2, 2, 0], "rotation": 270, "texture": "#1"},
				"east": {"uv": [0, 2, 2, 0], "rotation": 270, "texture": "#1"},
				"south": {"uv": [0, 2, 2, 0], "rotation": 270, "texture": "#1"},
				"west": {"uv": [0, 2, 2, 0], "rotation": 270, "texture": "#1"},
				"up": {"uv": [0, 2, 2, 0], "rotation": 270, "texture": "#1"},
				"down": {"uv": [0, 2, 2, 0], "rotation": 270, "texture": "#1"}
			}
		},
		{
			"name": "Cube",
			"from": [7.84313, 7.74107, 5.70001],
			"to": [8.23913, 8.46081, 6.19601],
			"rotation": {"angle": 0, "axis": "y", "origin": [7.80807, 7.70094, 11.79056]},
			"faces": {
				"north": {"uv": [0, 8, 5.5, 0], "rotation": 270, "texture": "#0"},
				"east": {"uv": [0, 8, 5.5, 0], "rotation": 270, "texture": "#0"},
				"south": {"uv": [0, 8, 5.5, 0], "rotation": 270, "texture": "#0"},
				"west": {"uv": [0, 8, 5.5, 0], "rotation": 270, "texture": "#0"},
				"up": {"uv": [2, 9.5, 3.25, 7.5], "rotation": 270, "texture": "#0"},
				"down": {"uv": [9.75, 12.25, 11.5, 9.5], "rotation": 270, "texture": "#0"}
			}
		},
		{
			"name": "Cube",
			"from": [7.88313, 8.10107, 5.66001],
			"to": [8.19913, 8.41707, 6.15601],
			"rotation": {"angle": 0, "axis": "y", "origin": [7.80807, 7.70094, 11.79056]},
			"faces": {
				"north": {"uv": [0, 8, 5.5, 0], "rotation": 270, "texture": "#0"},
				"east": {"uv": [0, 8, 5.5, 0], "rotation": 270, "texture": "#0"},
				"south": {"uv": [0, 8, 5.5, 0], "rotation": 270, "texture": "#0"},
				"west": {"uv": [0, 8, 5.5, 0], "rotation": 270, "texture": "#0"},
				"up": {"uv": [2, 9.5, 3.25, 7.5], "rotation": 270, "texture": "#0"},
				"down": {"uv": [9.75, 12.25, 11.5, 9.5], "rotation": 270, "texture": "#0"}
			}
		}
	],
	"gui_light": "front",
	"display": {
		"thirdperson_righthand": {
			"rotation": [60.68, 8.44, 1.02],
			"translation": [0, -1.25, 0],
			"scale": [1.66, 1.66, 1.66]
		},
		"thirdperson_lefthand": {
			"rotation": [60.68, 8.44, 1.02],
			"translation": [0, -1.25, 0],
			"scale": [1.66, 1.66, 1.66]
		},
		"firstperson_righthand": {
			"rotation": [0, 12, -10],
			"translation": [1.75, -0.75, 0],
			"scale": [2.42, 2.42, 1.95]
		},
		"firstperson_lefthand": {
			"rotation": [0, 12, -10],
			"translation": [1.75, -0.75, 0],
			"scale": [2.42, 2.42, 1.95]
		},
		"ground": {
			"translation": [0, -1, 0],
			"scale": [1.1, 1.1, 1.1]
		},
		"gui": {
			"rotation": [160.27, 29.79, -144.21],
			"translation": [0.5, 0.25, 0],
			"scale": [4, 4, 4]
		},
		"fixed": {
			"rotation": [90, 45.25, -90],
			"translation": [0, 0, -0.5],
			"scale": [3.6, 3.6, 3.6]
		}
	},
	"groups": [
		{
			"name": "handle",
			"origin": [24.14769, 18.60558, -6.76701],
			"color": 0,
			"children": [0, 1, 2, 3, 4, 5, 6]
		}
	]
}