{
	"credit": "Made with Blockbench",
	"textures": {
		"0": "custom/odmgear/3dmg_gas_tank",
		"1": "custom/odmgear/3dmg_main_old",
		"particle": "custom/odmgear/3dmg_gas_tank"
	},
	"elements": [
		{
			"from": [7.42957, 6.59, 6.61154],
			"to": [8.84957, 7.81, 7.01154],
			"rotation": {"angle": 0, "axis": "y", "origin": [8.22957, 8.83, 8.41154]},
			"faces": {
				"north": {"uv": [0, 2, 4, 6], "texture": "#1"},
				"east": {"uv": [0, 2, 4, 3], "rotation": 90, "texture": "#1"},
				"south": {"uv": [0, 2, 4, 6], "texture": "#1"},
				"west": {"uv": [0, 2, 4, 3], "rotation": 90, "texture": "#1"},
				"up": {"uv": [0, 2, 4, 6], "texture": "#1"},
				"down": {"uv": [0, 2, 4, 6], "texture": "#1"}
			}
		},
		{
			"from": [7.46757, 6.888, 5.80954],
			"to": [8.59157, 7.612, 7.41354],
			"rotation": {"angle": 0, "axis": "y", "origin": [8.22957, 8.83, 8.41154]},
			"faces": {
				"north": {"uv": [0, 2, 4, 6], "rotation": 90, "texture": "#1"},
				"east": {"uv": [0, 2, 4, 6], "rotation": 90, "texture": "#1"},
				"south": {"uv": [0, 2, 4, 6], "rotation": 90, "texture": "#1"},
				"west": {"uv": [0, 2, 4, 6], "rotation": 90, "texture": "#1"},
				"up": {"uv": [0, 2, 4, 6], "rotation": 90, "texture": "#1"},
				"down": {"uv": [0, 2, 4, 6], "rotation": 90, "texture": "#1"}
			}
		},
		{
			"from": [7.46917, 7.0896, 2.21114],
			"to": [8.58997, 7.4104, 5.81194],
			"rotation": {"angle": 0, "axis": "y", "origin": [8.22957, 8.83, 8.41154]},
			"faces": {
				"north": {"uv": [0, 2, 4, 6], "rotation": 90, "texture": "#0"},
				"east": {"uv": [0, 2, 4, 6], "rotation": 90, "texture": "#0"},
				"south": {"uv": [0, 2, 4, 6], "rotation": 90, "texture": "#0"},
				"west": {"uv": [1, 2.5, 5, 6.5], "rotation": 90, "texture": "#0"},
				"up": {"uv": [0, 2, 4, 6], "rotation": 90, "texture": "#0"},
				"down": {"uv": [0, 2, 4, 6], "rotation": 90, "texture": "#0"}
			}
		},
		{
			"from": [7.46837, 6.6088, 5.75034],
			"to": [8.59077, 7.2112, 5.99274],
			"rotation": {"angle": 22.5, "axis": "x", "origin": [8.17957, 7.25, 6.61154]},
			"faces": {
				"north": {"uv": [0, 2, 4, 6], "rotation": 90, "texture": "#1"},
				"east": {"uv": [0, 2, 4, 6], "rotation": 90, "texture": "#1"},
				"south": {"uv": [0, 2, 4, 6], "rotation": 90, "texture": "#1"},
				"west": {"uv": [0, 2, 4, 6], "rotation": 90, "texture": "#1"},
				"up": {"uv": [0, 2, 4, 6], "rotation": 90, "texture": "#1"},
				"down": {"uv": [0, 2, 4, 6], "rotation": 90, "texture": "#1"}
			}
		},
		{
			"from": [7.46877, 6.8892, 2.21074],
			"to": [8.59037, 6.9908, 5.81234],
			"rotation": {"angle": 0, "axis": "y", "origin": [8.22957, 8.83, 8.41154]},
			"faces": {
				"north": {"uv": [0, 2, 4, 6], "rotation": 90, "texture": "#1"},
				"east": {"uv": [0, 2, 4, 6], "rotation": 90, "texture": "#1"},
				"south": {"uv": [0, 2, 4, 6], "rotation": 90, "texture": "#1"},
				"west": {"uv": [0, 2, 4, 6], "rotation": 90, "texture": "#1"},
				"up": {"uv": [0, 2, 4, 6], "rotation": 90, "texture": "#1"},
				"down": {"uv": [0, 2, 4, 6], "rotation": 90, "texture": "#1"}
			}
		},
		{
			"from": [7.46877, 7.5092, 2.21074],
			"to": [8.59037, 7.6108, 5.81234],
			"rotation": {"angle": 0, "axis": "y", "origin": [8.22957, 8.83, 8.41154]},
			"faces": {
				"north": {"uv": [0, 2, 4, 6], "rotation": 90, "texture": "#1"},
				"east": {"uv": [0, 2, 4, 6], "rotation": 90, "texture": "#1"},
				"south": {"uv": [0, 2, 4, 6], "rotation": 90, "texture": "#1"},
				"west": {"uv": [0, 2, 4, 6], "rotation": 90, "texture": "#1"},
				"up": {"uv": [0, 2, 4, 6], "rotation": 90, "texture": "#1"},
				"down": {"uv": [0, 2, 4, 6], "rotation": 90, "texture": "#1"}
			}
		},
		{
			"from": [7.46957, 6.63, 0.01154],
			"to": [8.86957, 8.63, 15.01154],
			"rotation": {"angle": 0, "axis": "y", "origin": [8.26957, 8.83, 8.41154]},
			"faces": {
				"north": {"uv": [4, 2, 8, 6], "texture": "#1"},
				"east": {"uv": [0, 0, 16, 2], "texture": "#1"},
				"south": {"uv": [8, 8, 16, 16], "texture": "#0"},
				"west": {"uv": [0, 0, 16, 2], "texture": "#1"},
				"up": {"uv": [0, 0, 16, 2], "rotation": 90, "texture": "#1"},
				"down": {"uv": [0, 0, 16, 2], "rotation": 90, "texture": "#1"}
			}
		},
		{
			"from": [7.66917, 8.4296, 10.31114],
			"to": [8.66997, 9.2304, 10.65194],
			"rotation": {"angle": 0, "axis": "y", "origin": [8.16957, 8.83, 8.41154]},
			"faces": {
				"north": {"uv": [0.75, 12, 4.75, 16], "texture": "#1"},
				"east": {"uv": [0.75, 12, 4.75, 16], "texture": "#1"},
				"south": {"uv": [0.75, 12, 4.75, 16], "texture": "#1"},
				"west": {"uv": [0.75, 12, 4.75, 16], "texture": "#1"},
				"up": {"uv": [0.75, 12, 4.75, 16], "texture": "#1"},
				"down": {"uv": [0.75, 12, 4.75, 16], "texture": "#1"}
			}
		},
		{
			"from": [7.66917, 8.4296, 4.51114],
			"to": [8.66997, 9.2304, 4.85194],
			"rotation": {"angle": 0, "axis": "y", "origin": [8.16957, 8.83, 8.41154]},
			"faces": {
				"north": {"uv": [0.75, 12, 4.75, 16], "texture": "#1"},
				"east": {"uv": [0.75, 12, 4.75, 16], "texture": "#1"},
				"south": {"uv": [0.75, 12, 4.75, 16], "texture": "#1"},
				"west": {"uv": [0.75, 12, 4.75, 16], "texture": "#1"},
				"up": {"uv": [0.75, 12, 4.75, 16], "texture": "#1"},
				"down": {"uv": [0.75, 12, 4.75, 16], "texture": "#1"}
			}
		},
		{
			"from": [7.42957, 6.59, 2.01154],
			"to": [8.90957, 8.71, 2.21154],
			"rotation": {"angle": 0, "axis": "y", "origin": [8.22957, 8.83, 8.41154]},
			"faces": {
				"north": {"uv": [0, 2, 4, 6], "texture": "#1"},
				"east": {"uv": [0, 2, 4, 3], "rotation": 90, "texture": "#1"},
				"south": {"uv": [0, 2, 4, 6], "texture": "#1"},
				"west": {"uv": [0, 2, 4, 3], "rotation": 90, "texture": "#1"},
				"up": {"uv": [0, 2, 4, 6], "texture": "#1"},
				"down": {"uv": [0, 2, 4, 6], "texture": "#1"}
			}
		},
		{
			"from": [7.42957, 6.59, 1.61154],
			"to": [8.90957, 8.71, 1.81154],
			"rotation": {"angle": 0, "axis": "y", "origin": [8.22957, 8.83, 8.41154]},
			"faces": {
				"north": {"uv": [0, 2, 4, 6], "texture": "#1"},
				"east": {"uv": [0, 2, 4, 3], "rotation": 90, "texture": "#1"},
				"south": {"uv": [0, 2, 4, 6], "texture": "#1"},
				"west": {"uv": [0, 2, 4, 3], "rotation": 90, "texture": "#1"},
				"up": {"uv": [0, 2, 4, 6], "texture": "#1"},
				"down": {"uv": [0, 2, 4, 6], "texture": "#1"}
			}
		},
		{
			"from": [7.42917, 8.5296, 1.61114],
			"to": [8.90997, 8.7304, 2.21194],
			"rotation": {"angle": 0, "axis": "y", "origin": [8.22957, 8.83, 8.41154]},
			"faces": {
				"north": {"uv": [0, 2, 4, 6], "texture": "#1"},
				"east": {"uv": [0, 2, 4, 3], "texture": "#1"},
				"south": {"uv": [0, 2, 4, 6], "texture": "#1"},
				"west": {"uv": [0, 2, 4, 3], "texture": "#1"},
				"up": {"uv": [0, 2, 4, 6], "texture": "#1"},
				"down": {"uv": [0, 2, 4, 6], "texture": "#1"}
			}
		},
		{
			"from": [7.76917, 8.7296, 1.77114],
			"to": [8.56997, 9.5304, 2.11194],
			"rotation": {"angle": 0, "axis": "y", "origin": [8.16957, 8.83, 8.41154]},
			"faces": {
				"north": {"uv": [0, 2, 4, 6], "texture": "#1"},
				"east": {"uv": [0, 2, 4, 3], "texture": "#1"},
				"south": {"uv": [0, 2, 4, 6], "texture": "#1"},
				"west": {"uv": [0, 2, 4, 3], "texture": "#1"},
				"up": {"uv": [0, 2, 4, 6], "texture": "#1"},
				"down": {"uv": [0, 2, 4, 6], "texture": "#1"}
			}
		},
		{
			"from": [7.42917, 6.5696, 1.61114],
			"to": [8.90997, 6.7704, 2.21194],
			"rotation": {"angle": 0, "axis": "y", "origin": [8.22957, 8.83, 8.41154]},
			"faces": {
				"north": {"uv": [0, 2, 4, 6], "texture": "#1"},
				"east": {"uv": [0, 2, 4, 3], "texture": "#1"},
				"south": {"uv": [0, 2, 4, 6], "texture": "#1"},
				"west": {"uv": [0, 2, 4, 3], "texture": "#1"},
				"up": {"uv": [0, 2, 4, 6], "texture": "#1"},
				"down": {"uv": [0, 2, 4, 6], "texture": "#1"}
			}
		},
		{
			"from": [8.06917, 5.9696, 1.61114],
			"to": [8.26997, 6.5704, 2.21194],
			"rotation": {"angle": 0, "axis": "y", "origin": [8.86957, 8.83, 8.41154]},
			"faces": {
				"north": {"uv": [0, 2, 4, 6], "texture": "#1"},
				"east": {"uv": [0, 2, 4, 3], "texture": "#1"},
				"south": {"uv": [0, 2, 4, 6], "texture": "#1"},
				"west": {"uv": [0, 2, 4, 3], "texture": "#1"},
				"up": {"uv": [0, 2, 4, 6], "texture": "#1"},
				"down": {"uv": [0, 2, 4, 6], "texture": "#1"}
			}
		},
		{
			"from": [8.06917, 5.9696, 7.41114],
			"to": [8.26997, 6.5704, 8.01194],
			"rotation": {"angle": 0, "axis": "y", "origin": [8.86957, 8.83, 8.41154]},
			"faces": {
				"north": {"uv": [0, 2, 4, 6], "texture": "#1"},
				"east": {"uv": [0, 2, 4, 3], "texture": "#1"},
				"south": {"uv": [0, 2, 4, 6], "texture": "#1"},
				"west": {"uv": [0, 2, 4, 3], "texture": "#1"},
				"up": {"uv": [0, 2, 4, 6], "texture": "#1"},
				"down": {"uv": [0, 2, 4, 6], "texture": "#1"}
			}
		},
		{
			"from": [7.42917, 6.5696, 7.41114],
			"to": [8.90997, 6.7704, 8.01194],
			"rotation": {"angle": 0, "axis": "y", "origin": [8.22957, 8.83, 8.41154]},
			"faces": {
				"north": {"uv": [0, 2, 4, 6], "texture": "#1"},
				"east": {"uv": [0, 2, 4, 3], "texture": "#1"},
				"south": {"uv": [0, 2, 4, 6], "texture": "#1"},
				"west": {"uv": [0, 2, 4, 3], "texture": "#1"},
				"up": {"uv": [0, 2, 4, 6], "texture": "#1"},
				"down": {"uv": [0, 2, 4, 6], "texture": "#1"}
			}
		},
		{
			"from": [7.42917, 9.6296, 7.41114],
			"to": [8.90997, 9.8304, 8.01194],
			"rotation": {"angle": 0, "axis": "y", "origin": [8.22957, 8.83, 8.41154]},
			"faces": {
				"north": {"uv": [0, 2, 4, 6], "texture": "#1"},
				"east": {"uv": [0, 2, 4, 3], "texture": "#1"},
				"south": {"uv": [0, 2, 4, 6], "texture": "#1"},
				"west": {"uv": [0, 2, 4, 3], "texture": "#1"},
				"up": {"uv": [0, 2, 4, 6], "texture": "#1"},
				"down": {"uv": [0, 2, 4, 6], "texture": "#1"}
			}
		},
		{
			"from": [7.42957, 6.59, 7.81154],
			"to": [8.90957, 9.81, 8.01154],
			"rotation": {"angle": 0, "axis": "y", "origin": [8.22957, 8.83, 8.41154]},
			"faces": {
				"north": {"uv": [0, 2, 4, 6], "texture": "#1"},
				"east": {"uv": [0, 2, 4, 3], "rotation": 90, "texture": "#1"},
				"south": {"uv": [0, 2, 4, 6], "texture": "#1"},
				"west": {"uv": [0, 2, 4, 3], "rotation": 90, "texture": "#1"},
				"up": {"uv": [0, 2, 4, 6], "texture": "#1"},
				"down": {"uv": [0, 2, 4, 6], "texture": "#1"}
			}
		},
		{
			"from": [7.42957, 6.59, 7.41154],
			"to": [8.90957, 9.81, 7.61154],
			"rotation": {"angle": 0, "axis": "y", "origin": [8.22957, 8.83, 8.41154]},
			"faces": {
				"north": {"uv": [0, 2, 4, 6], "texture": "#1"},
				"east": {"uv": [0, 2, 4, 3], "rotation": 90, "texture": "#1"},
				"south": {"uv": [0, 2, 4, 6], "texture": "#1"},
				"west": {"uv": [0, 2, 4, 3], "rotation": 90, "texture": "#1"},
				"up": {"uv": [0, 2, 4, 6], "texture": "#1"},
				"down": {"uv": [0, 2, 4, 6], "texture": "#1"}
			}
		},
		{
			"from": [7.42957, 6.59, 13.61154],
			"to": [8.90957, 9.81, 13.81154],
			"rotation": {"angle": 0, "axis": "y", "origin": [8.22957, 8.83, 8.41154]},
			"faces": {
				"north": {"uv": [0, 2, 4, 6], "texture": "#1"},
				"east": {"uv": [0, 2, 4, 3], "rotation": 90, "texture": "#1"},
				"south": {"uv": [0, 2, 4, 6], "texture": "#1"},
				"west": {"uv": [0, 2, 4, 3], "rotation": 90, "texture": "#1"},
				"up": {"uv": [0, 2, 4, 6], "texture": "#1"},
				"down": {"uv": [0, 2, 4, 6], "texture": "#1"}
			}
		},
		{
			"from": [7.42957, 6.59, 13.21154],
			"to": [8.90957, 9.81, 13.41154],
			"rotation": {"angle": 0, "axis": "y", "origin": [8.22957, 8.83, 8.41154]},
			"faces": {
				"north": {"uv": [0, 2, 4, 6], "texture": "#1"},
				"east": {"uv": [0, 2, 4, 3], "rotation": 90, "texture": "#1"},
				"south": {"uv": [0, 2, 4, 6], "texture": "#1"},
				"west": {"uv": [0, 2, 4, 3], "rotation": 90, "texture": "#1"},
				"up": {"uv": [0, 2, 4, 6], "texture": "#1"},
				"down": {"uv": [0, 2, 4, 6], "texture": "#1"}
			}
		},
		{
			"from": [7.42917, 9.6296, 13.21114],
			"to": [8.90997, 9.8304, 13.81194],
			"rotation": {"angle": 0, "axis": "y", "origin": [8.22957, 8.83, 8.41154]},
			"faces": {
				"north": {"uv": [0, 2, 4, 6], "texture": "#1"},
				"east": {"uv": [0, 2, 4, 3], "texture": "#1"},
				"south": {"uv": [0, 2, 4, 6], "texture": "#1"},
				"west": {"uv": [0, 2, 4, 3], "texture": "#1"},
				"up": {"uv": [0, 2, 4, 6], "texture": "#1"},
				"down": {"uv": [0, 2, 4, 6], "texture": "#1"}
			}
		},
		{
			"from": [7.42917, 6.5696, 13.21114],
			"to": [8.90997, 6.7704, 13.81194],
			"rotation": {"angle": 0, "axis": "y", "origin": [8.22957, 8.83, 8.41154]},
			"faces": {
				"north": {"uv": [0, 2, 4, 6], "texture": "#1"},
				"east": {"uv": [0, 2, 4, 3], "texture": "#1"},
				"south": {"uv": [0, 2, 4, 6], "texture": "#1"},
				"west": {"uv": [0, 2, 4, 3], "texture": "#1"},
				"up": {"uv": [0, 2, 4, 6], "texture": "#1"},
				"down": {"uv": [0, 2, 4, 6], "texture": "#1"}
			}
		},
		{
			"from": [8.06917, 5.9696, 13.21114],
			"to": [8.26997, 6.5704, 13.81194],
			"rotation": {"angle": 0, "axis": "y", "origin": [8.86957, 8.83, 8.41154]},
			"faces": {
				"north": {"uv": [0, 2, 4, 6], "texture": "#1"},
				"east": {"uv": [0, 2, 4, 3], "texture": "#1"},
				"south": {"uv": [0, 2, 4, 6], "texture": "#1"},
				"west": {"uv": [0, 2, 4, 3], "texture": "#1"},
				"up": {"uv": [0, 2, 4, 6], "texture": "#1"},
				"down": {"uv": [0, 2, 4, 6], "texture": "#1"}
			}
		},
		{
			"name": "Cube",
			"from": [8.07357, 8.75, 2.81154],
			"to": [8.26557, 9.71, 14.81154],
			"rotation": {"angle": 0, "axis": "y", "origin": [7.68957, 9.71, 2.81154]},
			"faces": {
				"north": {"uv": [3.5, 0, 4, 16], "rotation": 180, "texture": "#0"},
				"east": {"uv": [3.5, 0, 4, 16], "rotation": 180, "texture": "#0"},
				"south": {"uv": [7, 0, 7.5, 16], "texture": "#0"},
				"west": {"uv": [3.5, 0, 4, 16], "rotation": 180, "texture": "#0"},
				"up": {"uv": [3.5, 0, 4, 16], "rotation": 180, "texture": "#0"},
				"down": {"uv": [7.5, 0, 8, 16], "rotation": 180, "texture": "#0"}
			}
		},
		{
			"name": "Cube",
			"from": [8.07399, 8.75042, 2.81434],
			"to": [8.26515, 9.70958, 14.80874],
			"rotation": {"angle": -22.5, "axis": "z", "origin": [8.16957, 9.23, 6.01154]},
			"faces": {
				"north": {"uv": [3.5, 0, 4, 16], "rotation": 180, "texture": "#0"},
				"east": {"uv": [7, 0, 7.5, 16], "texture": "#0"},
				"south": {"uv": [7, 0, 7.5, 16], "texture": "#0"},
				"west": {"uv": [7, 0, 7.5, 16], "texture": "#0"},
				"up": {"uv": [3, 0, 3.5, 16], "rotation": 180, "texture": "#0"},
				"down": {"uv": [7, 0, 7.5, 16], "texture": "#0"}
			}
		},
		{
			"name": "Cube",
			"from": [8.07393, 8.75036, 2.81394],
			"to": [8.26521, 9.70964, 14.80914],
			"rotation": {"angle": -45, "axis": "z", "origin": [8.16957, 9.23, 6.01154]},
			"faces": {
				"north": {"uv": [3.5, 0, 4, 16], "rotation": 180, "texture": "#0"},
				"east": {"uv": [6.5, 0, 7, 16], "texture": "#0"},
				"south": {"uv": [7, 0, 7.5, 16], "texture": "#0"},
				"west": {"uv": [6.5, 0, 7, 16], "texture": "#0"},
				"up": {"uv": [2.5, 0, 3, 16], "rotation": 270, "texture": "#0"},
				"down": {"uv": [6.5, 0, 7, 16], "texture": "#0"}
			}
		},
		{
			"name": "Cube",
			"from": [7.68975, 9.13418, 2.81274],
			"to": [8.64939, 9.32582, 14.81034],
			"rotation": {"angle": -22.5, "axis": "z", "origin": [8.16957, 9.23, 6.01154]},
			"faces": {
				"north": {"uv": [3.5, 0, 4, 16], "rotation": 180, "texture": "#0"},
				"east": {"uv": [1, 0, 1.5, 16], "rotation": 270, "texture": "#0"},
				"south": {"uv": [7, 0, 7.5, 16], "texture": "#0"},
				"west": {"uv": [5, 0, 5.5, 16], "rotation": 90, "texture": "#0"},
				"up": {"uv": [5, 0, 5.5, 16], "rotation": 90, "texture": "#0"},
				"down": {"uv": [5, 0, 5.5, 16], "rotation": 90, "texture": "#0"}
			}
		},
		{
			"name": "Cube",
			"from": [7.68981, 9.13424, 2.81314],
			"to": [8.64933, 9.32576, 14.80994],
			"rotation": {"angle": 0, "axis": "y", "origin": [7.68957, 9.71, 2.81154]},
			"faces": {
				"north": {"uv": [3.5, 0, 4, 16], "rotation": 180, "texture": "#0"},
				"east": {"uv": [1.5, 0, 2, 16], "rotation": 270, "texture": "#0"},
				"south": {"uv": [7, 0, 7.5, 16], "texture": "#0"},
				"west": {"uv": [5.5, 0, 6, 16], "rotation": 90, "texture": "#0"},
				"up": {"uv": [5.5, 0, 6, 16], "rotation": 90, "texture": "#0"},
				"down": {"uv": [5.5, 0, 6, 16], "rotation": 90, "texture": "#0"}
			}
		},
		{
			"name": "Cube",
			"from": [7.68987, 9.1343, 2.81354],
			"to": [8.64927, 9.3257, 14.80954],
			"rotation": {"angle": 22.5, "axis": "z", "origin": [8.16957, 9.23, 6.01154]},
			"faces": {
				"north": {"uv": [3.5, 0, 4, 16], "rotation": 180, "texture": "#0"},
				"east": {"uv": [2, 0, 2.5, 16], "rotation": 270, "texture": "#0"},
				"south": {"uv": [7, 0, 7.5, 16], "texture": "#0"},
				"west": {"uv": [6, 0, 6.5, 16], "rotation": 90, "texture": "#0"},
				"up": {"uv": [6, 0, 6.5, 16], "rotation": 90, "texture": "#0"},
				"down": {"uv": [6, 0, 6.5, 16], "rotation": 90, "texture": "#0"}
			}
		},
		{
			"name": "Cube",
			"from": [7.68969, 9.13412, 2.81234],
			"to": [8.64945, 9.32588, 14.81074],
			"rotation": {"angle": -45, "axis": "z", "origin": [8.16957, 9.23, 6.01154]},
			"faces": {
				"north": {"uv": [3.5, 0, 4, 16], "rotation": 180, "texture": "#0"},
				"east": {"uv": [0.5, 0, 1, 16], "rotation": 270, "texture": "#0"},
				"south": {"uv": [7, 0, 7.5, 16], "texture": "#0"},
				"west": {"uv": [4.5, 0, 5, 16], "rotation": 90, "texture": "#0"},
				"up": {"uv": [4.5, 0, 5, 16], "rotation": 90, "texture": "#0"},
				"down": {"uv": [4.5, 0, 5, 16], "rotation": 90, "texture": "#0"}
			}
		},
		{
			"name": "Cube",
			"from": [8.07363, 8.75006, 2.81194],
			"to": [8.26551, 9.70994, 14.81114],
			"rotation": {"angle": 22.5, "axis": "z", "origin": [8.16957, 9.23, 6.01154]},
			"faces": {
				"north": {"uv": [3.5, 0, 4, 16], "rotation": 180, "texture": "#0"},
				"east": {"uv": [4, 0, 4.5, 16], "rotation": 180, "texture": "#0"},
				"south": {"uv": [7, 0, 7.5, 16], "texture": "#0"},
				"west": {"uv": [4, 0, 4.5, 16], "rotation": 180, "texture": "#0"},
				"up": {"uv": [4, 0, 4.5, 16], "rotation": 180, "texture": "#0"},
				"down": {"uv": [0, 0, 0.5, 16], "texture": "#0"}
			}
		},
		{
			"from": [7.66408, 8.97654, 1.44712],
			"to": [8.63492, 9.4854, 1.65696],
			"rotation": {"angle": 0, "axis": "y", "origin": [8.169, 9.08146, 1.55204]},
			"faces": {
				"north": {"uv": [9.25, 8.25, 11.25, 10.25], "texture": "#0"},
				"east": {"uv": [10, 11.25, 12, 13.25], "texture": "#0"},
				"south": {"uv": [9.25, 8.25, 11.25, 10.25], "texture": "#0"},
				"west": {"uv": [10, 11.25, 12, 13.25], "texture": "#0"},
				"up": {"uv": [12, 8, 13, 16], "rotation": 270, "texture": "#0"},
				"down": {"uv": [8, 8, 9, 16], "rotation": 270, "texture": "#0"}
			}
		},
		{
			"from": [7.66419, 9.0201, 1.3423],
			"to": [8.63482, 9.52875, 1.55193],
			"rotation": {"angle": 45, "axis": "x", "origin": [8.169, 9.12491, 1.44712]},
			"faces": {
				"north": {"uv": [9.25, 8.25, 11.25, 10.25], "texture": "#0"},
				"east": {"uv": [10, 11.25, 12, 13.25], "texture": "#0"},
				"south": {"uv": [9.25, 8.25, 11.25, 10.25], "texture": "#0"},
				"west": {"uv": [10, 11.25, 12, 13.25], "texture": "#0"},
				"up": {"uv": [11, 8, 12, 16], "texture": "#0"},
				"down": {"uv": [15, 8, 16, 16], "rotation": 270, "texture": "#0"}
			}
		},
		{
			"from": [7.66429, 9.12512, 1.29895],
			"to": [8.63471, 9.33454, 1.80739],
			"rotation": {"angle": 0, "axis": "y", "origin": [8.169, 9.22983, 1.40366]},
			"faces": {
				"north": {"uv": [14, 8, 15, 16], "rotation": 90, "texture": "#0"},
				"east": {"uv": [10, 11.25, 12, 13.25], "texture": "#0"},
				"south": {"uv": [10, 8, 11, 16], "rotation": 270, "texture": "#0"},
				"west": {"uv": [10, 11.25, 12, 13.25], "texture": "#0"},
				"up": {"uv": [9.25, 8.25, 11.25, 13.1], "rotation": 180, "texture": "#0"},
				"down": {"uv": [9.25, 8.25, 11.25, 13.1], "texture": "#0"}
			}
		},
		{
			"from": [7.6644, 9.23015, 1.34251],
			"to": [8.63461, 9.43936, 1.85074],
			"rotation": {"angle": 45, "axis": "x", "origin": [8.169, 9.33475, 1.44712]},
			"faces": {
				"north": {"uv": [13, 8, 14, 16], "rotation": 90, "texture": "#0"},
				"east": {"uv": [10, 11.25, 12, 13.25], "texture": "#0"},
				"south": {"uv": [9, 8, 10, 16], "rotation": 270, "texture": "#0"},
				"west": {"uv": [10, 11.25, 12, 13.25], "texture": "#0"},
				"up": {"uv": [9.25, 8.25, 11.25, 13.1], "rotation": 180, "texture": "#0"},
				"down": {"uv": [9.25, 8.25, 11.25, 13.1], "texture": "#0"}
			}
		},
		{
			"from": [7.6648, 9.19055, 0.94291],
			"to": [7.99421, 9.27896, 1.33971],
			"rotation": {"angle": 45, "axis": "x", "origin": [8.169, 9.29475, 1.44712]},
			"faces": {
				"north": {"uv": [13, 8, 14, 16], "rotation": 90, "texture": "#0"},
				"east": {"uv": [10, 11.25, 12, 13.25], "texture": "#0"},
				"south": {"uv": [9, 8, 10, 16], "rotation": 270, "texture": "#0"},
				"west": {"uv": [10, 11.25, 12, 13.25], "texture": "#0"},
				"up": {"uv": [9.25, 8.25, 11.25, 13.1], "rotation": 180, "texture": "#0"},
				"down": {"uv": [9.25, 8.25, 11.25, 13.1], "texture": "#0"}
			}
		},
		{
			"from": [7.6648, 9.50058, 1.02005],
			"to": [7.99421, 9.58899, 1.41685],
			"rotation": {"angle": 22.5, "axis": "x", "origin": [7.8295, 9.46479, 1.17845]},
			"faces": {
				"north": {"uv": [13, 8, 14, 16], "rotation": 90, "texture": "#0"},
				"east": {"uv": [10, 11.25, 12, 13.25], "texture": "#0"},
				"south": {"uv": [9, 8, 10, 16], "rotation": 270, "texture": "#0"},
				"west": {"uv": [10, 11.25, 12, 13.25], "texture": "#0"},
				"up": {"uv": [9.25, 8.25, 11.25, 13.1], "rotation": 180, "texture": "#0"},
				"down": {"uv": [9.25, 8.25, 11.25, 13.1], "texture": "#0"}
			}
		},
		{
			"from": [8.06408, 8.97654, 2.08612],
			"to": [8.27392, 9.4854, 2.45696],
			"rotation": {"angle": 0, "axis": "y", "origin": [8.169, 9.08146, 2.35204]},
			"faces": {
				"north": {"uv": [10, 3.25, 12, 5.25], "texture": "#0"},
				"east": {"uv": [9.25, 0.25, 11.25, 2.25], "texture": "#0"},
				"south": {"uv": [10, 3.25, 12, 5.25], "texture": "#0"},
				"west": {"uv": [9.25, 0.25, 11.25, 2.25], "texture": "#0"},
				"up": {"uv": [12, 0, 13, 8], "rotation": 180, "texture": "#0"},
				"down": {"uv": [8, 0, 9, 8], "texture": "#0"}
			}
		},
		{
			"from": [7.95927, 9.0201, 2.08622],
			"to": [8.1689, 9.52875, 2.45685],
			"rotation": {"angle": -45, "axis": "z", "origin": [8.06408, 9.12491, 2.35204]},
			"faces": {
				"north": {"uv": [10, 3.25, 12, 5.25], "texture": "#0"},
				"east": {"uv": [9.25, 0.25, 11.25, 2.25], "texture": "#0"},
				"south": {"uv": [10, 3.25, 12, 5.25], "texture": "#0"},
				"west": {"uv": [9.25, 0.25, 11.25, 2.25], "texture": "#0"},
				"up": {"uv": [11, 0, 12, 8], "rotation": 270, "texture": "#0"},
				"down": {"uv": [15, 0, 16, 8], "texture": "#0"}
			}
		},
		{
			"from": [7.91591, 9.12512, 2.08633],
			"to": [8.42436, 9.33454, 2.45675],
			"rotation": {"angle": 0, "axis": "y", "origin": [8.02062, 9.22983, 2.35204]},
			"faces": {
				"north": {"uv": [10, 3.25, 12, 5.25], "texture": "#0"},
				"east": {"uv": [10, 0, 11, 8], "rotation": 270, "texture": "#0"},
				"south": {"uv": [10, 3.25, 12, 5.25], "texture": "#0"},
				"west": {"uv": [14, 0, 15, 8], "rotation": 90, "texture": "#0"},
				"up": {"uv": [9.25, 0.25, 11.25, 5.1], "rotation": 90, "texture": "#0"},
				"down": {"uv": [9.25, 0.25, 11.25, 5.1], "rotation": 90, "texture": "#0"}
			}
		},
		{
			"from": [7.95948, 9.23015, 2.08643],
			"to": [8.46771, 9.43936, 2.45664],
			"rotation": {"angle": -45, "axis": "z", "origin": [8.06408, 9.33475, 2.35204]},
			"faces": {
				"north": {"uv": [10, 3.25, 12, 5.25], "texture": "#0"},
				"east": {"uv": [9, 0, 10, 8], "rotation": 270, "texture": "#0"},
				"south": {"uv": [10, 3.25, 12, 5.25], "texture": "#0"},
				"west": {"uv": [13, 0, 14, 8], "rotation": 90, "texture": "#0"},
				"up": {"uv": [9.25, 0.25, 11.25, 5.1], "rotation": 90, "texture": "#0"},
				"down": {"uv": [9.25, 0.25, 11.25, 5.1], "rotation": 90, "texture": "#0"}
			}
		},
		{
			"from": [7.99664, 8.81448, 2.39954],
			"to": [8.34064, 9.64868, 2.84354],
			"rotation": {"angle": 0, "axis": "y", "origin": [8.16864, 8.98648, 2.67154]},
			"faces": {
				"north": {"uv": [10, 3.25, 12, 5.25], "texture": "#0"},
				"east": {"uv": [9.25, 0.25, 11.25, 2.25], "texture": "#0"},
				"south": {"uv": [10, 3.25, 12, 5.25], "texture": "#0"},
				"west": {"uv": [9.25, 0.25, 11.25, 2.25], "texture": "#0"},
				"up": {"uv": [12, 0, 13, 8], "rotation": 180, "texture": "#0"},
				"down": {"uv": [8, 0, 9, 8], "texture": "#0"}
			}
		},
		{
			"from": [7.82481, 8.8859, 2.39971],
			"to": [8.16847, 9.71976, 2.84336],
			"rotation": {"angle": -45, "axis": "z", "origin": [7.99664, 9.05773, 2.67154]},
			"faces": {
				"north": {"uv": [10, 3.25, 12, 5.25], "texture": "#0"},
				"east": {"uv": [9.25, 0.25, 11.25, 2.25], "texture": "#0"},
				"south": {"uv": [10, 3.25, 12, 5.25], "texture": "#0"},
				"west": {"uv": [9.25, 0.25, 11.25, 2.25], "texture": "#0"},
				"up": {"uv": [11, 0, 12, 8], "rotation": 270, "texture": "#0"},
				"down": {"uv": [15, 0, 16, 8], "texture": "#0"}
			}
		},
		{
			"from": [7.75374, 9.05807, 2.39988],
			"to": [8.58725, 9.40138, 2.84319],
			"rotation": {"angle": 0, "axis": "y", "origin": [7.9254, 9.22973, 2.67154]},
			"faces": {
				"north": {"uv": [10, 3.25, 12, 5.25], "texture": "#0"},
				"east": {"uv": [10, 0, 11, 8], "rotation": 270, "texture": "#0"},
				"south": {"uv": [10, 3.25, 12, 5.25], "texture": "#0"},
				"west": {"uv": [14, 0, 15, 8], "rotation": 90, "texture": "#0"},
				"up": {"uv": [9.25, 0.25, 11.25, 5.1], "rotation": 90, "texture": "#0"},
				"down": {"uv": [9.25, 0.25, 11.25, 5.1], "rotation": 90, "texture": "#0"}
			}
		},
		{
			"from": [7.82516, 9.23024, 2.40005],
			"to": [8.65833, 9.57321, 2.84302],
			"rotation": {"angle": -45, "axis": "z", "origin": [7.99664, 9.40173, 2.67154]},
			"faces": {
				"north": {"uv": [10, 3.25, 12, 5.25], "texture": "#0"},
				"east": {"uv": [9, 0, 10, 8], "rotation": 270, "texture": "#0"},
				"south": {"uv": [10, 3.25, 12, 5.25], "texture": "#0"},
				"west": {"uv": [13, 0, 14, 8], "rotation": 90, "texture": "#0"},
				"up": {"uv": [9.25, 0.25, 11.25, 5.1], "rotation": 90, "texture": "#0"},
				"down": {"uv": [9.25, 0.25, 11.25, 5.1], "rotation": 90, "texture": "#0"}
			}
		},
		{
			"from": [7.99664, 8.81448, 14.63954],
			"to": [8.34064, 9.64868, 14.98354],
			"rotation": {"angle": 0, "axis": "y", "origin": [8.16864, 8.98648, 14.81154]},
			"faces": {
				"north": {"uv": [10, 11.25, 12, 13.25], "texture": "#0"},
				"east": {"uv": [9.25, 8.25, 11.25, 10.25], "texture": "#0"},
				"south": {"uv": [10, 11.25, 12, 13.25], "texture": "#0"},
				"west": {"uv": [9.25, 8.25, 11.25, 10.25], "texture": "#0"},
				"up": {"uv": [12, 8, 13, 16], "rotation": 180, "texture": "#0"},
				"down": {"uv": [8, 8, 9, 16], "texture": "#0"}
			}
		},
		{
			"from": [7.82481, 8.8859, 14.63971],
			"to": [8.16847, 9.71976, 14.98336],
			"rotation": {"angle": -45, "axis": "z", "origin": [7.99664, 9.05773, 14.81154]},
			"faces": {
				"north": {"uv": [10, 11.25, 12, 13.25], "texture": "#0"},
				"east": {"uv": [9.25, 8.25, 11.25, 10.25], "texture": "#0"},
				"south": {"uv": [10, 11.25, 12, 13.25], "texture": "#0"},
				"west": {"uv": [9.25, 8.25, 11.25, 10.25], "texture": "#0"},
				"up": {"uv": [11, 8, 12, 16], "rotation": 270, "texture": "#0"},
				"down": {"uv": [15, 8, 16, 16], "texture": "#0"}
			}
		},
		{
			"from": [7.75374, 9.05807, 14.63988],
			"to": [8.58725, 9.40138, 14.98319],
			"rotation": {"angle": 0, "axis": "y", "origin": [7.9254, 9.22973, 14.81154]},
			"faces": {
				"north": {"uv": [10, 11.25, 12, 13.25], "texture": "#0"},
				"east": {"uv": [10, 8, 11, 16], "rotation": 270, "texture": "#0"},
				"south": {"uv": [10, 11.25, 12, 13.25], "texture": "#0"},
				"west": {"uv": [14, 8, 15, 16], "rotation": 90, "texture": "#0"},
				"up": {"uv": [9.25, 8.25, 11.25, 13.1], "rotation": 90, "texture": "#0"},
				"down": {"uv": [9.25, 8.25, 11.25, 13.1], "rotation": 90, "texture": "#0"}
			}
		},
		{
			"from": [7.82516, 9.23024, 14.64005],
			"to": [8.65833, 9.57321, 14.98302],
			"rotation": {"angle": -45, "axis": "z", "origin": [7.99664, 9.40173, 14.81154]},
			"faces": {
				"north": {"uv": [10, 11.25, 12, 13.25], "texture": "#0"},
				"east": {"uv": [9, 8, 10, 16], "rotation": 270, "texture": "#0"},
				"south": {"uv": [10, 11.25, 12, 13.25], "texture": "#0"},
				"west": {"uv": [13, 8, 14, 16], "rotation": 90, "texture": "#0"},
				"up": {"uv": [9.25, 8.25, 11.25, 13.1], "rotation": 90, "texture": "#0"},
				"down": {"uv": [9.25, 8.25, 11.25, 13.1], "rotation": 90, "texture": "#0"}
			}
		}
	],
	"gui_light": "front",
	"display": {
		"thirdperson_righthand": {
			"rotation": [90.35, 9.92, -4.17],
			"translation": [0, -1.25, 0]
		},
		"thirdperson_lefthand": {
			"rotation": [90.35, 9.92, -4.17],
			"translation": [0, -1.25, 0]
		},
		"firstperson_righthand": {
			"rotation": [60.97, -14.74, -8.03],
			"translation": [0, 1, 0],
			"scale": [1.15, 1.15, 1.15]
		},
		"firstperson_lefthand": {
			"rotation": [60.97, -14.74, -8.03],
			"translation": [0, 1, 0],
			"scale": [1.15, 1.15, 1.15]
		},
		"ground": {
			"rotation": [0, 0, -90],
			"translation": [0, -1, 0]
		},
		"gui": {
			"rotation": [157.32, 30.7, -140.7],
			"translation": [0.75, 0, 0],
			"scale": [1.62, 1.62, 1.62]
		},
		"fixed": {
			"rotation": [-90, -47.5, -90],
			"translation": [0, 0, -1.75],
			"scale": [1.92, 1.92, 1.92]
		}
	},
	"groups": [
		{
			"name": "side_piece",
			"origin": [12.16957, 18.47131, -8.83593],
			"color": 0,
			"children": [
				{
					"name": "side_detail",
					"origin": [12.31957, 17.47131, -9.83593],
					"color": 0,
					"children": [0, 1, 2, 3, 4, 5]
				},
				6,
				7,
				8,
				{
					"name": "buckle",
					"origin": [12.31957, 17.47131, -9.83593],
					"color": 0,
					"children": [9, 10, 11, 12, 13, 14]
				},
				{
					"name": "buckle",
					"origin": [12.31957, 17.47131, -9.83593],
					"color": 0,
					"children": [15, 16, 17, 18, 19]
				},
				{
					"name": "buckle",
					"origin": [12.31957, 17.47131, -9.83593],
					"color": 0,
					"children": [20, 21, 22, 23, 24]
				},
				{
					"name": "gas_tank",
					"origin": [12.16957, 18.47131, -8.83593],
					"color": 0,
					"children": [
						{
							"name": "tank",
							"origin": [12.16957, 18.47131, -15.83593],
							"color": 0,
							"children": [25, 26, 27, 28, 29, 30, 31, 32]
						},
						{
							"name": "tank_start",
							"origin": [11.16418, 19.46973, -8.83593],
							"color": 0,
							"children": [33, 34, 35, 36, 37, 38]
						},
						{
							"name": "tank_start",
							"origin": [11.16418, 19.46973, -8.83593],
							"color": 0,
							"children": [39, 40, 41, 42]
						},
						{
							"name": "tank_start",
							"origin": [11.16418, 19.46973, -8.83593],
							"color": 0,
							"children": [43, 44, 45, 46]
						},
						{
							"name": "tank_end",
							"origin": [11.16418, 19.46973, -8.83593],
							"color": 0,
							"children": [47, 48, 49, 50]
						}
					]
				}
			]
		}
	]
}