{"credit":"Shingeki no Craft: Made by Fanfo and Zabat","textures":{"1":"custom/titan/shifter/colossal/teeth","2":"custom/titan/shifter/colossal/head","particle":"custom/titan/shifter/colossal/head"},"elements":[{"from":[0.12859,0.20509,2.90077],"to":[15.90822,23.20532,21.51366],"rotation":{"angle":0,"axis":"y","origin":[8.0184,8.08273,8.72806]},"faces":{"north":{"uv":[0,2,1.375,4],"texture":"#2"},"east":{"uv":[0,0,1.625,2],"texture":"#2"},"south":{"uv":[1.5,2,2.875,4],"texture":"#2"},"west":{"uv":[1.75,0,3.375,2],"texture":"#2"},"up":{"uv":[4.375,3.625,3,2],"texture":"#2"},"down":{"uv":[4.875,0,3.5,1.625],"texture":"#2"}}},{"from":[3.55601,22.9573,5.81772],"to":[12.4808,24.3721,20.05518],"rotation":{"angle":0,"axis":"y","origin":[8.0184,8.08273,8.72806]},"faces":{"north":{"uv":[8.75,0,9.5,0.125],"texture":"#2"},"east":{"uv":[8.25,2.5,9.5,2.625],"texture":"#2"},"south":{"uv":[8.75,0.25,9.5,0.375],"texture":"#2"},"west":{"uv":[8.25,2.75,9.5,2.875],"texture":"#2"},"up":{"uv":[6.25,3.25,5.5,2],"texture":"#2"},"down":{"uv":[6.25,4.75,5.5,6],"texture":"#2"}}},{"from":[3.26432,1.08017,21.56925],"to":[12.77249,21.16345,22.68044],"rotation":{"angle":0,"axis":"y","origin":[8.0184,8.08273,8.72806]},"faces":{"north":{"uv":[1.5,4,2.3125,5.75],"texture":"#2"},"east":{"uv":[5.75,7.75,5.875,9.5],"texture":"#2"},"south":{"uv":[4.5,1.75,5.3125,3.5],"texture":"#2"},"west":{"uv":[6,7.75,6.125,9.5],"texture":"#2"},"up":{"uv":[9.3125,7.875,8.5,7.75],"texture":"#2"},"down":{"uv":[9.3125,8,8.5,8.125],"texture":"#2"}}},{"from":[1.8305,2.56052,-2.88657],"to":[14.13269,7.55955,3.74179],"rotation":{"angle":0,"axis":"y","origin":[7.9816,8.08273,8.72806]},"faces":{"north":{"uv":[6.25,4.75,7.3125,5.1875],"texture":"#2"},"east":{"uv":[7.75,1.25,8.3125,1.6875],"texture":"#2"},"south":{"uv":[6.25,5.25,7.3125,5.6875],"texture":"#2"},"west":{"uv":[7.75,5.75,8.3125,6.1875],"texture":"#2"},"up":{"uv":[3.3125,6.5625,2.25,6],"texture":"#2"},"down":{"uv":[7.0625,3.25,6,3.8125],"texture":"#2"}}},{"from":[1.81988,3.11584,-1.77024],"to":[14.21692,8.40656,4.85813],"rotation":{"angle":22.5,"axis":"x","origin":[8.0184,8.08273,8.72806]},"faces":{"north":{"uv":[6.5,5.75,7.5625,6.1875],"texture":"#2"},"east":{"uv":[7.75,6.25,8.3125,6.6875],"texture":"#2"},"south":{"uv":[6.5,6.25,7.5625,6.6875],"texture":"#2"},"west":{"uv":[7.75,6.75,8.3125,7.1875],"texture":"#2"},"up":{"uv":[7.0625,4.5625,6,4],"texture":"#2"},"down":{"uv":[6.3125,6,5.25,6.5625],"texture":"#2"}}},{"from":[0.6276,6.80024,-4.85923],"to":[15.40921,17.36649,0.43149],"rotation":{"angle":22.5,"axis":"x","origin":[8.0184,8.08273,8.72806]},"faces":{"north":{"uv":[5,0,6.25,0.875],"texture":"#2"},"east":{"uv":[7.25,3,7.6875,3.875],"texture":"#2"},"south":{"uv":[5.5,1,6.75,1.875],"texture":"#2"},"west":{"uv":[7.25,6.75,7.6875,7.625],"texture":"#2"},"up":{"uv":[7.5,0.4375,6.25,0],"texture":"#2"},"down":{"uv":[7.5,0.5,6.25,0.9375],"texture":"#2"}}},{"from":[0.9193,18.99299,5.72116],"to":[15.11751,24.28372,9.14088],"rotation":{"angle":-22.5,"axis":"x","origin":[8.0184,8.08273,8.72806]},"faces":{"north":{"uv":[6.25,2,7.4375,2.4375],"texture":"#2"},"east":{"uv":[8,8.25,8.3125,8.6875],"texture":"#2"},"south":{"uv":[6.25,2.5,7.4375,2.9375],"texture":"#2"},"west":{"uv":[0,8.5,0.3125,8.9375],"texture":"#2"},"up":{"uv":[8.4375,4.3125,7.25,4],"texture":"#2"},"down":{"uv":[1.9375,7.5,0.75,7.8125],"texture":"#2"}}},{"from":[4.41688,-0.45193,-3.12732],"to":[11.61993,2.35396,-2.31429],"rotation":{"angle":0,"axis":"y","origin":[8.0184,8.08273,8.72806]},"faces":{"north":{"uv":[8.25,3,8.875,3.25],"texture":"#2"},"east":{"uv":[9.5,1.75,9.5625,2],"texture":"#2"},"south":{"uv":[8.25,3.25,8.875,3.5],"texture":"#2"},"west":{"uv":[9.5,2.5,9.5625,2.75],"texture":"#2"},"up":{"uv":[9.875,3.5625,9.25,3.5],"texture":"#2"},"down":{"uv":[9.875,3.75,9.25,3.8125],"texture":"#2"}}},{"from":[7.09781,-1.79199,-3.04128],"to":[8.86538,7.71962,3.1452],"rotation":{"angle":22.5,"axis":"x","origin":[7.9816,8.08273,8.72806]},"faces":{"north":{"uv":[6.75,8.5,6.875,9.3125],"texture":"#2"},"east":{"uv":[5.25,6.75,5.75,7.5625],"texture":"#2"},"south":{"uv":[8.5,8.25,8.625,9.0625],"texture":"#2"},"west":{"uv":[5.75,6.75,6.25,7.5625],"texture":"#2"},"up":{"uv":[2.875,9.5,2.75,9],"texture":"#2"},"down":{"uv":[3.125,9,3,9.5],"texture":"#2"}}},{"from":[7.10651,2.67505,-5.92419],"to":[8.85668,3.46517,-3.41326],"rotation":{"angle":0,"axis":"y","origin":[8.07556,8.08273,8.72806]},"faces":{"north":{"uv":[9.5,5.25,9.625,5.3125],"texture":"#2"},"east":{"uv":[9.5,4,9.6875,4.0625],"texture":"#2"},"south":{"uv":[5.5,9.5,5.625,9.5625],"texture":"#2"},"west":{"uv":[4.25,9.5,4.4375,9.5625],"texture":"#2"},"up":{"uv":[9.625,0.4375,9.5,0.25],"texture":"#2"},"down":{"uv":[9.625,0.5,9.5,0.6875],"texture":"#2"}}},{"from":[6.36858,-4.50931,1.95071],"to":[9.59462,-1.56084,4.49099],"rotation":{"angle":45,"axis":"x","origin":[7.9816,8.08273,8.72806]},"faces":{"north":{"uv":[2.25,5.75,2.5,6],"texture":"#2"},"east":{"uv":[7.25,9,7.4375,9.25],"texture":"#2"},"south":{"uv":[5.25,5.75,5.5,6],"texture":"#2"},"west":{"uv":[9,7.25,9.1875,7.5],"texture":"#2"},"up":{"uv":[7.75,9.1875,7.5,9],"texture":"#2"},"down":{"uv":[8,9,7.75,9.1875],"texture":"#2"}}},{"from":[5.32023,-3.74993,-0.66905],"to":[10.71658,-0.97882,2.2479],"rotation":{"angle":22.5,"axis":"x","origin":[8.0184,8.08273,8.72806]},"faces":{"north":{"uv":[8.5,4.25,8.9375,4.5],"texture":"#2"},"east":{"uv":[6.25,5.75,6.5,6],"texture":"#2"},"south":{"uv":[8.5,5.25,8.9375,5.5],"texture":"#2"},"west":{"uv":[7.5,1.5,7.75,1.75],"texture":"#2"},"up":{"uv":[8.9375,5.75,8.5,5.5],"texture":"#2"},"down":{"uv":[8.9375,5.75,8.5,6],"texture":"#2"}}},{"from":[-0.40569,6.14903,-3.00724],"to":[1.34448,9.79522,-0.09029],"rotation":{"angle":45,"axis":"z","origin":[8.03681,8.08273,8.72806]},"faces":{"north":{"uv":[4.125,9.25,4,9.5625],"texture":"#2"},"east":{"uv":[9,6.25,8.75,6.5625],"texture":"#2"},"south":{"uv":[9.375,4,9.25,4.3125],"texture":"#2"},"west":{"uv":[6.5,8.75,6.25,9.0625],"texture":"#2"},"up":{"uv":[8.25,9.5,8.375,9.25],"texture":"#2"},"down":{"uv":[8.5,9.25,8.625,9.5],"texture":"#2"}}},{"from":[-0.98908,4.54471,-3.44478],"to":[2.6571,7.02411,-0.52783],"rotation":{"angle":45,"axis":"z","origin":[8.03681,8.08273,8.72806]},"faces":{"north":{"uv":[9.3125,1.25,9,1.4375],"texture":"#2"},"east":{"uv":[8.5,9,8.25,9.1875],"texture":"#2"},"south":{"uv":[9.3125,1.75,9,1.9375],"texture":"#2"},"west":{"uv":[8.25,9,8,9.1875],"texture":"#2"},"up":{"uv":[8.75,4.75,9.0625,4.5],"texture":"#2"},"down":{"uv":[8.75,6.75,9.0625,7],"texture":"#2"}}},{"from":[6.50629,-6.88627,-2.71554],"to":[7.52723,-0.32313,-0.52783],"rotation":{"angle":-22.5,"axis":"z","origin":[8.03681,8.08273,8.72806]},"faces":{"north":{"uv":[6.3125,9.25,6.25,9.8125],"texture":"#2"},"east":{"uv":[8.6875,6.25,8.5,6.8125],"texture":"#2"},"south":{"uv":[8.0625,9.25,8,9.8125],"texture":"#2"},"west":{"uv":[2.4375,8.5,2.25,9.0625],"texture":"#2"},"up":{"uv":[9.5,4.4375,9.5625,4.25],"texture":"#2"},"down":{"uv":[4.5,9.5,4.5625,9.6875],"texture":"#2"}}},{"from":[-2.57259,2.31941,1.5442],"to":[1.27046,17.23607,7.73502],"rotation":{"angle":-22.5,"axis":"y","origin":[8.03681,8.08273,8.72806]},"faces":{"north":{"uv":[6.5625,6.75,6.25,8],"texture":"#2"},"east":{"uv":[0.5,6,0,7.25],"texture":"#2"},"south":{"uv":[7.0625,6.75,6.75,8],"texture":"#2"},"west":{"uv":[5.25,5.75,4.75,7],"texture":"#2"},"up":{"uv":[3.75,8.75,4.0625,8.25],"texture":"#2"},"down":{"uv":[4.25,8.25,4.5625,8.75],"texture":"#2"}}},{"from":[-0.83378,6.1373,11.62058],"to":[0.35039,12.03208,18.58965],"rotation":{"angle":-22.5,"axis":"y","origin":[8.03681,8.08273,8.72806]},"faces":{"north":{"uv":[9.125,3,9,3.5],"texture":"#2"},"east":{"uv":[8.125,2,7.5,2.5],"texture":"#2"},"south":{"uv":[3.375,9,3.25,9.5],"texture":"#2"},"west":{"uv":[2.625,7.5,2,8],"texture":"#2"},"up":{"uv":[6.5,9.375,6.625,8.75],"texture":"#2"},"down":{"uv":[7,8.75,7.125,9.375],"texture":"#2"}}},{"from":[-0.83378,0.88679,11.62058],"to":[0.35039,6.19818,17.27702],"rotation":{"angle":-22.5,"axis":"y","origin":[8.03681,8.08273,8.72806]},"faces":{"north":{"uv":[9.125,5.25,9,5.6875],"texture":"#2"},"east":{"uv":[8.25,7.25,7.75,7.6875],"texture":"#2"},"south":{"uv":[9.125,5.75,9,6.1875],"texture":"#2"},"west":{"uv":[7.75,7.75,7.25,8.1875],"texture":"#2"},"up":{"uv":[3.5,9.5,3.625,9],"texture":"#2"},"down":{"uv":[9,3.5,9.125,4],"texture":"#2"}}},{"from":[-1.7232,8.66424,2.46323],"to":[1.36769,19.99667,20.20103],"rotation":{"angle":0,"axis":"y","origin":[8.03681,8.08273,8.72806]},"faces":{"north":{"uv":[5.5,7.75,5.25,8.75],"texture":"#2"},"east":{"uv":[1.5,4,0,5],"texture":"#2"},"south":{"uv":[5.75,7.75,5.5,8.75],"texture":"#2"},"west":{"uv":[4.5,3.75,3,4.75],"texture":"#2"},"up":{"uv":[7.5,1.5,7.75,0],"texture":"#2"},"down":{"uv":[0.5,7.5,0.75,9],"texture":"#2"}}},{"from":[-1.7232,1.37187,11.94331],"to":[1.36769,8.62057,20.20103],"rotation":{"angle":0,"axis":"y","origin":[8.03681,8.08273,8.72806]},"faces":{"north":{"uv":[7.25,8,7,8.625],"texture":"#2"},"east":{"uv":[2.1875,6.75,1.5,7.375],"texture":"#2"},"south":{"uv":[5,8.25,4.75,8.875],"texture":"#2"},"west":{"uv":[7.4375,1,6.75,1.625],"texture":"#2"},"up":{"uv":[3,8.6875,3.25,8],"texture":"#2"},"down":{"uv":[3.25,8,3.5,8.6875],"texture":"#2"}}},{"from":[-2.1959,-0.57735,2.86617],"to":[-1.38287,2.37439,11.0455],"rotation":{"angle":-45,"axis":"y","origin":[8.03681,8.08273,8.72806]},"faces":{"north":{"uv":[2.8125,9.5,2.75,9.75],"texture":"#2"},"east":{"uv":[8.9375,1.75,8.25,2],"texture":"#2"},"south":{"uv":[9.5625,2.75,9.5,3],"texture":"#2"},"west":{"uv":[6.9375,8,6.25,8.25],"texture":"#2"},"up":{"uv":[0.5,9.9375,0.5625,9.25],"texture":"#2"},"down":{"uv":[9.25,0.5,9.3125,1.1875],"texture":"#2"}}},{"from":[-0.94077,-0.45193,3.11836],"to":[-0.12774,2.49981,6.48472],"rotation":{"angle":0,"axis":"y","origin":[8.03681,8.08273,8.72806]},"faces":{"north":{"uv":[3.0625,9.5,3,9.75],"texture":"#2"},"east":{"uv":[9.0625,7.5,8.75,7.75],"texture":"#2"},"south":{"uv":[3.3125,9.5,3.25,9.75],"texture":"#2"},"west":{"uv":[7.5625,8.75,7.25,9],"texture":"#2"},"up":{"uv":[9.5,1.0625,9.5625,0.75],"texture":"#2"},"down":{"uv":[1,9.5,1.0625,9.8125],"texture":"#2"}}},{"from":[14.65552,6.14903,-3.00724],"to":[16.40569,9.79522,-0.09029],"rotation":{"angle":-45,"axis":"z","origin":[7.96319,8.08273,8.72806]},"faces":{"north":{"uv":[4,9.25,4.125,9.5625],"texture":"#2"},"east":{"uv":[6.25,8.75,6.5,9.0625],"texture":"#2"},"south":{"uv":[9.25,4,9.375,4.3125],"texture":"#2"},"west":{"uv":[8.75,6.25,9,6.5625],"texture":"#2"},"up":{"uv":[8.375,9.5,8.25,9.25],"texture":"#2"},"down":{"uv":[8.625,9.25,8.5,9.5],"texture":"#2"}}},{"from":[13.3429,4.54471,-3.44478],"to":[16.98908,7.02411,-0.52783],"rotation":{"angle":-45,"axis":"z","origin":[7.96319,8.08273,8.72806]},"faces":{"north":{"uv":[9,1.25,9.3125,1.4375],"texture":"#2"},"east":{"uv":[8,9,8.25,9.1875],"texture":"#2"},"south":{"uv":[9,1.75,9.3125,1.9375],"texture":"#2"},"west":{"uv":[8.25,9,8.5,9.1875],"texture":"#2"},"up":{"uv":[9.0625,4.75,8.75,4.5],"texture":"#2"},"down":{"uv":[9.0625,6.75,8.75,7],"texture":"#2"}}},{"from":[8.47277,-6.88627,-2.71554],"to":[9.49371,-0.32313,-0.52783],"rotation":{"angle":22.5,"axis":"z","origin":[7.96319,8.08273,8.72806]},"faces":{"north":{"uv":[6.25,9.25,6.3125,9.8125],"texture":"#2"},"east":{"uv":[2.25,8.5,2.4375,9.0625],"texture":"#2"},"south":{"uv":[8,9.25,8.0625,9.8125],"texture":"#2"},"west":{"uv":[8.5,6.25,8.6875,6.8125],"texture":"#2"},"up":{"uv":[9.5625,4.4375,9.5,4.25],"texture":"#2"},"down":{"uv":[4.5625,9.5,4.5,9.6875],"texture":"#2"}}},{"from":[14.72954,2.31941,1.5442],"to":[18.57259,17.23607,7.73502],"rotation":{"angle":22.5,"axis":"y","origin":[7.96319,8.08273,8.72806]},"faces":{"north":{"uv":[6.25,6.75,6.5625,8],"texture":"#2"},"east":{"uv":[4.75,5.75,5.25,7],"texture":"#2"},"south":{"uv":[6.75,6.75,7.0625,8],"texture":"#2"},"west":{"uv":[0,6,0.5,7.25],"texture":"#2"},"up":{"uv":[4.0625,8.75,3.75,8.25],"texture":"#2"},"down":{"uv":[4.5625,8.25,4.25,8.75],"texture":"#2"}}},{"from":[15.64961,6.1373,11.62058],"to":[16.83378,12.03208,18.58965],"rotation":{"angle":22.5,"axis":"y","origin":[7.96319,8.08273,8.72806]},"faces":{"north":{"uv":[9,3,9.125,3.5],"texture":"#2"},"east":{"uv":[2,7.5,2.625,8],"texture":"#2"},"south":{"uv":[3.25,9,3.375,9.5],"texture":"#2"},"west":{"uv":[7.5,2,8.125,2.5],"texture":"#2"},"up":{"uv":[6.625,9.375,6.5,8.75],"texture":"#2"},"down":{"uv":[7.125,8.75,7,9.375],"texture":"#2"}}},{"from":[15.64961,0.88679,11.62058],"to":[16.83378,6.19818,17.27702],"rotation":{"angle":22.5,"axis":"y","origin":[7.96319,8.08273,8.72806]},"faces":{"north":{"uv":[9,5.25,9.125,5.6875],"texture":"#2"},"east":{"uv":[7.25,7.75,7.75,8.1875],"texture":"#2"},"south":{"uv":[9,5.75,9.125,6.1875],"texture":"#2"},"west":{"uv":[7.75,7.25,8.25,7.6875],"texture":"#2"},"up":{"uv":[3.625,9.5,3.5,9],"texture":"#2"},"down":{"uv":[9.125,3.5,9,4],"texture":"#2"}}},{"from":[14.63231,8.66424,2.46323],"to":[17.7232,19.99667,20.20103],"rotation":{"angle":0,"axis":"y","origin":[7.96319,8.08273,8.72806]},"faces":{"north":{"uv":[5.25,7.75,5.5,8.75],"texture":"#2"},"east":{"uv":[3,3.75,4.5,4.75],"texture":"#2"},"south":{"uv":[5.5,7.75,5.75,8.75],"texture":"#2"},"west":{"uv":[0,4,1.5,5],"texture":"#2"},"up":{"uv":[7.75,1.5,7.5,0],"texture":"#2"},"down":{"uv":[0.75,7.5,0.5,9],"texture":"#2"}}},{"from":[14.63231,1.37187,11.94331],"to":[17.7232,8.62057,20.20103],"rotation":{"angle":0,"axis":"y","origin":[7.96319,8.08273,8.72806]},"faces":{"north":{"uv":[7,8,7.25,8.625],"texture":"#2"},"east":{"uv":[6.75,1,7.4375,1.625],"texture":"#2"},"south":{"uv":[4.75,8.25,5,8.875],"texture":"#2"},"west":{"uv":[1.5,6.75,2.1875,7.375],"texture":"#2"},"up":{"uv":[3.25,8.6875,3,8],"texture":"#2"},"down":{"uv":[3.5,8,3.25,8.6875],"texture":"#2"}}},{"from":[17.38287,-0.57735,2.86617],"to":[18.1959,2.37439,11.0455],"rotation":{"angle":45,"axis":"y","origin":[7.96319,8.08273,8.72806]},"faces":{"north":{"uv":[2.75,9.5,2.8125,9.75],"texture":"#2"},"east":{"uv":[6.25,8,6.9375,8.25],"texture":"#2"},"south":{"uv":[9.5,2.75,9.5625,3],"texture":"#2"},"west":{"uv":[8.25,1.75,8.9375,2],"texture":"#2"},"up":{"uv":[0.5625,9.9375,0.5,9.25],"texture":"#2"},"down":{"uv":[9.3125,0.5,9.25,1.1875],"texture":"#2"}}},{"from":[16.12774,-0.45193,3.11836],"to":[16.94077,2.49981,6.48472],"rotation":{"angle":0,"axis":"y","origin":[7.96319,8.08273,8.72806]},"faces":{"north":{"uv":[3,9.5,3.0625,9.75],"texture":"#2"},"east":{"uv":[7.25,8.75,7.5625,9],"texture":"#2"},"south":{"uv":[3.25,9.5,3.3125,9.75],"texture":"#2"},"west":{"uv":[8.75,7.5,9.0625,7.75],"texture":"#2"},"up":{"uv":[9.5625,1.0625,9.5,0.75],"texture":"#2"},"down":{"uv":[1.0625,9.5,1,9.8125],"texture":"#2"}}},{"from":[5.37474,7.52659,-8.55272],"to":[10.62526,8.83922,-6.80255],"rotation":{"angle":-45,"axis":"x","origin":[8,8.08273,8.72806]},"faces":{"north":{"uv":[9,6.25,9.4375,6.375],"texture":"#2"},"east":{"uv":[9.25,8.5,9.5,8.625],"texture":"#2"},"south":{"uv":[9,6.5,9.4375,6.625],"texture":"#2"},"west":{"uv":[8.75,9.25,9,9.375],"texture":"#2"},"up":{"uv":[8.9375,6.25,8.5,6],"texture":"#2"},"down":{"uv":[6.6875,8.5,6.25,8.75],"texture":"#2"}}},{"from":[4.42674,-5.33385,-2.96075],"to":[11.57326,-2.10346,-1.85603],"rotation":{"angle":0,"axis":"y","origin":[8,8.08273,8.72806]},"faces":{"north":{"uv":[8.25,3.5,8.875,3.75],"texture":"#2"},"east":{"uv":[9.25,8.75,9.375,9],"texture":"#2"},"south":{"uv":[6.25,8.25,6.875,8.5],"texture":"#2"},"west":{"uv":[9,9.25,9.125,9.5],"texture":"#2"},"up":{"uv":[8.375,8.875,7.75,8.75],"texture":"#2"},"down":{"uv":[9.375,8.25,8.75,8.375],"texture":"#2"}}},{"from":[4.39847,-7.52156,-3.25245],"to":[11.60153,-5.31211,2.5194],"rotation":{"angle":0,"axis":"y","origin":[8,8.08273,8.72806]},"faces":{"north":{"uv":[1.5,8.5,2.125,8.6875],"texture":"#2"},"east":{"uv":[8.75,0.5,9.25,0.6875],"texture":"#2"},"south":{"uv":[8.5,1.5,9.125,1.6875],"texture":"#2"},"west":{"uv":[8.75,0.75,9.25,0.9375],"texture":"#2"},"up":{"uv":[8.125,3,7.5,2.5],"texture":"#2"},"down":{"uv":[3.375,7.5,2.75,8],"texture":"#2"}}},{"from":[0.41276,-5.48811,-3.49899],"to":[15.58724,-2.24902,6.37715],"rotation":{"angle":-22.5,"axis":"x","origin":[8,8.08273,8.72806]},"faces":{"north":{"uv":[6.75,1.75,8.0625,2],"texture":"#2"},"east":{"uv":[3.5,1.75,4.375,2],"texture":"#2"},"south":{"uv":[7.25,4.5,8.5625,4.75],"texture":"#2"},"west":{"uv":[6.25,3,7.125,3.25],"texture":"#2"},"up":{"uv":[5.3125,5.625,4,4.75],"texture":"#2"},"down":{"uv":[1.3125,5,0,5.875],"texture":"#2"}}},{"from":[4.10678,-5.47585,-8.56826],"to":[11.89322,-1.71977,2.91656],"rotation":{"angle":-22.5,"axis":"x","origin":[8,8.08273,8.72806]},"faces":{"north":{"uv":[7.75,7.75,8.4375,8.0625],"texture":"#2"},"east":{"uv":[7.5,4.75,8.5,5.0625],"texture":"#2"},"south":{"uv":[8,0,8.6875,0.3125],"texture":"#2"},"west":{"uv":[7.5,5.25,8.5,5.5625],"texture":"#2"},"up":{"uv":[2.1875,6.75,1.5,5.75],"texture":"#2"},"down":{"uv":[4.6875,5.75,4,6.75],"texture":"#2"}}},{"from":[0.25821,-5.42199,10.31337],"to":[15.74179,7.19364,12.08093],"rotation":{"angle":0,"axis":"y","origin":[8,8.08273,8.72806]},"faces":{"north":{"uv":[4.5,3.5,5.8125,4.5625],"texture":"#2"},"east":{"uv":[5,8.25,5.125,9.3125],"texture":"#2"},"south":{"uv":[2.5,4.75,3.8125,5.8125],"texture":"#2"},"west":{"uv":[0.75,8.5,0.875,9.5625],"texture":"#2"},"up":{"uv":[9.5625,2.125,8.25,2],"texture":"#2"},"down":{"uv":[9.5625,2.25,8.25,2.375],"texture":"#2"}}},{"from":[3.60283,-4.38367,4.28696],"to":[12.39717,-1.81612,10.60507],"rotation":{"angle":0,"axis":"y","origin":[8,8.08273,8.72806]},"faces":{"north":{"uv":[7.75,3.75,8.5,4],"texture":"#2"},"east":{"uv":[7.25,8.25,7.8125,8.5],"texture":"#2"},"south":{"uv":[8,1,8.75,1.25],"texture":"#2"},"west":{"uv":[8.25,7.25,8.8125,7.5],"texture":"#2"},"up":{"uv":[3,7.3125,2.25,6.75],"texture":"#2"},"down":{"uv":[3.75,6.75,3,7.3125],"texture":"#2"}}},{"from":[5.06131,-1.37139,-5.54154],"to":[10.93869,0.61277,0.77657],"rotation":{"angle":-22.5,"axis":"x","origin":[8,8.08273,8.72806]},"faces":{"north":{"uv":[1,8.75,1.5,8.9375],"texture":"#2"},"east":{"uv":[8.5,7,9.0625,7.1875],"texture":"#2"},"south":{"uv":[8.75,1,9.25,1.1875],"texture":"#2"},"west":{"uv":[7.25,8.5,7.8125,8.6875],"texture":"#2"},"up":{"uv":[3,4.5625,2.5,4],"texture":"#2"},"down":{"uv":[5.5,1,5,1.5625],"texture":"#2"}}},{"from":[-2.00879,-8.93538,3.15984],"to":[2.4536,-6.06309,9.34632],"rotation":{"angle":-45,"axis":"y","origin":[8.11019,8.08273,8.72806]},"faces":{"north":{"uv":[1.875,8.75,1.5,9],"texture":"#2"},"east":{"uv":[8.75,7.5,8.25,7.75],"texture":"#2"},"south":{"uv":[2.875,8.75,2.5,9],"texture":"#2"},"west":{"uv":[6,3.25,5.5,3.5],"texture":"#2"},"up":{"uv":[1.5,8.5,1.875,8],"texture":"#2"},"down":{"uv":[2,8,2.375,8.5],"texture":"#2"}}},{"from":[-1.79132,-5.31658,7.76969],"to":[2.3272,9.80138,11.65739],"rotation":{"angle":0,"axis":"y","origin":[8.11019,8.08273,8.72806]},"faces":{"north":{"uv":[0.875,6,0.5,7.3125],"texture":"#2"},"east":{"uv":[4.5625,6.75,4.25,8.0625],"texture":"#2"},"south":{"uv":[1.375,6,1,7.3125],"texture":"#2"},"west":{"uv":[4.0625,6.75,3.75,8.0625],"texture":"#2"},"up":{"uv":[8.5,4.0625,8.875,3.75],"texture":"#2"},"down":{"uv":[8.5,4.75,8.875,5.0625],"texture":"#2"}}},{"from":[-1.49962,-3.82208,2.53489],"to":[2.0355,10.56664,5.40166],"rotation":{"angle":-22.5,"axis":"x","origin":[8.11019,8.08273,8.72806]},"faces":{"north":{"uv":[5.0625,7,4.75,8.25],"texture":"#2"},"east":{"uv":[8,0,7.75,1.25],"texture":"#2"},"south":{"uv":[0.3125,7.25,0,8.5],"texture":"#2"},"west":{"uv":[3.75,7.5,3.5,8.75],"texture":"#2"},"up":{"uv":[8.75,8.75,9.0625,8.5],"texture":"#2"},"down":{"uv":[8.75,8.75,9.0625,9],"texture":"#2"}}},{"from":[-1.49962,2.01182,5.45184],"to":[2.61889,10.56664,8.31861],"rotation":{"angle":-22.5,"axis":"x","origin":[8.11019,8.08273,8.72806]},"faces":{"north":{"uv":[3.875,6,3.5,6.75],"texture":"#2"},"east":{"uv":[3,8,2.75,8.75],"texture":"#2"},"south":{"uv":[8.125,3,7.75,3.75],"texture":"#2"},"west":{"uv":[2.75,8,2.5,8.75],"texture":"#2"},"up":{"uv":[3,9,3.375,8.75],"texture":"#2"},"down":{"uv":[3.5,8.75,3.875,9],"texture":"#2"}}},{"from":[-0.58948,-5.33385,3.206],"to":[0.51525,-2.10346,8.97232],"rotation":{"angle":0,"axis":"y","origin":[8.11019,8.08273,8.72806]},"faces":{"north":{"uv":[9.375,9,9.25,9.25],"texture":"#2"},"east":{"uv":[9,1.25,8.5,1.5],"texture":"#2"},"south":{"uv":[9.375,9.25,9.25,9.5],"texture":"#2"},"west":{"uv":[1.5,8.5,1,8.75],"texture":"#2"},"up":{"uv":[3.75,9.5,3.875,9],"texture":"#2"},"down":{"uv":[9,4,9.125,4.5],"texture":"#2"}}},{"from":[-1.97707,-6.06121,2.99618],"to":[-0.87234,-2.10159,10.95022],"rotation":{"angle":-45,"axis":"y","origin":[8.11019,8.08273,8.72806]},"faces":{"north":{"uv":[9.375,4.5,9.25,4.8125],"texture":"#2"},"east":{"uv":[1.4375,8,0.75,8.3125],"texture":"#2"},"south":{"uv":[9.375,5,9.25,5.3125],"texture":"#2"},"west":{"uv":[8.6875,0.5,8,0.8125],"texture":"#2"},"up":{"uv":[4.25,9.4375,4.375,8.75],"texture":"#2"},"down":{"uv":[4.5,8.75,4.625,9.4375],"texture":"#2"}}},{"from":[0.83813,-4.0051,-6.01362],"to":[2.73415,0.51617,-3.09667],"rotation":{"angle":-22.5,"axis":"x","origin":[8.11019,8.08273,8.72806]},"faces":{"north":{"uv":[1.9375,9,1.75,9.375],"texture":"#2"},"east":{"uv":[4.25,8.75,4,9.125],"texture":"#2"},"south":{"uv":[2.6875,9,2.5,9.375],"texture":"#2"},"west":{"uv":[2.25,8.75,2,9.125],"texture":"#2"},"up":{"uv":[8.75,9.25,8.9375,9],"texture":"#2"},"down":{"uv":[9,9,9.1875,9.25],"texture":"#2"}}},{"from":[-6.11552,2.24436,-3.00724],"to":[-2.90687,3.2653,-0.81952],"rotation":{"angle":45,"axis":"z","origin":[8.11019,8.08273,8.72806]},"faces":{"north":{"uv":[3.75,9.5,3.5,9.5625],"texture":"#2"},"east":{"uv":[4.9375,9.5,4.75,9.5625],"texture":"#2"},"south":{"uv":[4,9.5,3.75,9.5625],"texture":"#2"},"west":{"uv":[9.6875,4.5,9.5,4.5625],"texture":"#2"},"up":{"uv":[0,9.4375,0.25,9.25],"texture":"#2"},"down":{"uv":[0.25,9.25,0.5,9.4375],"texture":"#2"}}},{"from":[-0.19831,-1.59577,-3.44478],"to":[1.84355,-0.57483,-1.25707],"rotation":{"angle":22.5,"axis":"z","origin":[8.11019,8.08273,8.72806]},"faces":{"north":{"uv":[9.6875,4.75,9.5,4.8125],"texture":"#2"},"east":{"uv":[5.4375,9.5,5.25,9.5625],"texture":"#2"},"south":{"uv":[9.6875,5,9.5,5.0625],"texture":"#2"},"west":{"uv":[5.1875,9.5,5,9.5625],"texture":"#2"},"up":{"uv":[9.25,7.4375,9.4375,7.25],"texture":"#2"},"down":{"uv":[9.25,7.5,9.4375,7.6875],"texture":"#2"}}},{"from":[13.5464,-8.93538,3.15984],"to":[18.00879,-6.06309,9.34632],"rotation":{"angle":45,"axis":"y","origin":[7.88981,8.08273,8.72806]},"faces":{"north":{"uv":[1.5,8.75,1.875,9],"texture":"#2"},"east":{"uv":[5.5,3.25,6,3.5],"texture":"#2"},"south":{"uv":[2.5,8.75,2.875,9],"texture":"#2"},"west":{"uv":[8.25,7.5,8.75,7.75],"texture":"#2"},"up":{"uv":[1.875,8.5,1.5,8],"texture":"#2"},"down":{"uv":[2.375,8,2,8.5],"texture":"#2"}}},{"from":[13.6728,-5.31658,7.76969],"to":[17.79132,9.80138,11.65739],"rotation":{"angle":0,"axis":"y","origin":[7.88981,8.08273,8.72806]},"faces":{"north":{"uv":[0.5,6,0.875,7.3125],"texture":"#2"},"east":{"uv":[3.75,6.75,4.0625,8.0625],"texture":"#2"},"south":{"uv":[1,6,1.375,7.3125],"texture":"#2"},"west":{"uv":[4.25,6.75,4.5625,8.0625],"texture":"#2"},"up":{"uv":[8.875,4.0625,8.5,3.75],"texture":"#2"},"down":{"uv":[8.875,4.75,8.5,5.0625],"texture":"#2"}}},{"from":[13.9645,-3.82208,2.53489],"to":[17.49962,10.56664,5.40166],"rotation":{"angle":-22.5,"axis":"x","origin":[7.88981,8.08273,8.72806]},"faces":{"north":{"uv":[4.75,7,5.0625,8.25],"texture":"#2"},"east":{"uv":[3.5,7.5,3.75,8.75],"texture":"#2"},"south":{"uv":[0,7.25,0.3125,8.5],"texture":"#2"},"west":{"uv":[7.75,0,8,1.25],"texture":"#2"},"up":{"uv":[9.0625,8.75,8.75,8.5],"texture":"#2"},"down":{"uv":[9.0625,8.75,8.75,9],"texture":"#2"}}},{"from":[13.38111,2.01182,5.45184],"to":[17.49962,10.56664,8.31861],"rotation":{"angle":-22.5,"axis":"x","origin":[7.88981,8.08273,8.72806]},"faces":{"north":{"uv":[3.5,6,3.875,6.75],"texture":"#2"},"east":{"uv":[2.5,8,2.75,8.75],"texture":"#2"},"south":{"uv":[7.75,3,8.125,3.75],"texture":"#2"},"west":{"uv":[2.75,8,3,8.75],"texture":"#2"},"up":{"uv":[3.375,9,3,8.75],"texture":"#2"},"down":{"uv":[3.875,8.75,3.5,9],"texture":"#2"}}},{"from":[15.48475,-5.33385,3.206],"to":[16.58948,-2.10346,8.97232],"rotation":{"angle":0,"axis":"y","origin":[7.88981,8.08273,8.72806]},"faces":{"north":{"uv":[9.25,9,9.375,9.25],"texture":"#2"},"east":{"uv":[1,8.5,1.5,8.75],"texture":"#2"},"south":{"uv":[9.25,9.25,9.375,9.5],"texture":"#2"},"west":{"uv":[8.5,1.25,9,1.5],"texture":"#2"},"up":{"uv":[3.875,9.5,3.75,9],"texture":"#2"},"down":{"uv":[9.125,4,9,4.5],"texture":"#2"}}},{"from":[16.87234,-6.06121,2.99618],"to":[17.97707,-2.10159,10.95022],"rotation":{"angle":45,"axis":"y","origin":[7.88981,8.08273,8.72806]},"faces":{"north":{"uv":[9.25,4.5,9.375,4.8125],"texture":"#2"},"east":{"uv":[8,0.5,8.6875,0.8125],"texture":"#2"},"south":{"uv":[9.25,5,9.375,5.3125],"texture":"#2"},"west":{"uv":[0.75,8,1.4375,8.3125],"texture":"#2"},"up":{"uv":[4.375,9.4375,4.25,8.75],"texture":"#2"},"down":{"uv":[4.625,8.75,4.5,9.4375],"texture":"#2"}}},{"from":[13.26585,-4.0051,-6.01362],"to":[15.16187,0.51617,-3.09667],"rotation":{"angle":-22.5,"axis":"x","origin":[7.88981,8.08273,8.72806]},"faces":{"north":{"uv":[1.75,9,1.9375,9.375],"texture":"#2"},"east":{"uv":[2,8.75,2.25,9.125],"texture":"#2"},"south":{"uv":[2.5,9,2.6875,9.375],"texture":"#2"},"west":{"uv":[4,8.75,4.25,9.125],"texture":"#2"},"up":{"uv":[8.9375,9.25,8.75,9],"texture":"#2"},"down":{"uv":[9.1875,9,9,9.25],"texture":"#2"}}},{"from":[18.90687,2.24436,-3.00724],"to":[22.11552,3.2653,-0.81952],"rotation":{"angle":-45,"axis":"z","origin":[7.88981,8.08273,8.72806]},"faces":{"north":{"uv":[3.5,9.5,3.75,9.5625],"texture":"#2"},"east":{"uv":[9.5,4.5,9.6875,4.5625],"texture":"#2"},"south":{"uv":[3.75,9.5,4,9.5625],"texture":"#2"},"west":{"uv":[4.75,9.5,4.9375,9.5625],"texture":"#2"},"up":{"uv":[0.25,9.4375,0,9.25],"texture":"#2"},"down":{"uv":[0.5,9.25,0.25,9.4375],"texture":"#2"}}},{"from":[14.15645,-1.59577,-3.44478],"to":[16.19831,-0.57483,-1.25707],"rotation":{"angle":-22.5,"axis":"z","origin":[7.88981,8.08273,8.72806]},"faces":{"north":{"uv":[9.5,4.75,9.6875,4.8125],"texture":"#2"},"east":{"uv":[5,9.5,5.1875,9.5625],"texture":"#2"},"south":{"uv":[9.5,5,9.6875,5.0625],"texture":"#2"},"west":{"uv":[5.25,9.5,5.4375,9.5625],"texture":"#2"},"up":{"uv":[9.4375,7.4375,9.25,7.25],"texture":"#2"},"down":{"uv":[9.4375,7.5,9.25,7.6875],"texture":"#2"}}},{"from":[16.20427,-1.24824,3.11544],"to":[17.0173,-0.37316,6.7735],"rotation":{"angle":0,"axis":"y","origin":[8.03681,8.08273,8.72806]},"faces":{"north":{"uv":[8,0,8.25,0.375],"texture":"#1"},"east":{"uv":[6,6,7.625,6.375],"texture":"#1"},"south":{"uv":[1,7.875,1.25,8.25],"texture":"#1"},"west":{"uv":[0,7,1.625,7.375],"texture":"#1"},"up":{"uv":[2.25,8.25,2,7],"texture":"#1"},"down":{"uv":[3.25,6.625,3,8.25],"texture":"#1"}}},{"from":[17.50509,-1.27741,2.86617],"to":[18.31812,-0.40233,11.0455],"rotation":{"angle":45,"axis":"y","origin":[8.03681,8.08273,8.72806]},"faces":{"north":{"uv":[8,0.875,8.25,1.25],"texture":"#1"},"east":{"uv":[2.625,2,5.75,2.375],"texture":"#1"},"south":{"uv":[4,7.875,4.25,8.25],"texture":"#1"},"west":{"uv":[2.625,3,5.75,3.375],"texture":"#1"},"up":{"uv":[1.25,5.75,1,3],"texture":"#1"},"down":{"uv":[2.25,3.625,2,6.75],"texture":"#1"}}},{"from":[-0.8703,-1.24824,3.11544],"to":[-0.05727,-0.37316,6.7735],"rotation":{"angle":0,"axis":"y","origin":[8.11019,8.08273,8.72806]},"faces":{"north":{"uv":[8.25,0,8,0.375],"texture":"#1"},"east":{"uv":[1.625,7,0,7.375],"texture":"#1"},"south":{"uv":[1.25,7.875,1,8.25],"texture":"#1"},"west":{"uv":[7.625,6,6,6.375],"texture":"#1"},"up":{"uv":[2,8.25,2.25,7],"texture":"#1"},"down":{"uv":[3,6.625,3.25,8.25],"texture":"#1"}}},{"from":[-2.17112,-1.27741,2.86617],"to":[-1.35809,-0.40233,11.0455],"rotation":{"angle":-45,"axis":"y","origin":[8.11019,8.08273,8.72806]},"faces":{"north":{"uv":[8.25,0.875,8,1.25],"texture":"#1"},"east":{"uv":[5.75,3,2.625,3.375],"texture":"#1"},"south":{"uv":[4.25,7.875,4,8.25],"texture":"#1"},"west":{"uv":[5.75,2,2.625,2.375],"texture":"#1"},"up":{"uv":[1,5.75,1.25,3],"texture":"#1"},"down":{"uv":[2,3.625,2.25,6.75],"texture":"#1"}}},{"from":[4.43528,-1.36492,-3.12732],"to":[11.63834,-0.45505,-2.31429],"rotation":{"angle":0,"axis":"y","origin":[8.03681,8.08273,8.72806]},"faces":{"north":{"uv":[5,0.875,7.625,1.25],"texture":"#1"},"east":{"uv":[5,7.875,5.25,8.25],"texture":"#1"},"south":{"uv":[3,4.875,5.625,5.25],"texture":"#1"},"west":{"uv":[5,7.875,5.25,8.25],"texture":"#1"},"up":{"uv":[8.5,2.25,6,2],"texture":"#1"},"down":{"uv":[5.625,6,3,6.25],"texture":"#1"}}},{"from":[15.63175,-2.1252,3.206],"to":[16.73648,-1.25012,8.97232],"rotation":{"angle":0,"axis":"y","origin":[8.03681,8.08273,8.72806]},"faces":{"north":{"uv":[0,4.875,0.375,5.25],"texture":"#1"},"east":{"uv":[6.25,3.875,8.625,4.25],"texture":"#1"},"south":{"uv":[4,6.875,4.375,7.25],"texture":"#1"},"west":{"uv":[6,4.875,8,5.25],"texture":"#1"},"up":{"uv":[2.25,5.875,2,3.5],"texture":"#1"},"down":{"uv":[0.375,3.125,0,4.875],"texture":"#1"}}},{"from":[17.01934,-2.1102,2.99618],"to":[18.12407,-1.23512,10.95022],"rotation":{"angle":45,"axis":"y","origin":[8.03681,8.08273,8.72806]},"faces":{"north":{"uv":[5,6.875,5.375,7.25],"texture":"#1"},"east":{"uv":[2.625,3.875,5.75,4.25],"texture":"#1"},"south":{"uv":[6,6.875,6.375,7.25],"texture":"#1"},"west":{"uv":[4.75,0,7.875,0.375],"texture":"#1"},"up":{"uv":[0.375,3.125,0,0],"texture":"#1"},"down":{"uv":[1.375,0,1,2.75],"texture":"#1"}}},{"from":[-1.97707,-2.1102,2.99618],"to":[-0.87234,-1.23512,10.95022],"rotation":{"angle":-45,"axis":"y","origin":[8.11019,8.08273,8.72806]},"faces":{"north":{"uv":[5.375,6.875,5,7.25],"texture":"#1"},"east":{"uv":[7.875,0,4.75,0.375],"texture":"#1"},"south":{"uv":[6.375,6.875,6,7.25],"texture":"#1"},"west":{"uv":[5.75,3.875,2.625,4.25],"texture":"#1"},"up":{"uv":[0,3.125,0.375,0],"texture":"#1"},"down":{"uv":[1,0,1.375,2.75],"texture":"#1"}}},{"from":[-0.58948,-2.1252,3.206],"to":[0.51525,-1.25012,8.97232],"rotation":{"angle":0,"axis":"y","origin":[8.11019,8.08273,8.72806]},"faces":{"north":{"uv":[0.375,4.875,0,5.25],"texture":"#1"},"east":{"uv":[8,4.875,6,5.25],"texture":"#1"},"south":{"uv":[4.375,6.875,4,7.25],"texture":"#1"},"west":{"uv":[8.625,3.875,6.25,4.25],"texture":"#1"},"up":{"uv":[2,5.875,2.25,3.5],"texture":"#1"},"down":{"uv":[0,3.125,0.375,4.875],"texture":"#1"}}},{"from":[4.46354,-2.1252,-2.96075],"to":[11.61007,-1.22838,-2.14772],"rotation":{"angle":0,"axis":"y","origin":[8.03681,8.08273,8.72806]},"faces":{"north":{"uv":[6,3,8.625,3.375],"texture":"#1"},"east":{"uv":[7,6.875,7.375,7.25],"texture":"#1"},"south":{"uv":[6,3.875,8.625,4.25],"texture":"#1"},"west":{"uv":[0,7.875,0.375,8.25],"texture":"#1"},"up":{"uv":[4.625,0.375,2,0],"texture":"#1"},"down":{"uv":[4.5,1,2,1.375],"texture":"#1"}}}],"display":{"thirdperson_righthand":{"scale":[0.3,0.3,0.3]},"thirdperson_lefthand":{"scale":[0.3,0.3,0.3]},"firstperson_righthand":{"rotation":[0,132,0],"translation":[19.25,5.5,-19.5],"scale":[0.8,0.8,0.8]},"firstperson_lefthand":{"rotation":[0,132,0],"translation":[19.25,5.5,-19.5],"scale":[0.8,0.8,0.8]},"ground":{"translation":[0,10.25,0],"scale":[0.7,0.7,0.7]},"gui":{"rotation":[8.5,-147,0],"translation":[0.5,0.5,-8],"scale":[0.45,0.45,0.45]},"head":{"translation":[0,-3.75,0.5],"scale":[0.34,0.34,0.34]}},"groups":[{"name":"head","origin":[0,0,0],"color":0,"nbt":"{}","children":[{"name":"up","origin":[0,0,0],"color":0,"nbt":"{}","children":[{"name":"meat","origin":[0,0,0],"color":0,"nbt":"{}","children":[0,1,2,3,4,5,6,7,8,9,10,11,{"name":"left","origin":[9.6015,15.34388,4.38564],"color":0,"nbt":"{}","children":[12,13,14,15,16,17,18,19,20,21]},{"name":"left","origin":[9.6015,15.34388,4.38564],"color":0,"nbt":"{}","children":[22,23,24,25,26,27,28,29,30,31]}]}]},{"name":"mouth","origin":[0,0,0],"color":0,"nbt":"{}","children":[32,33,34,35,36,37,38,39,{"name":"right","origin":[0,0,0],"color":0,"nbt":"{}","children":[40,41,42,43,44,45,46,47,48]},{"name":"right","origin":[0,0,0],"color":0,"nbt":"{}","children":[49,50,51,52,53,54,55,56,57]}]},{"name":"teeth","origin":[0,0,0],"color":0,"nbt":"{}","children":[{"name":"up","origin":[0,0,0],"color":0,"nbt":"{}","children":[58,59,60,61,62]},{"name":"down","origin":[0,0,0],"color":0,"nbt":"{}","children":[63,64,65,66,67]}]}]}]}