{"credit":"Shingeki no Craft: Made by Fanfo and Zabat","textures":{"0":"custom/titan/shifter/cart/born/11/body","particle":"custom/titan/shifter/cart/born/11/body"},"elements":[{"name":"cuello","from":[6.25,7.4,-3],"to":[9.75,11.4,3],"rotation":{"angle":0,"axis":"y","origin":[7,8.4,-1.5]},"faces":{"north":{"uv":[11.875,5.75,10.75,4.75],"rotation":180,"texture":"#0"},"east":{"uv":[9.75,8.25,10.75,9.75],"rotation":90,"texture":"#0"},"south":{"uv":[11.875,5.75,10.75,6.75],"texture":"#0"},"west":{"uv":[9.75,9.75,10.75,11.25],"rotation":270,"texture":"#0"},"up":{"uv":[9.5,3.25,10.625,4.75],"texture":"#0"},"down":{"uv":[9.5,1.75,10.625,3.25],"rotation":180,"texture":"#0"}}},{"name":"wtf","from":[3.6,3.07283,-0.94597],"to":[12.4,10.67283,8.30403],"rotation":{"angle":22.5,"axis":"x","origin":[8,8.07283,4.42903]},"faces":{"north":{"uv":[3,0,6,2],"texture":"#0"},"east":{"uv":[3,5.75,5.3125,7.75],"texture":"#0"},"south":{"uv":[3,2,6,4],"texture":"#0"},"west":{"uv":[5.5,5.75,7.8125,7.75],"texture":"#0"},"up":{"uv":[3,2.3125,0,0],"texture":"#0"},"down":{"uv":[3,2.5,0,4.8125],"texture":"#0"}}}],"display":{"head":{"translation":[0,3.5,8],"scale":[0.8,0.8,0.8]}},"groups":[{"name":"titan_1","origin":[8,8,8],"color":0,"nbt":"{}","children":[{"name":"group","origin":[0,0,0],"color":0,"nbt":"{}","children":[{"name":"head","origin":[0,0,0],"color":0,"nbt":"{}","children":[]},{"name":"mouth","origin":[0,0,0],"color":0,"nbt":"{}","children":[]},0]},1,{"name":"right_arm","origin":[0,0,0],"color":0,"nbt":"{}","children":[]},{"name":"right_arm","origin":[0,0,0],"color":0,"nbt":"{}","children":[]}]}]}