{"credit":"Shingeki no Craft: Made by Fanfo and Zabat","textures":{"0":"custom/titan/shifter/cart/born/10/body","1":"custom/titan/shifter/cart/born/10/head","particle":"custom/titan/shifter/cart/born/10/body"},"elements":[{"name":"cuello","from":[6.25,7.4,-3],"to":[9.75,11.4,3],"rotation":{"angle":0,"axis":"y","origin":[7,8.4,-1.5]},"faces":{"north":{"uv":[11.875,5.75,10.75,4.75],"rotation":180,"texture":"#0"},"east":{"uv":[9.75,8.25,10.75,9.75],"rotation":90,"texture":"#0"},"south":{"uv":[11.875,5.75,10.75,6.75],"texture":"#0"},"west":{"uv":[9.75,9.75,10.75,11.25],"rotation":270,"texture":"#0"},"up":{"uv":[9.5,3.25,10.625,4.75],"texture":"#0"},"down":{"uv":[9.5,1.75,10.625,3.25],"rotation":180,"texture":"#0"}}},{"name":"wtf","from":[3.1,3.32283,-0.19597],"to":[12.9,11.32283,9.05403],"rotation":{"angle":22.5,"axis":"x","origin":[8,8.07283,4.42903]},"faces":{"north":{"uv":[3,0,6,2],"texture":"#0"},"east":{"uv":[3,5.75,5.3125,7.75],"texture":"#0"},"south":{"uv":[3,2,6,4],"texture":"#0"},"west":{"uv":[5.5,5.75,7.8125,7.75],"texture":"#0"},"up":{"uv":[3,2.3125,0,0],"texture":"#0"},"down":{"uv":[3,2.5,0,4.8125],"texture":"#0"}}},{"from":[5.41002,10.8913,-3.28509],"to":[10.58998,13.1935,-1.84621],"rotation":{"angle":-22.5,"axis":"x","origin":[8,11.25102,-2.72752]},"faces":{"north":{"uv":[8.25,1,6,2],"texture":"#1"},"east":{"uv":[4.25,8.625,3.625,9.625],"texture":"#1"},"south":{"uv":[8.25,0,6,1],"texture":"#1"},"west":{"uv":[4.875,8.625,4.25,9.625],"texture":"#1"},"up":{"uv":[2.25,6.625,0,7.25],"texture":"#1"},"down":{"uv":[8.25,7.375,6,6.75],"texture":"#1"}}},{"from":[5.41002,7.72576,-4.65202],"to":[10.58998,13.1935,-3.28509],"rotation":{"angle":-22.5,"axis":"x","origin":[8,11.25102,-2.72752]},"faces":{"north":{"uv":[4.5,0,2.25,2.375],"texture":"#1"},"east":{"uv":[7,3,6.375,5.375],"texture":"#1"},"south":{"uv":[2.25,0,0,2.375],"texture":"#1"},"west":{"uv":[3.625,6.5,3,8.875],"texture":"#1"},"up":{"uv":[9.25,3,7,3.625],"texture":"#1"},"down":{"uv":[9.25,4.25,7,3.625],"texture":"#1"}}},{"from":[5.98557,9.16464,-1.84621],"to":[10.01443,12.90573,-1.12677],"rotation":{"angle":-22.5,"axis":"x","origin":[8,11.25102,-2.72752]},"faces":{"north":{"uv":[6.375,4.125,4.625,5.75],"texture":"#1"},"east":{"uv":[1.75,8.75,1.5,10.375],"texture":"#1"},"south":{"uv":[6.375,2.5,4.625,4.125],"texture":"#1"},"west":{"uv":[3.5,8.875,3.25,10.5],"texture":"#1"},"up":{"uv":[10.875,8.75,9.125,9],"texture":"#1"},"down":{"uv":[11,3.25,9.25,3],"texture":"#1"}}}],"display":{"head":{"translation":[0,3.5,8],"scale":[0.8,0.8,0.8]}},"groups":[{"name":"titan_1","origin":[8,8,8],"color":0,"nbt":"{}","children":[{"name":"group","origin":[0,0,0],"color":0,"nbt":"{}","children":[{"name":"head","origin":[0,0,0],"color":0,"nbt":"{}","children":[]},{"name":"mouth","origin":[0,0,0],"color":0,"nbt":"{}","children":[]},0]},1,{"name":"right_arm","origin":[0,0,0],"color":0,"nbt":"{}","children":[]},{"name":"right_arm","origin":[0,0,0],"color":0,"nbt":"{}","children":[]}]},{"name":"cart","origin":[8,8,8],"color":0,"nbt":"{}","children":[{"name":"head","origin":[8,8,8],"color":0,"nbt":"{}","children":[2,3,4]}]}]}