{"credit":"Shingeki no Craft: Made by Fanfo and Zabat","textures":{"2":"custom/titan/shifter/cart/born/7/body","3":"custom/titan/shifter/cart/born/7/head","4":"custom/titan/shifter/cart/born/7/teeth","particle":"custom/titan/shifter/cart/born/7/body"},"elements":[{"name":"cuello","from":[5.75,7.65,-4.5],"to":[10.25,11.65,1.5],"rotation":{"angle":22.5,"axis":"x","origin":[7,8.65,-1.5]},"faces":{"north":{"uv":[11.875,5.75,10.75,4.75],"rotation":180,"texture":"#2"},"east":{"uv":[9.75,8.25,10.75,9.75],"rotation":90,"texture":"#2"},"south":{"uv":[11.875,5.75,10.75,6.75],"texture":"#2"},"west":{"uv":[9.75,9.75,10.75,11.25],"rotation":270,"texture":"#2"},"up":{"uv":[9.5,3.25,10.625,4.75],"texture":"#2"},"down":{"uv":[9.5,1.75,10.625,3.25],"rotation":180,"texture":"#2"}}},{"name":"body","from":[3,4.02283,12.30403],"to":[13,10.52283,17.80403],"rotation":{"angle":22.5,"axis":"x","origin":[8,7.82283,16.05403]},"faces":{"north":{"uv":[6,0,8.5,1.625],"texture":"#2"},"east":{"uv":[2,9,3.375,10.625],"texture":"#2"},"south":{"uv":[6,1.75,8.5,3.375],"texture":"#2"},"west":{"uv":[3.5,9,4.875,10.625],"texture":"#2"},"up":{"uv":[8.5,4.875,6,3.5],"texture":"#2"},"down":{"uv":[2.5,6.75,0,8.125],"texture":"#2"}}},{"name":"wtf","from":[2.1,3.57283,-0.19597],"to":[13.9,11.57283,9.05403],"rotation":{"angle":0,"axis":"y","origin":[8,14.31343,12.2406]},"faces":{"north":{"uv":[3,0,6,2],"texture":"#2"},"east":{"uv":[3,5.75,5.3125,7.75],"texture":"#2"},"south":{"uv":[3,2,6,4],"texture":"#2"},"west":{"uv":[5.5,5.75,7.8125,7.75],"texture":"#2"},"up":{"uv":[3,2.3125,0,0],"texture":"#2"},"down":{"uv":[3,2.5,0,4.8125],"texture":"#2"}}},{"name":"body","from":[2.1,4.32283,9.05403],"to":[13.9,11.07283,13.30403],"rotation":{"angle":0,"axis":"y","origin":[8,14.31343,12.2406]},"faces":{"north":{"uv":[3,4,6,5.6875],"texture":"#2"},"east":{"uv":[7,9,8.0625,10.6875],"texture":"#2"},"south":{"uv":[0,5,3,6.6875],"texture":"#2"},"west":{"uv":[9.5,0,10.5625,1.6875],"texture":"#2"},"up":{"uv":[5.5,8.8125,2.5,7.75],"texture":"#2"},"down":{"uv":[8.5,7.75,5.5,8.8125],"texture":"#2"}}},{"name":"hombro","from":[13.5,8.17478,2.57567],"to":[17.5,12.67478,11.07567],"rotation":{"angle":45,"axis":"x","origin":[18.25,12.82283,2.05403]},"faces":{"north":{"uv":[11.75,7.875,10.75,6.75],"rotation":180,"texture":"#2"},"east":{"uv":[8.5,6,9.625,8.125],"rotation":90,"texture":"#2"},"south":{"uv":[8,10.75,7,11.875],"texture":"#2"},"west":{"uv":[8.5,8.25,9.625,10.375],"rotation":270,"texture":"#2"},"up":{"uv":[6,9,7,11.125],"texture":"#2"},"down":{"uv":[5,9,6,11.125],"rotation":180,"texture":"#2"}}},{"name":"hombro","from":[-1.5,8.17478,2.57567],"to":[2.5,12.67478,11.07567],"rotation":{"angle":45,"axis":"x","origin":[-2.25,12.82283,2.05403]},"faces":{"north":{"uv":[10.75,7.875,11.75,6.75],"rotation":180,"texture":"#2"},"east":{"uv":[8.5,10.375,9.625,8.25],"rotation":270,"texture":"#2"},"south":{"uv":[7,10.75,8,11.875],"texture":"#2"},"west":{"uv":[8.5,8.125,9.625,6],"rotation":90,"texture":"#2"},"up":{"uv":[7,9,6,11.125],"texture":"#2"},"down":{"uv":[6,9,5,11.125],"rotation":180,"texture":"#2"}}},{"name":"muslo","from":[10,7.57283,5.05403],"to":[14,11.57283,16.30403],"rotation":{"angle":-22.5,"axis":"x","origin":[11.5,12.82283,17.05403]},"faces":{"north":{"uv":[11.75,9,10.75,10],"rotation":180,"texture":"#2"},"east":{"uv":[1,8.25,2,11.0625],"rotation":270,"texture":"#2"},"south":{"uv":[11.75,9,10.75,8],"texture":"#2"},"west":{"uv":[8.5,3,9.5,5.8125],"rotation":90,"texture":"#2"},"up":{"uv":[0,8.25,1,11.0625],"rotation":180,"texture":"#2"},"down":{"uv":[8.5,0,9.5,2.8125],"texture":"#2"}}},{"name":"muslo","from":[2,7.57283,5.05403],"to":[6,11.57283,16.30403],"rotation":{"angle":-22.5,"axis":"x","origin":[4.5,12.82283,17.05403]},"faces":{"north":{"uv":[10.75,9,11.75,10],"rotation":180,"texture":"#2"},"east":{"uv":[8.5,5.8125,9.5,3],"rotation":90,"texture":"#2"},"south":{"uv":[10.75,9,11.75,8],"texture":"#2"},"west":{"uv":[1,11.0625,2,8.25],"rotation":270,"texture":"#2"},"up":{"uv":[1,8.25,0,11.0625],"rotation":180,"texture":"#2"},"down":{"uv":[9.5,0,8.5,2.8125],"texture":"#2"}}},{"from":[5.59875,12.98684,-6.73278],"to":[10.40125,14.00684,-5.03278],"rotation":{"angle":-22.5,"axis":"x","origin":[8.01,13.00234,-6.67254]},"faces":{"north":{"uv":[10.25,4.25,8.5,4.625],"texture":"#3"},"east":{"uv":[7,5.375,6.375,5.75],"texture":"#3"},"south":{"uv":[8.5,8.375,6.75,8.75],"texture":"#3"},"west":{"uv":[4.25,7,3.625,7.375],"texture":"#3"},"up":{"uv":[5.375,8,3.625,8.625],"texture":"#3"},"down":{"uv":[1.75,8.75,0,8.125],"texture":"#3"}}},{"from":[4.94,11.89,-3.92],"to":[11.06,14.61,-2.22],"rotation":{"angle":0,"axis":"y","origin":[8.01,13.00234,-6.67254]},"faces":{"north":{"uv":[8.25,1,6,2],"texture":"#3"},"east":{"uv":[4.25,8.625,3.625,9.625],"texture":"#3"},"south":{"uv":[8.25,0,6,1],"texture":"#3"},"west":{"uv":[4.875,8.625,4.25,9.625],"texture":"#3"},"up":{"uv":[2.25,6.625,0,7.25],"texture":"#3"},"down":{"uv":[8.25,7.375,6,6.75],"texture":"#3"}}},{"from":[5.28,9.17,-3.92],"to":[10.72,11.89,-2.22],"rotation":{"angle":0,"axis":"y","origin":[8.01,13.00234,-6.67254]},"faces":{"north":{"uv":[8.375,2,6.375,3],"texture":"#3"},"east":{"uv":[0.625,8.75,0,9.75],"texture":"#3"},"south":{"uv":[8,5.75,6,6.75],"texture":"#3"},"west":{"uv":[1.25,8.75,0.625,9.75],"texture":"#3"},"up":{"uv":[9,5.125,7,5.75],"texture":"#3"},"down":{"uv":[5.625,8,3.625,7.375],"texture":"#3"}}},{"from":[4.6,11.55,-4.6],"to":[11.4,13.93,-3.24],"rotation":{"angle":22.5,"axis":"x","origin":[8,12.57,-4.43]},"faces":{"north":{"uv":[8.375,2,6.375,3],"texture":"#3"},"east":{"uv":[1.25,15,0.625,16],"texture":"#3"},"south":{"uv":[3.25,15,1.25,16],"texture":"#3"},"west":{"uv":[0.625,15,0,16],"texture":"#3"},"up":{"uv":[9,5.125,7,5.75],"texture":"#3"},"down":{"uv":[5.375,16,3.375,15.375],"texture":"#3"}}},{"from":[4.94,8.15,-5.535],"to":[11.06,14.61,-3.92],"rotation":{"angle":0,"axis":"y","origin":[8.01,13.00234,-6.67254]},"faces":{"north":{"uv":[4.5,0,2.25,2.375],"texture":"#3"},"east":{"uv":[7,3,6.375,5.375],"texture":"#3"},"south":{"uv":[2.25,0,0,2.375],"texture":"#3"},"west":{"uv":[3.625,6.5,3,8.875],"texture":"#3"},"up":{"uv":[9.25,3,7,3.625],"texture":"#3"},"down":{"uv":[9.25,4.25,7,3.625],"texture":"#3"}}},{"from":[5.62,9.85,-2.22],"to":[10.38,14.27,-1.37],"rotation":{"angle":0,"axis":"y","origin":[8.01,13.00234,-6.67254]},"faces":{"north":{"uv":[6.375,4.125,4.625,5.75],"texture":"#3"},"east":{"uv":[1.75,8.75,1.5,10.375],"texture":"#3"},"south":{"uv":[6.375,2.5,4.625,4.125],"texture":"#3"},"west":{"uv":[3.5,8.875,3.25,10.5],"texture":"#3"},"up":{"uv":[10.875,8.75,9.125,9],"texture":"#3"},"down":{"uv":[11,3.25,9.25,3],"texture":"#3"}}},{"from":[5.62,12.90679,-7.11224],"to":[10.38,13.92679,-6.77224],"rotation":{"angle":0,"axis":"y","origin":[8.01,13.00234,-6.67254]},"faces":{"north":{"uv":[10.25,8.375,8.5,8.75],"texture":"#3"},"east":{"uv":[4.625,4.875,4.5,5.25],"texture":"#3"},"south":{"uv":[10.25,4.625,8.5,5],"texture":"#3"},"west":{"uv":[4.625,5.25,4.5,5.625],"texture":"#3"},"up":{"uv":[10,7.25,8.25,7.375],"texture":"#3"},"down":{"uv":[6.625,9,4.875,8.875],"texture":"#3"}}},{"from":[5.96,12.65214,-8.8602],"to":[10.04,12.99214,-6.3952],"rotation":{"angle":0,"axis":"y","origin":[7.94625,13.00234,-6.67254]},"faces":{"north":{"uv":[11.25,1,9.75,1.125],"texture":"#3"},"east":{"uv":[0.875,9.75,0,9.875],"texture":"#3"},"south":{"uv":[3.25,9.625,1.75,9.75],"texture":"#3"},"west":{"uv":[10.625,1.375,9.75,1.5],"texture":"#3"},"up":{"uv":[8.5,4.25,7,5.125],"texture":"#3"},"down":{"uv":[1.5,8.125,0,7.25],"texture":"#3"}}},{"from":[5.93875,11.29214,-9.6677],"to":[10.06125,12.65214,-5.3752],"rotation":{"angle":0,"axis":"y","origin":[8.01,13.00234,-6.67254]},"faces":{"north":{"uv":[9.75,1.5,8.25,2],"texture":"#3"},"east":{"uv":[9.75,7.375,8.125,7.875],"texture":"#3"},"south":{"uv":[9.75,1,8.25,1.5],"texture":"#3"},"west":{"uv":[9.75,7.875,8.125,8.375],"texture":"#3"},"up":{"uv":[4.5,4.875,3,6.5],"texture":"#3"},"down":{"uv":[6,7.375,4.5,5.75],"texture":"#3"}}},{"from":[5.93875,11.29214,-10.9002],"to":[10.06125,12.14214,-9.6677],"rotation":{"angle":0,"axis":"y","origin":[8,11.71714,-10.62395]},"faces":{"north":{"uv":[10.5,5.375,9,5.75],"texture":"#3"},"east":{"uv":[4.125,9.625,3.625,10],"texture":"#3"},"south":{"uv":[10.5,5,9,5.375],"texture":"#3"},"west":{"uv":[4.625,9.625,4.125,10],"texture":"#3"},"up":{"uv":[9.75,6.75,8.25,7.25],"texture":"#3"},"down":{"uv":[9.875,2.5,8.375,2],"texture":"#3"}}},{"from":[5.93875,11.29214,-11.5377],"to":[10.06125,11.71714,-10.9002],"rotation":{"angle":0,"axis":"y","origin":[8,11.71714,-10.62395]},"faces":{"north":{"uv":[11.25,1.25,9.75,1.375],"texture":"#3"},"east":{"uv":[4.5,7.25,4.25,7.375],"texture":"#3"},"south":{"uv":[11.25,1.125,9.75,1.25],"texture":"#3"},"west":{"uv":[1.75,7.5,1.5,7.625],"texture":"#3"},"up":{"uv":[10.75,9.25,9.25,9.5],"texture":"#3"},"down":{"uv":[3.25,9.625,1.75,9.375],"texture":"#3"}}},{"from":[5.76875,8.14714,-6.7777],"to":[6.32125,14.01214,-5.35395],"rotation":{"angle":-22.5,"axis":"y","origin":[5.79,11.12214,-7.52145]},"faces":{"north":{"uv":[1.5,8.75,1.25,10.875],"texture":"#3"},"east":{"uv":[2.75,6.625,2.25,8.75],"texture":"#3"},"south":{"uv":[3,6.625,2.75,8.75],"texture":"#3"},"west":{"uv":[2.25,7.25,1.75,9.375],"texture":"#3"},"up":{"uv":[6.25,2,6,2.5],"texture":"#3"},"down":{"uv":[4.375,7,4.125,6.5],"texture":"#3"}}},{"from":[9.67875,8.14714,-6.7777],"to":[10.23125,14.01214,-5.35395],"rotation":{"angle":22.5,"axis":"y","origin":[10.21,11.12214,-7.52145]},"faces":{"north":{"uv":[1.25,8.75,1.5,10.875],"texture":"#3"},"east":{"uv":[1.75,7.25,2.25,9.375],"texture":"#3"},"south":{"uv":[2.75,6.625,3,8.75],"texture":"#3"},"west":{"uv":[2.25,6.625,2.75,8.75],"texture":"#3"},"up":{"uv":[6,2,6.25,2.5],"texture":"#3"},"down":{"uv":[4.125,7,4.375,6.5],"texture":"#3"}}},{"from":[5.76875,10.69112,-13.08022],"to":[6.06625,11.32862,-6.57772],"rotation":{"angle":0,"axis":"y","origin":[8,11.45612,-10.70022]},"faces":{"north":{"uv":[6.375,2.25,6.25,2.5],"texture":"#3"},"east":{"uv":[9.125,8.75,6.75,9],"texture":"#3"},"south":{"uv":[6.375,2,6.25,2.25],"texture":"#3"},"west":{"uv":[7.25,9,4.875,9.25],"texture":"#3"},"up":{"uv":[4.625,0,4.5,2.375],"texture":"#3"},"down":{"uv":[3.625,11.25,3.5,8.875],"texture":"#3"}}},{"from":[9.93375,10.69112,-13.08022],"to":[10.23125,11.32862,-6.57772],"rotation":{"angle":0,"axis":"y","origin":[8,11.45612,-10.70022]},"faces":{"north":{"uv":[6.25,2.25,6.375,2.5],"texture":"#3"},"east":{"uv":[4.875,9,7.25,9.25],"texture":"#3"},"south":{"uv":[6.25,2,6.375,2.25],"texture":"#3"},"west":{"uv":[6.75,8.75,9.125,9],"texture":"#3"},"up":{"uv":[4.5,0,4.625,2.375],"texture":"#3"},"down":{"uv":[3.5,11.25,3.625,8.875],"texture":"#3"}}},{"from":[7.00742,11.97862,-9.8802],"to":[8.36742,13.33862,-7.0752],"rotation":{"angle":45,"axis":"z","origin":[7.94625,13.00234,-6.67254]},"faces":{"north":{"uv":[9.75,9.5,9.25,10],"texture":"#3"},"east":{"uv":[3.25,8.875,2.25,9.375],"texture":"#3"},"south":{"uv":[4.125,6.5,3.625,7],"texture":"#3"},"west":{"uv":[8.25,9,7.25,9.5],"texture":"#3"},"up":{"uv":[8.75,9,8.25,10],"texture":"#3"},"down":{"uv":[9.25,10,8.75,9],"texture":"#3"}}},{"from":[5.98125,13.31848,-13.4499],"to":[10.01875,13.82848,-8.6899],"rotation":{"angle":-22.5,"axis":"x","origin":[8.01,13.00234,-6.67254]},"faces":{"north":{"uv":[7.875,9.5,6.375,9.75],"texture":"#3"},"east":{"uv":[11,3.25,9.25,3.5],"texture":"#3"},"south":{"uv":[6.375,9.5,4.875,9.75],"texture":"#3"},"west":{"uv":[11,3.5,9.25,3.75],"texture":"#3"},"up":{"uv":[1.5,4.875,0,6.625],"texture":"#3"},"down":{"uv":[3,6.625,1.5,4.875],"texture":"#3"}}},{"from":[5.79,10.86323,-13.70627],"to":[10.21,11.54323,-12.94127],"rotation":{"angle":22.5,"axis":"x","origin":[8,11.11823,-13.45127]},"faces":{"north":{"uv":[10.875,4,9.25,4.25],"texture":"#3"},"east":{"uv":[4.5,7,4.25,7.25],"texture":"#3"},"south":{"uv":[10.875,3.75,9.25,4],"texture":"#3"},"west":{"uv":[1.75,7.25,1.5,7.5],"texture":"#3"},"up":{"uv":[6.5,9.25,4.875,9.5],"texture":"#3"},"down":{"uv":[10.875,9.25,9.25,9],"texture":"#3"}}},{"from":[5.51875,7.83797,-12.84345],"to":[9.9175,9.19797,-5.02345],"rotation":{"angle":-22.5,"axis":"x","origin":[7.99203,9.13184,-5.46211]},"faces":{"north":{"uv":[9.875,0.5,8.25,1],"texture":"#3"},"east":{"uv":[8.125,7.375,5.625,7.875],"texture":"#3"},"south":{"uv":[9.875,0,8.25,0.5],"texture":"#3"},"west":{"uv":[8.125,7.875,5.625,8.375],"texture":"#3"},"up":{"uv":[1.625,2.375,0,4.875],"texture":"#3"},"down":{"uv":[3.25,4.875,1.625,2.375],"texture":"#3"}}},{"from":[6.045,10.02,-13.355],"to":[9.955,10.76375,-13.015],"rotation":{"angle":0,"axis":"y","origin":[5.28,8.15,-5.28]},"faces":{"north":{"uv":[2.875,2.5,0,3],"texture":"#4"},"east":{"uv":[1,3.5,0.75,4],"texture":"#4"},"south":{"uv":[2.875,2,0,2.5],"texture":"#4"},"west":{"uv":[1.25,3.5,1,4],"texture":"#4"},"up":{"uv":[6.375,2.5,3.5,2.75],"texture":"#4"},"down":{"uv":[6.375,3,3.5,2.75],"texture":"#4"}}},{"from":[6.045,10.02,-13.015],"to":[6.385,10.76375,-6.215],"rotation":{"angle":0,"axis":"y","origin":[5.28,8.15,-5.28]},"faces":{"north":{"uv":[2.25,3.5,2,4],"texture":"#4"},"east":{"uv":[5,1,0,1.5],"texture":"#4"},"south":{"uv":[2,3.5,1.75,4],"texture":"#4"},"west":{"uv":[5,1.5,0,2],"texture":"#4"},"up":{"uv":[3.5,2.5,3.25,7.5],"texture":"#4"},"down":{"uv":[0.25,8.5,0,3.5],"texture":"#4"}}},{"from":[9.615,10.02,-13.015],"to":[9.955,10.76375,-6.215],"rotation":{"angle":0,"axis":"y","origin":[10.72,8.15,-5.28]},"faces":{"north":{"uv":[2,3.5,2.25,4],"texture":"#4"},"east":{"uv":[0,1.5,5,2],"texture":"#4"},"south":{"uv":[1.75,3.5,2,4],"texture":"#4"},"west":{"uv":[0,1,5,1.5],"texture":"#4"},"up":{"uv":[3.25,2.5,3.5,7.5],"texture":"#4"},"down":{"uv":[0,8.5,0.25,3.5],"texture":"#4"}}},{"from":[5.88,9.19625,-12.855],"to":[9.62,9.77,-12.515],"rotation":{"angle":-22.5,"axis":"x","origin":[7.99203,9.13184,-5.46211]},"faces":{"north":{"uv":[5.625,2,3,2.5],"texture":"#4"},"east":{"uv":[0.5,3.5,0.25,4],"texture":"#4"},"south":{"uv":[2.625,3,0,3.5],"texture":"#4"},"west":{"uv":[0.75,3.5,0.5,4],"texture":"#4"},"up":{"uv":[6.125,3,3.5,3.25],"texture":"#4"},"down":{"uv":[6.25,3.5,3.5,3.25],"texture":"#4"}}},{"from":[5.88,9.19625,-12.515],"to":[6.22,9.77,-5.715],"rotation":{"angle":-22.5,"axis":"x","origin":[7.99203,9.13184,-5.46211]},"faces":{"north":{"uv":[1.75,3.5,1.5,4],"texture":"#4"},"east":{"uv":[5,0,0,0.5],"texture":"#4"},"south":{"uv":[1.5,3.5,1.25,4],"texture":"#4"},"west":{"uv":[5,0.5,0,1],"texture":"#4"},"up":{"uv":[3.25,2.5,3,7.5],"texture":"#4"},"down":{"uv":[3,8,2.75,3],"texture":"#4"}}},{"from":[9.28,9.19625,-12.515],"to":[9.62,9.77,-5.715],"rotation":{"angle":-22.5,"axis":"x","origin":[7.99203,9.13184,-5.46211]},"faces":{"north":{"uv":[1.5,3.5,1.75,4],"texture":"#4"},"east":{"uv":[0,0.5,5,1],"texture":"#4"},"south":{"uv":[1.25,3.5,1.5,4],"texture":"#4"},"west":{"uv":[0,0,5,0.5],"texture":"#4"},"up":{"uv":[3,2.5,3.25,7.5],"texture":"#4"},"down":{"uv":[2.75,8,3,3],"texture":"#4"}}}],"display":{"head":{"translation":[0,3.5,8],"scale":[0.8,0.8,0.8]}},"groups":[{"name":"titan_1","origin":[8,8,8],"color":0,"nbt":"{}","children":[{"name":"group","origin":[0,0,0],"color":0,"nbt":"{}","children":[{"name":"head","origin":[0,0,0],"color":0,"nbt":"{}","children":[]},{"name":"mouth","origin":[0,0,0],"color":0,"nbt":"{}","children":[]},0]},1,2,3,{"name":"right_arm","origin":[0,0,0],"color":0,"nbt":"{}","children":[4]},{"name":"right_arm","origin":[0,0,0],"color":0,"nbt":"{}","children":[5]},{"name":"right_leg","origin":[0,0,0],"color":0,"nbt":"{}","children":[6]},{"name":"right_leg","origin":[0,0,0],"color":0,"nbt":"{}","children":[7]}]},{"name":"cart","origin":[8,8,8],"color":0,"nbt":"{}","children":[{"name":"head","origin":[8,8,8],"color":0,"nbt":"{}","children":[8,9,10,11,12,13,14,15,16,17,18,19,20,21,22,23,24,25]},{"name":"Jaw","origin":[8,6.81756,13.59102],"color":0,"nbt":"{}","children":[26]},{"name":"theeth","origin":[8,8,8],"color":0,"nbt":"{}","children":[27,28,29,{"name":"jaw","origin":[0,0,0],"color":0,"nbt":"{}","children":[30,31,32]}]}]}]}