{
	"credit": "Made with Blockbench",
	"texture_size": [32, 32],
	"textures": {
		"1": "custom/titan/shifter/armor/head/meat_teeth",
		"2": "custom/titan/shifter/armor/head/4/head",
		"particle": "custom/titan/shifter/armor/head/4/head"
	},
	"elements": [
		{
			"from": [6.525, 4.69319, 0.48223],
			"to": [11.775, 8.53023, 3.9669],
			"rotation": {"angle": 22.5, "axis": "z", "origin": [8, 8.25, 7]},
			"faces": {
				"north": {"uv": [7.875, 5.5, 7.25, 6], "texture": "#2"},
				"east": {"uv": [4.625, 8.125, 4.25, 8.625], "texture": "#2"},
				"south": {"uv": [0.625, 7.375, 0, 7.875], "texture": "#2"},
				"west": {"uv": [8.5, 3.625, 8.125, 4.125], "texture": "#2"},
				"up": {"uv": [8, 7.5, 8.625, 7.125], "texture": "#2"},
				"down": {"uv": [8, 7.5, 8.625, 7.875], "texture": "#2"}
			}
		},
		{
			"from": [7.39171, 6.31421, -0.2424],
			"to": [11.25521, 9.772, 2.21303],
			"rotation": {"angle": -45, "axis": "y", "origin": [8, 8.25, 7]},
			"faces": {
				"north": {"uv": [8.625, 5.125, 8.125, 5.5], "texture": "#2"},
				"east": {"uv": [1, 8.625, 0.75, 9], "texture": "#2"},
				"south": {"uv": [8.75, 0.5, 8.25, 0.875], "texture": "#2"},
				"west": {"uv": [0.25, 8.625, 0, 9], "texture": "#2"},
				"up": {"uv": [8.5, 4.125, 9, 3.875], "texture": "#2"},
				"down": {"uv": [4.625, 8.5, 5.125, 8.75], "texture": "#2"}
			}
		},
		{
			"from": [10.2019, 10.05064, 0.48223],
			"to": [16.44701, 12.69688, 3.79002],
			"rotation": {"angle": 22.5, "axis": "z", "origin": [8, 8, 7]},
			"faces": {
				"north": {"uv": [8.375, 2.125, 7.625, 2.5], "texture": "#2"},
				"east": {"uv": [8.75, 6.75, 8.375, 7.125], "texture": "#2"},
				"south": {"uv": [8.375, 6, 7.625, 6.375], "texture": "#2"},
				"west": {"uv": [8.75, 4.125, 8.375, 4.5], "texture": "#2"},
				"up": {"uv": [7.625, 6.75, 8.375, 6.375], "texture": "#2"},
				"down": {"uv": [7.625, 6.75, 8.375, 7.125], "texture": "#2"}
			}
		},
		{
			"from": [8.60552, 10.73141, 0.73223],
			"to": [9.25063, 12.97764, 2.59002],
			"rotation": {"angle": 0, "axis": "y", "origin": [8.87807, 11.85453, 2.26112]},
			"faces": {
				"north": {"uv": [5.125, 7.125, 5, 7.375], "texture": "#2"},
				"east": {"uv": [5.875, 8.75, 5.75, 9], "texture": "#2"},
				"south": {"uv": [5.75, 8.75, 5.625, 9], "texture": "#2"},
				"west": {"uv": [5.125, 8.75, 5, 9], "texture": "#2"},
				"up": {"uv": [3.125, 6, 3.25, 5.875], "texture": "#2"},
				"down": {"uv": [0, 6.375, 0.125, 6.6], "texture": "#2"}
			}
		},
		{
			"from": [7.12623, 13.77467, 0.87916],
			"to": [10.81049, 17.99402, 2.86384],
			"rotation": {"angle": -22.5, "axis": "z", "origin": [8, 8, 7]},
			"faces": {
				"north": {"uv": [2.125, 4.25, 1.625, 4.75], "texture": "#2"},
				"east": {"uv": [5.625, 8.5, 5.375, 9], "texture": "#2"},
				"south": {"uv": [8.375, 4.125, 7.875, 4.625], "texture": "#2"},
				"west": {"uv": [5.375, 8.5, 5.125, 9], "texture": "#2"},
				"up": {"uv": [5.625, 8.75, 6.125, 8.5], "texture": "#2"},
				"down": {"uv": [8, 8.5, 8.5, 8.75], "texture": "#2"}
			}
		},
		{
			"from": [9.94044, 4.01701, 2.1169],
			"to": [13.53932, 7.19249, 4.45158],
			"rotation": {"angle": 22.5, "axis": "z", "origin": [8, 8.25, 7]},
			"faces": {
				"north": {"uv": [8.875, 0.875, 8.5, 1.25], "texture": "#2"},
				"east": {"uv": [6.875, 8.625, 6.625, 9], "texture": "#2"},
				"south": {"uv": [9.75, 2.5, 9.25, 2.875], "texture": "#2"},
				"west": {"uv": [4.5, 8.625, 4.25, 9], "texture": "#2"},
				"up": {"uv": [1.25, 3.25, 1.625, 3], "texture": "#2"},
				"down": {"uv": [3.5, 9.125, 4, 9.5], "texture": "#2"}
			}
		},
		{
			"from": [14.23508, 5.23592, 4.52635],
			"to": [15.77547, 11.33688, 7.83414],
			"rotation": {"angle": 22.5, "axis": "x", "origin": [8, 8, 7]},
			"faces": {
				"north": {"uv": [4.875, 2.5, 4.625, 3.25], "texture": "#2"},
				"east": {"uv": [8, 7.125, 7.625, 7.875], "texture": "#2"},
				"south": {"uv": [2.25, 8.25, 2, 9], "texture": "#2"},
				"west": {"uv": [1.5, 7.375, 1.125, 8.125], "texture": "#2"},
				"up": {"uv": [7.125, 9, 7.375, 8.625], "texture": "#2"},
				"down": {"uv": [8.625, 7.125, 8.875, 7.5], "texture": "#2"}
			}
		},
		{
			"from": [13.09925, 7.4209, 10.55988],
			"to": [14.88963, 12.44875, 13.86768],
			"rotation": {"angle": 22.5, "axis": "y", "origin": [7.25, 8.5, 6.25]},
			"faces": {
				"north": {"uv": [8.625, 2.625, 8.375, 3.25], "texture": "#2"},
				"east": {"uv": [7.5, 8, 7.125, 8.625], "texture": "#2"},
				"south": {"uv": [8.625, 5.5, 8.375, 6.125], "texture": "#2"},
				"west": {"uv": [1.125, 8, 0.75, 8.625], "texture": "#2"},
				"up": {"uv": [7.375, 9, 7.625, 8.625], "texture": "#2"},
				"down": {"uv": [8.625, 7.5, 8.875, 7.875], "texture": "#2"}
			}
		},
		{
			"from": [13.09925, 6.2301, 10.55988],
			"to": [14.88963, 7.4209, 12.94149],
			"rotation": {"angle": 22.5, "axis": "y", "origin": [7.25, 8.5, 6.25]},
			"faces": {
				"north": {"uv": [4.625, 3.125, 4.375, 3.25], "texture": "#2"},
				"east": {"uv": [0.625, 7.875, 0.375, 8], "texture": "#2"},
				"south": {"uv": [6.875, 4.125, 6.625, 4.25], "texture": "#2"},
				"west": {"uv": [5.75, 4.625, 5.5, 4.75], "texture": "#2"},
				"up": {"uv": [7, 5.375, 7.25, 5.125], "texture": "#2"},
				"down": {"uv": [2.25, 8.75, 2.5, 9], "texture": "#2"}
			}
		},
		{
			"from": [13.83815, 10.32875, -0.24833],
			"to": [15.44928, 17.26815, 8.08731],
			"rotation": {"angle": 22.5, "axis": "x", "origin": [8, 8, 7]},
			"faces": {
				"north": {"uv": [4, 8.125, 3.75, 9], "texture": "#2"},
				"east": {"uv": [10.375, 1.625, 9.25, 2.5], "texture": "#2"},
				"south": {"uv": [4.25, 8.125, 4, 9], "texture": "#2"},
				"west": {"uv": [10.375, 0.75, 9.25, 1.625], "texture": "#2"},
				"up": {"uv": [4.75, 8.5, 5, 7.5], "texture": "#2"},
				"down": {"uv": [6.875, 7.875, 7.125, 9], "texture": "#2"}
			}
		},
		{
			"from": [4.225, 4.69319, 0.48223],
			"to": [9.475, 8.53023, 3.9669],
			"rotation": {"angle": -22.5, "axis": "z", "origin": [8, 8.25, 7]},
			"faces": {
				"north": {"uv": [7.25, 5.5, 7.875, 6], "texture": "#2"},
				"east": {"uv": [8.125, 3.625, 8.5, 4.125], "texture": "#2"},
				"south": {"uv": [0, 7.375, 0.625, 7.875], "texture": "#2"},
				"west": {"uv": [4.25, 8.125, 4.625, 8.625], "texture": "#2"},
				"up": {"uv": [8.625, 7.5, 8, 7.125], "texture": "#2"},
				"down": {"uv": [8.625, 7.5, 8, 7.875], "texture": "#2"}
			}
		},
		{
			"from": [4.74479, 6.31421, -0.2424],
			"to": [8.60829, 9.772, 2.21303],
			"rotation": {"angle": 45, "axis": "y", "origin": [8, 8.25, 7]},
			"faces": {
				"north": {"uv": [8.125, 5.125, 8.625, 5.5], "texture": "#2"},
				"east": {"uv": [0, 8.625, 0.25, 9], "texture": "#2"},
				"south": {"uv": [8.25, 0.5, 8.75, 0.875], "texture": "#2"},
				"west": {"uv": [0.75, 8.625, 1, 9], "texture": "#2"},
				"up": {"uv": [9, 4.125, 8.5, 3.875], "texture": "#2"},
				"down": {"uv": [5.125, 8.5, 4.625, 8.75], "texture": "#2"}
			}
		},
		{
			"from": [-0.44701, 10.05064, 0.48223],
			"to": [5.7981, 12.69688, 3.79002],
			"rotation": {"angle": -22.5, "axis": "z", "origin": [8, 8, 7]},
			"faces": {
				"north": {"uv": [7.625, 2.125, 8.375, 2.5], "texture": "#2"},
				"east": {"uv": [8.375, 4.125, 8.75, 4.5], "texture": "#2"},
				"south": {"uv": [7.625, 6, 8.375, 6.375], "texture": "#2"},
				"west": {"uv": [8.375, 6.75, 8.75, 7.125], "texture": "#2"},
				"up": {"uv": [8.375, 6.75, 7.625, 6.375], "texture": "#2"},
				"down": {"uv": [8.375, 6.75, 7.625, 7.125], "texture": "#2"}
			}
		},
		{
			"from": [6.74937, 10.73141, 0.73223],
			"to": [7.39448, 12.97764, 2.59002],
			"rotation": {"angle": 0, "axis": "y", "origin": [7.12193, 11.85453, 2.26112]},
			"faces": {
				"north": {"uv": [5, 7.125, 5.125, 7.375], "texture": "#2"},
				"east": {"uv": [5, 8.75, 5.125, 9], "texture": "#2"},
				"south": {"uv": [5.625, 8.75, 5.75, 9], "texture": "#2"},
				"west": {"uv": [5.75, 8.75, 5.875, 9], "texture": "#2"},
				"up": {"uv": [3.25, 6, 3.125, 5.875], "texture": "#2"},
				"down": {"uv": [0.125, 6.375, 0, 6.6], "texture": "#2"}
			}
		},
		{
			"from": [5.18951, 13.77467, 0.87916],
			"to": [8.87377, 17.99402, 2.86384],
			"rotation": {"angle": 22.5, "axis": "z", "origin": [8, 8, 7]},
			"faces": {
				"north": {"uv": [1.625, 4.25, 2.125, 4.75], "texture": "#2"},
				"east": {"uv": [5.125, 8.5, 5.375, 9], "texture": "#2"},
				"south": {"uv": [7.875, 4.125, 8.375, 4.625], "texture": "#2"},
				"west": {"uv": [5.375, 8.5, 5.625, 9], "texture": "#2"},
				"up": {"uv": [6.125, 8.75, 5.625, 8.5], "texture": "#2"},
				"down": {"uv": [8.5, 8.5, 8, 8.75], "texture": "#2"}
			}
		},
		{
			"from": [2.46068, 4.01701, 2.1169],
			"to": [6.05956, 7.19249, 4.45158],
			"rotation": {"angle": -22.5, "axis": "z", "origin": [8, 8.25, 7]},
			"faces": {
				"north": {"uv": [8.5, 0.875, 8.875, 1.25], "texture": "#2"},
				"east": {"uv": [4.25, 8.625, 4.5, 9], "texture": "#2"},
				"south": {"uv": [9.25, 2.5, 9.75, 2.875], "texture": "#2"},
				"west": {"uv": [6.625, 8.625, 6.875, 9], "texture": "#2"},
				"up": {"uv": [1.625, 3.25, 1.25, 3], "texture": "#2"},
				"down": {"uv": [4, 9.125, 3.5, 9.5], "texture": "#2"}
			}
		},
		{
			"from": [0.22453, 5.23592, 4.52635],
			"to": [1.76492, 11.33688, 7.83414],
			"rotation": {"angle": 22.5, "axis": "x", "origin": [8, 8, 7]},
			"faces": {
				"north": {"uv": [4.625, 2.5, 4.875, 3.25], "texture": "#2"},
				"east": {"uv": [1.125, 7.375, 1.5, 8.125], "texture": "#2"},
				"south": {"uv": [2, 8.25, 2.25, 9], "texture": "#2"},
				"west": {"uv": [7.625, 7.125, 8, 7.875], "texture": "#2"},
				"up": {"uv": [7.375, 9, 7.125, 8.625], "texture": "#2"},
				"down": {"uv": [8.875, 7.125, 8.625, 7.5], "texture": "#2"}
			}
		},
		{
			"from": [1.11037, 7.4209, 10.55988],
			"to": [2.90075, 12.44875, 13.86768],
			"rotation": {"angle": -22.5, "axis": "y", "origin": [8.75, 8.5, 6.25]},
			"faces": {
				"north": {"uv": [8.375, 2.625, 8.625, 3.25], "texture": "#2"},
				"east": {"uv": [0.75, 8, 1.125, 8.625], "texture": "#2"},
				"south": {"uv": [8.375, 5.5, 8.625, 6.125], "texture": "#2"},
				"west": {"uv": [7.125, 8, 7.5, 8.625], "texture": "#2"},
				"up": {"uv": [7.625, 9, 7.375, 8.625], "texture": "#2"},
				"down": {"uv": [8.875, 7.5, 8.625, 7.875], "texture": "#2"}
			}
		},
		{
			"from": [1.11037, 6.2301, 10.55988],
			"to": [2.90075, 7.4209, 12.94149],
			"rotation": {"angle": -22.5, "axis": "y", "origin": [8.75, 8.5, 6.25]},
			"faces": {
				"north": {"uv": [4.375, 3.125, 4.625, 3.25], "texture": "#2"},
				"east": {"uv": [5.5, 4.625, 5.75, 4.75], "texture": "#2"},
				"south": {"uv": [6.625, 4.125, 6.875, 4.25], "texture": "#2"},
				"west": {"uv": [0.375, 7.875, 0.625, 8], "texture": "#2"},
				"up": {"uv": [7.25, 5.375, 7, 5.125], "texture": "#2"},
				"down": {"uv": [2.5, 8.75, 2.25, 9], "texture": "#2"}
			}
		},
		{
			"from": [0.55072, 10.32875, -0.24833],
			"to": [2.16185, 17.26815, 8.08731],
			"rotation": {"angle": 22.5, "axis": "x", "origin": [8, 8, 7]},
			"faces": {
				"north": {"uv": [3.75, 8.125, 4, 9], "texture": "#2"},
				"east": {"uv": [9.25, 0.75, 10.375, 1.625], "texture": "#2"},
				"south": {"uv": [4, 8.125, 4.25, 9], "texture": "#2"},
				"west": {"uv": [9.25, 1.625, 10.375, 2.5], "texture": "#2"},
				"up": {"uv": [5, 8.5, 4.75, 7.5], "texture": "#2"},
				"down": {"uv": [7.125, 7.875, 6.875, 9], "texture": "#2"}
			}
		},
		{
			"from": [1.39904, 6.57048, 3.79002],
			"to": [14.60096, 15.1323, 13.66882],
			"rotation": {"angle": 0, "axis": "y", "origin": [8, 8, 7]},
			"faces": {
				"north": {"uv": [0, 9.125, 1.875, 10.5], "texture": "#2"},
				"east": {"uv": [5.375, 0.875, 6.625, 2], "texture": "#2"},
				"south": {"uv": [1.625, 4.75, 3.25, 5.875], "texture": "#2"},
				"west": {"uv": [5.75, 4.25, 7, 5.375], "texture": "#2"},
				"up": {"uv": [5.375, 1.25, 3.75, 0], "texture": "#2"},
				"down": {"uv": [5.375, 1.25, 3.75, 2.5], "texture": "#2"}
			}
		},
		{
			"from": [4.57027, 12.75069, 1.20534],
			"to": [11.42973, 17.3816, 4.59807],
			"rotation": {"angle": 0, "axis": "y", "origin": [7.875, 8, 7]},
			"faces": {
				"north": {"uv": [0.25, 4.375, 1.375, 5.25], "texture": "#2"},
				"east": {"uv": [8, 7.875, 8.375, 8.5], "texture": "#2"},
				"south": {"uv": [7, 4.125, 7.875, 4.75], "texture": "#2"},
				"west": {"uv": [8.125, 0.875, 8.5, 1.5], "texture": "#2"},
				"up": {"uv": [5.75, 4.625, 4.875, 4.25], "texture": "#2"},
				"down": {"uv": [8.125, 5.125, 7.25, 5.5], "texture": "#2"}
			}
		},
		{
			"from": [8.5431, 7.1936, 3.0168],
			"to": [11.9832, 12.75069, 6.4569],
			"rotation": {"angle": 45, "axis": "y", "origin": [8, 8, 7]},
			"faces": {
				"north": {"uv": [0, 7.875, 0.375, 8.625], "texture": "#2"},
				"east": {"uv": [6.5, 7.875, 6.875, 8.625], "texture": "#2"},
				"south": {"uv": [7.625, 7.875, 8, 8.625], "texture": "#2"},
				"west": {"uv": [0.375, 8, 0.75, 8.75], "texture": "#2"},
				"up": {"uv": [8.875, 2, 8.5, 1.625], "texture": "#2"},
				"down": {"uv": [8.875, 3.5, 8.5, 3.875], "texture": "#2"}
			}
		},
		{
			"from": [7.17229, 5.7513, -1.02551],
			"to": [8.82771, 10.1813, 1.75303],
			"rotation": {"angle": 22.5, "axis": "x", "origin": [8, 6.97644, 0.58756]},
			"faces": {
				"north": {"uv": [6.5, 6.875, 6.625, 7.5], "texture": "#2"},
				"east": {"uv": [1.125, 8.125, 1.5, 8.75], "texture": "#2"},
				"south": {"uv": [7.5, 8, 7.625, 8.625], "texture": "#2"},
				"west": {"uv": [8.125, 1.5, 8.5, 2.125], "texture": "#2"},
				"up": {"uv": [3.125, 7.125, 3, 6.75], "texture": "#2"},
				"down": {"uv": [6.625, 7.5, 6.5, 7.875], "texture": "#2"}
			}
		},
		{
			"from": [5.29362, 5.29364, 0.38961],
			"to": [9.79222, 9.79223, 3.82971],
			"rotation": {"angle": 45, "axis": "z", "origin": [8, 8, 7]},
			"faces": {
				"north": {"uv": [7.875, 5.5, 8.375, 6], "texture": "#2"},
				"east": {"uv": [2.25, 8.25, 2.625, 8.75], "texture": "#2"},
				"south": {"uv": [5, 8, 5.5, 8.5], "texture": "#2"},
				"west": {"uv": [2.625, 8.25, 3, 8.75], "texture": "#2"},
				"up": {"uv": [8.75, 5, 8.25, 4.625], "texture": "#2"},
				"down": {"uv": [8.875, 0, 8.375, 0.375], "texture": "#2"}
			}
		},
		{
			"from": [7.18552, 5.55015, -1.35537],
			"to": [8.81448, 6.47633, 2.21704],
			"rotation": {"angle": 0, "axis": "y", "origin": [8, 6.97644, 0.58756]},
			"faces": {
				"north": {"uv": [7.875, 4.625, 8, 4.75], "texture": "#2"},
				"east": {"uv": [7.625, 2.5, 8.125, 2.625], "texture": "#2"},
				"south": {"uv": [8, 4.625, 8.125, 4.75], "texture": "#2"},
				"west": {"uv": [8.375, 4.5, 8.875, 4.625], "texture": "#2"},
				"up": {"uv": [1.625, 6.75, 1.5, 6.25], "texture": "#2"},
				"down": {"uv": [2, 8.375, 1.875, 8.875], "texture": "#2"}
			}
		},
		{
			"from": [6.69011, 5.8, 0.23345],
			"to": [9.30989, 7.52005, 1.95351],
			"rotation": {"angle": 45, "axis": "x", "origin": [8, 6.95692, 0.62531]},
			"faces": {
				"north": {"uv": [8.625, 6.5, 9, 6.75], "texture": "#2"},
				"east": {"uv": [8.75, 2.375, 9, 2.625], "texture": "#2"},
				"south": {"uv": [7.625, 8.625, 8, 8.875], "texture": "#2"},
				"west": {"uv": [2.5, 8.75, 2.75, 9], "texture": "#2"},
				"up": {"uv": [9, 8.125, 8.625, 7.875], "texture": "#2"},
				"down": {"uv": [9, 8.125, 8.625, 8.375], "texture": "#2"}
			}
		},
		{
			"from": [5.35377, 3.4, 1.80534],
			"to": [10.64623, 6.28161, 2.73153],
			"rotation": {"angle": 0, "axis": "y", "origin": [8, 4.82661, 2.26843]},
			"faces": {
				"north": {"uv": [2.5, 0, 5.125, 1.5], "texture": "#1"},
				"east": {"uv": [7, 6.5, 7.5, 8], "texture": "#1"},
				"south": {"uv": [2.5, 1.5, 5.125, 3], "texture": "#1"},
				"west": {"uv": [1, 7.5, 1.5, 9], "texture": "#1"},
				"up": {"uv": [9.125, 4, 6.5, 3.5], "texture": "#1"},
				"down": {"uv": [6.625, 6.5, 4, 7], "texture": "#1"}
			}
		},
		{
			"from": [9.7418, 3.41, 3.07061],
			"to": [13.71115, 6.64161, 3.9968],
			"rotation": {"angle": -45, "axis": "y", "origin": [11.72647, 5.04855, 3.5337]},
			"faces": {
				"north": {"uv": [4.5, 3, 6.5, 4.625], "texture": "#1"},
				"east": {"uv": [6, 7, 6.5, 8.625], "texture": "#1"},
				"south": {"uv": [2, 5, 4, 6.625], "texture": "#1"},
				"west": {"uv": [6.5, 7, 7, 8.625], "texture": "#1"},
				"up": {"uv": [8.5, 6.5, 6.5, 6], "texture": "#1"},
				"down": {"uv": [3, 7, 1, 7.5], "texture": "#1"}
			}
		},
		{
			"from": [12.4847, 3.4, 4.67035],
			"to": [13.41088, 6.98161, 8.6397],
			"rotation": {"angle": 0, "axis": "y", "origin": [13.84779, 5.47355, 5.65502]},
			"faces": {
				"north": {"uv": [4, 7, 4.5, 8.75], "texture": "#1"},
				"east": {"uv": [2.5, 3, 4.5, 4.75], "texture": "#1"},
				"south": {"uv": [4.5, 7, 5, 8.75], "texture": "#1"},
				"west": {"uv": [0, 4, 2, 5.75], "texture": "#1"},
				"up": {"uv": [3.5, 9, 3, 7], "texture": "#1"},
				"down": {"uv": [4, 7, 3.5, 9], "texture": "#1"}
			}
		},
		{
			"from": [2.58912, 3.4, 4.67035],
			"to": [3.5153, 6.98161, 8.6397],
			"rotation": {"angle": 0, "axis": "y", "origin": [2.15221, 5.47355, 5.65502]},
			"faces": {
				"north": {"uv": [4.5, 7, 4, 8.75], "texture": "#1"},
				"east": {"uv": [2, 4, 0, 5.75], "texture": "#1"},
				"south": {"uv": [5, 7, 4.5, 8.75], "texture": "#1"},
				"west": {"uv": [4.5, 3, 2.5, 4.75], "texture": "#1"},
				"up": {"uv": [3, 9, 3.5, 7], "texture": "#1"},
				"down": {"uv": [3.5, 7, 4, 9], "texture": "#1"}
			}
		},
		{
			"from": [2.28885, 3.41, 3.07061],
			"to": [6.2582, 6.64161, 3.9968],
			"rotation": {"angle": 45, "axis": "y", "origin": [4.27353, 5.04855, 3.5337]},
			"faces": {
				"north": {"uv": [6.5, 3, 4.5, 4.625], "texture": "#1"},
				"east": {"uv": [7, 7, 6.5, 8.625], "texture": "#1"},
				"south": {"uv": [4, 5, 2, 6.625], "texture": "#1"},
				"west": {"uv": [6.5, 7, 6, 8.625], "texture": "#1"},
				"up": {"uv": [6.5, 6.5, 8.5, 6], "texture": "#1"},
				"down": {"uv": [1, 7, 3, 7.5], "texture": "#1"}
			}
		},
		{
			"from": [1.0317, 13.83246, 2.35903],
			"to": [14.9683, 20.44804, 14.50176],
			"rotation": {"angle": 22.5, "axis": "x", "origin": [7.875, 17.14025, 9.18039]},
			"faces": {
				"north": {"uv": [0, 5.375, 1.625, 6.25], "texture": "#2"},
				"east": {"uv": [5.75, 5.375, 7.25, 6.25], "texture": "#2"},
				"south": {"uv": [5.375, 0, 7, 0.875], "texture": "#2"},
				"west": {"uv": [1.625, 5.875, 3.125, 6.75], "texture": "#2"},
				"up": {"uv": [1.625, 1.5, 0, 0], "texture": "#2"},
				"down": {"uv": [1.625, 1.5, 0, 3], "texture": "#2"}
			}
		},
		{
			"from": [2.1567, 16.95432, 0.48272],
			"to": [13.8433, 21.5699, 4.62545],
			"rotation": {"angle": 0, "axis": "y", "origin": [8, 17.76211, 7.67909]},
			"faces": {
				"north": {"uv": [1.875, 9.125, 3.5, 9.75], "texture": "#2"},
				"east": {"uv": [0.625, 7.375, 1.125, 8], "texture": "#2"},
				"south": {"uv": [5.125, 6.25, 6.625, 6.875], "texture": "#2"},
				"west": {"uv": [5, 7.375, 5.5, 8], "texture": "#2"},
				"up": {"uv": [8.125, 4.125, 6.625, 3.625], "texture": "#2"},
				"down": {"uv": [3.5, 9.75, 1.875, 10.25], "texture": "#2"}
			}
		},
		{
			"from": [-0.15179, 7.81729, 9.58099],
			"to": [16.15179, 16.6369, 17.18125],
			"rotation": {"angle": -22.5, "axis": "x", "origin": [8, 8, 7]},
			"faces": {
				"north": {"uv": [1.625, 0, 3.75, 1.125], "texture": "#2"},
				"east": {"uv": [3.125, 6, 4.125, 7.125], "texture": "#2"},
				"south": {"uv": [1.625, 1.125, 3.75, 2.25], "texture": "#2"},
				"west": {"uv": [4.125, 6, 5.125, 7.125], "texture": "#2"},
				"up": {"uv": [3.75, 3.25, 1.625, 2.25], "texture": "#2"},
				"down": {"uv": [2.125, 3.25, 0, 4.25], "texture": "#2"}
			}
		},
		{
			"from": [0.80364, 8.61567, 9.05914],
			"to": [15.19636, 15.48125, 13.83699],
			"rotation": {"angle": 22.5, "axis": "x", "origin": [8, 8, 7]},
			"faces": {
				"north": {"uv": [4.875, 2.5, 6.625, 3.375], "texture": "#2"},
				"east": {"uv": [7.125, 6.375, 7.625, 7.125], "texture": "#2"},
				"south": {"uv": [4.875, 3.5, 6.625, 4.25], "texture": "#2"},
				"west": {"uv": [7.125, 7.25, 7.625, 8], "texture": "#2"},
				"up": {"uv": [8.375, 3.125, 6.625, 2.625], "texture": "#2"},
				"down": {"uv": [8.375, 3.125, 6.625, 3.625], "texture": "#2"}
			}
		},
		{
			"from": [4.35377, -0.57716, 5.91997],
			"to": [11.64623, 0.80445, 9.84615],
			"rotation": {"angle": -22.5, "axis": "x", "origin": [8, 0.61365, 7.88306]},
			"faces": {
				"north": {"uv": [9.25, 3.375, 10.25, 3.5], "texture": "#2"},
				"east": {"uv": [10.25, 3.5, 10.75, 3.625], "texture": "#2"},
				"south": {"uv": [9.25, 3.5, 10.25, 3.625], "texture": "#2"},
				"west": {"uv": [10.25, 3.375, 10.75, 3.5], "texture": "#2"},
				"up": {"uv": [10.25, 3.375, 9.25, 2.875], "texture": "#2"},
				"down": {"uv": [11.25, 2.875, 10.25, 3.375], "texture": "#2"}
			}
		},
		{
			"from": [5.10377, -0.57716, 4.01997],
			"to": [10.89623, 0.55445, 5.94615],
			"rotation": {"angle": -22.5, "axis": "x", "origin": [8, 0.61365, 7.88306]},
			"faces": {
				"north": {"uv": [9.25, 3.875, 10, 4], "texture": "#2"},
				"east": {"uv": [11, 3.875, 11.25, 4], "texture": "#2"},
				"south": {"uv": [10, 3.875, 10.75, 4], "texture": "#2"},
				"west": {"uv": [10.75, 3.875, 11, 4], "texture": "#2"},
				"up": {"uv": [10, 3.875, 9.25, 3.625], "texture": "#2"},
				"down": {"uv": [10.75, 3.625, 10, 3.875], "texture": "#2"}
			}
		},
		{
			"from": [8.55057, -6.93673, 1.84685],
			"to": [12.43148, -1.24426, 3.83153],
			"rotation": {"angle": 22.5, "axis": "z", "origin": [10.49103, -4.0905, 2.83919]},
			"faces": {
				"north": {"uv": [6, 7.375, 5.5, 8], "texture": "#2"},
				"east": {"uv": [8.625, 7.875, 8.375, 8.5], "texture": "#2"},
				"south": {"uv": [6.5, 7.375, 6, 8], "texture": "#2"},
				"west": {"uv": [8.625, 6.125, 8.375, 6.75], "texture": "#2"},
				"up": {"uv": [8.625, 5.5, 9.125, 5.25], "texture": "#2"},
				"down": {"uv": [8.625, 5.5, 9.125, 5.75], "texture": "#2"}
			}
		},
		{
			"from": [13.7648, -4.04695, 6.90594],
			"to": [15.19947, -1.03303, 8.89061],
			"rotation": {"angle": 22.5, "axis": "x", "origin": [8, 4.35, 7.85]},
			"faces": {
				"north": {"uv": [4.75, 8.125, 4.625, 8.5], "texture": "#2"},
				"east": {"uv": [9, 0.375, 8.75, 0.75], "texture": "#2"},
				"south": {"uv": [8.875, 4.625, 8.75, 5], "texture": "#2"},
				"west": {"uv": [0.5, 8.75, 0.25, 9.125], "texture": "#2"},
				"up": {"uv": [4.375, 10.25, 4.625, 10], "texture": "#2"},
				"down": {"uv": [8.5, 8.75, 8.625, 9], "texture": "#2"}
			}
		},
		{
			"from": [13.39168, -1.97384, 7.5675],
			"to": [14.78791, 11.12502, 11.80147],
			"rotation": {"angle": 22.5, "axis": "x", "origin": [8, 4.6, 7.85]},
			"faces": {
				"north": {"uv": [3.375, 7.125, 3, 8.75], "texture": "#2"},
				"east": {"uv": [2, 6.75, 1.5, 8.375], "texture": "#2"},
				"south": {"uv": [3.75, 7.125, 3.375, 8.75], "texture": "#2"},
				"west": {"uv": [7.125, 6.25, 6.625, 7.875], "texture": "#2"},
				"up": {"uv": [1.5, 8.875, 1.875, 8.375], "texture": "#2"},
				"down": {"uv": [8.375, 2.125, 8.75, 2.625], "texture": "#2"}
			}
		},
		{
			"from": [9.01183, -5.82133, 3.03153],
			"to": [11.4965, -2.52816, 5.3662],
			"rotation": {"angle": 22.5, "axis": "z", "origin": [8, 4.35, 7.85]},
			"faces": {
				"north": {"uv": [0.75, 8.75, 0.5, 9.125], "texture": "#2"},
				"east": {"uv": [9, 2, 8.75, 2.375], "texture": "#2"},
				"south": {"uv": [1.5, 8.75, 1.25, 9.125], "texture": "#2"},
				"west": {"uv": [1.25, 8.75, 1, 9.125], "texture": "#2"},
				"up": {"uv": [3.25, 9, 3.5, 8.75], "texture": "#2"},
				"down": {"uv": [3.5, 8.75, 3.75, 9], "texture": "#2"}
			}
		},
		{
			"from": [3.56852, -6.93673, 1.84685],
			"to": [7.44943, -1.24426, 3.83153],
			"rotation": {"angle": -22.5, "axis": "z", "origin": [5.50897, -4.0905, 2.83919]},
			"faces": {
				"north": {"uv": [5.5, 7.375, 6, 8], "texture": "#2"},
				"east": {"uv": [8.375, 6.125, 8.625, 6.75], "texture": "#2"},
				"south": {"uv": [6, 7.375, 6.5, 8], "texture": "#2"},
				"west": {"uv": [8.375, 7.875, 8.625, 8.5], "texture": "#2"},
				"up": {"uv": [9.125, 5.5, 8.625, 5.25], "texture": "#2"},
				"down": {"uv": [9.125, 5.5, 8.625, 5.75], "texture": "#2"}
			}
		},
		{
			"from": [0.80053, -4.04695, 6.90594],
			"to": [2.2352, -1.03303, 8.89061],
			"rotation": {"angle": 22.5, "axis": "x", "origin": [8, 4.35, 7.85]},
			"faces": {
				"north": {"uv": [4.625, 8.125, 4.75, 8.5], "texture": "#2"},
				"east": {"uv": [0.25, 8.75, 0.5, 9.125], "texture": "#2"},
				"south": {"uv": [8.75, 4.625, 8.875, 5], "texture": "#2"},
				"west": {"uv": [8.75, 0.375, 9, 0.75], "texture": "#2"},
				"up": {"uv": [4.625, 10.25, 4.375, 10], "texture": "#2"},
				"down": {"uv": [8.625, 8.75, 8.5, 9], "texture": "#2"}
			}
		},
		{
			"from": [1.31209, -1.97384, 7.5675],
			"to": [2.60832, 11.12502, 11.80147],
			"rotation": {"angle": 22.5, "axis": "x", "origin": [8, 4.6, 7.85]},
			"faces": {
				"north": {"uv": [3, 7.125, 3.375, 8.75], "texture": "#2"},
				"east": {"uv": [6.625, 6.25, 7.125, 7.875], "texture": "#2"},
				"south": {"uv": [3.375, 7.125, 3.75, 8.75], "texture": "#2"},
				"west": {"uv": [1.5, 6.75, 2, 8.375], "texture": "#2"},
				"up": {"uv": [1.875, 8.875, 1.5, 8.375], "texture": "#2"},
				"down": {"uv": [8.75, 2.125, 8.375, 2.625], "texture": "#2"}
			}
		},
		{
			"from": [4.5035, -5.82133, 3.03153],
			"to": [6.98817, -2.52816, 5.3662],
			"rotation": {"angle": -22.5, "axis": "z", "origin": [8, 4.35, 7.85]},
			"faces": {
				"north": {"uv": [0.5, 8.75, 0.75, 9.125], "texture": "#2"},
				"east": {"uv": [1, 8.75, 1.25, 9.125], "texture": "#2"},
				"south": {"uv": [1.25, 8.75, 1.5, 9.125], "texture": "#2"},
				"west": {"uv": [8.75, 2, 9, 2.375], "texture": "#2"},
				"up": {"uv": [3.5, 9, 3.25, 8.75], "texture": "#2"},
				"down": {"uv": [3.75, 8.75, 3.5, 9], "texture": "#2"}
			}
		},
		{
			"from": [2.58288, -1.313, 10.32505],
			"to": [13.41712, 11.3243, 13.95596],
			"rotation": {"angle": 0, "axis": "y", "origin": [8, 4.6, 7.85]},
			"faces": {
				"north": {"uv": [2.125, 3.25, 3.5, 4.75], "texture": "#2"},
				"east": {"uv": [2, 6.75, 2.5, 8.25], "texture": "#2"},
				"south": {"uv": [4.75, 9, 6.125, 10.75], "texture": "#2"},
				"west": {"uv": [2.5, 6.75, 3, 8.25], "texture": "#2"},
				"up": {"uv": [6.5, 7.375, 5.125, 6.875], "texture": "#2"},
				"down": {"uv": [8.375, 0, 7, 0.5], "texture": "#2"}
			}
		},
		{
			"from": [6.16226, -9.53338, 4.77],
			"to": [9.83774, -3.94838, 8.58935],
			"rotation": {"angle": 22.5, "axis": "x", "origin": [8, 4.35, 8.1]},
			"faces": {
				"north": {"uv": [3.5, 9.375, 4.125, 10.125], "texture": "#2"},
				"east": {"uv": [9.875, 0, 10.375, 0.75], "texture": "#2"},
				"south": {"uv": [7.625, 0.875, 8.125, 1.5], "texture": "#2"},
				"west": {"uv": [9.375, 0, 9.875, 0.75], "texture": "#2"},
				"up": {"uv": [6, 8.5, 5.5, 8], "texture": "#2"},
				"down": {"uv": [4.75, 9.375, 4.125, 9.875], "texture": "#2"}
			}
		},
		{
			"from": [3.03831, -3.03466, 0.97504],
			"to": [12.96169, -0.25612, 10.83922],
			"rotation": {"angle": -22.5, "axis": "x", "origin": [8, 4.6, 7.85]},
			"faces": {
				"north": {"uv": [5.375, 2, 6.625, 2.375], "texture": "#2"},
				"east": {"uv": [7, 0.5, 8.25, 0.875], "texture": "#2"},
				"south": {"uv": [7, 4.75, 8.25, 5.125], "texture": "#2"},
				"west": {"uv": [3.75, 7.125, 5, 7.5], "texture": "#2"},
				"up": {"uv": [4.5, 6, 3.25, 4.75], "texture": "#2"},
				"down": {"uv": [5.75, 4.75, 4.5, 6], "texture": "#2"}
			}
		},
		{
			"from": [5.60377, -3, 2.66997],
			"to": [10.39623, 0.4, 3.59615],
			"rotation": {"angle": 0, "axis": "y", "origin": [8, 4.6, 7.85]},
			"faces": {
				"north": {"uv": [0, 0, 2.375, 1.75], "texture": "#1"},
				"east": {"uv": [5, 7, 5.5, 8.75], "texture": "#1"},
				"south": {"uv": [0, 2, 2.375, 3.75], "texture": "#1"},
				"west": {"uv": [5.5, 7, 6, 8.75], "texture": "#1"},
				"up": {"uv": [8.875, 4.5, 6.5, 4], "texture": "#1"},
				"down": {"uv": [8.875, 4.5, 6.5, 5], "texture": "#1"}
			}
		},
		{
			"from": [12.48, -1.6, 5.63682],
			"to": [13.40618, 0.4, 10.32929],
			"rotation": {"angle": 0, "axis": "y", "origin": [8, -1.3, 3.13306]},
			"faces": {
				"north": {"uv": [2, 4, 2.5, 5], "texture": "#1"},
				"east": {"uv": [5.75, 1.5, 7.875, 2.5], "texture": "#1"},
				"south": {"uv": [1, 6, 1.5, 7], "texture": "#1"},
				"west": {"uv": [6.5, 2.5, 8.625, 3.5], "texture": "#1"},
				"up": {"uv": [0.5, 8.375, 0, 6.25], "texture": "#1"},
				"down": {"uv": [1, 6, 0.5, 8.375], "texture": "#1"}
			}
		},
		{
			"from": [9.48699, -2.68022, 3.95543],
			"to": [13.70634, 0.41978, 4.88162],
			"rotation": {"angle": -45, "axis": "y", "origin": [11.49666, -1.13022, 4.41853]},
			"faces": {
				"north": {"uv": [4, 5, 6.125, 6.5], "texture": "#1"},
				"east": {"uv": [1.5, 7.5, 2, 9], "texture": "#1"},
				"south": {"uv": [5.5, 0, 7.625, 1.5], "texture": "#1"},
				"west": {"uv": [2, 7.5, 2.5, 9], "texture": "#1"},
				"up": {"uv": [8.625, 5.5, 6.5, 5], "texture": "#1"},
				"down": {"uv": [8.625, 5.5, 6.5, 6], "texture": "#1"}
			}
		},
		{
			"from": [2.59382, -1.6, 5.63682],
			"to": [3.52, 0.4, 10.32929],
			"rotation": {"angle": 0, "axis": "y", "origin": [8, -1.3, 3.13306]},
			"faces": {
				"north": {"uv": [2.5, 4, 2, 5], "texture": "#1"},
				"east": {"uv": [8.625, 2.5, 6.5, 3.5], "texture": "#1"},
				"south": {"uv": [1.5, 6, 1, 7], "texture": "#1"},
				"west": {"uv": [7.875, 1.5, 5.75, 2.5], "texture": "#1"},
				"up": {"uv": [0, 8.375, 0.5, 6.25], "texture": "#1"},
				"down": {"uv": [0.5, 6, 1, 8.375], "texture": "#1"}
			}
		},
		{
			"from": [2.29366, -2.68022, 3.95543],
			"to": [6.51301, 0.41978, 4.88162],
			"rotation": {"angle": 45, "axis": "y", "origin": [4.50334, -1.13022, 4.41853]},
			"faces": {
				"north": {"uv": [6.125, 5, 4, 6.5], "texture": "#1"},
				"east": {"uv": [2.5, 7.5, 2, 9], "texture": "#1"},
				"south": {"uv": [7.625, 0, 5.5, 1.5], "texture": "#1"},
				"west": {"uv": [2, 7.5, 1.5, 9], "texture": "#1"},
				"up": {"uv": [6.5, 5.5, 8.625, 5], "texture": "#1"},
				"down": {"uv": [6.5, 5.5, 8.625, 6], "texture": "#1"}
			}
		}
	],
	"display": {
		"thirdperson_righthand": {
			"rotation": [90, 0, 0],
			"translation": [-7.75, -12.75, 21],
			"scale": [4, 4, 4]
		},
		"head": {
			"translation": [0, -2.5, 0],
			"scale": [0.41, 0.41, 0.41]
		}
	},
	"groups": [
		{
			"name": "head",
			"origin": [-24.51087, -88.05473, 14.41379],
			"color": 0,
			"nbt": "{}",
			"children": [
				{
					"name": "skull",
					"origin": [-16.51087, -80.05473, 22.41379],
					"color": 0,
					"nbt": "{}",
					"children": [
						{
							"name": "left",
							"origin": [-17.56633, -81.84762, 18.16379],
							"color": 0,
							"nbt": "{}",
							"children": [0, 1, 2, 3, 4, 5, 6, 7, 8, 9]
						},
						{
							"name": "left",
							"origin": [-17.56633, -81.84762, 18.16379],
							"color": 0,
							"nbt": "{}",
							"children": [10, 11, 12, 13, 14, 15, 16, 17, 18, 19]
						},
						{
							"name": "mid",
							"origin": [-16.51087, -80.05473, 22.41379],
							"color": 0,
							"nbt": "{}",
							"children": [20, 21, 22, 23, 24, 25, 26]
						},
						{
							"name": "teeth",
							"origin": [-16.51087, -80.05473, 22.41379],
							"color": 0,
							"nbt": "{}",
							"children": [27, 28, 29, 30, 31]
						},
						32,
						33,
						34,
						35
					]
				},
				{
					"name": "jaw",
					"origin": [-17.56633, -84.34762, 18.16379],
					"color": 0,
					"nbt": "{}",
					"children": [
						{
							"name": "tonge",
							"origin": [-17.56633, -84.34762, 18.16379],
							"color": 0,
							"nbt": "{}",
							"children": [36, 37]
						},
						{
							"name": "left",
							"origin": [-17.56633, -84.34762, 18.16379],
							"color": 0,
							"nbt": "{}",
							"children": [38, 39, 40, 41]
						},
						{
							"name": "left",
							"origin": [-17.56633, -84.34762, 18.16379],
							"color": 0,
							"nbt": "{}",
							"children": [42, 43, 44, 45]
						},
						{
							"name": "mid",
							"origin": [-17.56633, -84.34762, 18.16379],
							"color": 0,
							"nbt": "{}",
							"children": [46, 47, 48]
						},
						{
							"name": "teeth",
							"origin": [-16.51087, -80.05473, 22.41379],
							"color": 0,
							"nbt": "{}",
							"children": [49, 50, 51, 52, 53]
						}
					]
				}
			]
		}
	]
}