{
	"credit": "Made with Blockbench",
	"texture_size": [32, 32],
	"textures": {
		"1": "custom/titan/shifter/armor/head/meat_teeth",
		"2": "custom/titan/shifter/armor/head/4/head",
		"particle": "custom/titan/shifter/armor/head/4/head"
	},
	"elements": [
		{
			"from": [4.35377, 2.42284, 5.56997],
			"to": [11.64623, 3.80445, 9.49615],
			"rotation": {"angle": -22.5, "axis": "x", "origin": [8, 3.61365, 7.53306]},
			"faces": {
				"north": {"uv": [9.25, 3.375, 10.25, 3.5], "texture": "#2"},
				"east": {"uv": [10.25, 3.5, 10.75, 3.625], "texture": "#2"},
				"south": {"uv": [9.25, 3.5, 10.25, 3.625], "texture": "#2"},
				"west": {"uv": [10.25, 3.375, 10.75, 3.5], "texture": "#2"},
				"up": {"uv": [10.25, 3.375, 9.25, 2.875], "texture": "#2"},
				"down": {"uv": [11.25, 2.875, 10.25, 3.375], "texture": "#2"}
			}
		},
		{
			"from": [5.10377, 2.42284, 3.66997],
			"to": [10.89623, 3.55445, 5.59615],
			"rotation": {"angle": -22.5, "axis": "x", "origin": [8, 3.61365, 7.53306]},
			"faces": {
				"north": {"uv": [9.25, 3.875, 10, 4], "texture": "#2"},
				"east": {"uv": [11, 3.875, 11.25, 4], "texture": "#2"},
				"south": {"uv": [10, 3.875, 10.75, 4], "texture": "#2"},
				"west": {"uv": [10.75, 3.875, 11, 4], "texture": "#2"},
				"up": {"uv": [10, 3.875, 9.25, 3.625], "texture": "#2"},
				"down": {"uv": [10.75, 3.625, 10, 3.875], "texture": "#2"}
			}
		},
		{
			"from": [8.55057, -3.68673, 1.49685],
			"to": [12.43148, 2.00574, 3.48153],
			"rotation": {"angle": 22.5, "axis": "z", "origin": [10.49103, -0.8405, 2.48919]},
			"faces": {
				"north": {"uv": [6, 7.375, 5.5, 8], "texture": "#2"},
				"east": {"uv": [8.625, 7.875, 8.375, 8.5], "texture": "#2"},
				"south": {"uv": [6.5, 7.375, 6, 8], "texture": "#2"},
				"west": {"uv": [8.625, 6.125, 8.375, 6.75], "texture": "#2"},
				"up": {"uv": [8.625, 5.5, 9.125, 5.25], "texture": "#2"},
				"down": {"uv": [8.625, 5.5, 9.125, 5.75], "texture": "#2"}
			}
		},
		{
			"from": [13.7648, -0.79695, 6.55594],
			"to": [15.19947, 2.21697, 8.54061],
			"rotation": {"angle": 22.5, "axis": "x", "origin": [8, 7.6, 7.5]},
			"faces": {
				"north": {"uv": [4.75, 8.125, 4.625, 8.5], "texture": "#2"},
				"east": {"uv": [9, 0.375, 8.75, 0.75], "texture": "#2"},
				"south": {"uv": [8.875, 4.625, 8.75, 5], "texture": "#2"},
				"west": {"uv": [0.5, 8.75, 0.25, 9.125], "texture": "#2"},
				"up": {"uv": [4.375, 10.25, 4.625, 10], "texture": "#2"},
				"down": {"uv": [8.5, 8.75, 8.625, 9], "texture": "#2"}
			}
		},
		{
			"from": [13.39168, 1.02616, 7.2175],
			"to": [15.03791, 14.12502, 11.45147],
			"rotation": {"angle": 22.5, "axis": "x", "origin": [8, 7.6, 7.5]},
			"faces": {
				"north": {"uv": [3.375, 7.125, 3, 8.75], "texture": "#2"},
				"east": {"uv": [2, 6.75, 1.5, 8.375], "texture": "#2"},
				"south": {"uv": [3.75, 7.125, 3.375, 8.75], "texture": "#2"},
				"west": {"uv": [7.125, 6.25, 6.625, 7.875], "texture": "#2"},
				"up": {"uv": [1.5, 8.875, 1.875, 8.375], "texture": "#2"},
				"down": {"uv": [8.375, 2.125, 8.75, 2.625], "texture": "#2"}
			}
		},
		{
			"from": [9.01183, -2.57133, 2.68153],
			"to": [11.4965, 0.72184, 5.0162],
			"rotation": {"angle": 22.5, "axis": "z", "origin": [8, 7.6, 7.5]},
			"faces": {
				"north": {"uv": [0.75, 8.75, 0.5, 9.125], "texture": "#2"},
				"east": {"uv": [9, 2, 8.75, 2.375], "texture": "#2"},
				"south": {"uv": [1.5, 8.75, 1.25, 9.125], "texture": "#2"},
				"west": {"uv": [1.25, 8.75, 1, 9.125], "texture": "#2"},
				"up": {"uv": [3.25, 9, 3.5, 8.75], "texture": "#2"},
				"down": {"uv": [3.5, 8.75, 3.75, 9], "texture": "#2"}
			}
		},
		{
			"from": [3.56852, -3.68673, 1.49685],
			"to": [7.44943, 2.00574, 3.48153],
			"rotation": {"angle": -22.5, "axis": "z", "origin": [5.50897, -0.8405, 2.48919]},
			"faces": {
				"north": {"uv": [5.5, 7.375, 6, 8], "texture": "#2"},
				"east": {"uv": [8.375, 6.125, 8.625, 6.75], "texture": "#2"},
				"south": {"uv": [6, 7.375, 6.5, 8], "texture": "#2"},
				"west": {"uv": [8.375, 7.875, 8.625, 8.5], "texture": "#2"},
				"up": {"uv": [9.125, 5.5, 8.625, 5.25], "texture": "#2"},
				"down": {"uv": [9.125, 5.5, 8.625, 5.75], "texture": "#2"}
			}
		},
		{
			"from": [0.80053, -0.79695, 6.55594],
			"to": [2.2352, 2.21697, 8.54061],
			"rotation": {"angle": 22.5, "axis": "x", "origin": [8, 7.6, 7.5]},
			"faces": {
				"north": {"uv": [4.625, 8.125, 4.75, 8.5], "texture": "#2"},
				"east": {"uv": [0.25, 8.75, 0.5, 9.125], "texture": "#2"},
				"south": {"uv": [8.75, 4.625, 8.875, 5], "texture": "#2"},
				"west": {"uv": [8.75, 0.375, 9, 0.75], "texture": "#2"},
				"up": {"uv": [4.625, 10.25, 4.375, 10], "texture": "#2"},
				"down": {"uv": [8.625, 8.75, 8.5, 9], "texture": "#2"}
			}
		},
		{
			"from": [0.96209, 1.02616, 7.2175],
			"to": [2.60832, 14.12502, 11.45147],
			"rotation": {"angle": 22.5, "axis": "x", "origin": [8, 7.6, 7.5]},
			"faces": {
				"north": {"uv": [3, 7.125, 3.375, 8.75], "texture": "#2"},
				"east": {"uv": [6.625, 6.25, 7.125, 7.875], "texture": "#2"},
				"south": {"uv": [3.375, 7.125, 3.75, 8.75], "texture": "#2"},
				"west": {"uv": [1.5, 6.75, 2, 8.375], "texture": "#2"},
				"up": {"uv": [1.875, 8.875, 1.5, 8.375], "texture": "#2"},
				"down": {"uv": [8.75, 2.125, 8.375, 2.625], "texture": "#2"}
			}
		},
		{
			"from": [4.5035, -2.57133, 2.68153],
			"to": [6.98817, 0.72184, 5.0162],
			"rotation": {"angle": -22.5, "axis": "z", "origin": [8, 7.6, 7.5]},
			"faces": {
				"north": {"uv": [0.5, 8.75, 0.75, 9.125], "texture": "#2"},
				"east": {"uv": [1, 8.75, 1.25, 9.125], "texture": "#2"},
				"south": {"uv": [1.25, 8.75, 1.5, 9.125], "texture": "#2"},
				"west": {"uv": [8.75, 2, 9, 2.375], "texture": "#2"},
				"up": {"uv": [3.5, 9, 3.25, 8.75], "texture": "#2"},
				"down": {"uv": [3.75, 8.75, 3.5, 9], "texture": "#2"}
			}
		},
		{
			"from": [2.58288, 1.687, 9.97505],
			"to": [13.41712, 14.3243, 13.60596],
			"rotation": {"angle": 0, "axis": "y", "origin": [8, 7.6, 7.5]},
			"faces": {
				"north": {"uv": [2.125, 3.25, 3.5, 4.75], "texture": "#2"},
				"east": {"uv": [2, 6.75, 2.5, 8.25], "texture": "#2"},
				"south": {"uv": [4.75, 9, 6.125, 10.75], "texture": "#2"},
				"west": {"uv": [2.5, 6.75, 3, 8.25], "texture": "#2"},
				"up": {"uv": [6.5, 7.375, 5.125, 6.875], "texture": "#2"},
				"down": {"uv": [8.375, 0, 7, 0.5], "texture": "#2"}
			}
		},
		{
			"from": [6.16226, -6.28338, 4.42],
			"to": [9.83774, -0.69838, 8.23935],
			"rotation": {"angle": 22.5, "axis": "x", "origin": [8, 7.6, 7.75]},
			"faces": {
				"north": {"uv": [3.5, 9.375, 4.125, 10.125], "texture": "#2"},
				"east": {"uv": [9.875, 0, 10.375, 0.75], "texture": "#2"},
				"south": {"uv": [7.625, 0.875, 8.125, 1.5], "texture": "#2"},
				"west": {"uv": [9.375, 0, 9.875, 0.75], "texture": "#2"},
				"up": {"uv": [6, 8.5, 5.5, 8], "texture": "#2"},
				"down": {"uv": [4.75, 9.375, 4.125, 9.875], "texture": "#2"}
			}
		},
		{
			"from": [3.03831, -0.03466, 0.62504],
			"to": [12.96169, 2.74388, 10.48922],
			"rotation": {"angle": -22.5, "axis": "x", "origin": [8, 7.6, 7.5]},
			"faces": {
				"north": {"uv": [5.375, 2, 6.625, 2.375], "texture": "#2"},
				"east": {"uv": [7, 0.5, 8.25, 0.875], "texture": "#2"},
				"south": {"uv": [7, 4.75, 8.25, 5.125], "texture": "#2"},
				"west": {"uv": [3.75, 7.125, 5, 7.5], "texture": "#2"},
				"up": {"uv": [4.5, 6, 3.25, 4.75], "texture": "#2"},
				"down": {"uv": [5.75, 4.75, 4.5, 6], "texture": "#2"}
			}
		},
		{
			"from": [5.60377, 0, 2.31997],
			"to": [10.39623, 3.4, 3.24615],
			"rotation": {"angle": 0, "axis": "y", "origin": [8, 7.6, 7.5]},
			"faces": {
				"north": {"uv": [0, 0, 2.375, 1.75], "texture": "#1"},
				"east": {"uv": [5, 7, 5.5, 8.75], "texture": "#1"},
				"south": {"uv": [0, 2, 2.375, 3.75], "texture": "#1"},
				"west": {"uv": [5.5, 7, 6, 8.75], "texture": "#1"},
				"up": {"uv": [8.875, 4.5, 6.5, 4], "texture": "#1"},
				"down": {"uv": [8.875, 4.5, 6.5, 5], "texture": "#1"}
			}
		},
		{
			"from": [12.48, 1.4, 5.28682],
			"to": [13.40618, 3.4, 9.97929],
			"rotation": {"angle": 0, "axis": "y", "origin": [8, 1.7, 2.78306]},
			"faces": {
				"north": {"uv": [2, 4, 2.5, 5], "texture": "#1"},
				"east": {"uv": [5.75, 1.5, 7.875, 2.5], "texture": "#1"},
				"south": {"uv": [1, 6, 1.5, 7], "texture": "#1"},
				"west": {"uv": [6.5, 2.5, 8.625, 3.5], "texture": "#1"},
				"up": {"uv": [0.5, 8.375, 0, 6.25], "texture": "#1"},
				"down": {"uv": [1, 6, 0.5, 8.375], "texture": "#1"}
			}
		},
		{
			"from": [9.48699, 0.31978, 3.60543],
			"to": [13.70634, 3.41978, 4.53162],
			"rotation": {"angle": -45, "axis": "y", "origin": [11.49666, 1.86978, 4.06853]},
			"faces": {
				"north": {"uv": [4, 5, 6.125, 6.5], "texture": "#1"},
				"east": {"uv": [1.5, 7.5, 2, 9], "texture": "#1"},
				"south": {"uv": [5.5, 0, 7.625, 1.5], "texture": "#1"},
				"west": {"uv": [2, 7.5, 2.5, 9], "texture": "#1"},
				"up": {"uv": [8.625, 5.5, 6.5, 5], "texture": "#1"},
				"down": {"uv": [8.625, 5.5, 6.5, 6], "texture": "#1"}
			}
		},
		{
			"from": [2.59382, 1.4, 5.28682],
			"to": [3.52, 3.4, 9.97929],
			"rotation": {"angle": 0, "axis": "y", "origin": [8, 1.7, 2.78306]},
			"faces": {
				"north": {"uv": [2.5, 4, 2, 5], "texture": "#1"},
				"east": {"uv": [8.625, 2.5, 6.5, 3.5], "texture": "#1"},
				"south": {"uv": [1.5, 6, 1, 7], "texture": "#1"},
				"west": {"uv": [7.875, 1.5, 5.75, 2.5], "texture": "#1"},
				"up": {"uv": [0, 8.375, 0.5, 6.25], "texture": "#1"},
				"down": {"uv": [0.5, 6, 1, 8.375], "texture": "#1"}
			}
		},
		{
			"from": [2.29366, 0.31978, 3.60543],
			"to": [6.51301, 3.41978, 4.53162],
			"rotation": {"angle": 45, "axis": "y", "origin": [4.50334, 1.86978, 4.06853]},
			"faces": {
				"north": {"uv": [6.125, 5, 4, 6.5], "texture": "#1"},
				"east": {"uv": [2.5, 7.5, 2, 9], "texture": "#1"},
				"south": {"uv": [7.625, 0, 5.5, 1.5], "texture": "#1"},
				"west": {"uv": [2, 7.5, 1.5, 9], "texture": "#1"},
				"up": {"uv": [6.5, 5.5, 8.625, 5], "texture": "#1"},
				"down": {"uv": [6.5, 5.5, 8.625, 6], "texture": "#1"}
			}
		}
	],
	"display": {
		"thirdperson_righthand": {
			"rotation": [90, 0, 0],
			"translation": [-7.75, -12.75, 21],
			"scale": [4, 4, 4]
		},
		"head": {
			"rotation": [-12, 0, 0],
			"translation": [0, -4, -0.5],
			"scale": [0.41, 0.41, 0.41]
		}
	},
	"groups": [
		{
			"name": "head",
			"origin": [-24.51087, -88.05473, 14.41379],
			"color": 0,
			"children": [
				{
					"name": "jaw",
					"origin": [-17.56633, -84.34762, 18.16379],
					"color": 0,
					"children": [
						{
							"name": "tonge",
							"origin": [-17.56633, -84.34762, 18.16379],
							"color": 0,
							"children": [0, 1]
						},
						{
							"name": "left",
							"origin": [-17.56633, -84.34762, 18.16379],
							"color": 0,
							"children": [2, 3, 4, 5]
						},
						{
							"name": "left",
							"origin": [-17.56633, -84.34762, 18.16379],
							"color": 0,
							"children": [6, 7, 8, 9]
						},
						{
							"name": "mid",
							"origin": [-17.56633, -84.34762, 18.16379],
							"color": 0,
							"children": [10, 11, 12]
						},
						{
							"name": "teeth",
							"origin": [-16.51087, -80.05473, 22.41379],
							"color": 0,
							"children": [13, 14, 15, 16, 17]
						}
					]
				}
			]
		}
	]
}