{
	"textures": {
		"0": "animated_java:item/armor/1"
	},
	"display": {
		"head": {
			"rotation": [0, 180, 0]
		}
	},
	"elements": [
		{
			"from": [12.95571, 5.81104, 1.89605],
			"to": [29.36502, 17.5884, 15.24069],
			"rotation": {
				"angle": 22.5,
				"axis": "z",
				"origin": [21.16037, 9.87068, 5.74595]
			},
			"faces": {
				"north": {
					"uv": [10.75, 1.25, 9.75, 2],
					"texture": "#0"
				},
				"east": {
					"uv": [13.125, 5, 12.25, 5.75],
					"texture": "#0"
				},
				"south": {
					"uv": [12.5, 6.25, 11.5, 7],
					"texture": "#0"
				},
				"west": {
					"uv": [12.875, 12, 12, 12.75],
					"texture": "#0"
				},
				"up": {
					"uv": [11, 0.875, 12, 0],
					"texture": "#0"
				},
				"down": {
					"uv": [5.5, 11, 6.5, 11.875],
					"texture": "#0"
				}
			}
		},
		{
			"from": [7.5925, -1.35641, -5.57782],
			"to": [23.59535, 11.64031, 1.01485],
			"rotation": {
				"angle": -22.5,
				"axis": "z",
				"origin": [15.3907, 3.48505, -3.09439]
			},
			"faces": {
				"north": {
					"uv": [12.5, 3, 11.5, 3.8125],
					"texture": "#0"
				},
				"east": {
					"uv": [7.875, 13.25, 7.5, 14.0625],
					"texture": "#0"
				},
				"south": {
					"uv": [12.5, 4, 11.5, 4.8125],
					"texture": "#0"
				},
				"west": {
					"uv": [7.375, 13.25, 7, 14.0625],
					"texture": "#0"
				},
				"up": {
					"uv": [12.75, 10.375, 13.75, 10],
					"texture": "#0"
				},
				"down": {
					"uv": [10.25, 13, 11.25, 13.375],
					"texture": "#0"
				}
			}
		},
		{
			"from": [6.3686, -6.4116, -5.17136],
			"to": [26.43598, 1.91092, 1.01485],
			"rotation": {
				"angle": 0,
				"axis": "y",
				"origin": [12.54099, 1.9158, -3.09439]
			},
			"faces": {
				"north": {
					"uv": [13.5, 5.75, 12.25, 6.25],
					"texture": "#0"
				},
				"east": {
					"uv": [2.875, 13.75, 2.5, 14.25],
					"texture": "#0"
				},
				"south": {
					"uv": [13.5, 8, 12.25, 8.5],
					"texture": "#0"
				},
				"west": {
					"uv": [11.375, 10.5, 11, 11],
					"texture": "#0"
				},
				"up": {
					"uv": [12.5, 4.375, 13.75, 4],
					"texture": "#0"
				},
				"down": {
					"uv": [12.5, 4.5, 13.75, 4.875],
					"texture": "#0"
				}
			}
		},
		{
			"from": [15.159, -3.76966, -5.5014],
			"to": [27.50377, 1.7077, 0.68481],
			"rotation": {
				"angle": -22.5,
				"axis": "z",
				"origin": [20.67004, -2.25034, -2.89117]
			},
			"faces": {
				"north": {
					"uv": [14.25, 12.5, 13.5, 12.8125],
					"texture": "#0"
				},
				"east": {
					"uv": [3.375, 13.75, 3, 14.0625],
					"texture": "#0"
				},
				"south": {
					"uv": [13.75, 13.5, 13, 13.8125],
					"texture": "#0"
				},
				"west": {
					"uv": [14.125, 2.5, 13.75, 2.8125],
					"texture": "#0"
				},
				"up": {
					"uv": [13.5, 6.875, 14.25, 6.5],
					"texture": "#0"
				},
				"down": {
					"uv": [13.5, 7, 14.25, 7.375],
					"texture": "#0"
				}
			}
		},
		{
			"from": [17.13924, -1.19383, -5.55268],
			"to": [28.51991, 10.38031, 1.03999],
			"rotation": {
				"angle": 0,
				"axis": "y",
				"origin": [24.0106, 0.91485, -2.3831]
			},
			"faces": {
				"north": {
					"uv": [3.4375, 12.5, 2.75, 13.1875],
					"texture": "#0"
				},
				"east": {
					"uv": [12.125, 13.5, 11.75, 14.1875],
					"texture": "#0"
				},
				"south": {
					"uv": [13.1875, 3.25, 12.5, 3.9375],
					"texture": "#0"
				},
				"west": {
					"uv": [9.625, 13.5, 9.25, 14.1875],
					"texture": "#0"
				},
				"up": {
					"uv": [13.5, 12.375, 14.1875, 12],
					"texture": "#0"
				},
				"down": {
					"uv": [12.25, 13.5, 12.9375, 13.875],
					"texture": "#0"
				}
			}
		}
	]
}