{
	"textures": {
		"0": "animated_java:item/armor/1"
	},
	"display": {
		"head": {
			"rotation": [0, 180, 0]
		}
	},
	"elements": [
		{
			"from": [5.07043, 4.28631, 4.45491],
			"to": [10.83865, 10.61409, 10.49305],
			"rotation": {
				"angle": 0,
				"axis": "y",
				"origin": [7.95454, 7.4502, 7.47398]
			},
			"faces": {
				"north": {
					"uv": [7.75, 12.25, 7, 13.125],
					"texture": "#0"
				},
				"east": {
					"uv": [12.5625, 9.5, 11.75, 10.375],
					"texture": "#0"
				},
				"south": {
					"uv": [13, 7, 12.25, 7.875],
					"texture": "#0"
				},
				"west": {
					"uv": [12.5625, 8.5, 11.75, 9.375],
					"texture": "#0"
				},
				"up": {
					"uv": [1.25, 13.3125, 2, 12.5],
					"texture": "#0"
				},
				"down": {
					"uv": [12.5, 1.5, 13.25, 2.3125],
					"texture": "#0"
				}
			}
		},
		{
			"from": [4.69839, -4.08474, 5.66406],
			"to": [11.21069, 5.9635, 11.7022],
			"rotation": {
				"angle": 0,
				"axis": "y",
				"origin": [7.95454, 0.93938, 8.68313]
			},
			"faces": {
				"north": {
					"uv": [10.125, 3.75, 9.25, 5.125],
					"texture": "#0"
				},
				"east": {
					"uv": [10.8125, 8, 10, 9.375],
					"texture": "#0"
				},
				"south": {
					"uv": [10.125, 5.25, 9.25, 6.625],
					"texture": "#0"
				},
				"west": {
					"uv": [5.3125, 10, 4.5, 11.375],
					"texture": "#0"
				},
				"up": {
					"uv": [12, 0.8125, 12.875, 0],
					"texture": "#0"
				},
				"down": {
					"uv": [5.5, 12, 6.375, 12.8125],
					"texture": "#0"
				}
			}
		},
		{
			"from": [5.44248, -13.38591, 5.75707],
			"to": [10.37359, -3.80273, 9.56293],
			"rotation": {
				"angle": 0,
				"axis": "y",
				"origin": [7.90803, -8.59432, 7.66]
			},
			"faces": {
				"north": {
					"uv": [2.1875, 11, 1.5, 12.3125],
					"texture": "#0"
				},
				"east": {
					"uv": [10.25, 12.25, 9.75, 13.5625],
					"texture": "#0"
				},
				"south": {
					"uv": [3.6875, 11, 3, 12.3125],
					"texture": "#0"
				},
				"west": {
					"uv": [9.75, 12, 9.25, 13.3125],
					"texture": "#0"
				},
				"up": {
					"uv": [9.5, 3.75, 10.1875, 3.25],
					"texture": "#0"
				},
				"down": {
					"uv": [8.5, 13, 9.1875, 13.5],
					"texture": "#0"
				}
			}
		}
	]
}