{
	"textures": {
		"0": "animated_java:item/armor/1"
	},
	"display": {
		"head": {
			"rotation": [0, 180, 0]
		}
	},
	"elements": [
		{
			"from": [1.80847, 1.15423, -7.20825],
			"to": [15.12405, 5.37181, 13.57119],
			"rotation": {
				"angle": 0,
				"axis": "y",
				"origin": [8.46626, 3.26303, 3.18147]
			},
			"faces": {
				"north": {
					"uv": [10.75, 3, 11.5, 3.25],
					"texture": "#0"
				},
				"east": {
					"uv": [13, 0.75, 14.125, 1],
					"texture": "#0"
				},
				"south": {
					"uv": [11.5, 5, 12.25, 5.25],
					"texture": "#0"
				},
				"west": {
					"uv": [13.5, 7.5, 14.625, 7.75],
					"texture": "#0"
				},
				"up": {
					"uv": [11.75, 10.375, 11, 9.25],
					"texture": "#0"
				},
				"down": {
					"uv": [10.5, 11, 9.75, 12.125],
					"texture": "#0"
				}
			}
		},
		{
			"from": [1.81214, 1.76131, -3.95153],
			"to": [15.11946, 8.73308, 12.92614],
			"rotation": {
				"angle": -22.5,
				"axis": "x",
				"origin": [8.46581, 5.24719, 4.4873]
			},
			"faces": {
				"north": {
					"uv": [13.5, 7.75, 14.25, 8.125],
					"texture": "#0"
				},
				"east": {
					"uv": [13, 10.5, 13.9375, 10.875],
					"texture": "#0"
				},
				"south": {
					"uv": [8.5, 13.5, 9.25, 13.875],
					"texture": "#0"
				},
				"west": {
					"uv": [13, 11, 13.9375, 11.375],
					"texture": "#0"
				},
				"up": {
					"uv": [9.25, 12.9375, 8.5, 12],
					"texture": "#0"
				},
				"down": {
					"uv": [11.25, 12, 10.5, 12.9375],
					"texture": "#0"
				}
			}
		},
		{
			"from": [1.80847, 1.15423, -10.42881],
			"to": [6.48509, 4.22424, -7.20825],
			"rotation": {
				"angle": 0,
				"axis": "y",
				"origin": [4.14677, 2.68924, -8.81853]
			},
			"faces": {
				"north": {
					"uv": [4.5, 9.75, 4.75, 9.9375],
					"texture": "#0"
				},
				"east": {
					"uv": [11, 1, 11.1875, 1.1875],
					"texture": "#0"
				},
				"south": {
					"uv": [10.25, 6.5, 10.5, 6.6875],
					"texture": "#0"
				},
				"west": {
					"uv": [11.25, 1, 11.4375, 1.1875],
					"texture": "#0"
				},
				"up": {
					"uv": [3.25, 10.9375, 3, 10.75],
					"texture": "#0"
				},
				"down": {
					"uv": [5.75, 10.75, 5.5, 10.9375],
					"texture": "#0"
				}
			}
		}
	]
}