{
  "model": {
    "type": "minecraft:composite",
    "models": [
      {
        "type": "minecraft:model", "model": "minecraft:item/shifters/colossal/bite/default/5"
      },
        {
            "type": "minecraft:condition",
            "property": "minecraft:component", "predicate": "minecraft:custom_data", "value": "{colossal_steam:1b}",
            "on_true": {"type": "minecraft:model", "model": "minecraft:item/shifters/colossal/bite/steam/5"},
            "on_false": {"type": "minecraft:model", "model": "minecraft:item/air"}
        },
      {
        "type": "minecraft:condition",
        "property": "minecraft:component", "predicate": "minecraft:custom_data", "value": "{jaw_half:1b}",
        "on_true": {
            "type": "minecraft:composite", "models": [
                {
                    "type": "minecraft:model", "model": "minecraft:item/shifters/colossal/bite/bone/half/5"
                },
                {
                    "type": "minecraft:condition",
                    "property": "minecraft:component", "predicate": "minecraft:custom_data", "value": "{jaw_full:1b}",
                    "on_true": {"type": "minecraft:model", "model": "minecraft:item/shifters/colossal/bite/bone/full/5"},
                    "on_false": {"type": "minecraft:model", "model": "minecraft:item/air"}
                }
            ]
        },
        "on_false": {"type": "minecraft:model", "model": "minecraft:item/air"}
      }
    ]
  }
}