{
  "odm.thunder_spear.attach": {
    "sounds": [
      "custom/odm/thunder_spear_attach"
    ]
  },
  "odm.thunder_spear.shoot": {
    "sounds": [
      "custom/odm/thunder_spear_shoot"
    ]
  },
  "odm.thunder_spear.hit": {
    "sounds": [
      "custom/odm/thunder_spear_hit"
    ]
  },
  "odm.thunder_spear.wire": {
    "sounds": [
      "custom/odm/thunder_spear_wire"
    ]
  },
  "odm.thunder_spear.detach": {
    "sounds": [
      "custom/odm/thunder_spear_detach"
    ]
  },
  "odm.thunder_spear.prime": {
    "sounds": [
      "custom/odm/thunder_spear_prime"
    ]
  },
  "odm.thunder_spear.explode": {
    "sounds": [
      "custom/odm/thunder_spear_explode_1",
      "custom/odm/thunder_spear_explode_2"
    ]
  },
  "odm.tank_handling": {
    "sounds": [
      "custom/odm/tank_handling"
    ]
  },
  "odm.blade_handling": {
    "sounds": [
      "custom/odm/blade_handling"
    ]
  },
  "odm.blade.throw": {
    "sounds": [
      "custom/odm/blade_throw_1",
      "custom/odm/blade_throw_2"
    ]
  },
  "odm.noise": {
    "sounds": [
      "custom/odm/odm_noise_1",
      "custom/odm/odm_noise_2",
      "custom/odm/odm_noise_3",
      "custom/odm/odm_noise_4"
    ]
  },
  "odm.anti_personnel.explosion": {
    "sounds": [
      "custom/odm/anti_personnel_explosion"
    ]
  },
  "odm.anti_personnel.gun_shot": {
    "sounds": [
      "custom/odm/anti_personnel_gun_shot"
    ]
  },
  "odm.anti_personnel.gun_shot_distant": {
    "sounds": [
      "custom/odm/anti_personnel_gun_shot_distant"
    ]
  },
  "odm.anti_personnel.gun_empty": {
    "sounds": [
      "custom/odm/anti_personnel_gun_empty"
    ]
  },
  "odm.blade.clip_in": {
    "sounds": [
      "custom/odm/blade_clip_in"
    ]
  },
  "odm.blade.clip_out": {
    "sounds": [
      "custom/odm/blade_clip_out"
    ]
  },
  "odm.blade.blade_falling": {
    "sounds": [
      "custom/odm/blade_falling"
    ]
  },
  "odm.cartridge.insert": {
    "sounds": [
      "custom/odm/cartridge_insert"
    ]
  },
  "odm.cartridge.clip_out": {
    "sounds": [
      "custom/odm/cartridge_clip_out"
    ]
  },
  "odm.cartridge.falling_impact": {
    "sounds": [
      "custom/odm/cartridge_falling_impact"
    ]
  },
  "odm.gas_depleted": {
    "sounds": [
      "custom/odm/gas_depleted"
    ]
  },
  "odm.hook_eject": {
    "sounds": [
      "custom/odm/hook_eject",
      "custom/odm/hook_eject_1",
      "custom/odm/hook_eject_2",
      "custom/odm/hook_eject_3",
      "custom/odm/hook_eject_4"
    ]
  },
  "odm.hook_impact": {
    "sounds": [
      "custom/odm/hook_impact"
    ]
  },
  "odm.hook_impact_body": {
    "sounds": [
      "custom/odm/hook_impact_body"
    ]
  },
  "odm.wire_tension": {
    "sounds": [
      "custom/odm/wire_tension_1",
      "custom/odm/wire_tension_2"
    ]
  },
  "odm.wire_tighten": {
    "sounds": [
      "custom/odm/wire_tighten",
      "custom/odm/wire_tighten_1"
    ]
  },
  "odm.no_hooks": {
    "sounds": [
      "custom/odm/no_hooks"
    ]
  },
  "odm.hook_retract": {
    "sounds": [
      "custom/odm/hook_retract"
    ]
  },
  "odm.jet": {
    "sounds": [
      "custom/odm/jet",
      "custom/odm/jet_1"
    ]
  },
  "odm.jet_off": {
    "sounds": [
      "custom/odm/jet_off"
    ]
  },
  "odm.jet_on": {
    "sounds": [
      "custom/odm/jet_on_1",
      "custom/odm/jet_on"
    ]
  },
  "odm.jet_cooldown": {
    "sounds": [
      "custom/odm/jet_cooldown"
    ]
  },
  "odm.reeling": {
    "sounds": [
      "custom/odm/reeling",
      "custom/odm/reeling_2"
    ]
  },
  "odm.reeling_start": {
    "sounds": [
      "custom/odm/reeling_start"
    ]
  },
  "odm.too_far": {
    "sounds": [
      "custom/odm/too_far"
    ]
  },
  "custom.metal_slash": {
    "sounds": [
      "custom/metal_slash_1",
      "custom/metal_slash_2",
      "custom/metal_slash_3"
    ]
  },
  "custom.woosh": {
    "sounds": [
      "custom/woosh_1",
      "custom/woosh_2",
      "custom/woosh_3"
    ]
  },
  "aot.shoot": {
    "sounds": [
      "aot/shoot"
    ]
  },
  "aot.human.gore": {
    "sounds": [
      "aot/human/gore"
    ]
  },
  "aot.impulse": {
    "sounds": [
      "aot/impulse"
    ]
  },
  "aot.steam": {
    "sounds": [
      "aot/steam/1",
      "aot/steam/2"
    ]
  },
  "aot.footsteps": {
    "sounds": [
      "aot/footsteps/1",
      "aot/footsteps/2",
      "aot/footsteps/3",
      "aot/footsteps/4"
    ]
  },
  "aot.human.gun.casing": {
    "sounds": [
      "aot/human/gun/casing/1",
      "aot/human/gun/casing/2",
      "aot/human/gun/casing/3",
      "aot/human/gun/casing/4",
      "aot/human/gun/casing/5",
      "aot/human/gun/casing/6"
    ]
  },
  "aot.human.gun.whizz": {
    "sounds": [
      "aot/human/gun/whizz/1",
      "aot/human/gun/whizz/2",
      "aot/human/gun/whizz/3"
    ]
  },
  "aot.human.gun.turret.short": {
    "sounds": [
      "aot/human/gun/turret/short"
    ]
  },
  "aot.human.gun.turret.medium": {
    "sounds": [
      "aot/human/gun/turret/medium"
    ]
  },
  "aot.human.gun.turret.far": {
    "sounds": [
      "aot/human/gun/turret/far"
    ]
  },
  "aot.cart_roar": {
    "sounds": [
      "aot/shifters/cart/roar"
    ]
  },
  "aot.huge_explosion": {
    "sounds": [
      "aot/shifters/colossal/explosion"
    ]
  },
  "aot.colossal_roar": {
    "sounds": [
      "aot/shifters/colossal/roar"
    ]
  },
  "aot.flash": {
    "sounds": [
      "aot/shifters/colossal/flash"
    ]
  },
  "aot.rock_smash": {
    "sounds": [
      "aot/rock_smash"
    ]
  },
  "aot.heart": {
    "sounds": [
      "aot/heart_beat/1",
      "aot/heart_beat/2"
    ]
  },
  "aot.human.gun.flare": {
    "sounds": [
      "aot/human/gun/flare"
    ]
  },
  "aot.attack_roar": {
    "sounds": [
      "aot/shifters/attack/roar"
    ]
  },
  "aot.attack_koniglich": {
    "sounds": [
      "aot/shifters/attack/two_lives"
    ]
  },
  "aot.human.interact": {
    "sounds": [
      "aot/human/interact"
    ]
  },
  "aot.engine": {
    "sounds": [
      "aot/engine"
    ]
  },
  "aot.punch": {
    "sounds": [
      "aot/shifters/punch/1",
      "aot/shifters/punch/2"
    ]
  },
  "aot.beast_roar": {
    "sounds": [
      "aot/shifters/beast/roar"
    ]
  },
  "aot.beast_throw_big": {
    "sounds": [
      "aot/shifters/beast/throw_big"
    ]
  },
  "aot.odm.pull": {
    "sounds": [
      "aot/human/odm/pull"
    ]
  },
  "aot.shifters.attack.grunt": {
    "sounds": [
      "aot/shifters/attack/grunt/1",
      "aot/shifters/attack/grunt/2"
    ]
  },
  "aot.shifters.armor.brake": {
    "sounds": [
      "aot/shifters/armor/brake"
    ]
  },
  "aot.shifters.armor.charge": {
    "sounds": [
      "aot/shifters/armor/charge"
    ]
  },
  "aot.shifters.armor.punch.swing": {
    "sounds": [
      "aot/shifters/armor/swing"
    ]
  },
  "aot.shifters.armor.punch.land": {
    "sounds": [
      "aot/shifters/armor/land"
    ]
  },
  "aot.shifters.armor.punch.land_strong": {
    "sounds": [
      "aot/shifters/armor/land_strong"
    ]
  },
  "aot.shifters.armor.roar": {
    "sounds": [
      "aot/shifters/armor/roar"
    ]
  },
  "aot.shifters.armor.harden.hit": {
    "sounds": [
      "aot/shifters/armor/harden/hit"
    ]
  },
  "aot.shifters.armor.harden.break": {
    "sounds": [
      "aot/shifters/armor/harden/break/1",
      "aot/shifters/armor/harden/break/2"
    ]
  },
  "aot.shifters.hurt": {
    "sounds": [
      "aot/shifters/hurt"
    ]
  },
  "aot.shifters.trigger": {
    "sounds": [
      "aot/shifters/trigger"
    ]
  },
  "aot.shifters.bite": {
    "sounds": [
      "aot/shifters/bite/1",
      "aot/shifters/bite/2",
      "aot/shifters/bite/3"
    ]
  },
  "aot.shifters.armor.pain": {
    "sounds": [
      "aot/shifters/armor/pain"
    ]
  },
  "aot.music.warrior": {
    "sounds": [
      "aot/music/warrior"
    ]
  },
  "aot.human.gun.carcano.next_round": {
    "sounds": [
      "aot/human/gun/carcano/next_round"
    ]
  },
  "aot.human.gun.carcano.shot": {
    "sounds": [
      "aot/human/gun/carcano/shot"
    ]
  },
  "aot.human.gun.carcano.reload": {
    "sounds": [
      "aot/human/gun/carcano/reload"
    ]
  },
  "aot.human.gun.mauser.next_round": {
    "sounds": [
      "aot/human/gun/mauser/next_round"
    ]
  },
  "aot.human.gun.mauser.shot": {
    "sounds": [
      "aot/human/gun/mauser/shot"
    ]
  },
  "aot.human.gun.mauser.reload": {
    "sounds": [
      "aot/human/gun/mauser/reload"
    ]
  },
  "aot.human.gun.carbine.shot": {
    "sounds": [
      "aot/human/gun/carbine/shot"
    ]
  },
  "aot.human.gun.carbine.next_round": {
    "sounds": [
      "aot/human/gun/carbine/next_round"
    ]
  },
  "aot.human.gun.hit": {
    "sounds": [
      "aot/human/gun/hit"
    ]
  },
  "snc.shifters.jaw.climb": {
    "sounds": [
      "snc:shifters/jaw/wallclimb_1"
    ]
  },
  "snc.shifters.jaw.roar": {
    "sounds": [
      "snc:shifters/jaw/roar"
    ]
  },
  "snc.shifters.jaw.smash": {
    "sounds": [
      "snc:shifters/jaw/smash"
    ]
  }
}
