{
	"model": {
		"type": "minecraft:select",
		"property": "minecraft:custom_model_data",
		"cases": [
			{
				"when": "AJ_INTERNAL_EMPTY",
				"model": {
					"type": "minecraft:model",
					"model": "animated_java:empty"
				}
			},
			{
				"when": "noskin_1",
				"model": {
					"type": "minecraft:model",
					"model": "animated_java:blueprint/attack/noskin_1/right_bicep",
					"tints": [
						{"type": "minecraft:dye", "default": [1, 1, 1]}
					]
				}
			},
			{
				"when": "noskin_10",
				"model": {
					"type": "minecraft:model",
					"model": "animated_java:blueprint/attack/noskin_10/right_bicep",
					"tints": [
						{"type": "minecraft:dye", "default": [1, 1, 1]}
					]
				}
			},
			{
				"when": "noskin_2",
				"model": {
					"type": "minecraft:model",
					"model": "animated_java:blueprint/attack/noskin_2/right_bicep",
					"tints": [
						{"type": "minecraft:dye", "default": [1, 1, 1]}
					]
				}
			},
			{
				"when": "noskin_3",
				"model": {
					"type": "minecraft:model",
					"model": "animated_java:blueprint/attack/noskin_3/right_bicep",
					"tints": [
						{"type": "minecraft:dye", "default": [1, 1, 1]}
					]
				}
			},
			{
				"when": "noskin_4",
				"model": {
					"type": "minecraft:model",
					"model": "animated_java:blueprint/attack/noskin_4/right_bicep",
					"tints": [
						{"type": "minecraft:dye", "default": [1, 1, 1]}
					]
				}
			},
			{
				"when": "noskin_5",
				"model": {
					"type": "minecraft:model",
					"model": "animated_java:blueprint/attack/noskin_5/right_bicep",
					"tints": [
						{"type": "minecraft:dye", "default": [1, 1, 1]}
					]
				}
			},
			{
				"when": "noskin_6",
				"model": {
					"type": "minecraft:model",
					"model": "animated_java:blueprint/attack/noskin_6/right_bicep",
					"tints": [
						{"type": "minecraft:dye", "default": [1, 1, 1]}
					]
				}
			},
			{
				"when": "noskin_7",
				"model": {
					"type": "minecraft:model",
					"model": "animated_java:blueprint/attack/noskin_7/right_bicep",
					"tints": [
						{"type": "minecraft:dye", "default": [1, 1, 1]}
					]
				}
			},
			{
				"when": "noskin_8",
				"model": {
					"type": "minecraft:model",
					"model": "animated_java:blueprint/attack/noskin_8/right_bicep",
					"tints": [
						{"type": "minecraft:dye", "default": [1, 1, 1]}
					]
				}
			},
			{
				"when": "noskin_9",
				"model": {
					"type": "minecraft:model",
					"model": "animated_java:blueprint/attack/noskin_9/right_bicep",
					"tints": [
						{"type": "minecraft:dye", "default": [1, 1, 1]}
					]
				}
			}
		],
		"fallback": {
			"type": "minecraft:model",
			"model": "animated_java:blueprint/attack/right_bicep",
			"tints": [
				{"type": "minecraft:dye", "default": [1, 1, 1]}
			]
		}
	}
}