{
    "model": {
        "type": "minecraft:composite",
        "models": [
            {
                "type": "minecraft:select",
                "property": "minecraft:custom_model_data",
                "cases": [
                    {
                        "when": "AJ_INTERNAL_EMPTY",
                        "model": {
                            "type": "minecraft:empty"
                        }
                    },
                    {
                        "when": "noskin_1",
                        "model": {
                            "type": "minecraft:model",
                            "model": "animated_java:blueprint/attack/noskin_1/right_bicep",
                            "tints": [
                                {
                                    "type": "minecraft:dye",
                                    "default": [
                                        1,
                                        1,
                                        1
                                    ]
                                }
                            ]
                        }
                    },
                    {
                        "when": "noskin_10",
                        "model": {
                            "type": "minecraft:model",
                            "model": "animated_java:blueprint/attack/noskin_10/right_bicep",
                            "tints": [
                                {
                                    "type": "minecraft:dye",
                                    "default": [
                                        1,
                                        1,
                                        1
                                    ]
                                }
                            ]
                        }
                    },
                    {
                        "when": "noskin_2",
                        "model": {
                            "type": "minecraft:model",
                            "model": "animated_java:blueprint/attack/noskin_2/right_bicep",
                            "tints": [
                                {
                                    "type": "minecraft:dye",
                                    "default": [
                                        1,
                                        1,
                                        1
                                    ]
                                }
                            ]
                        }
                    },
                    {
                        "when": "noskin_3",
                        "model": {
                            "type": "minecraft:model",
                            "model": "animated_java:blueprint/attack/noskin_3/right_bicep",
                            "tints": [
                                {
                                    "type": "minecraft:dye",
                                    "default": [
                                        1,
                                        1,
                                        1
                                    ]
                                }
                            ]
                        }
                    },
                    {
                        "when": "noskin_4",
                        "model": {
                            "type": "minecraft:model",
                            "model": "animated_java:blueprint/attack/noskin_4/right_bicep",
                            "tints": [
                                {
                                    "type": "minecraft:dye",
                                    "default": [
                                        1,
                                        1,
                                        1
                                    ]
                                }
                            ]
                        }
                    },
                    {
                        "when": "noskin_5",
                        "model": {
                            "type": "minecraft:model",
                            "model": "animated_java:blueprint/attack/noskin_5/right_bicep",
                            "tints": [
                                {
                                    "type": "minecraft:dye",
                                    "default": [
                                        1,
                                        1,
                                        1
                                    ]
                                }
                            ]
                        }
                    },
                    {
                        "when": "noskin_6",
                        "model": {
                            "type": "minecraft:model",
                            "model": "animated_java:blueprint/attack/noskin_6/right_bicep",
                            "tints": [
                                {
                                    "type": "minecraft:dye",
                                    "default": [
                                        1,
                                        1,
                                        1
                                    ]
                                }
                            ]
                        }
                    },
                    {
                        "when": "noskin_7",
                        "model": {
                            "type": "minecraft:model",
                            "model": "animated_java:blueprint/attack/noskin_7/right_bicep",
                            "tints": [
                                {
                                    "type": "minecraft:dye",
                                    "default": [
                                        1,
                                        1,
                                        1
                                    ]
                                }
                            ]
                        }
                    },
                    {
                        "when": "noskin_8",
                        "model": {
                            "type": "minecraft:model",
                            "model": "animated_java:blueprint/attack/noskin_8/right_bicep",
                            "tints": [
                                {
                                    "type": "minecraft:dye",
                                    "default": [
                                        1,
                                        1,
                                        1
                                    ]
                                }
                            ]
                        }
                    },
                    {
                        "when": "noskin_9",
                        "model": {
                            "type": "minecraft:model",
                            "model": "animated_java:blueprint/attack/noskin_9/right_bicep",
                            "tints": [
                                {
                                    "type": "minecraft:dye",
                                    "default": [
                                        1,
                                        1,
                                        1
                                    ]
                                }
                            ]
                        }
                    }
                ],
                "fallback": {
                    "type": "minecraft:model",
                    "model": "animated_java:blueprint/attack/right_bicep",
                    "tints": [
                        {
                            "type": "minecraft:dye",
                            "default": [
                                1,
                                1,
                                1
                            ]
                        }
                    ]
                }
            },
            {
                "type": "minecraft:condition",
                "property": "minecraft:component",
                "predicate": "minecraft:custom_data",
                "value": "{berserk:1b}",
                "on_true": {
                    "type": "minecraft:model",
                    "model": "snc:berserk/attack/right_bicep"
                },
                "on_false": {
                    "type": "minecraft:model",
                    "model": "minecraft:item/air"
                }
            }
        ]
    }
}