{
	"credit": "Made with Blockbench",
	"texture_size": [128, 128],
	"textures": {
		"0": "custom/people/eldia/4",
		"particle": "custom/people/eldia/4"
	},
	"elements": [
		{
			"name": "head",
			"from": [4, 23.5, 4],
			"to": [12, 31.5, 12],
			"faces": {
				"north": {"uv": [2, 2, 4, 3.98438], "texture": "#0"},
				"east": {"uv": [4, 2, 6, 3.98438], "texture": "#0"},
				"south": {"uv": [6, 2, 8, 3.98438], "texture": "#0"},
				"west": {"uv": [0, 2, 2, 3.98438], "texture": "#0"},
				"up": {"uv": [4, 2, 2, 0], "texture": "#0"},
				"down": {"uv": [6, 0, 4, 2], "texture": "#0"}
			}
		},
		{
			"name": "head_2nd_layer",
			"from": [3.5, 23, 3.5],
			"to": [12.5, 32, 12.5],
			"faces": {
				"north": {"uv": [10, 2, 12, 3.98438], "texture": "#0"},
				"east": {"uv": [8, 2, 10, 3.98438], "texture": "#0"},
				"south": {"uv": [14, 2, 16, 3.98438], "texture": "#0"},
				"west": {"uv": [12, 2, 14, 3.98438], "texture": "#0"},
				"up": {"uv": [12, 2, 10, 0], "texture": "#0"},
				"down": {"uv": [14, 0, 12, 2], "texture": "#0"}
			}
		}
	],
	"display": {
		"thirdperson_righthand": {
			"rotation": [65, -30, 0],
			"translation": [2, -4.25, -10],
			"scale": [0.5, 0.5, 0.5]
		},
		"thirdperson_lefthand": {
			"rotation": [65, -30, 0],
			"translation": [2, -4.25, -10],
			"scale": [0.5, 0.5, 0.5]
		},
		"firstperson_righthand": {
			"rotation": [0, 104, 0],
			"translation": [1.75, -5.25, 0.5],
			"scale": [0.5, 0.5, 0.5]
		},
		"firstperson_lefthand": {
			"rotation": [0, 104, 0],
			"translation": [1.75, -5.25, 0.5],
			"scale": [0.5, 0.5, 0.5]
		},
		"ground": {
			"translation": [0, -18.25, 0]
		},
		"gui": {
			"rotation": [23, -132, 0],
			"translation": [0.25, -18, 0]
		},
		"head": {
			"translation": [0, -32.5, 0],
			"scale": [1.58, 1.58, 1.58]
		},
		"fixed": {
			"translation": [0, -29, -3.5],
			"scale": [1.5, 1.5, 1.5]
		}
	},
	"groups": [
		{
			"name": "alex",
			"origin": [8, 8, 8],
			"color": 0,
			"nbt": "{}",
			"children": [0, 1]
		}
	]
}