{
    "model": {
        "type": "minecraft:composite",
        "models": [
            {
                "type": "minecraft:model",
                "model": "animated_java:blueprint/female/left_foot",
                "tints": [
                    {
                        "type": "minecraft:dye",
                        "default": [
                            1,
                            1,
                            1
                        ]
                    }
                ]
            }
        ]
    }
}