{
    "model": {
        "type": "minecraft:composite",
        "models": [
            {
                "type": "minecraft:model",
                "model": "animated_java:blueprint/female/left_thumb",
                "tints": [
                    {
                        "type": "minecraft:dye",
                        "default": [
                            1,
                            1,
                            1
                        ]
                    }
                ]
            },
            {
                "type": "minecraft:condition",
                "property": "minecraft:component",
                "predicate": "minecraft:custom_data",
                "value": "{hardening:1b}",
                "on_true": {
                    "type": "minecraft:model",
                    "model": "snc:hardening/female/left_thumb"
                },
                "on_false": {
                    "type": "minecraft:model",
                    "model": "minecraft:item/air"
                }
            },
            {
                "type": "minecraft:condition",
                "property": "minecraft:component",
                "predicate": "minecraft:custom_data",
                "value": "{berserk:1b}",
                "on_true": {
                    "type": "minecraft:model",
                    "model": "snc:berserk/female/left_thumb"
                },
                "on_false": {
                    "type": "minecraft:model",
                    "model": "minecraft:item/air"
                }
            }
        ]
    }
}