{
	"credit": "Made with Blockbench",
	"texture_size": [64, 64],
	"textures": {
		"0": "custom/frame/colossal",
		"particle": "custom/frame/colossal"
	},
	"elements": [
		{
			"from": [-1, 0, 7.5],
			"to": [17, 32, 8.5],
			"rotation": {"angle": 0, "axis": "y", "origin": [-1, 0, 6.5]},
			"faces": {
				"north": {"uv": [0, 0, 4.5, 8], "texture": "#0"},
				"east": {"uv": [0, 8, 0.25, 16], "texture": "#0"},
				"south": {"uv": [7, 0.03125, 16, 16], "texture": "#0"},
				"west": {"uv": [0.25, 8, 0.5, 16], "texture": "#0"},
				"up": {"uv": [5, 8.25, 0.5, 8], "texture": "#0"},
				"down": {"uv": [5, 8.25, 0.5, 8.5], "texture": "#0"}
			}
		}
	]
}