{
	"credit": "Made with Blockbench",
	"texture_size": [64, 64],
	"textures": {
		"0": "custom/frame/cone3",
		"particle": "custom/frame/cone3"
	},
	"elements": [
		{
			"from": [1, 0, 1],
			"to": [15, 1, 15],
			"faces": {
				"north": {"uv": [4, 0, 8, 0.25], "texture": "#0"},
				"east": {"uv": [4, 0.25, 8, 0.5], "texture": "#0"},
				"south": {"uv": [4, 0.5, 8, 0.75], "texture": "#0"},
				"west": {"uv": [4, 0.75, 8, 1], "texture": "#0"},
				"up": {"uv": [4, 4, 0, 0], "texture": "#0"},
				"down": {"uv": [4, 4, 0, 8], "texture": "#0"}
			}
		},
		{
			"from": [3, 1, 3],
			"to": [13, 15, 13],
			"faces": {
				"north": {"uv": [4, 1, 6.5, 4.5], "texture": "#0"},
				"east": {"uv": [4, 4.5, 6.5, 8], "texture": "#0"},
				"south": {"uv": [6.5, 1, 9, 4.5], "texture": "#0"},
				"west": {"uv": [6.5, 4.5, 9, 8], "texture": "#0"},
				"up": {"uv": [2.5, 10.5, 0, 8], "texture": "#0"},
				"down": {"uv": [5, 8, 2.5, 10.5], "texture": "#0"}
			}
		},
		{
			"from": [4, 15, 9],
			"to": [12, 16, 12],
			"faces": {
				"north": {"uv": [9, 1, 11, 1.25], "texture": "#0"},
				"east": {"uv": [9, 1.5, 9.75, 1.75], "texture": "#0"},
				"south": {"uv": [9, 1.25, 11, 1.5], "texture": "#0"},
				"west": {"uv": [9, 1.75, 9.75, 2], "texture": "#0"},
				"up": {"uv": [8, 9.5, 6, 8.75], "texture": "#0"},
				"down": {"uv": [10, 8.75, 8, 9.5], "texture": "#0"}
			}
		},
		{
			"from": [4, 15, 4],
			"to": [12, 16, 7],
			"faces": {
				"north": {"uv": [8, 0.75, 10, 1], "texture": "#0"},
				"east": {"uv": [7, 8.25, 7.75, 8.5], "texture": "#0"},
				"south": {"uv": [7, 8, 9, 8.25], "texture": "#0"},
				"west": {"uv": [7.75, 8.25, 8.5, 8.5], "texture": "#0"},
				"up": {"uv": [10, 0.75, 8, 0], "texture": "#0"},
				"down": {"uv": [7, 8, 5, 8.75], "texture": "#0"}
			}
		},
		{
			"from": [8, 16, 5],
			"to": [8, 17, 7],
			"faces": {
				"north": {"uv": [0, 0, 0, 0.25], "texture": "#0"},
				"east": {"uv": [7, 8.5, 7.5, 8.75], "texture": "#0"},
				"south": {"uv": [0, 0, 0, 0.25], "texture": "#0"},
				"west": {"uv": [7.5, 8.5, 8, 8.75], "texture": "#0"},
				"up": {"uv": [0, 0.5, 0, 0], "texture": "#0"},
				"down": {"uv": [0, 0, 0, 0.5], "texture": "#0"}
			}
		},
		{
			"from": [8, 16, 9],
			"to": [8, 17, 11],
			"faces": {
				"north": {"uv": [0, 0, 0, 0.25], "texture": "#0"},
				"east": {"uv": [5, 8.75, 5.5, 9], "texture": "#0"},
				"south": {"uv": [0, 0, 0, 0.25], "texture": "#0"},
				"west": {"uv": [5.5, 8.75, 6, 9], "texture": "#0"},
				"up": {"uv": [0, 0.5, 0, 0], "texture": "#0"},
				"down": {"uv": [0, 0, 0, 0.5], "texture": "#0"}
			}
		},
		{
			"from": [8, 17, 6],
			"to": [8, 18.25, 10],
			"faces": {
				"north": {"uv": [0, 0, 0, 0.25], "texture": "#0"},
				"east": {"uv": [8, 8.5, 9, 8.75], "texture": "#0"},
				"south": {"uv": [0, 0, 0, 0.25], "texture": "#0"},
				"west": {"uv": [8.5, 8.25, 9.5, 8.5], "texture": "#0"},
				"up": {"uv": [0, 1, 0, 0], "texture": "#0"},
				"down": {"uv": [0, 0, 0, 1], "texture": "#0"}
			}
		}
	],
	"display": {
		"thirdperson_righthand": {
			"rotation": [71, 54, -16],
			"translation": [0, 0.25, -1],
			"scale": [0.6, 0.6, 0.6]
		},
		"thirdperson_lefthand": {
			"rotation": [71, 54, -16],
			"translation": [0, 0.25, -1],
			"scale": [0.6, 0.6, 0.6]
		},
		"ground": {
			"translation": [0, 1.5, 0],
			"scale": [0.6, 0.6, 0.6]
		},
		"gui": {
			"rotation": [40, 45, 0],
			"translation": [0, 1, 0],
			"scale": [0.65, 0.66, 0.65]
		},
		"head": {
			"translation": [0, 6.5, 0],
			"scale": [1.5, 1.5, 1.51]
		},
		"fixed": {
			"rotation": [-90, 0, 0],
			"translation": [0, 0, -16],
			"scale": [2, 2, 2]
		}
	}
}