{
	"credit": "Made with Blockbench",
	"texture_size": [64, 64],
	"textures": {
		"0": "custom/frame/tiers",
		"particle": "custom/frame/tiers"
	},
	"elements": [
		{
			"from": [-15, -1, 7.5],
			"to": [31, 16, 8.5],
			"rotation": {"angle": 0, "axis": "y", "origin": [-1, 0, 6.5]},
			"faces": {
				"north": {"uv": [0, 6.34375, 4.5, 9.8125], "texture": "#0"},
				"east": {"uv": [0.25, 10.25, 0.5, 14.46875], "texture": "#0"},
				"south": {"uv": [0, 3.125, 9.25, 6.25], "texture": "#0"},
				"west": {"uv": [0, 10.25, 0.25, 14.46875], "texture": "#0"},
				"up": {"uv": [9.5, 10.5, 0.5, 10.25], "texture": "#0"},
				"down": {"uv": [9.5, 10.5, 0.5, 10.75], "texture": "#0"}
			}
		}
	],
	"gui_light": "front",
	"display": {
		"gui": {
			"translation": [0, 0.5, 0],
			"scale": [1.175, 1.06, 1]
		}
	}
}