{
	"credit": "Made with Blockbench",
	"texture_size": [64, 64],
	"textures": {
		"0": "custom/frame/sparkedhost",
		"particle": "custom/frame/sparkedhost"
	},
	"elements": [
		{
			"from": [0, 0, 7.5],
			"to": [16, 16, 8.5],
			"rotation": {"angle": 0, "axis": "y", "origin": [15, 0, 6.5]},
			"faces": {
				"north": {"uv": [11.5, 15.60817, 16, 16], "texture": "#0"},
				"east": {"uv": [16, 15.28125, 13.75, 16], "texture": "#0"},
				"south": {"uv": [0, 0, 16, 16], "texture": "#0"},
				"west": {"uv": [15.25, 14.78125, 16, 16], "texture": "#0"},
				"up": {"uv": [16, 15.01923, 13.5, 16], "texture": "#0"},
				"down": {"uv": [16, 15.75, 12, 16], "texture": "#0"}
			}
		}
	]
}