{
	"textures": {
		"0": "animated_java:blueprint/armor/1",
		"particle": "minecraft:item/pufferfish"
	},
	"display": {
		"head": {
			"rotation": [0, 180, 0]
		}
	},
	"elements": [
		{
			"from": [3.97031, -15.54815, 2.47927],
			"to": [11.80615, 8.45185, 13.29721],
			"rotation": {
				"angle": 0,
				"axis": "y",
				"origin": [0.38525, -11.64796, 7.88823]
			},
			"faces": {
				"north": {
					"uv": [11.3125, 1.25, 10.75, 3],
					"texture": "#0"
				},
				"east": {
					"uv": [5.5625, 8.25, 4.75, 10],
					"texture": "#0"
				},
				"south": {
					"uv": [2.8125, 10.75, 2.25, 12.5],
					"texture": "#0"
				},
				"west": {
					"uv": [9.0625, 3.75, 8.25, 5.5],
					"texture": "#0"
				},
				"up": {
					"uv": [3.5, 13.3125, 4.0625, 12.5],
					"texture": "#0"
				},
				"down": {
					"uv": [11.25, 12.5, 11.8125, 13.3125],
					"texture": "#0"
				}
			}
		},
		{
			"from": [2.26508, -12.99031, 4.18449],
			"to": [13.51137, 7.59924, 11.59198],
			"rotation": {
				"angle": 0,
				"axis": "y",
				"origin": [0.38525, -11.64796, 7.88823]
			},
			"faces": {
				"north": {
					"uv": [9.8125, 8, 9, 9.5],
					"texture": "#0"
				},
				"east": {
					"uv": [11.5625, 7.75, 11, 9.25],
					"texture": "#0"
				},
				"south": {
					"uv": [3.0625, 9.25, 2.25, 10.75],
					"texture": "#0"
				},
				"west": {
					"uv": [4.3125, 11, 3.75, 12.5],
					"texture": "#0"
				},
				"up": {
					"uv": [12.5, 6.8125, 13.3125, 6.25],
					"texture": "#0"
				},
				"down": {
					"uv": [12.75, 8.5, 13.5625, 9.0625],
					"texture": "#0"
				}
			}
		}
	]
}