{
	"textures": {
		"0": "animated_java:blueprint/armor/1",
		"particle": "minecraft:item/pufferfish"
	},
	"display": {
		"head": {
			"rotation": [0, 180, 0]
		}
	},
	"elements": [
		{
			"from": [7.08608, 1.43862, 5.50911],
			"to": [10.49794, 8.39267, 10.13673],
			"rotation": {
				"angle": 22.5,
				"axis": "z",
				"origin": [8.79201, 4.91565, 7.82292]
			},
			"faces": {
				"north": {
					"uv": [11.4375, 12, 11.25, 12.3125],
					"texture": "#0"
				},
				"east": {
					"uv": [4.4375, 12.5, 4.25, 12.8125],
					"texture": "#0"
				},
				"south": {
					"uv": [10.4375, 12.25, 10.25, 12.5625],
					"texture": "#0"
				},
				"west": {
					"uv": [7.9375, 12.25, 7.75, 12.5625],
					"texture": "#0"
				},
				"up": {
					"uv": [9.75, 10.9375, 9.9375, 10.75],
					"texture": "#0"
				},
				"down": {
					"uv": [10, 10.75, 10.1875, 10.9375],
					"texture": "#0"
				}
			}
		}
	]
}