{
	"textures": {
		"0": "animated_java:blueprint/armor/1",
		"particle": "minecraft:item/pufferfish"
	},
	"display": {
		"head": {
			"rotation": [0, 180, 0]
		}
	},
	"elements": [
		{
			"from": [0.57508, 1.15423, -7.20825],
			"to": [13.89066, 5.37181, 13.57119],
			"rotation": {
				"angle": 0,
				"axis": "y",
				"origin": [7.23287, 3.26303, 3.18147]
			},
			"faces": {
				"north": {
					"uv": [11.5, 3, 10.75, 3.25],
					"texture": "#0"
				},
				"east": {
					"uv": [14.625, 7.5, 13.5, 7.75],
					"texture": "#0"
				},
				"south": {
					"uv": [12.25, 5, 11.5, 5.25],
					"texture": "#0"
				},
				"west": {
					"uv": [14.125, 0.75, 13, 1],
					"texture": "#0"
				},
				"up": {
					"uv": [11, 10.375, 11.75, 9.25],
					"texture": "#0"
				},
				"down": {
					"uv": [9.75, 11, 10.5, 12.125],
					"texture": "#0"
				}
			}
		},
		{
			"from": [0.57966, 1.76131, -3.95153],
			"to": [13.88699, 8.73308, 12.92614],
			"rotation": {
				"angle": -22.5,
				"axis": "x",
				"origin": [7.23332, 5.24719, 4.4873]
			},
			"faces": {
				"north": {
					"uv": [14.25, 7.75, 13.5, 8.125],
					"texture": "#0"
				},
				"east": {
					"uv": [13.9375, 11, 13, 11.375],
					"texture": "#0"
				},
				"south": {
					"uv": [9.25, 13.5, 8.5, 13.875],
					"texture": "#0"
				},
				"west": {
					"uv": [13.9375, 10.5, 13, 10.875],
					"texture": "#0"
				},
				"up": {
					"uv": [8.5, 12.9375, 9.25, 12],
					"texture": "#0"
				},
				"down": {
					"uv": [10.5, 12, 11.25, 12.9375],
					"texture": "#0"
				}
			}
		},
		{
			"from": [9.21404, 1.15423, -10.42881],
			"to": [13.89066, 4.22424, -7.20825],
			"rotation": {
				"angle": 0,
				"axis": "y",
				"origin": [11.55235, 2.68924, -8.81853]
			},
			"faces": {
				"north": {
					"uv": [4.75, 9.75, 4.5, 9.9375],
					"texture": "#0"
				},
				"east": {
					"uv": [11.4375, 1, 11.25, 1.1875],
					"texture": "#0"
				},
				"south": {
					"uv": [10.5, 6.5, 10.25, 6.6875],
					"texture": "#0"
				},
				"west": {
					"uv": [11.1875, 1, 11, 1.1875],
					"texture": "#0"
				},
				"up": {
					"uv": [3, 10.9375, 3.25, 10.75],
					"texture": "#0"
				},
				"down": {
					"uv": [5.5, 10.75, 5.75, 10.9375],
					"texture": "#0"
				}
			}
		}
	]
}