{
	"textures": {
		"0": "animated_java:blueprint/armor/1",
		"particle": "minecraft:item/pufferfish"
	},
	"display": {
		"head": {
			"rotation": [0, 180, 0]
		}
	},
	"elements": [
		{
			"from": [5.29981, -3.93511, 1.94998],
			"to": [11.42133, 9.78237, 16.29468],
			"rotation": {
				"angle": 0,
				"axis": "y",
				"origin": [8.36057, 2.92363, 9.12233]
			},
			"faces": {
				"north": {
					"uv": [13.75, 1.75, 14.0625, 2.375],
					"texture": "#0"
				},
				"east": {
					"uv": [13, 0, 13.6875, 0.625],
					"texture": "#0"
				},
				"south": {
					"uv": [2, 13.75, 2.3125, 14.375],
					"texture": "#0"
				},
				"west": {
					"uv": [5.5, 13, 6.1875, 13.625],
					"texture": "#0"
				},
				"up": {
					"uv": [14.0625, 0.6875, 13.75, 0],
					"texture": "#0"
				},
				"down": {
					"uv": [14.0625, 1, 13.75, 1.6875],
					"texture": "#0"
				}
			}
		}
	]
}