{
	"textures": {
		"0": "animated_java:blueprint/armor/1",
		"particle": "minecraft:item/pufferfish"
	},
	"display": {
		"head": {
			"rotation": [0, 180, 0]
		}
	},
	"elements": [
		{
			"from": [0.57115, -3.12703, -3.50812],
			"to": [24.57115, 19.73803, 19.15856],
			"rotation": {
				"angle": 22.5,
				"axis": "z",
				"origin": [8.03142, 4.3055, 6.95055]
			},
			"faces": {
				"north": {
					"uv": [9.25, 6.75, 10.375, 7.8125],
					"texture": "#0"
				},
				"east": {
					"uv": [3.25, 9.75, 4.3125, 10.8125],
					"texture": "#0"
				},
				"south": {
					"uv": [9.5, 2, 10.625, 3.0625],
					"texture": "#0"
				},
				"west": {
					"uv": [5.75, 9.75, 6.8125, 10.8125],
					"texture": "#0"
				},
				"up": {
					"uv": [10.125, 10.5625, 9, 9.5],
					"texture": "#0"
				},
				"down": {
					"uv": [10.875, 0, 9.75, 1.0625],
					"texture": "#0"
				}
			}
		}
	]
}