{
	"textures": {
		"0": "animated_java:blueprint/armor/1",
		"particle": "minecraft:item/pufferfish"
	},
	"display": {
		"head": {
			"rotation": [0, 180, 0]
		}
	},
	"elements": [
		{
			"from": [6.22106, 0.97469, 1.32599],
			"to": [9.42478, 8.8566, 14.31987],
			"rotation": {
				"angle": 0,
				"axis": "y",
				"origin": [7.82292, 4.91565, 7.82292]
			},
			"faces": {
				"north": {
					"uv": [7.75, 12.75, 7.875, 13.125],
					"texture": "#0"
				},
				"east": {
					"uv": [13.5, 13, 14.125, 13.375],
					"texture": "#0"
				},
				"south": {
					"uv": [13.75, 3, 13.875, 3.375],
					"texture": "#0"
				},
				"west": {
					"uv": [0, 13.75, 0.625, 14.125],
					"texture": "#0"
				},
				"up": {
					"uv": [5.625, 10.625, 5.5, 10],
					"texture": "#0"
				},
				"down": {
					"uv": [11.625, 7, 11.5, 7.625],
					"texture": "#0"
				}
			}
		}
	]
}