{
	"textures": {
		"0": "animated_java:blueprint/armor/1",
		"particle": "minecraft:item/pufferfish"
	},
	"display": {
		"head": {
			"rotation": [0, 180, 0]
		}
	},
	"elements": [
		{
			"from": [6.97015, 2.18955, 1.32599],
			"to": [9.64479, 8.12627, 14.31986],
			"rotation": {
				"angle": 0,
				"axis": "y",
				"origin": [8.30746, 5.15791, 7.82292]
			},
			"faces": {
				"north": {
					"uv": [11.25, 6.25, 11.375, 6.5],
					"texture": "#0"
				},
				"east": {
					"uv": [13.5, 8.25, 14.125, 8.5],
					"texture": "#0"
				},
				"south": {
					"uv": [8.5, 11.75, 8.625, 12],
					"texture": "#0"
				},
				"west": {
					"uv": [13.5, 9.75, 14.125, 10],
					"texture": "#0"
				},
				"up": {
					"uv": [5.875, 8.875, 5.75, 8.25],
					"texture": "#0"
				},
				"down": {
					"uv": [5.875, 9, 5.75, 9.625],
					"texture": "#0"
				}
			}
		}
	]
}