{"credit":"Shingeki no Craft: Made by Fanfo and Zabat","textures":{"0":"custom/titan/shifter/cart/cart","1":"custom/titan/shifter/cart/cart_teeth","2":"custom/titan/shifter/cart/helmet","particle":"custom/titan/shifter/cart/cart"},"elements":[{"from":[0.9375,14.226,-0.72712],"to":[15.0625,17.226,4.27288],"rotation":{"angle":22.5,"axis":"x","origin":[8.02942,14.27159,4.0957]},"faces":{"north":{"uv":[6.75,8.375,8.5,8.75],"texture":"#0"},"east":{"uv":[6.375,5.375,7,5.75],"texture":"#0"},"south":{"uv":[8.5,4.25,10.25,4.625],"texture":"#0"},"west":{"uv":[3.625,7,4.25,7.375],"texture":"#0"},"up":{"uv":[5.375,8.625,3.625,8],"texture":"#0"},"down":{"uv":[1.75,8.125,0,8.75],"texture":"#0"}}},{"from":[-1,11,-9],"to":[17,19,-4],"rotation":{"angle":0,"axis":"y","origin":[8.02942,14.27159,4.0957]},"faces":{"north":{"uv":[6,0,8.25,1],"texture":"#0"},"east":{"uv":[3.625,8.625,4.25,9.625],"texture":"#0"},"south":{"uv":[6,1,8.25,2],"texture":"#0"},"west":{"uv":[4.25,8.625,4.875,9.625],"texture":"#0"},"up":{"uv":[2.25,7.25,0,6.625],"texture":"#0"},"down":{"uv":[8.25,6.75,6,7.375],"texture":"#0"}}},{"from":[0,3,-9],"to":[16,11,-4],"rotation":{"angle":0,"axis":"y","origin":[8.02942,14.27159,4.0957]},"faces":{"north":{"uv":[6,5.75,8,6.75],"texture":"#0"},"east":{"uv":[0,8.75,0.625,9.75],"texture":"#0"},"south":{"uv":[6.375,2,8.375,3],"texture":"#0"},"west":{"uv":[0.625,8.75,1.25,9.75],"texture":"#0"},"up":{"uv":[9,5.75,7,5.125],"texture":"#0"},"down":{"uv":[5.625,7.375,3.625,8],"texture":"#0"}}},{"from":[-2,10,-6],"to":[18,17,-2],"rotation":{"angle":-22.5,"axis":"x","origin":[8,13,-2.5]},"faces":{"north":{"uv":[1.25,15,3.25,16],"texture":"#0"},"east":{"uv":[0.625,15,1.25,16],"texture":"#0"},"south":{"uv":[6.375,2,8.375,3],"texture":"#0"},"west":{"uv":[0,15,0.625,16],"texture":"#0"},"up":{"uv":[9,5.75,7,5.125],"texture":"#0"},"down":{"uv":[5.375,15.375,3.375,16],"texture":"#0"}}},{"from":[-1,0,-4],"to":[17,19,0.75],"rotation":{"angle":0,"axis":"y","origin":[8.02942,14.27159,4.0957]},"faces":{"north":{"uv":[0,0,2.25,2.375],"texture":"#0"},"east":{"uv":[6.375,3,7,5.375],"texture":"#0"},"south":{"uv":[2.25,0,4.5,2.375],"texture":"#0"},"west":{"uv":[3,6.5,3.625,8.875],"texture":"#0"},"up":{"uv":[9.25,3.625,7,3],"texture":"#0"},"down":{"uv":[9.25,3.625,7,4.25],"texture":"#0"}}},{"from":[1,5,-11.5],"to":[15,18,-9],"rotation":{"angle":0,"axis":"y","origin":[8.02942,14.27159,4.0957]},"faces":{"north":{"uv":[4.625,2.5,6.375,4.125],"texture":"#0"},"east":{"uv":[1.5,8.75,1.75,10.375],"texture":"#0"},"south":{"uv":[4.625,4.125,6.375,5.75],"texture":"#0"},"west":{"uv":[3.25,8.875,3.5,10.5],"texture":"#0"},"up":{"uv":[10.875,9,9.125,8.75],"texture":"#0"},"down":{"uv":[11,3,9.25,3.25],"texture":"#0"}}},{"from":[1,13.99057,4.38896],"to":[15,16.99057,5.38896],"rotation":{"angle":0,"axis":"y","origin":[8.02942,14.27159,4.0957]},"faces":{"north":{"uv":[8.5,4.625,10.25,5],"texture":"#0"},"east":{"uv":[4.5,4.875,4.625,5.25],"texture":"#0"},"south":{"uv":[8.5,8.375,10.25,8.75],"texture":"#0"},"west":{"uv":[4.5,5.25,4.625,5.625],"texture":"#0"},"up":{"uv":[10,7.375,8.25,7.25],"texture":"#0"},"down":{"uv":[6.625,8.875,4.875,9],"texture":"#0"}}},{"from":[2,13.2416,3.27999],"to":[14,14.2416,10.52999],"rotation":{"angle":0,"axis":"y","origin":[7.84192,14.27159,4.0957]},"faces":{"north":{"uv":[1.75,9.625,3.25,9.75],"texture":"#0"},"east":{"uv":[0,9.75,0.875,9.875],"texture":"#0"},"south":{"uv":[9.75,1,11.25,1.125],"texture":"#0"},"west":{"uv":[9.75,1.375,10.625,1.5],"texture":"#0"},"up":{"uv":[8.5,5.125,7,4.25],"texture":"#0"},"down":{"uv":[1.5,7.25,0,8.125],"texture":"#0"}}},{"from":[1.9375,9.2416,0.27999],"to":[14.0625,13.2416,12.90499],"rotation":{"angle":0,"axis":"y","origin":[8.02942,14.27159,4.0957]},"faces":{"north":{"uv":[8.25,1,9.75,1.5],"texture":"#0"},"east":{"uv":[8.125,7.375,9.75,7.875],"texture":"#0"},"south":{"uv":[8.25,1.5,9.75,2],"texture":"#0"},"west":{"uv":[8.125,7.875,9.75,8.375],"texture":"#0"},"up":{"uv":[4.5,6.5,3,4.875],"texture":"#0"},"down":{"uv":[6,5.75,4.5,7.375],"texture":"#0"}}},{"from":[1.9375,9.2416,12.90499],"to":[14.0625,11.7416,16.52999],"rotation":{"angle":0,"axis":"y","origin":[8,10.4916,15.71749]},"faces":{"north":{"uv":[9,5,10.5,5.375],"texture":"#0"},"east":{"uv":[3.625,9.625,4.125,10],"texture":"#0"},"south":{"uv":[9,5.375,10.5,5.75],"texture":"#0"},"west":{"uv":[4.125,9.625,4.625,10],"texture":"#0"},"up":{"uv":[9.75,7.25,8.25,6.75],"texture":"#0"},"down":{"uv":[9.875,2,8.375,2.5],"texture":"#0"}}},{"from":[1.9375,9.2416,16.52999],"to":[14.0625,10.4916,18.40499],"rotation":{"angle":0,"axis":"y","origin":[8,10.4916,15.71749]},"faces":{"north":{"uv":[9.75,1.125,11.25,1.25],"texture":"#0"},"east":{"uv":[4.25,7.25,4.5,7.375],"texture":"#0"},"south":{"uv":[9.75,1.25,11.25,1.375],"texture":"#0"},"west":{"uv":[1.5,7.5,1.75,7.625],"texture":"#0"},"up":{"uv":[10.75,9.5,9.25,9.25],"texture":"#0"},"down":{"uv":[3.25,9.375,1.75,9.625],"texture":"#0"}}},{"from":[1.4375,-0.0084,0.21749],"to":[3.0625,17.2416,4.40499],"rotation":{"angle":22.5,"axis":"y","origin":[1.5,8.7416,6.59249]},"faces":{"north":{"uv":[2.75,6.625,3,8.75],"texture":"#0"},"east":{"uv":[2.25,6.625,2.75,8.75],"texture":"#0"},"south":{"uv":[1.25,8.75,1.5,10.875],"texture":"#0"},"west":{"uv":[1.75,7.25,2.25,9.375],"texture":"#0"},"up":{"uv":[6.25,2.5,6,2],"texture":"#0"},"down":{"uv":[4.375,6.5,4.125,7],"texture":"#0"}}},{"from":[12.9375,-0.0084,0.21749],"to":[14.5625,17.2416,4.40499],"rotation":{"angle":-22.5,"axis":"y","origin":[14.5,8.7416,6.59249]},"faces":{"north":{"uv":[3,6.625,2.75,8.75],"texture":"#0"},"east":{"uv":[2.25,7.25,1.75,9.375],"texture":"#0"},"south":{"uv":[1.5,8.75,1.25,10.875],"texture":"#0"},"west":{"uv":[2.75,6.625,2.25,8.75],"texture":"#0"},"up":{"uv":[6,2.5,6.25,2],"texture":"#0"},"down":{"uv":[4.125,6.5,4.375,7],"texture":"#0"}}},{"from":[1.4375,7.47388,3.81682],"to":[2.3125,9.34888,22.94182],"rotation":{"angle":0,"axis":"y","origin":[8,9.72388,15.94182]},"faces":{"north":{"uv":[6.25,2,6.375,2.25],"texture":"#0"},"east":{"uv":[6.75,8.75,9.125,9],"texture":"#0"},"south":{"uv":[6.25,2.25,6.375,2.5],"texture":"#0"},"west":{"uv":[4.875,9,7.25,9.25],"texture":"#0"},"up":{"uv":[4.625,2.375,4.5,0],"texture":"#0"},"down":{"uv":[3.625,8.875,3.5,11.25],"texture":"#0"}}},{"from":[13.6875,7.47388,3.81682],"to":[14.5625,9.34888,22.94182],"rotation":{"angle":0,"axis":"y","origin":[8,9.72388,15.94182]},"faces":{"north":{"uv":[6.375,2,6.25,2.25],"texture":"#0"},"east":{"uv":[7.25,9,4.875,9.25],"texture":"#0"},"south":{"uv":[6.375,2.25,6.25,2.5],"texture":"#0"},"west":{"uv":[9.125,8.75,6.75,9],"texture":"#0"},"up":{"uv":[4.5,2.375,4.625,0],"texture":"#0"},"down":{"uv":[3.5,8.875,3.625,11.25],"texture":"#0"}}},{"from":[5.08064,11.26066,5.27999],"to":[9.08064,15.26066,13.52999],"rotation":{"angle":45,"axis":"z","origin":[7.84192,14.27159,4.0957]},"faces":{"north":{"uv":[3.625,6.5,4.125,7],"texture":"#0"},"east":{"uv":[2.25,8.875,3.25,9.375],"texture":"#0"},"south":{"uv":[9.25,9.5,9.75,10],"texture":"#0"},"west":{"uv":[7.25,9,8.25,9.5],"texture":"#0"},"up":{"uv":[8.75,10,8.25,9],"texture":"#0"},"down":{"uv":[9.25,9,8.75,10],"texture":"#0"}}},{"from":[2.0625,15.20141,10.02913],"to":[13.9375,16.70141,24.02913],"rotation":{"angle":22.5,"axis":"x","origin":[8.02942,14.27159,4.0957]},"faces":{"north":{"uv":[4.875,9.5,6.375,9.75],"texture":"#0"},"east":{"uv":[9.25,3.25,11,3.5],"texture":"#0"},"south":{"uv":[6.375,9.5,7.875,9.75],"texture":"#0"},"west":{"uv":[9.25,3.5,11,3.75],"texture":"#0"},"up":{"uv":[1.5,6.625,0,4.875],"texture":"#0"},"down":{"uv":[3,4.875,1.5,6.625],"texture":"#0"}}},{"from":[1.5,7.9801,22.53314],"to":[14.5,9.9801,24.78314],"rotation":{"angle":-22.5,"axis":"x","origin":[8,8.7301,24.03314]},"faces":{"north":{"uv":[9.25,3.75,10.875,4],"texture":"#0"},"east":{"uv":[4.25,7,4.5,7.25],"texture":"#0"},"south":{"uv":[9.25,4,10.875,4.25],"texture":"#0"},"west":{"uv":[1.5,7.25,1.75,7.5],"texture":"#0"},"up":{"uv":[6.5,9.5,4.875,9.25],"texture":"#0"},"down":{"uv":[10.875,9,9.25,9.25],"texture":"#0"}}},{"from":[1.4375,-0.18244,0.71602],"to":[14.375,3.81756,23.71602],"rotation":{"angle":0,"axis":"y","origin":[7.97656,-0.05342,15.2415]},"faces":{"north":{"uv":[8.25,0,9.875,0.5],"texture":"#0"},"east":{"uv":[5.625,7.375,8.125,7.875],"texture":"#0"},"south":{"uv":[8.25,0.5,9.875,1],"texture":"#0"},"west":{"uv":[5.625,7.875,8.125,8.375],"texture":"#0"},"up":{"uv":[1.625,4.875,0,2.375],"texture":"#0"},"down":{"uv":[3.25,2.375,1.625,4.875],"texture":"#0"}}},{"from":[2.25,5.5,22.75],"to":[13.75,7.6875,23.75],"faces":{"north":{"uv":[0,2,2.875,2.5],"texture":"#1"},"east":{"uv":[0.75,3.5,1,4],"texture":"#1"},"south":{"uv":[0,2.5,2.875,3],"texture":"#1"},"west":{"uv":[1,3.5,1.25,4],"texture":"#1"},"up":{"uv":[6.375,2.75,3.5,2.5],"texture":"#1"},"down":{"uv":[6.375,2.75,3.5,3],"texture":"#1"}}},{"from":[2.25,5.5,2.75],"to":[3.25,7.6875,22.75],"faces":{"north":{"uv":[1.75,3.5,2,4],"texture":"#1"},"east":{"uv":[0,1,5,1.5],"texture":"#1"},"south":{"uv":[2,3.5,2.25,4],"texture":"#1"},"west":{"uv":[0,1.5,5,2],"texture":"#1"},"up":{"uv":[3.5,7.5,3.25,2.5],"texture":"#1"},"down":{"uv":[0.25,3.5,0,8.5],"texture":"#1"}}},{"from":[12.75,5.5,2.75],"to":[13.75,7.6875,22.75],"rotation":{"angle":0,"axis":"y","origin":[16,0,0]},"faces":{"north":{"uv":[2,3.5,1.75,4],"texture":"#1"},"east":{"uv":[5,1.5,0,2],"texture":"#1"},"south":{"uv":[2.25,3.5,2,4],"texture":"#1"},"west":{"uv":[5,1,0,1.5],"texture":"#1"},"up":{"uv":[3.25,7.5,3.5,2.5],"texture":"#1"},"down":{"uv":[0,3.5,0.25,8.5],"texture":"#1"}}},{"from":[2.5,3.8125,22.75],"to":[13.5,5.5,23.75],"rotation":{"angle":0,"axis":"y","origin":[7.97656,-0.05342,15.2415]},"faces":{"north":{"uv":[0,3,2.625,3.5],"texture":"#1"},"east":{"uv":[0.25,3.5,0.5,4],"texture":"#1"},"south":{"uv":[3,2,5.625,2.5],"texture":"#1"},"west":{"uv":[0.5,3.5,0.75,4],"texture":"#1"},"up":{"uv":[6.125,3.25,3.5,3],"texture":"#1"},"down":{"uv":[6.25,3.25,3.5,3.5],"texture":"#1"}}},{"from":[2.5,3.8125,2.75],"to":[3.5,5.5,22.75],"rotation":{"angle":0,"axis":"y","origin":[7.97656,-0.05342,15.2415]},"faces":{"north":{"uv":[1.25,3.5,1.5,4],"texture":"#1"},"east":{"uv":[0,0,5,0.5],"texture":"#1"},"south":{"uv":[1.5,3.5,1.75,4],"texture":"#1"},"west":{"uv":[0,0.5,5,1],"texture":"#1"},"up":{"uv":[3.25,7.5,3,2.5],"texture":"#1"},"down":{"uv":[3,3,2.75,8],"texture":"#1"}}},{"from":[12.5,3.8125,2.75],"to":[13.5,5.5,22.75],"rotation":{"angle":0,"axis":"y","origin":[7.97656,-0.05342,15.2415]},"faces":{"north":{"uv":[1.5,3.5,1.25,4],"texture":"#1"},"east":{"uv":[5,0.5,0,1],"texture":"#1"},"south":{"uv":[1.75,3.5,1.5,4],"texture":"#1"},"west":{"uv":[5,0,0,0.5],"texture":"#1"},"up":{"uv":[3,7.5,3.25,2.5],"texture":"#1"},"down":{"uv":[2.75,3,3,8],"texture":"#1"}}},{"from":[-1.9,20.65,-7.4],"to":[17.9,21.65,-2.4],"rotation":{"angle":22.5,"axis":"x","origin":[8.5,19.5,-4.5]},"faces":{"north":{"uv":[9,2,14,2.25],"texture":"#2"},"east":{"uv":[1.5,11.5,2.75,11.75],"texture":"#2"},"south":{"uv":[9.25,1.25,14.25,1.5],"texture":"#2"},"west":{"uv":[11.75,2.75,13,3],"texture":"#2"},"up":{"uv":[5,1.25,0,0],"texture":"#2"},"down":{"uv":[5,1.25,0,2.5],"texture":"#2"}}},{"from":[-1.1,20.65,-2.4],"to":[17.1,21.65,2.6],"rotation":{"angle":22.5,"axis":"x","origin":[8.5,19.5,-4.5]},"faces":{"north":{"uv":[9.75,7.25,14.25,7.5],"texture":"#2"},"east":{"uv":[11.75,6.5,13,6.75],"texture":"#2"},"south":{"uv":[10.25,9.25,14.75,9.5],"texture":"#2"},"west":{"uv":[12,4.5,13.25,4.75],"texture":"#2"},"up":{"uv":[4.5,3.75,0,2.5],"texture":"#2"},"down":{"uv":[4.5,3.75,0,5],"texture":"#2"}}},{"from":[0,20.65,2.6],"to":[16,21.65,6.6],"rotation":{"angle":22.5,"axis":"x","origin":[8.5,19.5,-4.5]},"faces":{"north":{"uv":[10.5,10.5,14.5,10.75],"texture":"#2"},"east":{"uv":[12,6,13,6.25],"texture":"#2"},"south":{"uv":[10.75,0,14.75,0.25],"texture":"#2"},"west":{"uv":[12,6.25,13,6.5],"texture":"#2"},"up":{"uv":[8.5,3.5,4.5,2.5],"texture":"#2"},"down":{"uv":[8.5,3.5,4.5,4.5],"texture":"#2"}}},{"from":[0.1,14.19422,2.77336],"to":[15.9,17.64422,5.47336],"rotation":{"angle":0,"axis":"y","origin":[8,15.69422,3.77336]},"faces":{"north":{"uv":[5,1.5,9,2.25],"texture":"#2"},"east":{"uv":[4.25,9.5,5,10.25],"texture":"#2"},"south":{"uv":[5.25,4.5,9.25,5.25],"texture":"#2"},"west":{"uv":[8.25,11.5,9,12.25],"texture":"#2"},"up":{"uv":[9.25,6,5.25,5.25],"texture":"#2"},"down":{"uv":[9.25,6,5.25,6.75],"texture":"#2"}}},{"from":[1.1,12.84422,5.52336],"to":[14.9,14.29422,9.22336],"rotation":{"angle":0,"axis":"y","origin":[8,15.69422,3.77336]},"faces":{"north":{"uv":[5,1.5,9,2.25],"texture":"#2"},"east":{"uv":[3.5,15.25,4.25,15.75],"texture":"#2"},"south":{"uv":[5.25,4.5,9.25,5.25],"texture":"#2"},"west":{"uv":[4.25,15.25,5,15.75],"texture":"#2"},"up":{"uv":[3.5,16,0,15.25],"texture":"#2"},"down":{"uv":[9.25,6,5.25,6.75],"texture":"#2"}}},{"from":[6.75,21.65,-7.4],"to":[9.25,22.65,12.6],"rotation":{"angle":22.5,"axis":"x","origin":[8.5,19.5,-4.5]},"faces":{"north":{"uv":[2.75,11.5,3.5,11.75],"texture":"#2"},"east":{"uv":[9.75,6.75,14.75,7],"texture":"#2"},"south":{"uv":[12.25,4.75,13,5],"texture":"#2"},"west":{"uv":[9.75,7,14.75,7.25],"texture":"#2"},"up":{"uv":[5.25,9.5,4.5,4.5],"texture":"#2"},"down":{"uv":[0.75,5,0,10],"texture":"#2"}}},{"from":[6.85,14.99098,11.93185],"to":[9.15,15.99098,23.63185],"rotation":{"angle":0,"axis":"y","origin":[8,13.49098,16.93185]},"faces":{"north":{"uv":[3.75,11,4.25,11.25],"texture":"#2"},"east":{"uv":[11.75,2.25,14.75,2.5],"texture":"#2"},"south":{"uv":[12.5,4,13,4.25],"texture":"#2"},"west":{"uv":[11.75,2.5,14.75,2.75],"texture":"#2"},"up":{"uv":[4.25,11,3.75,8],"texture":"#2"},"down":{"uv":[9.75,4.5,9.25,7.5],"texture":"#2"}}},{"from":[6.75,8.69098,22.93185],"to":[9.25,15.84098,23.93185],"rotation":{"angle":-22.5,"axis":"x","origin":[8,14.99098,23.43185]},"faces":{"north":{"uv":[2.75,9.75,3.5,11.5],"texture":"#2"},"east":{"uv":[11.75,11.25,12,13],"texture":"#2"},"south":{"uv":[0,10,0.75,11.75],"texture":"#2"},"west":{"uv":[1.5,12,1.75,13.75],"texture":"#2"},"up":{"uv":[13,5.25,12.25,5],"texture":"#2"},"down":{"uv":[13,5.25,12.25,5.5],"texture":"#2"}}},{"from":[7.25,12.66976,4.46469],"to":[10.5,15.91976,9.46469],"rotation":{"angle":-45,"axis":"z","origin":[8,15.16976,10.46469]},"faces":{"north":{"uv":[9,11.5,9.75,12.25],"texture":"#2"},"east":{"uv":[11.25,7.5,12.5,8.25],"texture":"#2"},"south":{"uv":[9.75,11.5,10.5,12.25],"texture":"#2"},"west":{"uv":[10.5,11.25,11.75,12],"texture":"#2"},"up":{"uv":[8.25,12.5,7.5,11.25],"texture":"#2"},"down":{"uv":[1.5,11.5,0.75,12.75],"texture":"#2"}}},{"from":[7.25,12.41976,9.46469],"to":[10.75,15.91976,14.71469],"rotation":{"angle":-45,"axis":"z","origin":[8,15.16976,10.46469]},"faces":{"north":{"uv":[0.75,10.5,1.75,11.5],"texture":"#2"},"east":{"uv":[7.25,10.25,8.5,11.25],"texture":"#2"},"south":{"uv":[1.75,10.5,2.75,11.5],"texture":"#2"},"west":{"uv":[10.25,8.25,11.5,9.25],"texture":"#2"},"up":{"uv":[9.5,11.5,8.5,10.25],"texture":"#2"},"down":{"uv":[10.5,10.25,9.5,11.5],"texture":"#2"}}},{"from":[0,14.25,8.75],"to":[16,15.25,10],"rotation":{"angle":22.5,"axis":"x","origin":[8.5,13.75,8.5]},"faces":{"north":{"uv":[10.75,0.25,14.75,0.5],"texture":"#2"},"east":{"uv":[12.5,4.25,13,4.5],"texture":"#2"},"south":{"uv":[10.75,0.5,14.75,0.75],"texture":"#2"},"west":{"uv":[5.5,12.5,6,12.75],"texture":"#2"},"up":{"uv":[12.5,4.5,8.5,4],"texture":"#2"},"down":{"uv":[13,1.5,9,2],"texture":"#2"}}},{"from":[-1,14.25,10],"to":[17,15.25,12],"rotation":{"angle":22.5,"axis":"x","origin":[8.5,13.75,8.5]},"faces":{"north":{"uv":[10.5,9.5,15,9.75],"texture":"#2"},"east":{"uv":[6,12.5,6.5,12.75],"texture":"#2"},"south":{"uv":[10.5,9.75,15,10],"texture":"#2"},"west":{"uv":[6.5,12.5,7,12.75],"texture":"#2"},"up":{"uv":[13,3.5,8.5,3],"texture":"#2"},"down":{"uv":[13,3.5,8.5,4],"texture":"#2"}}},{"from":[-0.5,14.5,12],"to":[16.5,15.5,15],"rotation":{"angle":22.5,"axis":"x","origin":[8.5,13.75,8.5]},"faces":{"north":{"uv":[10.5,10,14.75,10.25],"texture":"#2"},"east":{"uv":[5.5,12.25,6.25,12.5],"texture":"#2"},"south":{"uv":[10.5,10.25,14.75,10.5],"texture":"#2"},"west":{"uv":[12.25,5.5,13,5.75],"texture":"#2"},"up":{"uv":[9.25,0.75,5,0],"texture":"#2"},"down":{"uv":[9.25,0.75,5,1.5],"texture":"#2"}}},{"from":[0,14.75,15],"to":[16,15.75,18],"rotation":{"angle":22.5,"axis":"x","origin":[8.5,13.75,8.5]},"faces":{"north":{"uv":[10.75,0.75,14.75,1],"texture":"#2"},"east":{"uv":[12.25,5.75,13,6],"texture":"#2"},"south":{"uv":[10.75,1,14.75,1.25],"texture":"#2"},"west":{"uv":[6.25,12.25,7,12.5],"texture":"#2"},"up":{"uv":[9.25,7.5,5.25,6.75],"texture":"#2"},"down":{"uv":[9.25,7.5,5.25,8.25],"texture":"#2"}}},{"from":[0.5,15.25,18],"to":[15.5,16.25,21],"rotation":{"angle":22.5,"axis":"x","origin":[8.5,13.75,8.5]},"faces":{"north":{"uv":[11.5,8.25,15.25,8.5],"texture":"#2"},"east":{"uv":[8.25,12.25,9,12.5],"texture":"#2"},"south":{"uv":[11.5,8.5,15.25,8.75],"texture":"#2"},"west":{"uv":[9,12.25,9.75,12.5],"texture":"#2"},"up":{"uv":[4.5,5.75,0.75,5],"texture":"#2"},"down":{"uv":[4.5,5.75,0.75,6.5],"texture":"#2"}}},{"from":[1,15.5,21],"to":[15,16.5,24],"rotation":{"angle":22.5,"axis":"x","origin":[8.5,13.75,8.5]},"faces":{"north":{"uv":[5,2.25,8.5,2.5],"texture":"#2"},"east":{"uv":[9.75,12.25,10.5,12.5],"texture":"#2"},"south":{"uv":[11.5,8.75,15,9],"texture":"#2"},"west":{"uv":[12.25,11.25,13,11.5],"texture":"#2"},"up":{"uv":[4.25,7.25,0.75,6.5],"texture":"#2"},"down":{"uv":[4.25,7.25,0.75,8],"texture":"#2"}}},{"from":[1.4,15.75,24],"to":[14.6,16.75,27.25],"rotation":{"angle":22.5,"axis":"x","origin":[8.5,13.75,8.5]},"faces":{"north":{"uv":[11.5,9,14.75,9.25],"texture":"#2"},"east":{"uv":[12.25,11.5,13,11.75],"texture":"#2"},"south":{"uv":[1.5,11.75,4.75,12],"texture":"#2"},"west":{"uv":[12.25,11.75,13,12],"texture":"#2"},"up":{"uv":[8.5,9,5.25,8.25],"texture":"#2"},"down":{"uv":[11.75,2.25,8.5,3],"texture":"#2"}}},{"from":[-1.9,15.8,-7.8],"to":[-1,20.55,-0.8],"rotation":{"angle":22.5,"axis":"x","origin":[-1.5,18.375,-4.5]},"faces":{"north":{"uv":[4,12,4.25,13.25],"texture":"#2"},"east":{"uv":[8.5,8.25,10.25,9.5],"texture":"#2"},"south":{"uv":[4.25,12,4.5,13.25],"texture":"#2"},"west":{"uv":[5.25,9,7,10.25],"texture":"#2"},"up":{"uv":[2,13.75,1.75,12],"texture":"#2"},"down":{"uv":[2.25,12,2,13.75],"texture":"#2"}}},{"from":[-1.8,15.8,-0.8],"to":[-0.9,18.55,7.45],"rotation":{"angle":22.5,"axis":"x","origin":[-1.5,18.375,-4.5]},"faces":{"north":{"uv":[5,9.5,5.25,10.25],"texture":"#2"},"east":{"uv":[9.25,7.5,11.25,8.25],"texture":"#2"},"south":{"uv":[11.5,12,11.75,12.75],"texture":"#2"},"west":{"uv":[8.5,9.5,10.5,10.25],"texture":"#2"},"up":{"uv":[4.5,8.5,4.25,6.5],"texture":"#2"},"down":{"uv":[0.25,11.75,0,13.75],"texture":"#2"}}},{"from":[-1.7,10.82999,-2.01191],"to":[-0.8,13.57999,5.48809],"rotation":{"angle":45,"axis":"x","origin":[-1.45,11.20499,2.48809]},"faces":{"north":{"uv":[7,12.25,7.25,13],"texture":"#2"},"east":{"uv":[0.75,9.75,2.75,10.5],"texture":"#2"},"south":{"uv":[7.25,12.25,7.5,13],"texture":"#2"},"west":{"uv":[9.75,4.5,11.75,5.25],"texture":"#2"},"up":{"uv":[0.5,13.75,0.25,11.75],"texture":"#2"},"down":{"uv":[0.75,11.75,0.5,13.75],"texture":"#2"}}},{"from":[-0.9,12.8,7.2],"to":[0,19.65,12.7],"rotation":{"angle":22.5,"axis":"x","origin":[-1.5,18.375,-4.5]},"faces":{"north":{"uv":[2.25,12,2.5,13.75],"texture":"#2"},"east":{"uv":[0.75,8,2.25,9.75],"texture":"#2"},"south":{"uv":[2.5,12,2.75,13.75],"texture":"#2"},"west":{"uv":[2.25,8,3.75,9.75],"texture":"#2"},"up":{"uv":[3.75,11.25,3.5,9.75],"texture":"#2"},"down":{"uv":[3,12,2.75,13.5],"texture":"#2"}}},{"from":[-0.4,15.4,12.7],"to":[0.5,20.15,18.2],"rotation":{"angle":22.5,"axis":"x","origin":[-1.5,18.375,-4.5]},"faces":{"north":{"uv":[4.5,12,4.75,13.25],"texture":"#2"},"east":{"uv":[7,9,8.5,10.25],"texture":"#2"},"south":{"uv":[12,4.75,12.25,6],"texture":"#2"},"west":{"uv":[9.25,0,10.75,1.25],"texture":"#2"},"up":{"uv":[3.25,13.5,3,12],"texture":"#2"},"down":{"uv":[3.5,12,3.25,13.5],"texture":"#2"}}},{"from":[-0.5,6.71338,9.18642],"to":[0.4,9.01338,16.68642],"rotation":{"angle":0,"axis":"y","origin":[0.05,8.33838,12.93642]},"faces":{"north":{"uv":[7.5,12.5,7.75,13],"texture":"#2"},"east":{"uv":[10.5,10.75,12.5,11.25],"texture":"#2"},"south":{"uv":[12.5,7.5,12.75,8],"texture":"#2"},"west":{"uv":[3.5,11.25,5.5,11.75],"texture":"#2"},"up":{"uv":[12,6.5,11.75,4.5],"texture":"#2"},"down":{"uv":[5,11.75,4.75,13.75],"texture":"#2"}}},{"from":[0,5.71338,16.68642],"to":[0.9,8.26338,24.18642],"rotation":{"angle":0,"axis":"y","origin":[0.05,8.33838,12.93642]},"faces":{"north":{"uv":[12,12.25,12.25,13],"texture":"#2"},"east":{"uv":[9.75,5.25,11.75,6],"texture":"#2"},"south":{"uv":[12.25,12,12.5,12.75],"texture":"#2"},"west":{"uv":[9.75,6,11.75,6.75],"texture":"#2"},"up":{"uv":[5.25,13.75,5,11.75],"texture":"#2"},"down":{"uv":[5.5,11.75,5.25,13.75],"texture":"#2"}}},{"from":[0.2,17.15,18.2],"to":[1.1,20.9,23.7],"rotation":{"angle":22.5,"axis":"x","origin":[-1.5,18.375,-4.5]},"faces":{"north":{"uv":[4.25,8.5,4.5,9.5],"texture":"#2"},"east":{"uv":[4.25,10.25,5.75,11.25],"texture":"#2"},"south":{"uv":[10.5,12,10.75,13],"texture":"#2"},"west":{"uv":[5.75,10.25,7.25,11.25],"texture":"#2"},"up":{"uv":[3.75,13.5,3.5,12],"texture":"#2"},"down":{"uv":[4,12,3.75,13.5],"texture":"#2"}}},{"from":[0.6,17.4,23.7],"to":[1.5,21.15,27.95],"rotation":{"angle":22.5,"axis":"x","origin":[-1.5,18.375,-4.5]},"faces":{"north":{"uv":[10.75,12,11,13],"texture":"#2"},"east":{"uv":[5.5,11.25,6.5,12.25],"texture":"#2"},"south":{"uv":[11,12,11.25,13],"texture":"#2"},"west":{"uv":[6.5,11.25,7.5,12.25],"texture":"#2"},"up":{"uv":[11.5,13,11.25,12],"texture":"#2"},"down":{"uv":[12.25,11.25,12,12.25],"texture":"#2"}}},{"from":[17,15.8,-7.8],"to":[17.9,20.55,-0.8],"rotation":{"angle":22.5,"axis":"x","origin":[17.5,18.375,-4.5]},"faces":{"north":{"uv":[4.25,12,4,13.25],"texture":"#2"},"east":{"uv":[7,9,5.25,10.25],"texture":"#2"},"south":{"uv":[4.5,12,4.25,13.25],"texture":"#2"},"west":{"uv":[10.25,8.25,8.5,9.5],"texture":"#2"},"up":{"uv":[1.75,13.75,2,12],"texture":"#2"},"down":{"uv":[2,12,2.25,13.75],"texture":"#2"}}},{"from":[16.9,15.8,-0.8],"to":[17.8,18.55,7.45],"rotation":{"angle":22.5,"axis":"x","origin":[17.5,18.375,-4.5]},"faces":{"north":{"uv":[5.25,9.5,5,10.25],"texture":"#2"},"east":{"uv":[10.5,9.5,8.5,10.25],"texture":"#2"},"south":{"uv":[11.75,12,11.5,12.75],"texture":"#2"},"west":{"uv":[11.25,7.5,9.25,8.25],"texture":"#2"},"up":{"uv":[4.25,8.5,4.5,6.5],"texture":"#2"},"down":{"uv":[0,11.75,0.25,13.75],"texture":"#2"}}},{"from":[16.8,10.82999,-2.01191],"to":[17.7,13.57999,5.48809],"rotation":{"angle":45,"axis":"x","origin":[17.45,11.20499,2.48809]},"faces":{"north":{"uv":[7.25,12.25,7,13],"texture":"#2"},"east":{"uv":[11.75,4.5,9.75,5.25],"texture":"#2"},"south":{"uv":[7.5,12.25,7.25,13],"texture":"#2"},"west":{"uv":[2.75,9.75,0.75,10.5],"texture":"#2"},"up":{"uv":[0.25,13.75,0.5,11.75],"texture":"#2"},"down":{"uv":[0.5,11.75,0.75,13.75],"texture":"#2"}}},{"from":[16,12.8,7.2],"to":[16.9,19.65,12.7],"rotation":{"angle":22.5,"axis":"x","origin":[17.5,18.375,-4.5]},"faces":{"north":{"uv":[2.5,12,2.25,13.75],"texture":"#2"},"east":{"uv":[3.75,8,2.25,9.75],"texture":"#2"},"south":{"uv":[2.75,12,2.5,13.75],"texture":"#2"},"west":{"uv":[2.25,8,0.75,9.75],"texture":"#2"},"up":{"uv":[3.5,11.25,3.75,9.75],"texture":"#2"},"down":{"uv":[2.75,12,3,13.5],"texture":"#2"}}},{"from":[15.5,15.4,12.7],"to":[16.4,20.15,18.2],"rotation":{"angle":22.5,"axis":"x","origin":[17.5,18.375,-4.5]},"faces":{"north":{"uv":[4.75,12,4.5,13.25],"texture":"#2"},"east":{"uv":[10.75,0,9.25,1.25],"texture":"#2"},"south":{"uv":[12.25,4.75,12,6],"texture":"#2"},"west":{"uv":[8.5,9,7,10.25],"texture":"#2"},"up":{"uv":[3,13.5,3.25,12],"texture":"#2"},"down":{"uv":[3.25,12,3.5,13.5],"texture":"#2"}}},{"from":[15.6,6.71338,9.18642],"to":[16.5,9.01338,16.68642],"rotation":{"angle":0,"axis":"y","origin":[15.95,8.33838,12.93642]},"faces":{"north":{"uv":[7.75,12.5,7.5,13],"texture":"#2"},"east":{"uv":[5.5,11.25,3.5,11.75],"texture":"#2"},"south":{"uv":[12.75,7.5,12.5,8],"texture":"#2"},"west":{"uv":[12.5,10.75,10.5,11.25],"texture":"#2"},"up":{"uv":[11.75,6.5,12,4.5],"texture":"#2"},"down":{"uv":[4.75,11.75,5,13.75],"texture":"#2"}}},{"from":[15.1,5.71338,16.68642],"to":[16,8.26338,24.18642],"rotation":{"angle":0,"axis":"y","origin":[15.95,8.33838,12.93642]},"faces":{"north":{"uv":[12.25,12.25,12,13],"texture":"#2"},"east":{"uv":[11.75,6,9.75,6.75],"texture":"#2"},"south":{"uv":[12.5,12,12.25,12.75],"texture":"#2"},"west":{"uv":[11.75,5.25,9.75,6],"texture":"#2"},"up":{"uv":[5,13.75,5.25,11.75],"texture":"#2"},"down":{"uv":[5.25,11.75,5.5,13.75],"texture":"#2"}}},{"from":[14.9,17.15,18.2],"to":[15.8,20.9,23.7],"rotation":{"angle":22.5,"axis":"x","origin":[17.5,18.375,-4.5]},"faces":{"north":{"uv":[4.5,8.5,4.25,9.5],"texture":"#2"},"east":{"uv":[7.25,10.25,5.75,11.25],"texture":"#2"},"south":{"uv":[10.75,12,10.5,13],"texture":"#2"},"west":{"uv":[5.75,10.25,4.25,11.25],"texture":"#2"},"up":{"uv":[3.5,13.5,3.75,12],"texture":"#2"},"down":{"uv":[3.75,12,4,13.5],"texture":"#2"}}},{"from":[14.5,17.4,23.7],"to":[15.4,21.15,27.95],"rotation":{"angle":22.5,"axis":"x","origin":[17.5,18.375,-4.5]},"faces":{"north":{"uv":[11,12,10.75,13],"texture":"#2"},"east":{"uv":[7.5,11.25,6.5,12.25],"texture":"#2"},"south":{"uv":[11.25,12,11,13],"texture":"#2"},"west":{"uv":[6.5,11.25,5.5,12.25],"texture":"#2"},"up":{"uv":[11.25,13,11.5,12],"texture":"#2"},"down":{"uv":[12,11.25,12.25,12.25],"texture":"#2"}}}],"display":{"gui":{"rotation":[8.5,37,0],"translation":[0.5,-1,-8],"scale":[0.45,0.45,0.45]},"head":{"rotation":[0,-180,0],"translation":[0,1,-13.5]},"fixed":{"rotation":[0,-180,0],"translation":[0,0,-15.5]}},"groups":[{"name":"cart","origin":[8,8,8],"color":0,"nbt":"{}","children":[{"name":"head","origin":[8,8,8],"color":0,"nbt":"{}","children":[0,1,2,3,4,5,6,7,8,9,10,11,12,13,14,15,16,17]},{"name":"Jaw","origin":[8,6.81756,13.59102],"color":0,"nbt":"{}","children":[18]},{"name":"theeth","origin":[8,8,8],"color":0,"nbt":"{}","children":[19,20,21,{"name":"jaw","origin":[0,0,0],"color":0,"nbt":"{}","children":[22,23,24]}]}]},{"name":"Helmet","origin":[8,8,8],"color":0,"nbt":"{}","children":[25,26,27,28,29,30,31,32,33,34,35,36,37,38,39,40,41,{"name":"SIDE","origin":[8,8,8],"color":0,"nbt":"{}","children":[42,43,44,45,46,47,48,49,50]},{"name":"SIDE","origin":[8,8,8],"color":0,"nbt":"{}","children":[51,52,53,54,55,56,57,58,59]}]}]}