{
	"textures": {
		"0": "animated_java:item/attack/body"
	},
	"display": {
		"head": {
			"rotation": [0, 180, 0]
		}
	},
	"elements": [
		{
			"from": [-3.83321, -16, 4.18398],
			"to": [19.83321, 5.84771, 17.1778],
			"rotation": {
				"angle": 0,
				"axis": "y",
				"origin": [8, -5.07614, 10.68089]
			},
			"faces": {
				"north": {
					"uv": [0, 0, 2.4375, 2.1875],
					"texture": "#0"
				},
				"east": {
					"uv": [2.5, 5, 3.8125, 7.1875],
					"texture": "#0"
				},
				"south": {
					"uv": [0, 2.25, 2.4375, 4.4375],
					"texture": "#0"
				},
				"west": {
					"uv": [5.75, 1.5, 7.0625, 3.6875],
					"texture": "#0"
				},
				"up": {
					"uv": [2.375, 5.8125, 0, 4.5],
					"texture": "#0"
				},
				"down": {
					"uv": [6.9375, 0, 4.5, 1.3125],
					"texture": "#0"
				}
			}
		}
	]
}