{
	"textures": {
		"0": "animated_java:item/attack/body"
	},
	"display": {
		"head": {
			"rotation": [0, 180, 0]
		}
	},
	"elements": [
		{
			"from": [3.75015, -13.23312, 3.80548],
			"to": [12.24985, 10.76688, 12.19452],
			"rotation": {
				"angle": 0,
				"axis": "y",
				"origin": [8, -1.23312, 8]
			},
			"faces": {
				"north": {
					"uv": [6.6875, 3.75, 5.75, 6.5],
					"texture": "#0"
				},
				"east": {
					"uv": [4.9375, 6.5, 4, 9.25],
					"texture": "#0"
				},
				"south": {
					"uv": [1.9375, 6, 1, 8.75],
					"texture": "#0"
				},
				"west": {
					"uv": [0.9375, 6, 0, 8.75],
					"texture": "#0"
				},
				"up": {
					"uv": [8.5, 7.6875, 9.4375, 6.75],
					"texture": "#0"
				},
				"down": {
					"uv": [7.75, 8.5, 8.6875, 9.4375],
					"texture": "#0"
				}
			}
		}
	]
}