{
	"textures": {
		"0": "animated_java:item/attack/body"
	},
	"display": {
		"head": {
			"rotation": [0, 180, 0]
		}
	},
	"elements": [
		{
			"from": [5.68152, -1.73305, 2.29196],
			"to": [12.64953, 10.27621, 12.9308],
			"rotation": {
				"angle": 0,
				"axis": "y",
				"origin": [8.83337, 4.27158, 7.61138]
			},
			"faces": {
				"north": {
					"uv": [11.1875, 5.5, 10.75, 6.375],
					"texture": "#0"
				},
				"east": {
					"uv": [2.25, 9.75, 1.5, 10.625],
					"texture": "#0"
				},
				"south": {
					"uv": [6.6875, 10.75, 6.25, 11.625],
					"texture": "#0"
				},
				"west": {
					"uv": [1.5, 9.75, 0.75, 10.625],
					"texture": "#0"
				},
				"up": {
					"uv": [6.75, 11.5, 7.1875, 10.75],
					"texture": "#0"
				},
				"down": {
					"uv": [7.25, 10.75, 7.6875, 11.5],
					"texture": "#0"
				}
			}
		},
		{
			"from": [4.32633, -13.39163, 4.62368],
			"to": [10.00692, 10.60837, 12.15356],
			"rotation": {
				"angle": 0,
				"axis": "y",
				"origin": [7.16663, -1.55771, 8.38862]
			},
			"faces": {
				"north": {
					"uv": [3.3125, 9.75, 3, 11.4375],
					"texture": "#0"
				},
				"east": {
					"uv": [9.0625, 5, 8.5, 6.6875],
					"texture": "#0"
				},
				"south": {
					"uv": [10.5625, 5.5, 10.25, 7.1875],
					"texture": "#0"
				},
				"west": {
					"uv": [8.8125, 2, 8.25, 3.6875],
					"texture": "#0"
				},
				"up": {
					"uv": [11.25, 0.5625, 11.5625, 0],
					"texture": "#0"
				},
				"down": {
					"uv": [11.25, 0.75, 11.5625, 1.3125],
					"texture": "#0"
				}
			}
		}
	]
}