{
	"textures": {
		"0": "animated_java:item/attack/body"
	},
	"display": {
		"head": {
			"rotation": [0, 180, 0]
		}
	},
	"elements": [
		{
			"from": [5.4584, 1.20733, 1.74752],
			"to": [9.54159, 8.79268, 14.25248],
			"rotation": {
				"angle": 0,
				"axis": "y",
				"origin": [10.47235, 49.42553, 7.06707]
			},
			"faces": {
				"north": {
					"uv": [8.375, 11.25, 8.25, 11.625],
					"texture": "#0"
				},
				"east": {
					"uv": [4.625, 11, 4, 11.375],
					"texture": "#0"
				},
				"south": {
					"uv": [8.625, 11.25, 8.5, 11.625],
					"texture": "#0"
				},
				"west": {
					"uv": [0.625, 11, 0, 11.375],
					"texture": "#0"
				},
				"up": {
					"uv": [11.25, 6.125, 11.375, 5.5],
					"texture": "#0"
				},
				"down": {
					"uv": [11.25, 7.25, 11.375, 7.875],
					"texture": "#0"
				}
			}
		}
	]
}