{
	"textures": {
		"0": "animated_java:item/attack/body"
	},
	"display": {
		"head": {
			"rotation": [0, 180, 0]
		}
	},
	"elements": [
		{
			"from": [1.88028, -16, 7.10663],
			"to": [14.11972, 0.33412, 22.31088],
			"rotation": {
				"angle": 0,
				"axis": "y",
				"origin": [8, -7.83294, 13.27878]
			},
			"faces": {
				"north": {
					"uv": [10.5, 3.75, 11.125, 4.5625],
					"texture": "#0"
				},
				"east": {
					"uv": [0, 8.75, 1.0625, 9.5625],
					"texture": "#0"
				},
				"south": {
					"uv": [10.5, 7.25, 11.125, 8.0625],
					"texture": "#0"
				},
				"west": {
					"uv": [1.25, 8.75, 2.3125, 9.5625],
					"texture": "#0"
				},
				"up": {
					"uv": [8.125, 10.5625, 7.5, 9.5],
					"texture": "#0"
				},
				"down": {
					"uv": [0.625, 9.75, 0, 10.8125],
					"texture": "#0"
				}
			}
		}
	]
}