{
	"textures": {
		"0": "animated_java:item/attack/body"
	},
	"display": {
		"head": {
			"rotation": [0, 180, 0]
		}
	},
	"elements": [
		{
			"from": [5.35825, 2.6538, 5.77325],
			"to": [8.64174, 9.3462, 10.22674],
			"rotation": {
				"angle": -22.5,
				"axis": "z",
				"origin": [7, 6, 8]
			},
			"faces": {
				"north": {
					"uv": [10, 5.5, 10.1875, 5.8125],
					"texture": "#0"
				},
				"east": {
					"uv": [7.75, 11.25, 7.9375, 11.5625],
					"texture": "#0"
				},
				"south": {
					"uv": [8, 11.25, 8.1875, 11.5625],
					"texture": "#0"
				},
				"west": {
					"uv": [11.25, 8, 11.4375, 8.3125],
					"texture": "#0"
				},
				"up": {
					"uv": [10.4375, 1.9375, 10.25, 1.75],
					"texture": "#0"
				},
				"down": {
					"uv": [10.6875, 1.75, 10.5, 1.9375],
					"texture": "#0"
				}
			}
		}
	]
}