{
	"textures": {
		"0": "animated_java:item/attack/body"
	},
	"display": {
		"head": {
			"rotation": [0, 180, 0]
		}
	},
	"elements": [
		{
			"from": [5.26353, 4.51401, 5.40755],
			"to": [10.2643, 10.18272, 10.40016],
			"rotation": {
				"angle": 0,
				"axis": "y",
				"origin": [7.76391, 7.34836, 7.90386]
			},
			"faces": {
				"north": {
					"uv": [2.25, 9.75, 3, 10.625],
					"texture": "#0"
				},
				"east": {
					"uv": [9.75, 3.75, 10.5, 4.625],
					"texture": "#0"
				},
				"south": {
					"uv": [5.5, 9.75, 6.25, 10.625],
					"texture": "#0"
				},
				"west": {
					"uv": [6.25, 9.75, 7, 10.625],
					"texture": "#0"
				},
				"up": {
					"uv": [10.5, 9.75, 9.75, 9],
					"texture": "#0"
				},
				"down": {
					"uv": [10.75, 3, 10, 3.75],
					"texture": "#0"
				}
			}
		},
		{
			"from": [4.86613, -3.8184, 6.49076],
			"to": [10.5976, 6.01651, 11.06676],
			"rotation": {
				"angle": 0,
				"axis": "y",
				"origin": [7.97222, 1.09906, 8.77876]
			},
			"faces": {
				"north": {
					"uv": [2, 7.25, 2.8125, 8.75],
					"texture": "#0"
				},
				"east": {
					"uv": [5, 7.75, 5.6875, 9.25],
					"texture": "#0"
				},
				"south": {
					"uv": [3, 7.25, 3.8125, 8.75],
					"texture": "#0"
				},
				"west": {
					"uv": [7.75, 5, 8.4375, 6.5],
					"texture": "#0"
				},
				"up": {
					"uv": [10.8125, 5.4375, 10, 4.75],
					"texture": "#0"
				},
				"down": {
					"uv": [10.8125, 9.75, 10, 10.4375],
					"texture": "#0"
				}
			}
		},
		{
			"from": [6.35956, -13.81728, 6.57409],
			"to": [9.84768, -3.14914, 9.98354],
			"rotation": {
				"angle": 0,
				"axis": "y",
				"origin": [8.26386, -8.48321, 8.27882]
			},
			"faces": {
				"north": {
					"uv": [6.5, 7.75, 7, 9.375],
					"texture": "#0"
				},
				"east": {
					"uv": [3.5, 8.75, 4, 10.375],
					"texture": "#0"
				},
				"south": {
					"uv": [7, 9, 7.5, 10.625],
					"texture": "#0"
				},
				"west": {
					"uv": [4, 9.25, 4.5, 10.875],
					"texture": "#0"
				},
				"up": {
					"uv": [4.5, 6.5, 4, 6],
					"texture": "#0"
				},
				"down": {
					"uv": [8.25, 10.75, 7.75, 11.25],
					"texture": "#0"
				}
			}
		}
	]
}