{
	"textures": {
		"0": "animated_java:item/attack/body"
	},
	"display": {
		"head": {
			"rotation": [0, 180, 0]
		}
	},
	"elements": [
		{
			"from": [-7.98192, 9.70023, 4.76786],
			"to": [6.37042, 19.64577, 13.99342],
			"rotation": {
				"angle": -45,
				"axis": "z",
				"origin": [-0.80575, 15.0285, 9.03881]
			},
			"faces": {
				"north": {
					"uv": [7.25, 3, 8.25, 3.6875],
					"texture": "#0"
				},
				"east": {
					"uv": [10.25, 1, 11.0625, 1.6875],
					"texture": "#0"
				},
				"south": {
					"uv": [9, 3, 10, 3.6875],
					"texture": "#0"
				},
				"west": {
					"uv": [4.5, 10.25, 5.3125, 10.9375],
					"texture": "#0"
				},
				"up": {
					"uv": [10, 0.8125, 9, 0],
					"texture": "#0"
				},
				"down": {
					"uv": [10, 2, 9, 2.8125],
					"texture": "#0"
				}
			}
		},
		{
			"from": [-3.27287, 0.38959, -2.28749],
			"to": [11.07947, 14.7789, 4.90076],
			"rotation": {
				"angle": 22.5,
				"axis": "z",
				"origin": [10.56897, 7.13987, 2.81752]
			},
			"faces": {
				"north": {
					"uv": [8, 0, 9, 1],
					"texture": "#0"
				},
				"east": {
					"uv": [4, 5, 4.5, 6],
					"texture": "#0"
				},
				"south": {
					"uv": [8.25, 1, 9.25, 2],
					"texture": "#0"
				},
				"west": {
					"uv": [2, 6, 2.5, 7],
					"texture": "#0"
				},
				"up": {
					"uv": [10, 11, 9, 10.5],
					"texture": "#0"
				},
				"down": {
					"uv": [11.5, 9, 10.5, 9.5],
					"texture": "#0"
				}
			}
		},
		{
			"from": [-7.03149, -4.35423, -2.27349],
			"to": [0.43406, 8.96857, 4.91477],
			"rotation": {
				"angle": 0,
				"axis": "y",
				"origin": [-3.29871, 2.75155, 1.92876]
			},
			"faces": {
				"north": {
					"uv": [3.5, 10.5, 4, 11.4375],
					"texture": "#0"
				},
				"east": {
					"uv": [10, 10.5, 10.5, 11.4375],
					"texture": "#0"
				},
				"south": {
					"uv": [10.5, 10.5, 11, 11.4375],
					"texture": "#0"
				},
				"west": {
					"uv": [10.75, 0, 11.25, 0.9375],
					"texture": "#0"
				},
				"up": {
					"uv": [8.75, 11.25, 8.25, 10.75],
					"texture": "#0"
				},
				"down": {
					"uv": [11.25, 8.25, 10.75, 8.75],
					"texture": "#0"
				}
			}
		}
	]
}