{
	"textures": {
		"0": "animated_java:item/attack/body"
	},
	"display": {
		"head": {
			"rotation": [0, 180, 0]
		}
	},
	"elements": [
		{
			"from": [2.23959, -13.29953, 2.37037],
			"to": [11.07332, 10.70047, 12.3105],
			"rotation": {
				"angle": 0,
				"axis": "y",
				"origin": [6.65645, -1.29953, 7.1821]
			},
			"faces": {
				"north": {
					"uv": [5.75, 7.75, 6.3125, 9.5625],
					"texture": "#0"
				},
				"east": {
					"uv": [7, 5, 7.75, 6.8125],
					"texture": "#0"
				},
				"south": {
					"uv": [7.75, 6.5, 8.3125, 8.3125],
					"texture": "#0"
				},
				"west": {
					"uv": [7, 7, 7.75, 8.8125],
					"texture": "#0"
				},
				"up": {
					"uv": [11.3125, 2.5, 10.75, 1.75],
					"texture": "#0"
				},
				"down": {
					"uv": [2.8125, 10.75, 2.25, 11.5],
					"texture": "#0"
				}
			}
		}
	]
}