{
	"textures": {
		"0": "animated_java:item/attack/body"
	},
	"display": {
		"head": {
			"rotation": [0, 180, 0]
		}
	},
	"elements": [
		{
			"from": [-1.68977, -4, 16.62491],
			"to": [15.93059, 20, 20.48525],
			"rotation": {
				"angle": 0,
				"axis": "y",
				"origin": [7.12041, 8, 18.78377]
			},
			"faces": {
				"north": {
					"uv": [7, 0, 7.9375, 1.3125],
					"texture": "#0"
				},
				"east": {
					"uv": [6.75, 5, 6.9375, 6.3125],
					"texture": "#0"
				},
				"south": {
					"uv": [7.25, 1.5, 8.1875, 2.8125],
					"texture": "#0"
				},
				"west": {
					"uv": [8.75, 10.75, 8.9375, 12.0625],
					"texture": "#0"
				},
				"up": {
					"uv": [11.6875, 8.9375, 10.75, 8.75],
					"texture": "#0"
				},
				"down": {
					"uv": [11.9375, 5.25, 11, 5.4375],
					"texture": "#0"
				}
			}
		}
	]
}