{
	"textures": {
		"0": "animated_java:item/attack/body"
	},
	"display": {
		"head": {
			"rotation": [0, 180, 0]
		}
	},
	"elements": [
		{
			"from": [5.05441, -2.60067, 1.74752],
			"to": [10.9456, 10.60067, 14.25248],
			"rotation": {
				"angle": 0,
				"axis": "y",
				"origin": [8, 4, 8]
			},
			"faces": {
				"north": {
					"uv": [9, 11, 9.3125, 11.625],
					"texture": "#0"
				},
				"east": {
					"uv": [10.75, 2.5, 11.375, 3.125],
					"texture": "#0"
				},
				"south": {
					"uv": [9.5, 11, 9.8125, 11.625],
					"texture": "#0"
				},
				"west": {
					"uv": [5.5, 10.75, 6.125, 11.375],
					"texture": "#0"
				},
				"up": {
					"uv": [11.3125, 10.375, 11, 9.75],
					"texture": "#0"
				},
				"down": {
					"uv": [11.3125, 10.5, 11, 11.125],
					"texture": "#0"
				}
			}
		}
	]
}