{
	"textures": {
		"0": "animated_java:item/attack/body"
	},
	"display": {
		"head": {
			"rotation": [0, 180, 0]
		}
	},
	"elements": [
		{
			"from": [-1.84672, -1.22376, -0.8972],
			"to": [17.84672, 17.22376, 16.8972],
			"rotation": {
				"angle": -22.5,
				"axis": "z",
				"origin": [8, 8, 8]
			},
			"faces": {
				"north": {
					"uv": [2.5, 8.75, 3.4375, 9.625],
					"texture": "#0"
				},
				"east": {
					"uv": [9.25, 1, 10.125, 1.875],
					"texture": "#0"
				},
				"south": {
					"uv": [8.75, 3.75, 9.6875, 4.625],
					"texture": "#0"
				},
				"west": {
					"uv": [4.5, 9.25, 5.375, 10.125],
					"texture": "#0"
				},
				"up": {
					"uv": [9.6875, 8.625, 8.75, 7.75],
					"texture": "#0"
				},
				"down": {
					"uv": [9.6875, 8.75, 8.75, 9.625],
					"texture": "#0"
				}
			}
		}
	]
}