{
	"textures": {
		"0": "animated_java:item/attack/body"
	},
	"display": {
		"head": {
			"rotation": [0, 180, 0]
		}
	},
	"elements": [
		{
			"from": [3.92977, 1.00732, -8.53527],
			"to": [14.9502, 5.2249, 12.24417],
			"rotation": {
				"angle": 0,
				"axis": "y",
				"origin": [17.02254, 84.41333, 7.47061]
			},
			"faces": {
				"north": {
					"uv": [11.25, 4, 11.875, 4.25],
					"texture": "#0"
				},
				"east": {
					"uv": [10.5, 9.5, 11.625, 9.75],
					"texture": "#0"
				},
				"south": {
					"uv": [11.25, 4.25, 11.875, 4.5],
					"texture": "#0"
				},
				"west": {
					"uv": [10.75, 7, 11.875, 7.25],
					"texture": "#0"
				},
				"up": {
					"uv": [9.875, 5.875, 9.25, 4.75],
					"texture": "#0"
				},
				"down": {
					"uv": [10.125, 6, 9.5, 7.125],
					"texture": "#0"
				}
			}
		},
		{
			"from": [3.05069, 2.4221, -5.11966],
			"to": [14.9456, 9.39387, 11.75801],
			"rotation": {
				"angle": -22.5,
				"axis": "x",
				"origin": [11.16135, 5.10468, 5.27006]
			},
			"faces": {
				"north": {
					"uv": [4.75, 11, 5.375, 11.375],
					"texture": "#0"
				},
				"east": {
					"uv": [10.75, 3.25, 11.6875, 3.625],
					"texture": "#0"
				},
				"south": {
					"uv": [11, 4.75, 11.625, 5.125],
					"texture": "#0"
				},
				"west": {
					"uv": [10.75, 6.5, 11.6875, 6.875],
					"texture": "#0"
				},
				"up": {
					"uv": [10.625, 0.9375, 10, 0],
					"texture": "#0"
				},
				"down": {
					"uv": [10.625, 2, 10, 2.9375],
					"texture": "#0"
				}
			}
		},
		{
			"from": [3.04702, 1.00732, -11.75583],
			"to": [6.31122, 4.07732, -8.53527],
			"rotation": {
				"angle": 0,
				"axis": "y",
				"origin": [17.02254, 84.41333, 7.47061]
			},
			"faces": {
				"north": {
					"uv": [2.0625, 7, 2.25, 7.1875],
					"texture": "#0"
				},
				"east": {
					"uv": [8.25, 9.5, 8.4375, 9.6875],
					"texture": "#0"
				},
				"south": {
					"uv": [2.25, 7, 2.5, 7.1875],
					"texture": "#0"
				},
				"west": {
					"uv": [8.5, 9.5, 8.6875, 9.6875],
					"texture": "#0"
				},
				"up": {
					"uv": [9, 4.9375, 8.8125, 4.75],
					"texture": "#0"
				},
				"down": {
					"uv": [9.25, 4.75, 9.0625, 4.9375],
					"texture": "#0"
				}
			}
		}
	]
}