{
	"textures": {
		"0": "animated_java:item/attack/body"
	},
	"display": {
		"head": {
			"rotation": [0, 180, 0]
		}
	},
	"elements": [
		{
			"from": [7.45841, 1.20733, 1.74752],
			"to": [10.5416, 8.79268, 14.25248],
			"rotation": {
				"angle": 0,
				"axis": "y",
				"origin": [5.52765, 49.42553, 7.06707]
			},
			"faces": {
				"north": {
					"uv": [8.25, 11.25, 8.375, 11.625],
					"texture": "#0"
				},
				"east": {
					"uv": [0, 11, 0.625, 11.375],
					"texture": "#0"
				},
				"south": {
					"uv": [8.5, 11.25, 8.625, 11.625],
					"texture": "#0"
				},
				"west": {
					"uv": [4, 11, 4.625, 11.375],
					"texture": "#0"
				},
				"up": {
					"uv": [11.375, 6.125, 11.25, 5.5],
					"texture": "#0"
				},
				"down": {
					"uv": [11.375, 7.25, 11.25, 7.875],
					"texture": "#0"
				}
			}
		}
	]
}