{
	"textures": {
		"0": "animated_java:item/attack/body"
	},
	"display": {
		"head": {
			"rotation": [0, 180, 0]
		}
	},
	"elements": [
		{
			"from": [-1.82868, -11.9493, 4.72874],
			"to": [17.82868, 12.0507, 16.57194],
			"rotation": {
				"angle": 0,
				"axis": "y",
				"origin": [8, 0.0507, 10.65034]
			},
			"faces": {
				"north": {
					"uv": [2.4375, 0, 4.5, 2.4375],
					"texture": "#0"
				},
				"east": {
					"uv": [4.5, 1.5, 5.6875, 3.9375],
					"texture": "#0"
				},
				"south": {
					"uv": [2.4375, 2.5, 4.5, 4.9375],
					"texture": "#0"
				},
				"west": {
					"uv": [4.5, 4, 5.6875, 6.4375],
					"texture": "#0"
				},
				"up": {
					"uv": [7, 7.6875, 4.9375, 6.5],
					"texture": "#0"
				},
				"down": {
					"uv": [8.75, 3.75, 6.6875, 4.9375],
					"texture": "#0"
				}
			}
		},
		{
			"from": [12.06786, -2.50939, 4.18118],
			"to": [19.40653, 3.7059, 13.74853],
			"rotation": {
				"angle": 0,
				"axis": "y",
				"origin": [15.61754, 0.59825, 8.96485]
			},
			"faces": {
				"north": {
					"uv": [0.75, 10.75, 1.4375, 11.375],
					"texture": "#0"
				},
				"east": {
					"uv": [9.75, 8.25, 10.6875, 8.875],
					"texture": "#0"
				},
				"south": {
					"uv": [1.5, 10.75, 2.1875, 11.375],
					"texture": "#0"
				},
				"west": {
					"uv": [9, 9.75, 9.9375, 10.375],
					"texture": "#0"
				},
				"up": {
					"uv": [10.4375, 8.1875, 9.75, 7.25],
					"texture": "#0"
				},
				"down": {
					"uv": [8.9375, 9.75, 8.25, 10.6875],
					"texture": "#0"
				}
			}
		},
		{
			"from": [-3.40653, -2.50939, 4.18118],
			"to": [3.93214, 3.7059, 13.74853],
			"rotation": {
				"angle": 0,
				"axis": "y",
				"origin": [0.38246, 0.59825, 8.96485]
			},
			"faces": {
				"north": {
					"uv": [1.4375, 10.75, 0.75, 11.375],
					"texture": "#0"
				},
				"east": {
					"uv": [9.9375, 9.75, 9, 10.375],
					"texture": "#0"
				},
				"south": {
					"uv": [2.1875, 10.75, 1.5, 11.375],
					"texture": "#0"
				},
				"west": {
					"uv": [10.6875, 8.25, 9.75, 8.875],
					"texture": "#0"
				},
				"up": {
					"uv": [9.75, 8.1875, 10.4375, 7.25],
					"texture": "#0"
				},
				"down": {
					"uv": [8.25, 9.75, 8.9375, 10.6875],
					"texture": "#0"
				}
			}
		}
	]
}