{"credit":"Shingeki no Craft: Made by Fanfo and Zabat","textures":{"0":"custom/item/gun/flare","particle":"custom/item/gun/flare"},"elements":[{"from":[6.75,6.93704,2.66378],"to":[9.25,9.43704,7.41378],"rotation":{"angle":0,"axis":"x","origin":[8,7.68704,10.23878]},"faces":{"north":{"uv":[4,2,5.25,3.25],"texture":"#0"},"east":{"uv":[4,9,6.5,10.25],"texture":"#0"},"south":{"uv":[4,3.5,5.25,4.75],"texture":"#0"},"west":{"uv":[4,10.5,6.5,11.75],"texture":"#0"},"up":{"uv":[7.75,11.5,6.5,9],"texture":"#0"},"down":{"uv":[7.75,11.5,6.5,14],"texture":"#0"}}},{"from":[6.995,6.9,8.2],"to":[9.005,8.65,10.95],"rotation":{"angle":22.5,"axis":"x","origin":[7.995,6,10]},"faces":{"north":{"uv":[2,6.5,3,7.5],"texture":"#0"},"east":{"uv":[3,5,4.5,6],"texture":"#0"},"south":{"uv":[6.5,3.5,7.5,4.5],"texture":"#0"},"west":{"uv":[4.5,5,6,6],"texture":"#0"},"up":{"uv":[2.5,4.5,1.5,3],"texture":"#0"},"down":{"uv":[6.5,0,5.5,1.5],"texture":"#0"}}},{"from":[6.9,7.11,6.66378],"to":[9.1,9.21,9.41378],"rotation":{"angle":0,"axis":"x","origin":[7.9,7.68704,10.23878]},"faces":{"north":{"uv":[6,6.5,7,7.5],"texture":"#0"},"east":{"uv":[5.5,1.5,7,2.5],"texture":"#0"},"south":{"uv":[7,1.5,8,2.5],"texture":"#0"},"west":{"uv":[5.5,2.5,7,3.5],"texture":"#0"},"up":{"uv":[6.5,5,5.5,3.5],"texture":"#0"},"down":{"uv":[4,6,3,7.5],"texture":"#0"}}},{"from":[9.11,7.31,7.96378],"to":[9.11,10.71,11.01378],"rotation":{"angle":0,"axis":"x","origin":[7.9,7.68704,10.23878]},"faces":{"north":{"uv":[0,0,0,1.75],"texture":"#0"},"east":{"uv":[0,3,1.5,4.75],"texture":"#0"},"south":{"uv":[0,0,0,1.75],"texture":"#0"},"west":{"uv":[4,0,5.5,1.75],"texture":"#0"},"up":{"uv":[0,1.5,0,0],"texture":"#0"},"down":{"uv":[0,0,0,1.5],"texture":"#0"}}},{"from":[6.65,6.83704,5.16378],"to":[9.35,7.43704,7.51378],"rotation":{"angle":0,"axis":"x","origin":[8,7.68704,10.23878]},"faces":{"north":{"uv":[7.5,0,8.75,0.25],"texture":"#0"},"east":{"uv":[7.5,0.5,8.75,0.75],"texture":"#0"},"south":{"uv":[7.5,1,8.75,1.25],"texture":"#0"},"west":{"uv":[2,7.5,3.25,7.75],"texture":"#0"},"up":{"uv":[1.25,6.25,0,5],"texture":"#0"},"down":{"uv":[2.75,5,1.5,6.25],"texture":"#0"}}},{"from":[7,5.1,10.85],"to":[9,8,12.6],"rotation":{"angle":-22.5,"axis":"x","origin":[8,6.25,12]},"faces":{"north":{"uv":[4,6,5,7.5],"texture":"#0"},"east":{"uv":[5,6,6,7.5],"texture":"#0"},"south":{"uv":[6,5,7,6.5],"texture":"#0"},"west":{"uv":[0,6.5,1,8],"texture":"#0"},"up":{"uv":[8,3.5,7,2.5],"texture":"#0"},"down":{"uv":[8,4.5,7,5.5],"texture":"#0"}}},{"from":[7.879,6.23084,9.90642],"to":[8.121,7.07784,10.75342],"rotation":{"angle":0,"axis":"x","origin":[8,4.89984,10.26942]},"faces":{"north":{"uv":[6.5,4.5,6.75,5],"texture":"#0"},"east":{"uv":[1.5,4.5,2,5],"texture":"#0"},"south":{"uv":[2.5,8,2.75,8.5],"texture":"#0"},"west":{"uv":[2,4.5,2.5,5],"texture":"#0"},"up":{"uv":[3.25,8.5,3,8],"texture":"#0"},"down":{"uv":[8.25,3,8,3.5],"texture":"#0"}}},{"from":[7.87961,6.35184,8.27292],"to":[8.12039,7.19884,8.51492],"rotation":{"angle":22.5,"axis":"x","origin":[8.0006,6.77534,8.63592]},"faces":{"north":{"uv":[3.5,8,3.75,8.5],"texture":"#0"},"east":{"uv":[4,8,4.25,8.5],"texture":"#0"},"south":{"uv":[4.5,8,4.75,8.5],"texture":"#0"},"west":{"uv":[8,4.5,8.25,5],"texture":"#0"},"up":{"uv":[7.75,8.25,7.5,8],"texture":"#0"},"down":{"uv":[8.25,7.5,8,7.75],"texture":"#0"}}},{"from":[7.87961,6.21293,8.97128],"to":[8.12039,7.30193,9.21328],"rotation":{"angle":-22.5,"axis":"x","origin":[8,6.63643,8.97128]},"faces":{"north":{"uv":[5,8,5.25,8.5],"texture":"#0"},"east":{"uv":[8,5,8.25,5.5],"texture":"#0"},"south":{"uv":[5.5,8,5.75,8.5],"texture":"#0"},"west":{"uv":[8,5.5,8.25,6],"texture":"#0"},"up":{"uv":[8.25,8.25,8,8],"texture":"#0"},"down":{"uv":[0.25,8.5,0,8.75],"texture":"#0"}}},{"from":[7.879,5.5329,8.5448],"to":[8.121,6.634,8.7868],"rotation":{"angle":-45,"axis":"x","origin":[8,6.07666,8.47816]},"faces":{"north":{"uv":[8,6,8.25,6.5],"texture":"#0"},"east":{"uv":[8,6.5,8.25,7],"texture":"#0"},"south":{"uv":[7,8,7.25,8.5],"texture":"#0"},"west":{"uv":[8,7,8.25,7.5],"texture":"#0"},"up":{"uv":[0.75,8.75,0.5,8.5],"texture":"#0"},"down":{"uv":[1.25,8.5,1,8.75],"texture":"#0"}}},{"from":[7.87961,5.94442,8.82485],"to":[8.12039,6.18642,10.09535],"rotation":{"angle":-22.5,"axis":"x","origin":[8.0006,6.06542,9.3996]},"faces":{"north":{"uv":[1.5,8.5,1.75,8.75],"texture":"#0"},"east":{"uv":[1,8,1.75,8.25],"texture":"#0"},"south":{"uv":[8.5,2,8.75,2.25],"texture":"#0"},"west":{"uv":[8,1.5,8.75,1.75],"texture":"#0"},"up":{"uv":[2.25,8.75,2,8],"texture":"#0"},"down":{"uv":[8.25,2,8,2.75],"texture":"#0"}}},{"from":[6.9,5.03,10.75],"to":[9.1,5.53,13.1],"rotation":{"angle":0,"axis":"y","origin":[0,5,0]},"faces":{"north":{"uv":[7.5,4,8.5,4.25],"texture":"#0"},"east":{"uv":[3.5,7.5,4.75,7.75],"texture":"#0"},"south":{"uv":[5,7.5,6,7.75],"texture":"#0"},"west":{"uv":[7.5,3.5,8.75,3.75],"texture":"#0"},"up":{"uv":[7.5,1.25,6.5,0],"texture":"#0"},"down":{"uv":[2,6.5,1,7.75],"texture":"#0"}}},{"from":[6.9,6.22193,11.50613],"to":[9.1,8.12193,12.10613],"rotation":{"angle":-45,"axis":"x","origin":[8,6.42193,11.63113]},"faces":{"north":{"uv":[7,5.5,8,6.5],"texture":"#0"},"east":{"uv":[6,7.5,6.25,8.5],"texture":"#0"},"south":{"uv":[7,6.5,8,7.5],"texture":"#0"},"west":{"uv":[6.5,7.5,6.75,8.5],"texture":"#0"},"up":{"uv":[8,7.75,7,7.5],"texture":"#0"},"down":{"uv":[1,8,0,8.25],"texture":"#0"}}}],"display":{"firstperson_righthand":{"translation":[0,4,0]},"firstperson_lefthand":{"translation":[0,4,0]},"gui":{"rotation":[30,153,0],"translation":[0.5,1,0],"scale":[2,2,2]},"fixed":{"rotation":[0,90,0],"translation":[0.25,0,0],"scale":[2,2,2]}},"groups":[{"name":"flare","origin":[8,1,10],"color":0,"children":[0,{"name":"body","origin":[8,7.68704,10.23878],"color":0,"children":[1,2,3,4,5,{"name":"group","origin":[8,6.25,12],"color":0,"children":[6,7,8,9,10]},11,12]}]}]}