{
	"credit": "Made with Blockbench",
	"texture_size": [256, 256],
	"textures": {
		"7": "custom/block/barrel_bottom",
		"particle": "custom/block/barrel_bottom"
	},
	"elements": [
		{
			"from": [-6, 0, -6],
			"to": [22, 2, 22],
			"rotation": {"angle": 0, "axis": "y", "origin": [8, 0, -8]},
			"faces": {
				"north": {"uv": [3, 6.125, 4.75, 6.25], "texture": "#7"},
				"east": {"uv": [4.75, 6.125, 6.5, 6.25], "texture": "#7"},
				"south": {"uv": [3, 6.25, 4.75, 6.375], "texture": "#7"},
				"west": {"uv": [4.75, 6.25, 6.5, 6.375], "texture": "#7"},
				"up": {"uv": [1.75, 5.75, 0, 4], "texture": "#7"},
				"down": {"uv": [3.5, 4, 1.75, 5.75], "texture": "#7"}
			}
		},
		{
			"from": [-6, 30, -6],
			"to": [8, 32, 24],
			"rotation": {"angle": 0, "axis": "y", "origin": [8, 0, -8]},
			"faces": {
				"north": {"uv": [4.375, 6.375, 5.25, 6.5], "texture": "#7"},
				"east": {"uv": [2.75, 6, 4.625, 6.125], "texture": "#7"},
				"south": {"uv": [6.375, 5.125, 7.25, 5.25], "texture": "#7"},
				"west": {"uv": [4.625, 6, 6.5, 6.125], "texture": "#7"},
				"up": {"uv": [6.375, 5.875, 5.5, 4], "texture": "#7"},
				"down": {"uv": [6.5, 0, 5.625, 1.875], "texture": "#7"}
			}
		},
		{
			"from": [8, 30, 8],
			"to": [22, 32, 22],
			"rotation": {"angle": 0, "axis": "y", "origin": [8, 0, -8]},
			"faces": {
				"north": {"uv": [5.25, 6.375, 6.125, 6.5], "texture": "#7"},
				"east": {"uv": [6.375, 5.25, 7.25, 5.375], "texture": "#7"},
				"south": {"uv": [6.375, 5.375, 7.25, 5.5], "texture": "#7"},
				"west": {"uv": [6.375, 5.5, 7.25, 5.625], "texture": "#7"},
				"up": {"uv": [0.875, 6.625, 0, 5.75], "texture": "#7"},
				"down": {"uv": [1.75, 5.75, 0.875, 6.625], "texture": "#7"}
			}
		},
		{
			"from": [-8, 0, -8],
			"to": [24, 32, -6],
			"rotation": {"angle": 0, "axis": "x", "origin": [8, 1, 8]},
			"faces": {
				"north": {"uv": [0, 0, 2, 2], "texture": "#7"},
				"east": {"uv": [1.75, 5.75, 1.875, 7.75], "texture": "#7"},
				"south": {"uv": [0, 2, 2, 4], "texture": "#7"},
				"west": {"uv": [1.875, 5.75, 2, 7.75], "texture": "#7"},
				"up": {"uv": [7.625, 4, 5.625, 3.875], "texture": "#7"},
				"down": {"uv": [7.5, 5.875, 5.5, 6], "texture": "#7"}
			}
		},
		{
			"from": [-8, 0, -6],
			"to": [-6, 32, 24],
			"rotation": {"angle": 0, "axis": "y", "origin": [8, 16, -7]},
			"faces": {
				"north": {"uv": [2, 5.75, 2.125, 7.75], "texture": "#7"},
				"east": {"uv": [2, 0, 3.875, 2], "texture": "#7"},
				"south": {"uv": [2.125, 5.75, 2.25, 7.75], "texture": "#7"},
				"west": {"uv": [2, 2, 3.875, 4], "texture": "#7"},
				"up": {"uv": [2.875, 8, 2.75, 6.125], "texture": "#7"},
				"down": {"uv": [3, 6.125, 2.875, 8], "texture": "#7"}
			}
		},
		{
			"from": [22, 0, -6],
			"to": [24, 32, 22],
			"rotation": {"angle": 0, "axis": "y", "origin": [8, 16, -7]},
			"faces": {
				"north": {"uv": [2.25, 5.75, 2.375, 7.75], "texture": "#7"},
				"east": {"uv": [3.875, 0, 5.625, 2], "texture": "#7"},
				"south": {"uv": [2.375, 5.75, 2.5, 7.75], "texture": "#7"},
				"west": {"uv": [3.875, 2, 5.625, 4], "texture": "#7"},
				"up": {"uv": [3.125, 8.125, 3, 6.375], "texture": "#7"},
				"down": {"uv": [3.25, 6.375, 3.125, 8.125], "texture": "#7"}
			}
		},
		{
			"from": [8, 0, 22],
			"to": [24, 32, 24],
			"rotation": {"angle": 0, "axis": "x", "origin": [8, 1, 8]},
			"faces": {
				"north": {"uv": [3.5, 4, 4.5, 6], "texture": "#7"},
				"east": {"uv": [2.5, 5.75, 2.625, 7.75], "texture": "#7"},
				"south": {"uv": [4.5, 4, 5.5, 6], "texture": "#7"},
				"west": {"uv": [2.625, 5.75, 2.75, 7.75], "texture": "#7"},
				"up": {"uv": [4.25, 6.5, 3.25, 6.375], "texture": "#7"},
				"down": {"uv": [7.375, 4, 6.375, 4.125], "texture": "#7"}
			}
		},
		{
			"from": [-6, 0, 22],
			"to": [8, 16, 24],
			"rotation": {"angle": 0, "axis": "x", "origin": [8, 1, 8]},
			"faces": {
				"north": {"uv": [5.625, 1.875, 6.5, 2.875], "texture": "#7"},
				"east": {"uv": [6.375, 4.125, 6.5, 5.125], "texture": "#7"},
				"south": {"uv": [5.625, 2.875, 6.5, 3.875], "texture": "#7"},
				"west": {"uv": [4.25, 6.375, 4.375, 7.375], "texture": "#7"},
				"up": {"uv": [7.25, 5.75, 6.375, 5.625], "texture": "#7"},
				"down": {"uv": [7.25, 5.75, 6.375, 5.875], "texture": "#7"}
			}
		}
	],
	"display": {
		"thirdperson_righthand": {
			"translation": [-6, -23.5, -1.25],
			"scale": [0.9, 0.9, 0.9]
		},
		"head": {
			"translation": [0, -50.75, 7],
			"scale": [3.64, 3.64, 3.64]
		}
	},
	"groups": [
		{
			"name": "group",
			"origin": [8, 0, -8],
			"color": 0,
			"nbt": "{}",
			"children": [0, 1, 2, 3, 4, 5, 6, 7]
		}
	]
}