{
	"credit": "Made with Blockbench",
	"texture_size": [64, 64],
	"textures": {
		"0": "custom/titan/shifter/cart/cart_titan",
		"1": "custom/titan/shifter/cart/cart_titan_boxpng",
		"2": "custom/titan/shifter/cart/cart",
		"3": "custom/titan/shifter/cart/cart_teeth",
		"particle": "custom/titan/shifter/cart/cart_titan"
	},
	"elements": [
		{
			"name": "cuello",
			"from": [5.3, 5.6, -2.2],
			"to": [10.7, 12.8, 2.6],
			"rotation": {"angle": -45, "axis": "x", "origin": [6.8, 9.2, -1]},
			"faces": {
				"north": {"uv": [9.5, 1.75, 10.625, 3.25], "texture": "#0"},
				"east": {"uv": [9.75, 8.25, 10.75, 9.75], "texture": "#0"},
				"south": {"uv": [9.5, 3.25, 10.625, 4.75], "texture": "#0"},
				"west": {"uv": [9.75, 9.75, 10.75, 11.25], "texture": "#0"},
				"up": {"uv": [11.875, 5.75, 10.75, 4.75], "texture": "#0"},
				"down": {"uv": [11.875, 5.75, 10.75, 6.75], "texture": "#0"}
			}
		},
		{
			"name": "body",
			"from": [2, 4.18739, 16.76484],
			"to": [14, 11.98739, 23.36484],
			"rotation": {"angle": 0, "axis": "y", "origin": [8, 6.87612, 15.48872]},
			"faces": {
				"north": {"uv": [6, 0, 8.5, 1.625], "texture": "#0"},
				"east": {"uv": [2, 9, 3.375, 10.625], "texture": "#0"},
				"south": {"uv": [6, 1.75, 8.5, 3.375], "texture": "#0"},
				"west": {"uv": [3.5, 9, 4.875, 10.625], "texture": "#0"},
				"up": {"uv": [8.5, 4.875, 6, 3.5], "texture": "#0"},
				"down": {"uv": [2.5, 6.75, 0, 8.125], "texture": "#0"}
			}
		},
		{
			"name": "wtf",
			"from": [0.8, 2.38739, 0.56484],
			"to": [15.2, 11.98739, 11.66484],
			"rotation": {"angle": 0, "axis": "y", "origin": [8, 6.87612, 15.48872]},
			"faces": {
				"north": {"uv": [3, 0, 6, 2], "texture": "#0"},
				"east": {"uv": [3, 5.75, 5.3125, 7.75], "texture": "#0"},
				"south": {"uv": [3, 2, 6, 4], "texture": "#0"},
				"west": {"uv": [5.5, 5.75, 7.8125, 7.75], "texture": "#0"},
				"up": {"uv": [3, 2.3125, 0, 0], "texture": "#0"},
				"down": {"uv": [3, 2.5, 0, 4.8125], "texture": "#0"}
			}
		},
		{
			"name": "body",
			"from": [0.8, 3.28739, 11.66484],
			"to": [15.2, 11.38739, 16.76484],
			"rotation": {"angle": 0, "axis": "y", "origin": [8, 6.87612, 15.48872]},
			"faces": {
				"north": {"uv": [3, 4, 6, 5.6875], "texture": "#0"},
				"east": {"uv": [7, 9, 8.0625, 10.6875], "texture": "#0"},
				"south": {"uv": [0, 5, 3, 6.6875], "texture": "#0"},
				"west": {"uv": [9.5, 0, 10.5625, 1.6875], "texture": "#0"},
				"up": {"uv": [5.5, 8.8125, 2.5, 7.75], "texture": "#0"},
				"down": {"uv": [8.5, 7.75, 5.5, 8.8125], "texture": "#0"}
			}
		},
		{
			"name": "dedos",
			"from": [16.4, -5.97007, -7.12346],
			"to": [19.4, -5.07007, -2.92346],
			"rotation": {"angle": 0, "axis": "y", "origin": [23.9, 26.42993, -1.12346]},
			"faces": {
				"north": {"uv": [6.25, 11.25, 6.875, 11.5], "texture": "#0"},
				"east": {"uv": [9.25, 11.25, 10.125, 11.5], "texture": "#0"},
				"south": {"uv": [3, 11.5, 3.625, 11.75], "texture": "#0"},
				"west": {"uv": [2, 11.5, 2.875, 11.75], "texture": "#0"},
				"up": {"uv": [5.375, 12.125, 4.75, 11.25], "texture": "#0"},
				"down": {"uv": [6.125, 11.25, 5.5, 12.125], "texture": "#0"}
			}
		},
		{
			"from": [15.68249, -5.9233, -6.73936],
			"to": [16.58249, -5.3233, -2.53936],
			"rotation": {"angle": 0, "axis": "y", "origin": [8, 6.87612, 17.88872]},
			"faces": {
				"north": {"uv": [8, 7.25, 8.1875, 7.4375], "texture": "#0"},
				"east": {"uv": [11.25, 11.5, 12.125, 11.6875], "texture": "#0"},
				"south": {"uv": [8, 7.5, 8.1875, 7.6875], "texture": "#0"},
				"west": {"uv": [11.75, 0, 12.625, 0.1875], "texture": "#0"},
				"up": {"uv": [2.6875, 7.625, 2.5, 6.75], "texture": "#0"},
				"down": {"uv": [2.9375, 6.75, 2.75, 7.625], "texture": "#0"}
			}
		},
		{
			"name": "hombro",
			"from": [15.2, 1.78739, 1.16484],
			"to": [20, 11.98739, 6.56484],
			"rotation": {"angle": 0, "axis": "y", "origin": [20.3, 6.88739, 2.66484]},
			"faces": {
				"north": {"uv": [5, 9, 6, 11.125], "texture": "#0"},
				"east": {"uv": [8.5, 6, 9.625, 8.125], "texture": "#0"},
				"south": {"uv": [6, 9, 7, 11.125], "texture": "#0"},
				"west": {"uv": [8.5, 8.25, 9.625, 10.375], "texture": "#0"},
				"up": {"uv": [11.75, 7.875, 10.75, 6.75], "texture": "#0"},
				"down": {"uv": [8, 10.75, 7, 11.875], "texture": "#0"}
			}
		},
		{
			"name": "antebrazo",
			"from": [15.5, -3.3854, -4.34694],
			"to": [19.7, 0.2146, 4.35306],
			"rotation": {"angle": -45, "axis": "x", "origin": [17.6, -1.5854, 0.15306]},
			"faces": {
				"north": {"uv": [10.75, 10, 11.625, 10.75], "texture": "#0"},
				"east": {"uv": [6, 5, 7.75, 5.75], "texture": "#0"},
				"south": {"uv": [10.75, 10.75, 11.625, 11.5], "texture": "#0"},
				"west": {"uv": [10.75, 1.75, 12.5, 2.5], "texture": "#0"},
				"up": {"uv": [10.625, 6.5, 9.75, 4.75], "texture": "#0"},
				"down": {"uv": [10.625, 6.5, 9.75, 8.25], "texture": "#0"}
			}
		},
		{
			"name": "dedos",
			"from": [-3.4, -5.97007, -7.12346],
			"to": [-0.4, -5.07007, -2.92346],
			"rotation": {"angle": 0, "axis": "y", "origin": [-1.30812, 9.31314, 3.96225]},
			"faces": {
				"north": {"uv": [6.9375, 11.25, 6.25, 11.5], "texture": "#0"},
				"east": {"uv": [2.875, 11.5, 2, 11.75], "texture": "#0"},
				"south": {"uv": [3.625, 11.5, 3, 11.75], "texture": "#0"},
				"west": {"uv": [10.125, 11.25, 9.25, 11.5], "texture": "#0"},
				"up": {"uv": [4.75, 12.125, 5.4375, 11.25], "texture": "#0"},
				"down": {"uv": [5.5, 11.25, 6.1875, 12.125], "texture": "#0"}
			}
		},
		{
			"from": [-0.58249, -5.9233, -6.73936],
			"to": [0.31751, -5.3233, -2.53936],
			"rotation": {"angle": 0, "axis": "y", "origin": [-1.30812, 9.31314, 3.96225]},
			"faces": {
				"north": {"uv": [8.1875, 7.25, 8, 7.4375], "texture": "#0"},
				"east": {"uv": [12.625, 0, 11.75, 0.1875], "texture": "#0"},
				"south": {"uv": [8.1875, 7.5, 8, 7.6875], "texture": "#0"},
				"west": {"uv": [12.125, 11.5, 11.25, 11.6875], "texture": "#0"},
				"up": {"uv": [2.5, 7.625, 2.6875, 6.75], "texture": "#0"},
				"down": {"uv": [2.75, 6.75, 2.9375, 7.625], "texture": "#0"}
			}
		},
		{
			"name": "hombro",
			"from": [-4, 1.78739, 1.16484],
			"to": [0.8, 11.98739, 6.56484],
			"rotation": {"angle": 0, "axis": "y", "origin": [-1.30812, 9.31314, 3.96225]},
			"faces": {
				"north": {"uv": [6, 9, 5, 11.125], "texture": "#0"},
				"east": {"uv": [9.625, 8.25, 8.5, 10.375], "texture": "#0"},
				"south": {"uv": [7, 9, 6, 11.125], "texture": "#0"},
				"west": {"uv": [9.625, 6, 8.5, 8.125], "texture": "#0"},
				"up": {"uv": [10.75, 7.875, 11.75, 6.75], "texture": "#0"},
				"down": {"uv": [7, 10.75, 8, 11.875], "texture": "#0"}
			}
		},
		{
			"name": "antebrazo",
			"from": [-3.7, 2.50021, -10.93768],
			"to": [0.5, 6.10021, -2.23768],
			"rotation": {"angle": -45, "axis": "x", "origin": [-1.30812, 9.31314, 3.96225]},
			"faces": {
				"north": {"uv": [11.625, 10, 10.75, 10.75], "texture": "#0"},
				"east": {"uv": [12.5, 1.75, 10.75, 2.5], "texture": "#0"},
				"south": {"uv": [11.625, 10.75, 10.75, 11.5], "texture": "#0"},
				"west": {"uv": [7.75, 5, 6, 5.75], "texture": "#0"},
				"up": {"uv": [9.75, 6.5, 10.625, 4.75], "texture": "#0"},
				"down": {"uv": [9.75, 6.5, 10.625, 8.25], "texture": "#0"}
			}
		},
		{
			"name": "muslo",
			"from": [10.4, -3.01261, 18.86484],
			"to": [15.2, 10.48739, 23.66484],
			"rotation": {"angle": 0, "axis": "y", "origin": [12.2, 7.78739, 28.46484]},
			"faces": {
				"north": {"uv": [0, 8.25, 1, 11.0625], "texture": "#0"},
				"east": {"uv": [1, 8.25, 2, 11.0625], "texture": "#0"},
				"south": {"uv": [8.5, 0, 9.5, 2.8125], "texture": "#0"},
				"west": {"uv": [8.5, 3, 9.5, 5.8125], "texture": "#0"},
				"up": {"uv": [11.75, 9, 10.75, 8], "texture": "#0"},
				"down": {"uv": [11.75, 9, 10.75, 10], "texture": "#0"}
			}
		},
		{
			"name": "canilla",
			"from": [11, -3.53761, 19.16484],
			"to": [14.9, -0.01261, 27.56484],
			"rotation": {"angle": 0, "axis": "y", "origin": [8, 6.87612, 13.08872]},
			"faces": {
				"north": {"uv": [0, 11.25, 0.8125, 12], "texture": "#0"},
				"east": {"uv": [2, 10.75, 3.75, 11.5], "texture": "#0"},
				"south": {"uv": [1, 11.25, 1.8125, 12], "texture": "#0"},
				"west": {"uv": [10.75, 2.5, 12.5, 3.25], "texture": "#0"},
				"up": {"uv": [9.0625, 12.25, 8.25, 10.5], "texture": "#0"},
				"down": {"uv": [11.5625, 0, 10.75, 1.75], "texture": "#0"}
			}
		},
		{
			"name": "dedos",
			"from": [10.7, -6.46261, 28.76484],
			"to": [14.9, 0.13739, 29.96484],
			"rotation": {"angle": -22.5, "axis": "x", "origin": [12.8, -3.01261, 28.16484]},
			"faces": {
				"north": {"uv": [10.75, 3.25, 11.625, 4.625], "texture": "#0"},
				"east": {"uv": [8, 5, 8.25, 6.375], "texture": "#0"},
				"south": {"uv": [3.75, 10.75, 4.625, 12.125], "texture": "#0"},
				"west": {"uv": [8.25, 5, 8.5, 6.375], "texture": "#0"},
				"up": {"uv": [10.125, 11.75, 9.25, 11.5], "texture": "#0"},
				"down": {"uv": [11.125, 11.5, 10.25, 11.75], "texture": "#0"}
			}
		},
		{
			"from": [10.7, -6.01261, 28.76484],
			"to": [11.9, -4.81261, 29.96484],
			"rotation": {"angle": 0, "axis": "y", "origin": [11.3, -5.41261, 29.36484]},
			"faces": {
				"north": {"uv": [7.75, 5, 8, 5.25], "texture": "#0"},
				"east": {"uv": [7.75, 5.25, 8, 5.5], "texture": "#0"},
				"south": {"uv": [7.75, 5.5, 8, 5.75], "texture": "#0"},
				"west": {"uv": [8, 6.5, 8.25, 6.75], "texture": "#0"},
				"up": {"uv": [8.25, 7, 8, 6.75], "texture": "#0"},
				"down": {"uv": [8.25, 7, 8, 7.25], "texture": "#0"}
			}
		},
		{
			"name": "muslo",
			"from": [0.8, -3.01261, 18.86484],
			"to": [5.6, 10.48739, 23.66484],
			"rotation": {"angle": 0, "axis": "y", "origin": [3.8, 7.78739, 28.46484]},
			"faces": {
				"north": {"uv": [1, 8.25, 0, 11.0625], "texture": "#0"},
				"east": {"uv": [9.5, 3, 8.5, 5.8125], "texture": "#0"},
				"south": {"uv": [9.5, 0, 8.5, 2.8125], "texture": "#0"},
				"west": {"uv": [2, 8.25, 1, 11.0625], "texture": "#0"},
				"up": {"uv": [10.75, 9, 11.75, 8], "texture": "#0"},
				"down": {"uv": [10.75, 9, 11.75, 10], "texture": "#0"}
			}
		},
		{
			"name": "canilla",
			"from": [1.1, -3.53761, 19.16484],
			"to": [5, -0.01261, 27.56484],
			"rotation": {"angle": 0, "axis": "y", "origin": [8, 6.87612, 13.08872]},
			"faces": {
				"north": {"uv": [0.8125, 11.25, 0, 12], "texture": "#0"},
				"east": {"uv": [12.5, 2.5, 10.75, 3.25], "texture": "#0"},
				"south": {"uv": [1.8125, 11.25, 1, 12], "texture": "#0"},
				"west": {"uv": [3.75, 10.75, 2, 11.5], "texture": "#0"},
				"up": {"uv": [8.25, 12.25, 9.0625, 10.5], "texture": "#0"},
				"down": {"uv": [10.75, 0, 11.5625, 1.75], "texture": "#0"}
			}
		},
		{
			"name": "dedos",
			"from": [1.1, -6.46261, 28.76484],
			"to": [5.3, 0.13739, 29.96484],
			"rotation": {"angle": -22.5, "axis": "x", "origin": [3.2, -3.01261, 28.16484]},
			"faces": {
				"north": {"uv": [11.625, 3.25, 10.75, 4.625], "texture": "#0"},
				"east": {"uv": [8.5, 5, 8.25, 6.375], "texture": "#0"},
				"south": {"uv": [4.625, 10.75, 3.75, 12.125], "texture": "#0"},
				"west": {"uv": [8.25, 5, 8, 6.375], "texture": "#0"},
				"up": {"uv": [9.25, 11.75, 10.125, 11.5], "texture": "#0"},
				"down": {"uv": [10.25, 11.5, 11.125, 11.75], "texture": "#0"}
			}
		},
		{
			"from": [4.1, -6.01261, 28.76484],
			"to": [5.3, -4.81261, 29.96484],
			"rotation": {"angle": 0, "axis": "y", "origin": [4.7, -5.41261, 29.36484]},
			"faces": {
				"north": {"uv": [8, 5, 7.75, 5.25], "texture": "#0"},
				"east": {"uv": [8.25, 6.5, 8, 6.75], "texture": "#0"},
				"south": {"uv": [8, 5.5, 7.75, 5.75], "texture": "#0"},
				"west": {"uv": [8, 5.25, 7.75, 5.5], "texture": "#0"},
				"up": {"uv": [8, 7, 8.25, 6.75], "texture": "#0"},
				"down": {"uv": [8, 7, 8.25, 7.25], "texture": "#0"}
			}
		},
		{
			"from": [6.05, 2.3, 0.275],
			"to": [7.1, 4.925, 0.725],
			"rotation": {"angle": 0, "axis": "y", "origin": [5.6, 12.2, -3.1]},
			"faces": {
				"north": {"uv": [3.75, 7.25, 4, 7.8125], "texture": "#1"},
				"east": {"uv": [6.75, 8.25, 6.875, 8.8125], "texture": "#1"},
				"south": {"uv": [4, 7.25, 4.25, 7.8125], "texture": "#1"},
				"west": {"uv": [7, 8.25, 7.125, 8.8125], "texture": "#1"},
				"up": {"uv": [6.5, 8.625, 6.25, 8.5], "texture": "#1"},
				"down": {"uv": [6.75, 8.5, 6.5, 8.625], "texture": "#1"}
			}
		},
		{
			"from": [0.35, 2.9, 13.1],
			"to": [0.8, 11.975, 14.15],
			"rotation": {"angle": 0, "axis": "y", "origin": [2.975, 2.2625, 5.15]},
			"faces": {
				"north": {"uv": [6.5, 6.5, 6.625, 8.375], "texture": "#1"},
				"east": {"uv": [0, 5, 0.25, 6.875], "texture": "#1"},
				"south": {"uv": [1, 6.75, 1.125, 8.625], "texture": "#1"},
				"west": {"uv": [0.25, 5, 0.5, 6.875], "texture": "#1"},
				"up": {"uv": [7.375, 8.75, 7.25, 8.5], "texture": "#1"},
				"down": {"uv": [7.625, 8.5, 7.5, 8.75], "texture": "#1"}
			}
		},
		{
			"from": [1.55, 4.1, 17],
			"to": [2, 12.125, 18.05],
			"rotation": {"angle": 0, "axis": "y", "origin": [2.975, 2.2625, 5.15]},
			"faces": {
				"north": {"uv": [2.75, 6.75, 2.875, 8.4375], "texture": "#1"},
				"east": {"uv": [5.25, 4.75, 5.5, 6.4375], "texture": "#1"},
				"south": {"uv": [3, 6.75, 3.125, 8.4375], "texture": "#1"},
				"west": {"uv": [3.25, 5.5, 3.5, 7.1875], "texture": "#1"},
				"up": {"uv": [7.875, 8.75, 7.75, 8.5], "texture": "#1"},
				"down": {"uv": [8.125, 8.5, 8, 8.75], "texture": "#1"}
			}
		},
		{
			"from": [0.35, 2, 10.025],
			"to": [0.8, 12.125, 11.075],
			"rotation": {"angle": 0, "axis": "y", "origin": [2.975, 2.2625, 5.15]},
			"faces": {
				"north": {"uv": [1.25, 6, 1.375, 8.125], "texture": "#1"},
				"east": {"uv": [2.75, 4.5, 3, 6.625], "texture": "#1"},
				"south": {"uv": [1.5, 6, 1.625, 8.125], "texture": "#1"},
				"west": {"uv": [3, 4.5, 3.25, 6.625], "texture": "#1"},
				"up": {"uv": [8.375, 8.75, 8.25, 8.5], "texture": "#1"},
				"down": {"uv": [8.625, 8.5, 8.5, 8.75], "texture": "#1"}
			}
		},
		{
			"from": [0.21154, 2.3375, 10.10292],
			"to": [1.26154, 2.8625, 13.62792],
			"rotation": {"angle": 22.5, "axis": "y", "origin": [0.8, 2.2625, 10.25]},
			"faces": {
				"north": {"uv": [0, 8.75, 0.25, 8.875], "texture": "#1"},
				"east": {"uv": [8, 3.25, 8.75, 3.375], "texture": "#1"},
				"south": {"uv": [8.75, 0, 9, 0.125], "texture": "#1"},
				"west": {"uv": [8, 3.5, 8.75, 3.625], "texture": "#1"},
				"up": {"uv": [0.25, 7.75, 0, 7], "texture": "#1"},
				"down": {"uv": [0.5, 7, 0.25, 7.75], "texture": "#1"}
			}
		},
		{
			"from": [2.45, 2.0375, 0.0875],
			"to": [3.5, 2.4875, 11.1125],
			"rotation": {"angle": -22.5, "axis": "y", "origin": [2.975, 2.2625, 5.15]},
			"faces": {
				"north": {"uv": [0.25, 8.75, 0.5, 8.875], "texture": "#1"},
				"east": {"uv": [5.5, 6, 7.8125, 6.125], "texture": "#1"},
				"south": {"uv": [0.5, 8.75, 0.75, 8.875], "texture": "#1"},
				"west": {"uv": [5.5, 6.25, 7.8125, 6.375], "texture": "#1"},
				"up": {"uv": [2.5, 6.8125, 2.25, 4.5], "texture": "#1"},
				"down": {"uv": [2.75, 4.5, 2.5, 6.8125], "texture": "#1"}
			}
		},
		{
			"from": [8.15, 2.0375, 0.0875],
			"to": [9.2, 2.4875, 3.3125],
			"rotation": {"angle": 22.5, "axis": "y", "origin": [8.675, 2.2625, 5.6]},
			"faces": {
				"north": {"uv": [1, 8.75, 1.25, 8.875], "texture": "#1"},
				"east": {"uv": [0, 8.25, 0.6875, 8.375], "texture": "#1"},
				"south": {"uv": [8.75, 1, 9, 1.125], "texture": "#1"},
				"west": {"uv": [8.25, 0.75, 8.9375, 0.875], "texture": "#1"},
				"up": {"uv": [0.75, 7.6875, 0.5, 7], "texture": "#1"},
				"down": {"uv": [1, 7, 0.75, 7.6875], "texture": "#1"}
			}
		},
		{
			"from": [4.25, 2.3, 0.275],
			"to": [5.3, 12.425, 0.725],
			"rotation": {"angle": 0, "axis": "y", "origin": [5.6, 12.2, -3.1]},
			"faces": {
				"north": {"uv": [4.5, 4.75, 4.75, 6.875], "texture": "#1"},
				"east": {"uv": [5, 6.5, 5.125, 8.625], "texture": "#1"},
				"south": {"uv": [4.75, 4.75, 5, 6.875], "texture": "#1"},
				"west": {"uv": [5.25, 6.5, 5.375, 8.625], "texture": "#1"},
				"up": {"uv": [1.5, 8.875, 1.25, 8.75], "texture": "#1"},
				"down": {"uv": [1.75, 8.75, 1.5, 8.875], "texture": "#1"}
			}
		},
		{
			"from": [0.5, 11.45, 13.025],
			"to": [4.7, 12.05, 14.075],
			"rotation": {"angle": 0, "axis": "y", "origin": [5.6, 12.2, 4.1]},
			"faces": {
				"north": {"uv": [7.5, 7, 8.375, 7.125], "texture": "#1"},
				"east": {"uv": [1.75, 8.75, 2, 8.875], "texture": "#1"},
				"south": {"uv": [8, 0.25, 8.875, 0.375], "texture": "#1"},
				"west": {"uv": [2, 8.75, 2.25, 8.875], "texture": "#1"},
				"up": {"uv": [7.625, 5.75, 6.75, 5.5], "texture": "#1"},
				"down": {"uv": [7.625, 5.75, 6.75, 6], "texture": "#1"}
			}
		},
		{
			"from": [5, 11.9, 0.2],
			"to": [6.2, 12.5, 8],
			"rotation": {"angle": 0, "axis": "y", "origin": [-1.6, -1.6, 0.8]},
			"faces": {
				"north": {"uv": [8.75, 2, 9, 2.125], "texture": "#1"},
				"east": {"uv": [6.75, 6.5, 8.375, 6.625], "texture": "#1"},
				"south": {"uv": [2.25, 8.75, 2.5, 8.875], "texture": "#1"},
				"west": {"uv": [6.75, 6.75, 8.375, 6.875], "texture": "#1"},
				"up": {"uv": [4.25, 7.125, 4, 5.5], "texture": "#1"},
				"down": {"uv": [4.5, 5.5, 4.25, 7.125], "texture": "#1"}
			}
		},
		{
			"from": [0.5, 11.9, 9.95],
			"to": [4.1, 12.5, 11],
			"rotation": {"angle": 0, "axis": "y", "origin": [5.6, 12.2, 4.1]},
			"faces": {
				"north": {"uv": [3.75, 8, 4.5, 8.125], "texture": "#1"},
				"east": {"uv": [8.75, 2.25, 9, 2.375], "texture": "#1"},
				"south": {"uv": [8, 3.75, 8.75, 3.875], "texture": "#1"},
				"west": {"uv": [2.5, 8.75, 2.75, 8.875], "texture": "#1"},
				"up": {"uv": [7.75, 1, 7, 0.75], "texture": "#1"},
				"down": {"uv": [7.75, 1, 7, 1.25], "texture": "#1"}
			}
		},
		{
			"from": [8.9, 2.3, 0.275],
			"to": [9.95, 4.925, 0.725],
			"rotation": {"angle": 0, "axis": "y", "origin": [10.4, 12.2, -3.1]},
			"faces": {
				"north": {"uv": [4, 7.25, 3.75, 7.8125], "texture": "#1"},
				"east": {"uv": [7.125, 8.25, 7, 8.8125], "texture": "#1"},
				"south": {"uv": [4.25, 7.25, 4, 7.8125], "texture": "#1"},
				"west": {"uv": [6.875, 8.25, 6.75, 8.8125], "texture": "#1"},
				"up": {"uv": [6.25, 8.625, 6.5, 8.5], "texture": "#1"},
				"down": {"uv": [6.5, 8.5, 6.75, 8.625], "texture": "#1"}
			}
		},
		{
			"from": [15.2, 2.9, 13.1],
			"to": [15.65, 11.975, 14.15],
			"rotation": {"angle": 0, "axis": "y", "origin": [13.025, 2.2625, 5.15]},
			"faces": {
				"north": {"uv": [6.625, 6.5, 6.5, 8.375], "texture": "#1"},
				"east": {"uv": [0.5, 5, 0.25, 6.875], "texture": "#1"},
				"south": {"uv": [1.125, 6.75, 1, 8.625], "texture": "#1"},
				"west": {"uv": [0.25, 5, 0, 6.875], "texture": "#1"},
				"up": {"uv": [7.25, 8.75, 7.375, 8.5], "texture": "#1"},
				"down": {"uv": [7.5, 8.5, 7.625, 8.75], "texture": "#1"}
			}
		},
		{
			"from": [14, 4.1, 17],
			"to": [14.45, 12.125, 18.05],
			"rotation": {"angle": 0, "axis": "y", "origin": [13.025, 2.2625, 5.15]},
			"faces": {
				"north": {"uv": [2.875, 6.75, 2.75, 8.4375], "texture": "#1"},
				"east": {"uv": [3.5, 5.5, 3.25, 7.1875], "texture": "#1"},
				"south": {"uv": [3.125, 6.75, 3, 8.4375], "texture": "#1"},
				"west": {"uv": [5.5, 4.75, 5.25, 6.4375], "texture": "#1"},
				"up": {"uv": [7.75, 8.75, 7.875, 8.5], "texture": "#1"},
				"down": {"uv": [8, 8.5, 8.125, 8.75], "texture": "#1"}
			}
		},
		{
			"from": [15.2, 2, 10.025],
			"to": [15.65, 12.125, 11.075],
			"rotation": {"angle": 0, "axis": "y", "origin": [13.025, 2.2625, 5.15]},
			"faces": {
				"north": {"uv": [1.375, 6, 1.25, 8.125], "texture": "#1"},
				"east": {"uv": [3.25, 4.5, 3, 6.625], "texture": "#1"},
				"south": {"uv": [1.625, 6, 1.5, 8.125], "texture": "#1"},
				"west": {"uv": [3, 4.5, 2.75, 6.625], "texture": "#1"},
				"up": {"uv": [8.25, 8.75, 8.375, 8.5], "texture": "#1"},
				"down": {"uv": [8.5, 8.5, 8.625, 8.75], "texture": "#1"}
			}
		},
		{
			"from": [14.73846, 2.3375, 10.10292],
			"to": [15.78846, 2.8625, 13.62792],
			"rotation": {"angle": -22.5, "axis": "y", "origin": [15.2, 2.2625, 10.25]},
			"faces": {
				"north": {"uv": [0.25, 8.75, 0, 8.875], "texture": "#1"},
				"east": {"uv": [8.75, 3.5, 8, 3.625], "texture": "#1"},
				"south": {"uv": [9, 0, 8.75, 0.125], "texture": "#1"},
				"west": {"uv": [8.75, 3.25, 8, 3.375], "texture": "#1"},
				"up": {"uv": [0, 7.75, 0.25, 7], "texture": "#1"},
				"down": {"uv": [0.25, 7, 0.5, 7.75], "texture": "#1"}
			}
		},
		{
			"from": [12.5, 2.0375, 0.0875],
			"to": [13.55, 2.4875, 11.1125],
			"rotation": {"angle": 22.5, "axis": "y", "origin": [13.025, 2.2625, 5.15]},
			"faces": {
				"north": {"uv": [0.5, 8.75, 0.25, 8.875], "texture": "#1"},
				"east": {"uv": [7.8125, 6.25, 5.5, 6.375], "texture": "#1"},
				"south": {"uv": [0.75, 8.75, 0.5, 8.875], "texture": "#1"},
				"west": {"uv": [7.8125, 6, 5.5, 6.125], "texture": "#1"},
				"up": {"uv": [2.25, 6.8125, 2.5, 4.5], "texture": "#1"},
				"down": {"uv": [2.5, 4.5, 2.75, 6.8125], "texture": "#1"}
			}
		},
		{
			"from": [6.8, 2.0375, 0.0875],
			"to": [7.85, 2.4875, 3.3125],
			"rotation": {"angle": -22.5, "axis": "y", "origin": [7.325, 2.2625, 5.6]},
			"faces": {
				"north": {"uv": [1.25, 8.75, 1, 8.875], "texture": "#1"},
				"east": {"uv": [8.9375, 0.75, 8.25, 0.875], "texture": "#1"},
				"south": {"uv": [9, 1, 8.75, 1.125], "texture": "#1"},
				"west": {"uv": [0.6875, 8.25, 0, 8.375], "texture": "#1"},
				"up": {"uv": [0.5, 7.6875, 0.75, 7], "texture": "#1"},
				"down": {"uv": [0.75, 7, 1, 7.6875], "texture": "#1"}
			}
		},
		{
			"from": [10.7, 2.3, 0.275],
			"to": [11.75, 12.425, 0.725],
			"rotation": {"angle": 0, "axis": "y", "origin": [10.4, 12.2, -3.1]},
			"faces": {
				"north": {"uv": [4.75, 4.75, 4.5, 6.875], "texture": "#1"},
				"east": {"uv": [5.375, 6.5, 5.25, 8.625], "texture": "#1"},
				"south": {"uv": [5, 4.75, 4.75, 6.875], "texture": "#1"},
				"west": {"uv": [5.125, 6.5, 5, 8.625], "texture": "#1"},
				"up": {"uv": [1.25, 8.875, 1.5, 8.75], "texture": "#1"},
				"down": {"uv": [1.5, 8.75, 1.75, 8.875], "texture": "#1"}
			}
		},
		{
			"from": [11.3, 11.45, 13.025],
			"to": [15.5, 12.05, 14.075],
			"rotation": {"angle": 0, "axis": "y", "origin": [10.4, 12.2, 4.1]},
			"faces": {
				"north": {"uv": [8.375, 7, 7.5, 7.125], "texture": "#1"},
				"east": {"uv": [2.25, 8.75, 2, 8.875], "texture": "#1"},
				"south": {"uv": [8.875, 0.25, 8, 0.375], "texture": "#1"},
				"west": {"uv": [2, 8.75, 1.75, 8.875], "texture": "#1"},
				"up": {"uv": [6.75, 5.75, 7.625, 5.5], "texture": "#1"},
				"down": {"uv": [6.75, 5.75, 7.625, 6], "texture": "#1"}
			}
		},
		{
			"from": [9.8, 11.9, 0.2],
			"to": [11, 12.5, 8],
			"rotation": {"angle": 0, "axis": "y", "origin": [17.6, -1.6, 0.8]},
			"faces": {
				"north": {"uv": [9, 2, 8.75, 2.125], "texture": "#1"},
				"east": {"uv": [8.375, 6.75, 6.75, 6.875], "texture": "#1"},
				"south": {"uv": [2.5, 8.75, 2.25, 8.875], "texture": "#1"},
				"west": {"uv": [8.375, 6.5, 6.75, 6.625], "texture": "#1"},
				"up": {"uv": [4, 7.125, 4.25, 5.5], "texture": "#1"},
				"down": {"uv": [4.25, 5.5, 4.5, 7.125], "texture": "#1"}
			}
		},
		{
			"from": [11.9, 11.9, 9.95],
			"to": [15.5, 12.5, 11],
			"rotation": {"angle": 0, "axis": "y", "origin": [10.4, 12.2, 4.1]},
			"faces": {
				"north": {"uv": [4.5, 8, 3.75, 8.125], "texture": "#1"},
				"east": {"uv": [2.75, 8.75, 2.5, 8.875], "texture": "#1"},
				"south": {"uv": [8.75, 3.75, 8, 3.875], "texture": "#1"},
				"west": {"uv": [9, 2.25, 8.75, 2.375], "texture": "#1"},
				"up": {"uv": [7, 1, 7.75, 0.75], "texture": "#1"},
				"down": {"uv": [7, 1, 7.75, 1.25], "texture": "#1"}
			}
		},
		{
			"from": [7.475, 11.9, 11.375],
			"to": [8.525, 23.9, 12.425],
			"rotation": {"angle": 0, "axis": "y", "origin": [8, 18.5, 11.9]},
			"faces": {
				"north": {"uv": [1.25, 3.5, 1.5, 6], "texture": "#1"},
				"east": {"uv": [1.5, 3.5, 1.75, 6], "texture": "#1"},
				"south": {"uv": [1.75, 4.5, 2, 7], "texture": "#1"},
				"west": {"uv": [2, 4.5, 2.25, 7], "texture": "#1"},
				"up": {"uv": [4.5, 7.5, 4.25, 7.25], "texture": "#1"},
				"down": {"uv": [7.75, 3.75, 7.5, 4], "texture": "#1"}
			}
		},
		{
			"from": [7.1, 24.35, 11],
			"to": [8.9, 25.25, 12.8],
			"rotation": {"angle": -45, "axis": "y", "origin": [8, 24.3125, 11.9]},
			"faces": {
				"north": {"uv": [8.25, 5.75, 8.625, 5.9375], "texture": "#1"},
				"east": {"uv": [7.25, 8.25, 7.625, 8.4375], "texture": "#1"},
				"south": {"uv": [8.25, 7.5, 8.625, 7.6875], "texture": "#1"},
				"west": {"uv": [7.75, 8.25, 8.125, 8.4375], "texture": "#1"},
				"up": {"uv": [7.875, 0.625, 7.5, 0.25], "texture": "#1"},
				"down": {"uv": [2.625, 7.5, 2.25, 7.875], "texture": "#1"}
			}
		},
		{
			"from": [7.25, 23.3, 11.15],
			"to": [8.75, 24.35, 12.65],
			"rotation": {"angle": -45, "axis": "y", "origin": [8, 24.3125, 11.9]},
			"faces": {
				"north": {"uv": [8.25, 1, 8.5625, 1.25], "texture": "#1"},
				"east": {"uv": [1.25, 8.25, 1.5625, 8.5], "texture": "#1"},
				"south": {"uv": [1.75, 8.25, 2.0625, 8.5], "texture": "#1"},
				"west": {"uv": [8.25, 2, 8.5625, 2.25], "texture": "#1"},
				"up": {"uv": [2.5625, 8.3125, 2.25, 8], "texture": "#1"},
				"down": {"uv": [8.3125, 2.75, 8, 3.0625], "texture": "#1"}
			}
		},
		{
			"from": [7.1, 13.1, 11],
			"to": [8.9, 14.3, 12.8],
			"rotation": {"angle": -45, "axis": "y", "origin": [8, 15.15, 11.9]},
			"faces": {
				"north": {"uv": [8, 4, 8.375, 4.25], "texture": "#1"},
				"east": {"uv": [8, 4.25, 8.375, 4.5], "texture": "#1"},
				"south": {"uv": [8, 6, 8.375, 6.25], "texture": "#1"},
				"west": {"uv": [8, 6.25, 8.375, 6.5], "texture": "#1"},
				"up": {"uv": [7.875, 3.625, 7.5, 3.25], "texture": "#1"},
				"down": {"uv": [4.625, 7.5, 4.25, 7.875], "texture": "#1"}
			}
		},
		{
			"from": [7.1, 14.9, 11],
			"to": [8.9, 17, 12.8],
			"rotation": {"angle": -45, "axis": "y", "origin": [8, 15.15, 11.9]},
			"faces": {
				"north": {"uv": [2.25, 7, 2.625, 7.4375], "texture": "#1"},
				"east": {"uv": [4.5, 7, 4.875, 7.4375], "texture": "#1"},
				"south": {"uv": [7.25, 2, 7.625, 2.4375], "texture": "#1"},
				"west": {"uv": [3.25, 7.25, 3.625, 7.6875], "texture": "#1"},
				"up": {"uv": [7.125, 7.875, 6.75, 7.5], "texture": "#1"},
				"down": {"uv": [7.625, 7.5, 7.25, 7.875], "texture": "#1"}
			}
		},
		{
			"from": [6.8, 15.5, 10.7],
			"to": [9.2, 16.1, 13.1],
			"rotation": {"angle": -45, "axis": "y", "origin": [8, 15.15, 11.9]},
			"faces": {
				"north": {"uv": [8.25, 8.25, 8.75, 8.375], "texture": "#1"},
				"east": {"uv": [0, 8.5, 0.5, 8.625], "texture": "#1"},
				"south": {"uv": [1.25, 8.5, 1.75, 8.625], "texture": "#1"},
				"west": {"uv": [1.75, 8.5, 2.25, 8.625], "texture": "#1"},
				"up": {"uv": [7, 1.25, 6.5, 0.75], "texture": "#1"},
				"down": {"uv": [7, 1.25, 6.5, 1.75], "texture": "#1"}
			}
		},
		{
			"from": [7.4, 12.17764, 8.03347],
			"to": [8.6, 12.47764, 11.18347],
			"rotation": {"angle": -45, "axis": "x", "origin": [8, 13.15264, 9.53347]},
			"faces": {
				"north": {"uv": [0.5, 9, 0.75, 9.0625], "texture": "#1"},
				"east": {"uv": [8.5, 3, 9.1875, 3.0625], "texture": "#1"},
				"south": {"uv": [9, 2, 9.25, 2.0625], "texture": "#1"},
				"west": {"uv": [8.5, 4.5, 9.1875, 4.5625], "texture": "#1"},
				"up": {"uv": [7.25, 1.9375, 7, 1.25], "texture": "#1"},
				"down": {"uv": [2, 7, 1.75, 7.6875], "texture": "#1"}
			}
		},
		{
			"from": [7.325, 11.99979, 19.86888],
			"to": [8.675, 12.29979, 20.91888],
			"rotation": {"angle": 0, "axis": "y", "origin": [8.075, 13.64979, 16.34388]},
			"faces": {
				"north": {"uv": [9, 0.25, 9.3125, 0.3125], "texture": "#1"},
				"east": {"uv": [9, 2.25, 9.25, 2.3125], "texture": "#1"},
				"south": {"uv": [9, 0.75, 9.3125, 0.8125], "texture": "#1"},
				"west": {"uv": [2.5, 9, 2.75, 9.0625], "texture": "#1"},
				"up": {"uv": [8.5625, 2.5, 8.25, 2.25], "texture": "#1"},
				"down": {"uv": [3.5625, 8.25, 3.25, 8.5], "texture": "#1"}
			}
		},
		{
			"from": [7.475, 12.59979, 19.86888],
			"to": [8.525, 14.09979, 20.91888],
			"rotation": {"angle": 0, "axis": "y", "origin": [8.075, 13.64979, 16.34388]},
			"faces": {
				"north": {"uv": [3.75, 8.25, 4, 8.5625], "texture": "#1"},
				"east": {"uv": [4, 8.25, 4.25, 8.5625], "texture": "#1"},
				"south": {"uv": [4.25, 8.25, 4.5, 8.5625], "texture": "#1"},
				"west": {"uv": [4.75, 8.25, 5, 8.5625], "texture": "#1"},
				"up": {"uv": [0.75, 8.75, 0.5, 8.5], "texture": "#1"},
				"down": {"uv": [2.5, 8.5, 2.25, 8.75], "texture": "#1"}
			}
		},
		{
			"from": [7.175, 14.09979, 19.56888],
			"to": [8.825, 14.39979, 21.21888],
			"rotation": {"angle": 0, "axis": "y", "origin": [8.075, 13.64979, 16.34388]},
			"faces": {
				"north": {"uv": [8.75, 5.75, 9.125, 5.8125], "texture": "#1"},
				"east": {"uv": [6, 8.75, 6.375, 8.8125], "texture": "#1"},
				"south": {"uv": [7.25, 8.75, 7.625, 8.8125], "texture": "#1"},
				"west": {"uv": [8.75, 7.5, 9.125, 7.5625], "texture": "#1"},
				"up": {"uv": [0.375, 8.125, 0, 7.75], "texture": "#1"},
				"down": {"uv": [0.875, 7.75, 0.5, 8.125], "texture": "#1"}
			}
		},
		{
			"from": [7.1, 13.19979, 22.64388],
			"to": [8.9, 14.84979, 22.94388],
			"rotation": {"angle": 22.5, "axis": "x", "origin": [8, 14.02479, 22.79388]},
			"faces": {
				"north": {"uv": [7.75, 0.75, 8.125, 1.125], "texture": "#1"},
				"east": {"uv": [6.5, 8.75, 6.5625, 9.125], "texture": "#1"},
				"south": {"uv": [1.75, 7.75, 2.125, 8.125], "texture": "#1"},
				"west": {"uv": [7.75, 8.75, 7.8125, 9.125], "texture": "#1"},
				"up": {"uv": [8.375, 8.8125, 8, 8.75], "texture": "#1"},
				"down": {"uv": [9.125, 8.25, 8.75, 8.3125], "texture": "#1"}
			}
		},
		{
			"from": [7.4, 13.73002, 13.01141],
			"to": [8.6, 14.03002, 20.96141],
			"rotation": {"angle": 22.5, "axis": "x", "origin": [8.075, 15.38002, 16.08641]},
			"faces": {
				"north": {"uv": [9, 2.5, 9.25, 2.5625], "texture": "#1"},
				"east": {"uv": [8, 1.5, 9.6875, 1.5625], "texture": "#1"},
				"south": {"uv": [2.75, 9, 3, 9.0625], "texture": "#1"},
				"west": {"uv": [8, 1.75, 9.6875, 1.8125], "texture": "#1"},
				"up": {"uv": [3.75, 7.1875, 3.5, 5.5], "texture": "#1"},
				"down": {"uv": [4, 5.5, 3.75, 7.1875], "texture": "#1"}
			}
		},
		{
			"from": [7.325, 21.59979, 19.86888],
			"to": [8.675, 21.89979, 20.91888],
			"rotation": {"angle": 0, "axis": "y", "origin": [8.075, 23.24979, 16.34388]},
			"faces": {
				"north": {"uv": [1, 9, 1.3125, 9.0625], "texture": "#1"},
				"east": {"uv": [9, 2.75, 9.25, 2.8125], "texture": "#1"},
				"south": {"uv": [9, 1, 9.3125, 1.0625], "texture": "#1"},
				"west": {"uv": [3, 9, 3.25, 9.0625], "texture": "#1"},
				"up": {"uv": [8.5625, 5, 8.25, 4.75], "texture": "#1"},
				"down": {"uv": [8.5625, 5.5, 8.25, 5.75], "texture": "#1"}
			}
		},
		{
			"from": [7.4, 23.33002, 12.71141],
			"to": [8.6, 23.63002, 20.96141],
			"rotation": {"angle": 22.5, "axis": "x", "origin": [8.075, 24.98002, 16.08641]},
			"faces": {
				"north": {"uv": [3.25, 9, 3.5, 9.0625], "texture": "#1"},
				"east": {"uv": [8, 0.5, 9.75, 0.5625], "texture": "#1"},
				"south": {"uv": [3.5, 9, 3.75, 9.0625], "texture": "#1"},
				"west": {"uv": [8, 1.25, 9.75, 1.3125], "texture": "#1"},
				"up": {"uv": [1.25, 6.75, 1, 5], "texture": "#1"},
				"down": {"uv": [5.25, 4.75, 5, 6.5], "texture": "#1"}
			}
		},
		{
			"from": [7.775, 12.29979, 20.16888],
			"to": [8.225, 21.67479, 20.61888],
			"rotation": {"angle": 0, "axis": "y", "origin": [8.075, 13.64979, 16.34388]},
			"faces": {
				"north": {"uv": [5.5, 6.5, 5.625, 8.4375], "texture": "#1"},
				"east": {"uv": [5.75, 6.5, 5.875, 8.4375], "texture": "#1"},
				"south": {"uv": [6, 6.5, 6.125, 8.4375], "texture": "#1"},
				"west": {"uv": [6.25, 6.5, 6.375, 8.4375], "texture": "#1"},
				"up": {"uv": [3.875, 9.125, 3.75, 9], "texture": "#1"},
				"down": {"uv": [9.125, 3.75, 9, 3.875], "texture": "#1"}
			}
		},
		{
			"from": [7.175, 12.89979, 19.56888],
			"to": [8.825, 13.49979, 21.21888],
			"rotation": {"angle": -45, "axis": "y", "origin": [8, 13.19979, 20.39388]},
			"faces": {
				"north": {"uv": [2.5, 8.5, 2.875, 8.625], "texture": "#1"},
				"east": {"uv": [8.5, 2.5, 8.875, 2.625], "texture": "#1"},
				"south": {"uv": [8.5, 2.75, 8.875, 2.875], "texture": "#1"},
				"west": {"uv": [3, 8.5, 3.375, 8.625], "texture": "#1"},
				"up": {"uv": [8.125, 2.375, 7.75, 2], "texture": "#1"},
				"down": {"uv": [3.625, 7.75, 3.25, 8.125], "texture": "#1"}
			}
		},
		{
			"from": [7.175, 12.97479, 21.06888],
			"to": [8.825, 13.27479, 22.56888],
			"rotation": {"angle": 0, "axis": "y", "origin": [8, 13.19979, 22.34388]},
			"faces": {
				"north": {"uv": [8.5, 8.75, 8.875, 8.8125], "texture": "#1"},
				"east": {"uv": [1.5, 9, 1.8125, 9.0625], "texture": "#1"},
				"south": {"uv": [8.75, 8.5, 9.125, 8.5625], "texture": "#1"},
				"west": {"uv": [2, 9, 2.3125, 9.0625], "texture": "#1"},
				"up": {"uv": [8.125, 5.8125, 7.75, 5.5], "texture": "#1"},
				"down": {"uv": [8.125, 7.5, 7.75, 7.8125], "texture": "#1"}
			}
		},
		{
			"from": [7.775, 12.97479, 17.76888],
			"to": [8.225, 13.27479, 19.56888],
			"rotation": {"angle": 0, "axis": "y", "origin": [8, 13.19979, 22.34388]},
			"faces": {
				"north": {"uv": [5, 9, 5.125, 9.0625], "texture": "#1"},
				"east": {"uv": [0, 9, 0.375, 9.0625], "texture": "#1"},
				"south": {"uv": [9, 5, 9.125, 5.0625], "texture": "#1"},
				"west": {"uv": [9, 0, 9.375, 0.0625], "texture": "#1"},
				"up": {"uv": [3.625, 8.875, 3.5, 8.5], "texture": "#1"},
				"down": {"uv": [8.625, 4, 8.5, 4.375], "texture": "#1"}
			}
		},
		{
			"from": [6.875, 14.39979, 19.26888],
			"to": [9.125, 14.69979, 21.51888],
			"rotation": {"angle": 0, "axis": "y", "origin": [8.075, 13.64979, 16.34388]},
			"faces": {
				"north": {"uv": [2.75, 8.75, 3.25, 8.8125], "texture": "#1"},
				"east": {"uv": [8.75, 3.25, 9.25, 3.3125], "texture": "#1"},
				"south": {"uv": [8.75, 3.5, 9.25, 3.5625], "texture": "#1"},
				"west": {"uv": [3.75, 8.75, 4.25, 8.8125], "texture": "#1"},
				"up": {"uv": [7, 2.25, 6.5, 1.75], "texture": "#1"},
				"down": {"uv": [7, 2.25, 6.5, 2.75], "texture": "#1"}
			}
		},
		{
			"from": [-1.03776, 11.99979, 11.20612],
			"to": [0.01224, 12.29979, 12.55612],
			"rotation": {"angle": 0, "axis": "y", "origin": [3.53724, 13.64979, 11.95612]},
			"faces": {
				"north": {"uv": [2.5, 9, 2.75, 9.0625], "texture": "#1"},
				"east": {"uv": [9, 0.25, 9.3125, 0.3125], "texture": "#1"},
				"south": {"uv": [9, 2.25, 9.25, 2.3125], "texture": "#1"},
				"west": {"uv": [9, 0.75, 9.3125, 0.8125], "texture": "#1"},
				"up": {"uv": [8.5625, 2.5, 8.25, 2.25], "rotation": 90, "texture": "#1"},
				"down": {"uv": [3.5625, 8.25, 3.25, 8.5], "rotation": 270, "texture": "#1"}
			}
		},
		{
			"from": [-1.03776, 12.59979, 11.35612],
			"to": [0.01224, 14.09979, 12.40612],
			"rotation": {"angle": 0, "axis": "y", "origin": [3.53724, 13.64979, 11.95612]},
			"faces": {
				"north": {"uv": [4.75, 8.25, 5, 8.5625], "texture": "#1"},
				"east": {"uv": [3.75, 8.25, 4, 8.5625], "texture": "#1"},
				"south": {"uv": [4, 8.25, 4.25, 8.5625], "texture": "#1"},
				"west": {"uv": [4.25, 8.25, 4.5, 8.5625], "texture": "#1"},
				"up": {"uv": [0.75, 8.75, 0.5, 8.5], "rotation": 90, "texture": "#1"},
				"down": {"uv": [2.5, 8.5, 2.25, 8.75], "rotation": 270, "texture": "#1"}
			}
		},
		{
			"from": [-1.33776, 14.09979, 11.05612],
			"to": [0.31224, 14.39979, 12.70612],
			"rotation": {"angle": 0, "axis": "y", "origin": [3.53724, 13.64979, 11.95612]},
			"faces": {
				"north": {"uv": [8.75, 7.5, 9.125, 7.5625], "texture": "#1"},
				"east": {"uv": [8.75, 5.75, 9.125, 5.8125], "texture": "#1"},
				"south": {"uv": [6, 8.75, 6.375, 8.8125], "texture": "#1"},
				"west": {"uv": [7.25, 8.75, 7.625, 8.8125], "texture": "#1"},
				"up": {"uv": [0.375, 8.125, 0, 7.75], "rotation": 90, "texture": "#1"},
				"down": {"uv": [0.875, 7.75, 0.5, 8.125], "rotation": 270, "texture": "#1"}
			}
		},
		{
			"from": [-3.06276, 13.19979, 10.98112],
			"to": [-2.76276, 14.84979, 12.78112],
			"rotation": {"angle": 22.5, "axis": "z", "origin": [-2.91276, 14.02479, 11.88112]},
			"faces": {
				"north": {"uv": [7.75, 8.75, 7.8125, 9.125], "texture": "#1"},
				"east": {"uv": [7.75, 0.75, 8.125, 1.125], "texture": "#1"},
				"south": {"uv": [6.5, 8.75, 6.5625, 9.125], "texture": "#1"},
				"west": {"uv": [1.75, 7.75, 2.125, 8.125], "texture": "#1"},
				"up": {"uv": [8.375, 8.8125, 8, 8.75], "rotation": 90, "texture": "#1"},
				"down": {"uv": [9.125, 8.25, 8.75, 8.3125], "rotation": 270, "texture": "#1"}
			}
		},
		{
			"from": [-1.08029, 13.73002, 11.28112],
			"to": [6.86971, 14.03002, 12.48112],
			"rotation": {"angle": 22.5, "axis": "z", "origin": [3.79471, 15.38002, 11.95612]},
			"faces": {
				"north": {"uv": [8, 1.75, 9.6875, 1.8125], "texture": "#1"},
				"east": {"uv": [9, 2.5, 9.25, 2.5625], "texture": "#1"},
				"south": {"uv": [8, 1.5, 9.6875, 1.5625], "texture": "#1"},
				"west": {"uv": [2.75, 9, 3, 9.0625], "texture": "#1"},
				"up": {"uv": [3.75, 7.1875, 3.5, 5.5], "rotation": 90, "texture": "#1"},
				"down": {"uv": [4, 5.5, 3.75, 7.1875], "rotation": 270, "texture": "#1"}
			}
		},
		{
			"from": [-1.03776, 21.59979, 11.20612],
			"to": [0.01224, 21.89979, 12.55612],
			"rotation": {"angle": 0, "axis": "y", "origin": [3.53724, 23.24979, 11.95612]},
			"faces": {
				"north": {"uv": [3, 9, 3.25, 9.0625], "texture": "#1"},
				"east": {"uv": [1, 9, 1.3125, 9.0625], "texture": "#1"},
				"south": {"uv": [9, 2.75, 9.25, 2.8125], "texture": "#1"},
				"west": {"uv": [9, 1, 9.3125, 1.0625], "texture": "#1"},
				"up": {"uv": [8.5625, 5, 8.25, 4.75], "rotation": 90, "texture": "#1"},
				"down": {"uv": [8.5625, 5.5, 8.25, 5.75], "rotation": 270, "texture": "#1"}
			}
		},
		{
			"from": [-1.08029, 23.33002, 11.28112],
			"to": [7.16971, 23.63002, 12.48112],
			"rotation": {"angle": 22.5, "axis": "z", "origin": [3.79471, 24.98002, 11.95612]},
			"faces": {
				"north": {"uv": [8, 1.25, 9.75, 1.3125], "texture": "#1"},
				"east": {"uv": [3.25, 9, 3.5, 9.0625], "texture": "#1"},
				"south": {"uv": [8, 0.5, 9.75, 0.5625], "texture": "#1"},
				"west": {"uv": [3.5, 9, 3.75, 9.0625], "texture": "#1"},
				"up": {"uv": [1.25, 6.75, 1, 5], "rotation": 90, "texture": "#1"},
				"down": {"uv": [5.25, 4.75, 5, 6.5], "rotation": 270, "texture": "#1"}
			}
		},
		{
			"from": [-0.73776, 20.99979, 11.65612],
			"to": [-0.28776, 21.67479, 12.10612],
			"rotation": {"angle": 0, "axis": "y", "origin": [3.53724, 13.64979, 11.95612]},
			"faces": {
				"north": {"uv": [6.25, 6.5, 6.375, 8.4375], "texture": "#1"},
				"east": {"uv": [5.5, 6.5, 5.625, 8.4375], "texture": "#1"},
				"south": {"uv": [5.75, 6.5, 5.875, 8.4375], "texture": "#1"},
				"west": {"uv": [6, 6.5, 6.125, 8.4375], "texture": "#1"},
				"up": {"uv": [3.875, 9.125, 3.75, 9], "rotation": 90, "texture": "#1"},
				"down": {"uv": [9.125, 3.75, 9, 3.875], "rotation": 270, "texture": "#1"}
			}
		},
		{
			"from": [-0.73776, 12.29979, 11.65612],
			"to": [-0.28776, 14.17479, 12.10612],
			"rotation": {"angle": 0, "axis": "y", "origin": [3.53724, 13.64979, 11.95612]},
			"faces": {
				"north": {"uv": [6.25, 6.5, 6.375, 8.4375], "texture": "#1"},
				"east": {"uv": [5.5, 6.5, 5.625, 8.4375], "texture": "#1"},
				"south": {"uv": [5.75, 6.5, 5.875, 8.4375], "texture": "#1"},
				"west": {"uv": [6, 6.5, 6.125, 8.4375], "texture": "#1"},
				"up": {"uv": [3.875, 9.125, 3.75, 9], "rotation": 90, "texture": "#1"},
				"down": {"uv": [9.125, 3.75, 9, 3.875], "rotation": 270, "texture": "#1"}
			}
		},
		{
			"from": [-1.33776, 12.89979, 11.05612],
			"to": [0.31224, 13.49979, 12.70612],
			"rotation": {"angle": -45, "axis": "y", "origin": [-0.51276, 13.19979, 11.88112]},
			"faces": {
				"north": {"uv": [3, 8.5, 3.375, 8.625], "texture": "#1"},
				"east": {"uv": [2.5, 8.5, 2.875, 8.625], "texture": "#1"},
				"south": {"uv": [8.5, 2.5, 8.875, 2.625], "texture": "#1"},
				"west": {"uv": [8.5, 2.75, 8.875, 2.875], "texture": "#1"},
				"up": {"uv": [8.125, 2.375, 7.75, 2], "rotation": 90, "texture": "#1"},
				"down": {"uv": [3.625, 7.75, 3.25, 8.125], "rotation": 270, "texture": "#1"}
			}
		},
		{
			"from": [-2.68776, 12.97479, 11.05612],
			"to": [-1.18776, 13.27479, 12.70612],
			"rotation": {"angle": 0, "axis": "y", "origin": [-2.46276, 13.19979, 11.88112]},
			"faces": {
				"north": {"uv": [2, 9, 2.3125, 9.0625], "texture": "#1"},
				"east": {"uv": [8.5, 8.75, 8.875, 8.8125], "texture": "#1"},
				"south": {"uv": [1.5, 9, 1.8125, 9.0625], "texture": "#1"},
				"west": {"uv": [8.75, 8.5, 9.125, 8.5625], "texture": "#1"},
				"up": {"uv": [8.125, 5.8125, 7.75, 5.5], "rotation": 90, "texture": "#1"},
				"down": {"uv": [8.125, 7.5, 7.75, 7.8125], "rotation": 270, "texture": "#1"}
			}
		},
		{
			"from": [0.31224, 12.97479, 11.65612],
			"to": [2.11224, 13.27479, 12.10612],
			"rotation": {"angle": 0, "axis": "y", "origin": [-2.46276, 13.19979, 11.88112]},
			"faces": {
				"north": {"uv": [9, 0, 9.375, 0.0625], "texture": "#1"},
				"east": {"uv": [5, 9, 5.125, 9.0625], "texture": "#1"},
				"south": {"uv": [0, 9, 0.375, 9.0625], "texture": "#1"},
				"west": {"uv": [9, 5, 9.125, 5.0625], "texture": "#1"},
				"up": {"uv": [3.625, 8.875, 3.5, 8.5], "rotation": 90, "texture": "#1"},
				"down": {"uv": [8.625, 4, 8.5, 4.375], "rotation": 270, "texture": "#1"}
			}
		},
		{
			"from": [-1.63776, 14.39979, 10.75612],
			"to": [0.61224, 14.69979, 13.00612],
			"rotation": {"angle": 0, "axis": "y", "origin": [3.53724, 13.64979, 11.95612]},
			"faces": {
				"north": {"uv": [3.75, 8.75, 4.25, 8.8125], "texture": "#1"},
				"east": {"uv": [2.75, 8.75, 3.25, 8.8125], "texture": "#1"},
				"south": {"uv": [8.75, 3.25, 9.25, 3.3125], "texture": "#1"},
				"west": {"uv": [8.75, 3.5, 9.25, 3.5625], "texture": "#1"},
				"up": {"uv": [7, 2.25, 6.5, 1.75], "rotation": 90, "texture": "#1"},
				"down": {"uv": [7, 2.25, 6.5, 2.75], "rotation": 270, "texture": "#1"}
			}
		},
		{
			"from": [7.325, 12.44979, 3.93112],
			"to": [8.675, 12.74979, 4.98112],
			"rotation": {"angle": 0, "axis": "y", "origin": [8.075, 14.09979, 8.50612]},
			"faces": {
				"north": {"uv": [9.3125, 0.75, 9, 0.8125], "texture": "#1"},
				"east": {"uv": [9.25, 2.25, 9, 2.3125], "texture": "#1"},
				"south": {"uv": [9.3125, 0.25, 9, 0.3125], "texture": "#1"},
				"west": {"uv": [2.75, 9, 2.5, 9.0625], "texture": "#1"},
				"up": {"uv": [8.5625, 2.25, 8.25, 2.5], "texture": "#1"},
				"down": {"uv": [3.5625, 8.5, 3.25, 8.25], "texture": "#1"}
			}
		},
		{
			"from": [7.475, 13.04979, 3.93112],
			"to": [8.525, 14.54979, 4.98112],
			"rotation": {"angle": 0, "axis": "y", "origin": [8.075, 14.09979, 8.50612]},
			"faces": {
				"north": {"uv": [4.5, 8.25, 4.25, 8.5625], "texture": "#1"},
				"east": {"uv": [4.25, 8.25, 4, 8.5625], "texture": "#1"},
				"south": {"uv": [4, 8.25, 3.75, 8.5625], "texture": "#1"},
				"west": {"uv": [5, 8.25, 4.75, 8.5625], "texture": "#1"},
				"up": {"uv": [0.75, 8.5, 0.5, 8.75], "texture": "#1"},
				"down": {"uv": [2.5, 8.75, 2.25, 8.5], "texture": "#1"}
			}
		},
		{
			"from": [7.175, 14.54979, 3.63112],
			"to": [8.825, 14.84979, 5.28112],
			"rotation": {"angle": 0, "axis": "y", "origin": [8.075, 14.09979, 8.50612]},
			"faces": {
				"north": {"uv": [7.625, 8.75, 7.25, 8.8125], "texture": "#1"},
				"east": {"uv": [6.375, 8.75, 6, 8.8125], "texture": "#1"},
				"south": {"uv": [9.125, 5.75, 8.75, 5.8125], "texture": "#1"},
				"west": {"uv": [9.125, 7.5, 8.75, 7.5625], "texture": "#1"},
				"up": {"uv": [0.375, 7.75, 0, 8.125], "texture": "#1"},
				"down": {"uv": [0.875, 8.125, 0.5, 7.75], "texture": "#1"}
			}
		},
		{
			"from": [7.1, 13.64979, 1.90612],
			"to": [8.9, 15.29979, 2.20612],
			"rotation": {"angle": -22.5, "axis": "x", "origin": [8, 14.47479, 2.05612]},
			"faces": {
				"north": {"uv": [2.125, 7.75, 1.75, 8.125], "texture": "#1"},
				"east": {"uv": [6.5625, 8.75, 6.5, 9.125], "texture": "#1"},
				"south": {"uv": [8.125, 0.75, 7.75, 1.125], "texture": "#1"},
				"west": {"uv": [7.8125, 8.75, 7.75, 9.125], "texture": "#1"},
				"up": {"uv": [8.375, 8.75, 8, 8.8125], "texture": "#1"},
				"down": {"uv": [9.125, 8.3125, 8.75, 8.25], "texture": "#1"}
			}
		},
		{
			"from": [7.4, 13.73002, 4.03859],
			"to": [8.6, 14.03002, 10.78859],
			"rotation": {"angle": -22.5, "axis": "x", "origin": [8.075, 15.38002, 7.71359]},
			"faces": {
				"north": {"uv": [3, 9, 2.75, 9.0625], "texture": "#1"},
				"east": {"uv": [9.6875, 1.5, 8, 1.5625], "texture": "#1"},
				"south": {"uv": [9.25, 2.5, 9, 2.5625], "texture": "#1"},
				"west": {"uv": [9.6875, 1.75, 8, 1.8125], "texture": "#1"},
				"up": {"uv": [3.75, 5.5, 3.5, 7.1875], "texture": "#1"},
				"down": {"uv": [4, 7.1875, 3.75, 5.5], "texture": "#1"}
			}
		},
		{
			"from": [7.325, 22.04979, 3.93112],
			"to": [8.675, 22.34979, 4.98112],
			"rotation": {"angle": 0, "axis": "y", "origin": [8.075, 23.69979, 8.50612]},
			"faces": {
				"north": {"uv": [9.3125, 1, 9, 1.0625], "texture": "#1"},
				"east": {"uv": [9.25, 2.75, 9, 2.8125], "texture": "#1"},
				"south": {"uv": [1.3125, 9, 1, 9.0625], "texture": "#1"},
				"west": {"uv": [3.25, 9, 3, 9.0625], "texture": "#1"},
				"up": {"uv": [8.5625, 4.75, 8.25, 5], "texture": "#1"},
				"down": {"uv": [8.5625, 5.75, 8.25, 5.5], "texture": "#1"}
			}
		},
		{
			"from": [7.4, 23.33002, 4.03859],
			"to": [8.6, 23.63002, 11.08859],
			"rotation": {"angle": -22.5, "axis": "x", "origin": [8.075, 24.98002, 7.71359]},
			"faces": {
				"north": {"uv": [3.75, 9, 3.5, 9.0625], "texture": "#1"},
				"east": {"uv": [9.75, 0.5, 8, 0.5625], "texture": "#1"},
				"south": {"uv": [3.5, 9, 3.25, 9.0625], "texture": "#1"},
				"west": {"uv": [9.75, 1.25, 8, 1.3125], "texture": "#1"},
				"up": {"uv": [1.25, 5, 1, 6.75], "texture": "#1"},
				"down": {"uv": [5.25, 6.5, 5, 4.75], "texture": "#1"}
			}
		},
		{
			"from": [7.775, 21.44979, 4.23112],
			"to": [8.225, 22.12479, 4.68112],
			"rotation": {"angle": 0, "axis": "y", "origin": [8.075, 14.09979, 8.50612]},
			"faces": {
				"north": {"uv": [6.125, 6.5, 6, 8.4375], "texture": "#1"},
				"east": {"uv": [5.875, 6.5, 5.75, 8.4375], "texture": "#1"},
				"south": {"uv": [5.625, 6.5, 5.5, 8.4375], "texture": "#1"},
				"west": {"uv": [6.375, 6.5, 6.25, 8.4375], "texture": "#1"},
				"up": {"uv": [3.875, 9, 3.75, 9.125], "texture": "#1"},
				"down": {"uv": [9.125, 3.875, 9, 3.75], "texture": "#1"}
			}
		},
		{
			"from": [7.775, 12.74979, 4.23112],
			"to": [8.225, 14.92479, 4.68112],
			"rotation": {"angle": 0, "axis": "y", "origin": [8.075, 14.09979, 8.50612]},
			"faces": {
				"north": {"uv": [6.125, 6.5, 6, 8.4375], "texture": "#1"},
				"east": {"uv": [5.875, 6.5, 5.75, 8.4375], "texture": "#1"},
				"south": {"uv": [5.625, 6.5, 5.5, 8.4375], "texture": "#1"},
				"west": {"uv": [6.375, 6.5, 6.25, 8.4375], "texture": "#1"},
				"up": {"uv": [3.875, 9, 3.75, 9.125], "texture": "#1"},
				"down": {"uv": [9.125, 3.875, 9, 3.75], "texture": "#1"}
			}
		},
		{
			"from": [7.175, 13.34979, 3.63112],
			"to": [8.825, 13.94979, 5.28112],
			"rotation": {"angle": 45, "axis": "y", "origin": [8, 13.64979, 4.45612]},
			"faces": {
				"north": {"uv": [8.875, 2.75, 8.5, 2.875], "texture": "#1"},
				"east": {"uv": [8.875, 2.5, 8.5, 2.625], "texture": "#1"},
				"south": {"uv": [2.875, 8.5, 2.5, 8.625], "texture": "#1"},
				"west": {"uv": [3.375, 8.5, 3, 8.625], "texture": "#1"},
				"up": {"uv": [8.125, 2, 7.75, 2.375], "texture": "#1"},
				"down": {"uv": [3.625, 8.125, 3.25, 7.75], "texture": "#1"}
			}
		},
		{
			"from": [7.175, 13.42479, 2.28112],
			"to": [8.825, 13.72479, 3.78112],
			"rotation": {"angle": 0, "axis": "y", "origin": [8, 13.64979, 2.50612]},
			"faces": {
				"north": {"uv": [9.125, 8.5, 8.75, 8.5625], "texture": "#1"},
				"east": {"uv": [1.8125, 9, 1.5, 9.0625], "texture": "#1"},
				"south": {"uv": [8.875, 8.75, 8.5, 8.8125], "texture": "#1"},
				"west": {"uv": [2.3125, 9, 2, 9.0625], "texture": "#1"},
				"up": {"uv": [8.125, 5.5, 7.75, 5.8125], "texture": "#1"},
				"down": {"uv": [8.125, 7.8125, 7.75, 7.5], "texture": "#1"}
			}
		},
		{
			"from": [7.775, 13.42479, 5.28112],
			"to": [8.225, 13.72479, 7.08112],
			"rotation": {"angle": 0, "axis": "y", "origin": [8, 13.64979, 2.50612]},
			"faces": {
				"north": {"uv": [9.125, 5, 9, 5.0625], "texture": "#1"},
				"east": {"uv": [0.375, 9, 0, 9.0625], "texture": "#1"},
				"south": {"uv": [5.125, 9, 5, 9.0625], "texture": "#1"},
				"west": {"uv": [9.375, 0, 9, 0.0625], "texture": "#1"},
				"up": {"uv": [3.625, 8.5, 3.5, 8.875], "texture": "#1"},
				"down": {"uv": [8.625, 4.375, 8.5, 4], "texture": "#1"}
			}
		},
		{
			"from": [6.875, 14.84979, 3.33112],
			"to": [9.125, 15.14979, 5.58112],
			"rotation": {"angle": 0, "axis": "y", "origin": [8.075, 14.09979, 8.50612]},
			"faces": {
				"north": {"uv": [9.25, 3.5, 8.75, 3.5625], "texture": "#1"},
				"east": {"uv": [9.25, 3.25, 8.75, 3.3125], "texture": "#1"},
				"south": {"uv": [3.25, 8.75, 2.75, 8.8125], "texture": "#1"},
				"west": {"uv": [4.25, 8.75, 3.75, 8.8125], "texture": "#1"},
				"up": {"uv": [7, 1.75, 6.5, 2.25], "texture": "#1"},
				"down": {"uv": [7, 2.75, 6.5, 2.25], "texture": "#1"}
			}
		},
		{
			"from": [15.95, 11.99979, 11.20612],
			"to": [17, 12.29979, 12.55612],
			"rotation": {"angle": 0, "axis": "y", "origin": [12.425, 13.64979, 11.95612]},
			"faces": {
				"north": {"uv": [2.75, 9, 2.5, 9.0625], "texture": "#1"},
				"east": {"uv": [9.3125, 0.75, 9, 0.8125], "texture": "#1"},
				"south": {"uv": [9.25, 2.25, 9, 2.3125], "texture": "#1"},
				"west": {"uv": [9.3125, 0.25, 9, 0.3125], "texture": "#1"},
				"up": {"uv": [8.5625, 2.25, 8.25, 2.5], "rotation": 90, "texture": "#1"},
				"down": {"uv": [3.5625, 8.5, 3.25, 8.25], "rotation": 270, "texture": "#1"}
			}
		},
		{
			"from": [15.95, 12.59979, 11.35612],
			"to": [17, 14.09979, 12.40612],
			"rotation": {"angle": 0, "axis": "y", "origin": [12.425, 13.64979, 11.95612]},
			"faces": {
				"north": {"uv": [5, 8.25, 4.75, 8.5625], "texture": "#1"},
				"east": {"uv": [4.5, 8.25, 4.25, 8.5625], "texture": "#1"},
				"south": {"uv": [4.25, 8.25, 4, 8.5625], "texture": "#1"},
				"west": {"uv": [4, 8.25, 3.75, 8.5625], "texture": "#1"},
				"up": {"uv": [0.75, 8.5, 0.5, 8.75], "rotation": 90, "texture": "#1"},
				"down": {"uv": [2.5, 8.75, 2.25, 8.5], "rotation": 270, "texture": "#1"}
			}
		},
		{
			"from": [15.65, 14.09979, 11.05612],
			"to": [17.3, 14.39979, 12.70612],
			"rotation": {"angle": 0, "axis": "y", "origin": [12.425, 13.64979, 11.95612]},
			"faces": {
				"north": {"uv": [9.125, 7.5, 8.75, 7.5625], "texture": "#1"},
				"east": {"uv": [7.625, 8.75, 7.25, 8.8125], "texture": "#1"},
				"south": {"uv": [6.375, 8.75, 6, 8.8125], "texture": "#1"},
				"west": {"uv": [9.125, 5.75, 8.75, 5.8125], "texture": "#1"},
				"up": {"uv": [0.375, 7.75, 0, 8.125], "rotation": 90, "texture": "#1"},
				"down": {"uv": [0.875, 8.125, 0.5, 7.75], "rotation": 270, "texture": "#1"}
			}
		},
		{
			"from": [18.725, 13.19979, 10.98112],
			"to": [19.025, 14.84979, 12.78112],
			"rotation": {"angle": -22.5, "axis": "z", "origin": [18.875, 14.02479, 11.88112]},
			"faces": {
				"north": {"uv": [7.8125, 8.75, 7.75, 9.125], "texture": "#1"},
				"east": {"uv": [2.125, 7.75, 1.75, 8.125], "texture": "#1"},
				"south": {"uv": [6.5625, 8.75, 6.5, 9.125], "texture": "#1"},
				"west": {"uv": [8.125, 0.75, 7.75, 1.125], "texture": "#1"},
				"up": {"uv": [8.375, 8.75, 8, 8.8125], "rotation": 90, "texture": "#1"},
				"down": {"uv": [9.125, 8.3125, 8.75, 8.25], "rotation": 270, "texture": "#1"}
			}
		},
		{
			"from": [9.09253, 13.73002, 11.28112],
			"to": [17.04253, 14.03002, 12.48112],
			"rotation": {"angle": -22.5, "axis": "z", "origin": [12.16753, 15.38002, 11.95612]},
			"faces": {
				"north": {"uv": [9.6875, 1.75, 8, 1.8125], "texture": "#1"},
				"east": {"uv": [3, 9, 2.75, 9.0625], "texture": "#1"},
				"south": {"uv": [9.6875, 1.5, 8, 1.5625], "texture": "#1"},
				"west": {"uv": [9.25, 2.5, 9, 2.5625], "texture": "#1"},
				"up": {"uv": [3.75, 5.5, 3.5, 7.1875], "rotation": 90, "texture": "#1"},
				"down": {"uv": [4, 7.1875, 3.75, 5.5], "rotation": 270, "texture": "#1"}
			}
		},
		{
			"from": [15.95, 21.59979, 11.20612],
			"to": [17, 21.89979, 12.55612],
			"rotation": {"angle": 0, "axis": "y", "origin": [12.425, 23.24979, 11.95612]},
			"faces": {
				"north": {"uv": [3.25, 9, 3, 9.0625], "texture": "#1"},
				"east": {"uv": [9.3125, 1, 9, 1.0625], "texture": "#1"},
				"south": {"uv": [9.25, 2.75, 9, 2.8125], "texture": "#1"},
				"west": {"uv": [1.3125, 9, 1, 9.0625], "texture": "#1"},
				"up": {"uv": [8.5625, 4.75, 8.25, 5], "rotation": 90, "texture": "#1"},
				"down": {"uv": [8.5625, 5.75, 8.25, 5.5], "rotation": 270, "texture": "#1"}
			}
		},
		{
			"from": [8.79253, 23.33002, 11.28112],
			"to": [17.04253, 23.63002, 12.48112],
			"rotation": {"angle": -22.5, "axis": "z", "origin": [12.16753, 24.98002, 11.95612]},
			"faces": {
				"north": {"uv": [9.75, 1.25, 8, 1.3125], "texture": "#1"},
				"east": {"uv": [3.75, 9, 3.5, 9.0625], "texture": "#1"},
				"south": {"uv": [9.75, 0.5, 8, 0.5625], "texture": "#1"},
				"west": {"uv": [3.5, 9, 3.25, 9.0625], "texture": "#1"},
				"up": {"uv": [1.25, 5, 1, 6.75], "rotation": 90, "texture": "#1"},
				"down": {"uv": [5.25, 6.5, 5, 4.75], "rotation": 270, "texture": "#1"}
			}
		},
		{
			"from": [16.25, 20.99979, 11.65612],
			"to": [16.7, 21.67479, 12.10612],
			"rotation": {"angle": 0, "axis": "y", "origin": [12.425, 13.64979, 11.95612]},
			"faces": {
				"north": {"uv": [6.375, 6.5, 6.25, 8.4375], "texture": "#1"},
				"east": {"uv": [6.125, 6.5, 6, 8.4375], "texture": "#1"},
				"south": {"uv": [5.875, 6.5, 5.75, 8.4375], "texture": "#1"},
				"west": {"uv": [5.625, 6.5, 5.5, 8.4375], "texture": "#1"},
				"up": {"uv": [3.875, 9, 3.75, 9.125], "rotation": 90, "texture": "#1"},
				"down": {"uv": [9.125, 3.875, 9, 3.75], "rotation": 270, "texture": "#1"}
			}
		},
		{
			"from": [16.25, 12.29979, 11.65612],
			"to": [16.7, 14.47479, 12.10612],
			"rotation": {"angle": 0, "axis": "y", "origin": [12.425, 13.64979, 11.95612]},
			"faces": {
				"north": {"uv": [6.375, 6.5, 6.25, 8.4375], "texture": "#1"},
				"east": {"uv": [6.125, 6.5, 6, 8.4375], "texture": "#1"},
				"south": {"uv": [5.875, 6.5, 5.75, 8.4375], "texture": "#1"},
				"west": {"uv": [5.625, 6.5, 5.5, 8.4375], "texture": "#1"},
				"up": {"uv": [3.875, 9, 3.75, 9.125], "rotation": 90, "texture": "#1"},
				"down": {"uv": [9.125, 3.875, 9, 3.75], "rotation": 270, "texture": "#1"}
			}
		},
		{
			"from": [15.65, 12.89979, 11.05612],
			"to": [17.3, 13.49979, 12.70612],
			"rotation": {"angle": 45, "axis": "y", "origin": [16.475, 13.19979, 11.88112]},
			"faces": {
				"north": {"uv": [3.375, 8.5, 3, 8.625], "texture": "#1"},
				"east": {"uv": [8.875, 2.75, 8.5, 2.875], "texture": "#1"},
				"south": {"uv": [8.875, 2.5, 8.5, 2.625], "texture": "#1"},
				"west": {"uv": [2.875, 8.5, 2.5, 8.625], "texture": "#1"},
				"up": {"uv": [8.125, 2, 7.75, 2.375], "rotation": 90, "texture": "#1"},
				"down": {"uv": [3.625, 8.125, 3.25, 7.75], "rotation": 270, "texture": "#1"}
			}
		},
		{
			"from": [17.15, 12.97479, 11.05612],
			"to": [18.65, 13.27479, 12.70612],
			"rotation": {"angle": 0, "axis": "y", "origin": [18.425, 13.19979, 11.88112]},
			"faces": {
				"north": {"uv": [2.3125, 9, 2, 9.0625], "texture": "#1"},
				"east": {"uv": [9.125, 8.5, 8.75, 8.5625], "texture": "#1"},
				"south": {"uv": [1.8125, 9, 1.5, 9.0625], "texture": "#1"},
				"west": {"uv": [8.875, 8.75, 8.5, 8.8125], "texture": "#1"},
				"up": {"uv": [8.125, 5.5, 7.75, 5.8125], "rotation": 90, "texture": "#1"},
				"down": {"uv": [8.125, 7.8125, 7.75, 7.5], "rotation": 270, "texture": "#1"}
			}
		},
		{
			"from": [13.85, 12.97479, 11.65612],
			"to": [15.65, 13.27479, 12.10612],
			"rotation": {"angle": 0, "axis": "y", "origin": [18.425, 13.19979, 11.88112]},
			"faces": {
				"north": {"uv": [9.375, 0, 9, 0.0625], "texture": "#1"},
				"east": {"uv": [9.125, 5, 9, 5.0625], "texture": "#1"},
				"south": {"uv": [0.375, 9, 0, 9.0625], "texture": "#1"},
				"west": {"uv": [5.125, 9, 5, 9.0625], "texture": "#1"},
				"up": {"uv": [3.625, 8.5, 3.5, 8.875], "rotation": 90, "texture": "#1"},
				"down": {"uv": [8.625, 4.375, 8.5, 4], "rotation": 270, "texture": "#1"}
			}
		},
		{
			"from": [15.35, 14.39979, 10.75612],
			"to": [17.6, 14.69979, 13.00612],
			"rotation": {"angle": 0, "axis": "y", "origin": [12.425, 13.64979, 11.95612]},
			"faces": {
				"north": {"uv": [4.25, 8.75, 3.75, 8.8125], "texture": "#1"},
				"east": {"uv": [9.25, 3.5, 8.75, 3.5625], "texture": "#1"},
				"south": {"uv": [9.25, 3.25, 8.75, 3.3125], "texture": "#1"},
				"west": {"uv": [3.25, 8.75, 2.75, 8.8125], "texture": "#1"},
				"up": {"uv": [7, 1.75, 6.5, 2.25], "rotation": 90, "texture": "#1"},
				"down": {"uv": [7, 2.75, 6.5, 2.25], "rotation": 270, "texture": "#1"}
			}
		},
		{
			"from": [7.4, 12.17764, 12.46653],
			"to": [8.6, 12.47764, 15.61653],
			"rotation": {"angle": 45, "axis": "x", "origin": [8, 13.15264, 14.11653]},
			"faces": {
				"north": {"uv": [4, 9, 4.25, 9.0625], "texture": "#1"},
				"east": {"uv": [5.5, 8.5, 6.1875, 8.5625], "texture": "#1"},
				"south": {"uv": [9, 4, 9.25, 4.0625], "texture": "#1"},
				"west": {"uv": [8.5, 6, 9.1875, 6.0625], "texture": "#1"},
				"up": {"uv": [2.25, 7.6875, 2, 7], "texture": "#1"},
				"down": {"uv": [7.25, 2, 7, 2.6875], "texture": "#1"}
			}
		},
		{
			"from": [5.25464, 13.64266, 11.225],
			"to": [8.40464, 13.94266, 12.425],
			"rotation": {"angle": 45, "axis": "z", "origin": [8, 12.62231, 11.825]},
			"faces": {
				"north": {"uv": [8.5, 6.25, 9.1875, 6.3125], "texture": "#1"},
				"east": {"uv": [4.25, 9, 4.5, 9.0625], "texture": "#1"},
				"south": {"uv": [8.5, 6.5, 9.1875, 6.5625], "texture": "#1"},
				"west": {"uv": [9, 4.25, 9.25, 4.3125], "texture": "#1"},
				"up": {"uv": [7.4375, 7.25, 6.75, 7], "texture": "#1"},
				"down": {"uv": [7.9375, 1.25, 7.25, 1.5], "texture": "#1"}
			}
		},
		{
			"from": [7.59536, 13.64266, 11.225],
			"to": [10.74536, 13.94266, 12.425],
			"rotation": {"angle": -45, "axis": "z", "origin": [8, 12.62231, 11.825]},
			"faces": {
				"north": {"uv": [8.5, 6.75, 9.1875, 6.8125], "texture": "#1"},
				"east": {"uv": [4.75, 9, 5, 9.0625], "texture": "#1"},
				"south": {"uv": [8.5, 7, 9.1875, 7.0625], "texture": "#1"},
				"west": {"uv": [9, 4.75, 9.25, 4.8125], "texture": "#1"},
				"up": {"uv": [7.9375, 1.75, 7.25, 1.5], "texture": "#1"},
				"down": {"uv": [7.9375, 1.75, 7.25, 2], "texture": "#1"}
			}
		},
		{
			"from": [4.1, 10.7, 8],
			"to": [11.9, 12.5, 15.8],
			"rotation": {"angle": 0, "axis": "y", "origin": [-1.6, -1.6, 0.8]},
			"faces": {
				"north": {"uv": [4.75, 0.75, 6.375, 1.125], "texture": "#1"},
				"east": {"uv": [4.75, 1.25, 6.375, 1.625], "texture": "#1"},
				"south": {"uv": [4.75, 1.75, 6.375, 2.125], "texture": "#1"},
				"west": {"uv": [4.75, 2.25, 6.375, 2.625], "texture": "#1"},
				"up": {"uv": [1.625, 1.625, 0, 0], "texture": "#1"},
				"down": {"uv": [1.625, 1.75, 0, 3.375], "texture": "#1"}
			}
		},
		{
			"from": [7.44273, 1.9625, 2.80721],
			"to": [8.56773, 2.4875, 11.43221],
			"rotation": {"angle": 0, "axis": "y", "origin": [7.06773, 2.2625, 1.71971]},
			"faces": {
				"north": {"uv": [3.25, 8.75, 3.5, 8.875], "texture": "#1"},
				"east": {"uv": [6.75, 5, 8.5625, 5.125], "texture": "#1"},
				"south": {"uv": [8.75, 3.75, 9, 3.875], "texture": "#1"},
				"west": {"uv": [6.75, 5.25, 8.5625, 5.375], "texture": "#1"},
				"up": {"uv": [0.75, 6.8125, 0.5, 5], "texture": "#1"},
				"down": {"uv": [1, 5, 0.75, 6.8125], "texture": "#1"}
			}
		},
		{
			"from": [7.36773, 2.4125, 11.43221],
			"to": [8.64273, 2.9375, 14.05721],
			"rotation": {"angle": -22.5, "axis": "x", "origin": [8.00523, 2.225, 12.51971]},
			"faces": {
				"north": {"uv": [8.75, 4, 9, 4.125], "texture": "#1"},
				"east": {"uv": [8.25, 7.75, 8.8125, 7.875], "texture": "#1"},
				"south": {"uv": [4.25, 8.75, 4.5, 8.875], "texture": "#1"},
				"west": {"uv": [8.25, 8, 8.8125, 8.125], "texture": "#1"},
				"up": {"uv": [5, 8.0625, 4.75, 7.5], "texture": "#1"},
				"down": {"uv": [8, 3.75, 7.75, 4.3125], "texture": "#1"}
			}
		},
		{
			"from": [0.6125, 2.8625, 13.025],
			"to": [15.3125, 3.3125, 14.075],
			"rotation": {"angle": 0, "axis": "y", "origin": [2.9, 2.2625, 5.15]},
			"faces": {
				"north": {"uv": [4.75, 2.75, 7.8125, 2.875], "texture": "#1"},
				"east": {"uv": [8.75, 4.25, 9, 4.375], "texture": "#1"},
				"south": {"uv": [4.75, 3, 7.8125, 3.125], "texture": "#1"},
				"west": {"uv": [4.75, 8.75, 5, 8.875], "texture": "#1"},
				"up": {"uv": [7.5625, 4.25, 4.5, 4], "texture": "#1"},
				"down": {"uv": [7.5625, 4.25, 4.5, 4.5], "texture": "#1"}
			}
		},
		{
			"from": [1.8125, 3.7625, 16.925],
			"to": [14.1125, 4.2125, 17.975],
			"rotation": {"angle": 0, "axis": "y", "origin": [2.9, 2.2625, 5.15]},
			"faces": {
				"north": {"uv": [4.75, 3.25, 7.3125, 3.375], "texture": "#1"},
				"east": {"uv": [8.75, 4.75, 9, 4.875], "texture": "#1"},
				"south": {"uv": [4.75, 3.5, 7.3125, 3.625], "texture": "#1"},
				"west": {"uv": [5, 8.75, 5.25, 8.875], "texture": "#1"},
				"up": {"uv": [7.0625, 4.75, 4.5, 4.5], "texture": "#1"},
				"down": {"uv": [7.3125, 0, 4.75, 0.25], "texture": "#1"}
			}
		},
		{
			"from": [1.8125, 12.0125, 16.925],
			"to": [14.1125, 12.4625, 17.975],
			"rotation": {"angle": 0, "axis": "y", "origin": [2.9, 2.2625, 5.15]},
			"faces": {
				"north": {"uv": [4.75, 3.75, 7.3125, 3.875], "texture": "#1"},
				"east": {"uv": [8.75, 5, 9, 5.125], "texture": "#1"},
				"south": {"uv": [5.5, 4.75, 8.0625, 4.875], "texture": "#1"},
				"west": {"uv": [5.25, 8.75, 5.5, 8.875], "texture": "#1"},
				"up": {"uv": [7.3125, 0.5, 4.75, 0.25], "texture": "#1"},
				"down": {"uv": [7.3125, 0.5, 4.75, 0.75], "texture": "#1"}
			}
		},
		{
			"from": [5.0375, 4.7375, 0.2],
			"to": [10.9625, 5.7875, 0.725],
			"rotation": {"angle": 0, "axis": "y", "origin": [4.775, 8.5625, 0.5]},
			"faces": {
				"north": {"uv": [5.5, 5, 6.75, 5.25], "texture": "#1"},
				"east": {"uv": [8.75, 5.25, 8.875, 5.5], "texture": "#1"},
				"south": {"uv": [5.5, 5.25, 6.75, 5.5], "texture": "#1"},
				"west": {"uv": [5.5, 8.75, 5.625, 9], "texture": "#1"},
				"up": {"uv": [8.5, 2.625, 7.25, 2.5], "texture": "#1"},
				"down": {"uv": [8.5, 4.5, 7.25, 4.625], "texture": "#1"}
			}
		},
		{
			"from": [5.0375, 12.2, 0.5375],
			"to": [10.9625, 12.725, 1.5875],
			"rotation": {"angle": 0, "axis": "y", "origin": [8, 12.4625, 0.4625]},
			"faces": {
				"north": {"uv": [6.75, 7.25, 8, 7.375], "texture": "#1"},
				"east": {"uv": [8.75, 5.5, 9, 5.625], "texture": "#1"},
				"south": {"uv": [7.5, 0, 8.75, 0.125], "texture": "#1"},
				"west": {"uv": [5.75, 8.75, 6, 8.875], "texture": "#1"},
				"up": {"uv": [6.75, 5.75, 5.5, 5.5], "texture": "#1"},
				"down": {"uv": [6.75, 5.75, 5.5, 6], "texture": "#1"}
			}
		},
		{
			"from": [5.1185, 15.00421, -7.27933],
			"to": [10.8815, 16.22821, -5.23933],
			"rotation": {"angle": -22.5, "axis": "x", "origin": [8.012, 15.02281, -7.20705]},
			"faces": {
				"north": {"uv": [10.25, 4.25, 8.5, 4.625], "texture": "#2"},
				"east": {"uv": [7, 5.375, 6.375, 5.75], "texture": "#2"},
				"south": {"uv": [8.5, 8.375, 6.75, 8.75], "texture": "#2"},
				"west": {"uv": [4.25, 7, 3.625, 7.375], "texture": "#2"},
				"up": {"uv": [5.375, 8, 3.625, 8.625], "texture": "#2"},
				"down": {"uv": [1.75, 8.75, 0, 8.125], "texture": "#2"}
			}
		},
		{
			"from": [4.328, 13.688, -3.904],
			"to": [11.672, 16.952, -1.864],
			"rotation": {"angle": 0, "axis": "y", "origin": [8.012, 15.02281, -7.20705]},
			"faces": {
				"north": {"uv": [8.25, 1, 6, 2], "texture": "#2"},
				"east": {"uv": [4.25, 8.625, 3.625, 9.625], "texture": "#2"},
				"south": {"uv": [8.25, 0, 6, 1], "texture": "#2"},
				"west": {"uv": [4.875, 8.625, 4.25, 9.625], "texture": "#2"},
				"up": {"uv": [2.25, 6.625, 0, 7.25], "texture": "#2"},
				"down": {"uv": [8.25, 7.375, 6, 6.75], "texture": "#2"}
			}
		},
		{
			"from": [4.736, 10.424, -3.904],
			"to": [11.264, 13.688, -1.864],
			"rotation": {"angle": 0, "axis": "y", "origin": [8.012, 15.02281, -7.20705]},
			"faces": {
				"north": {"uv": [8.375, 2, 6.375, 3], "texture": "#2"},
				"east": {"uv": [0.625, 8.75, 0, 9.75], "texture": "#2"},
				"south": {"uv": [8, 5.75, 6, 6.75], "texture": "#2"},
				"west": {"uv": [1.25, 8.75, 0.625, 9.75], "texture": "#2"},
				"up": {"uv": [9, 5.125, 7, 5.75], "texture": "#2"},
				"down": {"uv": [5.625, 8, 3.625, 7.375], "texture": "#2"}
			}
		},
		{
			"from": [3.92, 13.28, -4.72],
			"to": [12.08, 16.136, -3.088],
			"rotation": {"angle": 22.5, "axis": "x", "origin": [8, 14.504, -4.516]},
			"faces": {
				"north": {"uv": [8.375, 2, 6.375, 3], "texture": "#2"},
				"east": {"uv": [1.25, 15, 0.625, 16], "texture": "#2"},
				"south": {"uv": [3.25, 15, 1.25, 16], "texture": "#2"},
				"west": {"uv": [0.625, 15, 0, 16], "texture": "#2"},
				"up": {"uv": [9, 5.125, 7, 5.75], "texture": "#2"},
				"down": {"uv": [5.375, 16, 3.375, 15.375], "texture": "#2"}
			}
		},
		{
			"from": [4.328, 9.2, -5.842],
			"to": [11.672, 16.952, -3.904],
			"rotation": {"angle": 0, "axis": "y", "origin": [8.012, 15.02281, -7.20705]},
			"faces": {
				"north": {"uv": [4.5, 0, 2.25, 2.375], "texture": "#2"},
				"east": {"uv": [7, 3, 6.375, 5.375], "texture": "#2"},
				"south": {"uv": [2.25, 0, 0, 2.375], "texture": "#2"},
				"west": {"uv": [3.625, 6.5, 3, 8.875], "texture": "#2"},
				"up": {"uv": [9.25, 3, 7, 3.625], "texture": "#2"},
				"down": {"uv": [9.25, 4.25, 7, 3.625], "texture": "#2"}
			}
		},
		{
			"from": [5.144, 11.24, -1.864],
			"to": [10.856, 16.544, -0.844],
			"rotation": {"angle": 0, "axis": "y", "origin": [8.012, 15.02281, -7.20705]},
			"faces": {
				"north": {"uv": [6.375, 4.125, 4.625, 5.75], "texture": "#2"},
				"east": {"uv": [1.75, 8.75, 1.5, 10.375], "texture": "#2"},
				"south": {"uv": [6.375, 2.5, 4.625, 4.125], "texture": "#2"},
				"west": {"uv": [3.5, 8.875, 3.25, 10.5], "texture": "#2"},
				"up": {"uv": [10.875, 8.75, 9.125, 9], "texture": "#2"},
				"down": {"uv": [11, 3.25, 9.25, 3], "texture": "#2"}
			}
		},
		{
			"from": [5.144, 14.90815, -7.73469],
			"to": [10.856, 16.13215, -7.32669],
			"rotation": {"angle": 0, "axis": "y", "origin": [8.012, 15.02281, -7.20705]},
			"faces": {
				"north": {"uv": [10.25, 8.375, 8.5, 8.75], "texture": "#2"},
				"east": {"uv": [4.625, 4.875, 4.5, 5.25], "texture": "#2"},
				"south": {"uv": [10.25, 4.625, 8.5, 5], "texture": "#2"},
				"west": {"uv": [4.625, 5.25, 4.5, 5.625], "texture": "#2"},
				"up": {"uv": [10, 7.25, 8.25, 7.375], "texture": "#2"},
				"down": {"uv": [6.625, 9, 4.875, 8.875], "texture": "#2"}
			}
		},
		{
			"from": [5.552, 14.60257, -9.83224],
			"to": [10.448, 15.01057, -6.87424],
			"rotation": {"angle": 0, "axis": "y", "origin": [7.9355, 15.02281, -7.20705]},
			"faces": {
				"north": {"uv": [11.25, 1, 9.75, 1.125], "texture": "#2"},
				"east": {"uv": [0.875, 9.75, 0, 9.875], "texture": "#2"},
				"south": {"uv": [3.25, 9.625, 1.75, 9.75], "texture": "#2"},
				"west": {"uv": [10.625, 1.375, 9.75, 1.5], "texture": "#2"},
				"up": {"uv": [8.5, 4.25, 7, 5.125], "texture": "#2"},
				"down": {"uv": [1.5, 8.125, 0, 7.25], "texture": "#2"}
			}
		},
		{
			"from": [5.5265, 12.97057, -10.80124],
			"to": [10.4735, 14.60257, -5.65024],
			"rotation": {"angle": 0, "axis": "y", "origin": [8.012, 15.02281, -7.20705]},
			"faces": {
				"north": {"uv": [9.75, 1.5, 8.25, 2], "texture": "#2"},
				"east": {"uv": [9.75, 7.375, 8.125, 7.875], "texture": "#2"},
				"south": {"uv": [9.75, 1, 8.25, 1.5], "texture": "#2"},
				"west": {"uv": [9.75, 7.875, 8.125, 8.375], "texture": "#2"},
				"up": {"uv": [4.5, 4.875, 3, 6.5], "texture": "#2"},
				"down": {"uv": [6, 7.375, 4.5, 5.75], "texture": "#2"}
			}
		},
		{
			"from": [5.5265, 12.97057, -12.28024],
			"to": [10.4735, 13.99057, -10.80124],
			"rotation": {"angle": 0, "axis": "y", "origin": [8, 13.48057, -11.94874]},
			"faces": {
				"north": {"uv": [10.5, 5.375, 9, 5.75], "texture": "#2"},
				"east": {"uv": [4.125, 9.625, 3.625, 10], "texture": "#2"},
				"south": {"uv": [10.5, 5, 9, 5.375], "texture": "#2"},
				"west": {"uv": [4.625, 9.625, 4.125, 10], "texture": "#2"},
				"up": {"uv": [9.75, 6.75, 8.25, 7.25], "texture": "#2"},
				"down": {"uv": [9.875, 2.5, 8.375, 2], "texture": "#2"}
			}
		},
		{
			"from": [5.5265, 12.97057, -13.04524],
			"to": [10.4735, 13.48057, -12.28024],
			"rotation": {"angle": 0, "axis": "y", "origin": [8, 13.48057, -11.94874]},
			"faces": {
				"north": {"uv": [11.25, 1.25, 9.75, 1.375], "texture": "#2"},
				"east": {"uv": [4.5, 7.25, 4.25, 7.375], "texture": "#2"},
				"south": {"uv": [11.25, 1.125, 9.75, 1.25], "texture": "#2"},
				"west": {"uv": [1.75, 7.5, 1.5, 7.625], "texture": "#2"},
				"up": {"uv": [10.75, 9.25, 9.25, 9.5], "texture": "#2"},
				"down": {"uv": [3.25, 9.625, 1.75, 9.375], "texture": "#2"}
			}
		},
		{
			"from": [5.3225, 9.19657, -7.33324],
			"to": [5.9855, 16.23457, -5.62474],
			"rotation": {"angle": -22.5, "axis": "y", "origin": [5.348, 12.76657, -8.22574]},
			"faces": {
				"north": {"uv": [1.5, 8.75, 1.25, 10.875], "texture": "#2"},
				"east": {"uv": [2.75, 6.625, 2.25, 8.75], "texture": "#2"},
				"south": {"uv": [3, 6.625, 2.75, 8.75], "texture": "#2"},
				"west": {"uv": [2.25, 7.25, 1.75, 9.375], "texture": "#2"},
				"up": {"uv": [6.25, 2, 6, 2.5], "texture": "#2"},
				"down": {"uv": [4.375, 7, 4.125, 6.5], "texture": "#2"}
			}
		},
		{
			"from": [10.0145, 9.19657, -7.33324],
			"to": [10.6775, 16.23457, -5.62474],
			"rotation": {"angle": 22.5, "axis": "y", "origin": [10.652, 12.76657, -8.22574]},
			"faces": {
				"north": {"uv": [1.25, 8.75, 1.5, 10.875], "texture": "#2"},
				"east": {"uv": [1.75, 7.25, 2.25, 9.375], "texture": "#2"},
				"south": {"uv": [2.75, 6.625, 3, 8.75], "texture": "#2"},
				"west": {"uv": [2.25, 6.625, 2.75, 8.75], "texture": "#2"},
				"up": {"uv": [6, 2, 6.25, 2.5], "texture": "#2"},
				"down": {"uv": [4.125, 7, 4.375, 6.5], "texture": "#2"}
			}
		},
		{
			"from": [5.3225, 12.24934, -14.89626],
			"to": [5.6795, 13.01434, -7.09326],
			"rotation": {"angle": 0, "axis": "y", "origin": [8, 13.16734, -12.04026]},
			"faces": {
				"north": {"uv": [6.375, 2.25, 6.25, 2.5], "texture": "#2"},
				"east": {"uv": [9.125, 8.75, 6.75, 9], "texture": "#2"},
				"south": {"uv": [6.375, 2, 6.25, 2.25], "texture": "#2"},
				"west": {"uv": [7.25, 9, 4.875, 9.25], "texture": "#2"},
				"up": {"uv": [4.625, 0, 4.5, 2.375], "texture": "#2"},
				"down": {"uv": [3.625, 11.25, 3.5, 8.875], "texture": "#2"}
			}
		},
		{
			"from": [10.3205, 12.24934, -14.89626],
			"to": [10.6775, 13.01434, -7.09326],
			"rotation": {"angle": 0, "axis": "y", "origin": [8, 13.16734, -12.04026]},
			"faces": {
				"north": {"uv": [6.25, 2.25, 6.375, 2.5], "texture": "#2"},
				"east": {"uv": [4.875, 9, 7.25, 9.25], "texture": "#2"},
				"south": {"uv": [6.25, 2, 6.375, 2.25], "texture": "#2"},
				"west": {"uv": [6.75, 8.75, 9.125, 9], "texture": "#2"},
				"up": {"uv": [4.5, 0, 4.625, 2.375], "texture": "#2"},
				"down": {"uv": [3.5, 11.25, 3.625, 8.875], "texture": "#2"}
			}
		},
		{
			"from": [6.8089, 13.79435, -11.05624],
			"to": [8.4409, 15.42635, -7.69024],
			"rotation": {"angle": 45, "axis": "z", "origin": [7.9355, 15.02281, -7.20705]},
			"faces": {
				"north": {"uv": [9.75, 9.5, 9.25, 10], "texture": "#2"},
				"east": {"uv": [3.25, 8.875, 2.25, 9.375], "texture": "#2"},
				"south": {"uv": [4.125, 6.5, 3.625, 7], "texture": "#2"},
				"west": {"uv": [8.25, 9, 7.25, 9.5], "texture": "#2"},
				"up": {"uv": [8.75, 9, 8.25, 10], "texture": "#2"},
				"down": {"uv": [9.25, 10, 8.75, 9], "texture": "#2"}
			}
		},
		{
			"from": [5.5775, 15.40217, -15.33989],
			"to": [10.4225, 16.01417, -9.62789],
			"rotation": {"angle": -22.5, "axis": "x", "origin": [8.012, 15.02281, -7.20705]},
			"faces": {
				"north": {"uv": [7.875, 9.5, 6.375, 9.75], "texture": "#2"},
				"east": {"uv": [11, 3.25, 9.25, 3.5], "texture": "#2"},
				"south": {"uv": [6.375, 9.5, 4.875, 9.75], "texture": "#2"},
				"west": {"uv": [11, 3.5, 9.25, 3.75], "texture": "#2"},
				"up": {"uv": [1.5, 4.875, 0, 6.625], "texture": "#2"},
				"down": {"uv": [3, 6.625, 1.5, 4.875], "texture": "#2"}
			}
		},
		{
			"from": [5.348, 12.45588, -15.64752],
			"to": [10.652, 13.27188, -14.72952],
			"rotation": {"angle": 22.5, "axis": "x", "origin": [8, 12.76188, -15.34152]},
			"faces": {
				"north": {"uv": [10.875, 4, 9.25, 4.25], "texture": "#2"},
				"east": {"uv": [4.5, 7, 4.25, 7.25], "texture": "#2"},
				"south": {"uv": [10.875, 3.75, 9.25, 4], "texture": "#2"},
				"west": {"uv": [1.75, 7.25, 1.5, 7.5], "texture": "#2"},
				"up": {"uv": [6.5, 9.25, 4.875, 9.5], "texture": "#2"},
				"down": {"uv": [10.875, 9.25, 9.25, 9], "texture": "#2"}
			}
		},
		{
			"from": [5.3225, 9.12557, -15.21213],
			"to": [10.601, 10.75757, -5.82813],
			"rotation": {"angle": 0, "axis": "y", "origin": [7.99044, 9.1782, -11.75453]},
			"faces": {
				"north": {"uv": [9.875, 0.5, 8.25, 1], "texture": "#2"},
				"east": {"uv": [8.125, 7.375, 5.625, 7.875], "texture": "#2"},
				"south": {"uv": [9.875, 0, 8.25, 0.5], "texture": "#2"},
				"west": {"uv": [8.125, 7.875, 5.625, 8.375], "texture": "#2"},
				"up": {"uv": [1.625, 2.375, 0, 4.875], "texture": "#2"},
				"down": {"uv": [3.25, 4.875, 1.625, 2.375], "texture": "#2"}
			}
		},
		{
			"from": [5.654, 11.444, -15.226],
			"to": [10.346, 12.3365, -14.818],
			"rotation": {"angle": 0, "axis": "y", "origin": [4.736, 9.2, -5.536]},
			"faces": {
				"north": {"uv": [2.875, 2.5, 0, 3], "texture": "#3"},
				"east": {"uv": [1, 3.5, 0.75, 4], "texture": "#3"},
				"south": {"uv": [2.875, 2, 0, 2.5], "texture": "#3"},
				"west": {"uv": [1.25, 3.5, 1, 4], "texture": "#3"},
				"up": {"uv": [6.375, 2.5, 3.5, 2.75], "texture": "#3"},
				"down": {"uv": [6.375, 3, 3.5, 2.75], "texture": "#3"}
			}
		},
		{
			"from": [5.654, 11.444, -14.818],
			"to": [6.062, 12.3365, -6.658],
			"rotation": {"angle": 0, "axis": "y", "origin": [4.736, 9.2, -5.536]},
			"faces": {
				"north": {"uv": [2.25, 3.5, 2, 4], "texture": "#3"},
				"east": {"uv": [5, 1, 0, 1.5], "texture": "#3"},
				"south": {"uv": [2, 3.5, 1.75, 4], "texture": "#3"},
				"west": {"uv": [5, 1.5, 0, 2], "texture": "#3"},
				"up": {"uv": [3.5, 2.5, 3.25, 7.5], "texture": "#3"},
				"down": {"uv": [0.25, 8.5, 0, 3.5], "texture": "#3"}
			}
		},
		{
			"from": [9.938, 11.444, -14.818],
			"to": [10.346, 12.3365, -6.658],
			"rotation": {"angle": 0, "axis": "y", "origin": [11.264, 9.2, -5.536]},
			"faces": {
				"north": {"uv": [2, 3.5, 2.25, 4], "texture": "#3"},
				"east": {"uv": [0, 1.5, 5, 2], "texture": "#3"},
				"south": {"uv": [1.75, 3.5, 2, 4], "texture": "#3"},
				"west": {"uv": [0, 1, 5, 1.5], "texture": "#3"},
				"up": {"uv": [3.25, 2.5, 3.5, 7.5], "texture": "#3"},
				"down": {"uv": [0, 8.5, 0.25, 3.5], "texture": "#3"}
			}
		},
		{
			"from": [5.756, 10.7555, -15.226],
			"to": [10.244, 11.444, -14.818],
			"rotation": {"angle": 0, "axis": "y", "origin": [7.99044, 9.1782, -11.75453]},
			"faces": {
				"north": {"uv": [5.625, 2, 3, 2.5], "texture": "#3"},
				"east": {"uv": [0.5, 3.5, 0.25, 4], "texture": "#3"},
				"south": {"uv": [2.625, 3, 0, 3.5], "texture": "#3"},
				"west": {"uv": [0.75, 3.5, 0.5, 4], "texture": "#3"},
				"up": {"uv": [6.125, 3, 3.5, 3.25], "texture": "#3"},
				"down": {"uv": [6.25, 3.5, 3.5, 3.25], "texture": "#3"}
			}
		},
		{
			"from": [5.756, 10.7555, -14.818],
			"to": [6.164, 11.444, -6.658],
			"rotation": {"angle": 0, "axis": "y", "origin": [7.99044, 9.1782, -11.75453]},
			"faces": {
				"north": {"uv": [1.75, 3.5, 1.5, 4], "texture": "#3"},
				"east": {"uv": [5, 0, 0, 0.5], "texture": "#3"},
				"south": {"uv": [1.5, 3.5, 1.25, 4], "texture": "#3"},
				"west": {"uv": [5, 0.5, 0, 1], "texture": "#3"},
				"up": {"uv": [3.25, 2.5, 3, 7.5], "texture": "#3"},
				"down": {"uv": [3, 8, 2.75, 3], "texture": "#3"}
			}
		},
		{
			"from": [9.836, 10.7555, -14.818],
			"to": [10.244, 11.444, -6.658],
			"rotation": {"angle": 0, "axis": "y", "origin": [7.99044, 9.1782, -11.75453]},
			"faces": {
				"north": {"uv": [1.5, 3.5, 1.75, 4], "texture": "#3"},
				"east": {"uv": [0, 0.5, 5, 1], "texture": "#3"},
				"south": {"uv": [1.25, 3.5, 1.5, 4], "texture": "#3"},
				"west": {"uv": [0, 0, 5, 0.5], "texture": "#3"},
				"up": {"uv": [3, 2.5, 3.25, 7.5], "texture": "#3"},
				"down": {"uv": [2.75, 8, 3, 3], "texture": "#3"}
			}
		}
	],
	"display": {
		"thirdperson_righthand": {
			"rotation": [9.5, 0, 176.5],
			"translation": [-6, -50, 14],
			"scale": [4, 4, 4]
		},
		"head": {
			"translation": [0, -13, 21],
			"scale": [4, 4, 4]
		}
	},
	"groups": [
		{
			"name": "titan_1",
			"origin": [8, 8, 8],
			"color": 0,
			"children": [
				{
					"name": "group",
					"origin": [0, 0, 0],
					"color": 0,
					"children": [
						{
							"name": "head",
							"origin": [0, 0, 0],
							"color": 0,
							"children": []
						},
						{
							"name": "mouth",
							"origin": [0, 0, 0],
							"color": 0,
							"children": []
						},
						0
					]
				},
				1,
				2,
				3,
				{
					"name": "right_arm",
					"origin": [0, 0, 0],
					"color": 0,
					"children": [4, 5, 6, 7]
				},
				{
					"name": "right_arm",
					"origin": [0, 0, 0],
					"color": 0,
					"children": [8, 9, 10, 11]
				},
				{
					"name": "right_leg",
					"origin": [0, 0, 0],
					"color": 0,
					"children": [
						12,
						13,
						{
							"name": "pies",
							"origin": [0, 0, 0],
							"color": 0,
							"children": [14, 15]
						}
					]
				},
				{
					"name": "right_leg",
					"origin": [0, 0, 0],
					"color": 0,
					"children": [
						16,
						17,
						{
							"name": "pies",
							"origin": [0, 0, 0],
							"color": 0,
							"children": [18, 19]
						}
					]
				}
			]
		},
		{
			"name": "Guns",
			"origin": [0, 0, 0],
			"color": 0,
			"children": [
				{
					"name": "side",
					"origin": [0, 0, 0],
					"color": 0,
					"children": [20, 21, 22, 23, 24, 25, 26, 27, 28, 29, 30]
				},
				{
					"name": "side",
					"origin": [0, 0, 0],
					"color": 0,
					"children": [31, 32, 33, 34, 35, 36, 37, 38, 39, 40, 41]
				},
				42,
				43,
				44,
				45,
				46,
				47,
				48,
				{
					"name": "box",
					"origin": [8.0625, 22.15002, 12.73868],
					"color": 0,
					"children": [49, 50, 51, 52, 53, 54, 55, 56, 57, 58, 59, 60, 61, 62, 63, 64, 65, 66, 67, 68, 69, 70, 71, 72, 73]
				},
				{
					"name": "box",
					"origin": [8.0625, 22.15002, 12.73868],
					"color": 0,
					"children": [
						{
							"name": "box",
							"origin": [8.0625, 12.70816, 5.54677],
							"color": 0,
							"children": [74, 75, 76, 77, 78, 79, 80, 81, 82, 83, 84, 85, 86]
						},
						87,
						88,
						89,
						90,
						91,
						92,
						93,
						94,
						95,
						96,
						97,
						98,
						99
					]
				},
				100,
				101,
				102,
				103,
				104,
				105,
				106,
				107,
				108,
				109,
				110
			]
		},
		{
			"name": "cart",
			"origin": [8, 8, 8],
			"color": 0,
			"children": [
				{
					"name": "head",
					"origin": [8, 8, 8],
					"color": 0,
					"children": [111, 112, 113, 114, 115, 116, 117, 118, 119, 120, 121, 122, 123, 124, 125, 126, 127, 128]
				},
				{
					"name": "Jaw",
					"origin": [8, 6.81756, 13.59102],
					"color": 0,
					"children": [129]
				},
				{
					"name": "theeth",
					"origin": [8, 8, 8],
					"color": 0,
					"children": [
						130,
						131,
						132,
						{
							"name": "jaw",
							"origin": [0, 0, 0],
							"color": 0,
							"children": [133, 134, 135]
						}
					]
				}
			]
		}
	]
}