{
	"credit": "Made with Blockbench",
	"texture_size": [64, 64],
	"textures": {
		"0": "custom/titan/shifter/cart/cart_titan",
		"1": "custom/titan/shifter/cart/cart_titan_boxpng",
		"particle": "custom/titan/shifter/cart/cart_titan"
	},
	"elements": [
		{
			"name": "cuello",
			"from": [5.75, 6, -2.5],
			"to": [10.25, 12, 1.5],
			"rotation": {"angle": -45, "axis": "x", "origin": [7, 9, -1.5]},
			"faces": {
				"north": {"uv": [9.5, 1.75, 10.625, 3.25], "texture": "#0"},
				"east": {"uv": [9.75, 8.25, 10.75, 9.75], "texture": "#0"},
				"south": {"uv": [9.5, 3.25, 10.625, 4.75], "texture": "#0"},
				"west": {"uv": [9.75, 9.75, 10.75, 11.25], "texture": "#0"},
				"up": {"uv": [11.875, 5.75, 10.75, 4.75], "texture": "#0"},
				"down": {"uv": [11.875, 5.75, 10.75, 6.75], "texture": "#0"}
			}
		},
		{
			"name": "body",
			"from": [3, 4.82283, 13.30403],
			"to": [13, 11.32283, 18.80403],
			"rotation": {"angle": 0, "axis": "y", "origin": [8, 7.06343, 12.2406]},
			"faces": {
				"north": {"uv": [6, 0, 8.5, 1.625], "texture": "#0"},
				"east": {"uv": [2, 9, 3.375, 10.625], "texture": "#0"},
				"south": {"uv": [6, 1.75, 8.5, 3.375], "texture": "#0"},
				"west": {"uv": [3.5, 9, 4.875, 10.625], "texture": "#0"},
				"up": {"uv": [8.5, 4.875, 6, 3.5], "texture": "#0"},
				"down": {"uv": [2.5, 6.75, 0, 8.125], "texture": "#0"}
			}
		},
		{
			"name": "wtf",
			"from": [2, 3.32283, -0.19597],
			"to": [14, 11.32283, 9.05403],
			"rotation": {"angle": 0, "axis": "y", "origin": [8, 7.06343, 12.2406]},
			"faces": {
				"north": {"uv": [3, 0, 6, 2], "texture": "#0"},
				"east": {"uv": [3, 5.75, 5.3125, 7.75], "texture": "#0"},
				"south": {"uv": [3, 2, 6, 4], "texture": "#0"},
				"west": {"uv": [5.5, 5.75, 7.8125, 7.75], "texture": "#0"},
				"up": {"uv": [3, 2.3125, 0, 0], "texture": "#0"},
				"down": {"uv": [3, 2.5, 0, 4.8125], "texture": "#0"}
			}
		},
		{
			"name": "body",
			"from": [2, 4.07283, 9.05403],
			"to": [14, 10.82283, 13.30403],
			"rotation": {"angle": 0, "axis": "y", "origin": [8, 7.06343, 12.2406]},
			"faces": {
				"north": {"uv": [3, 4, 6, 5.6875], "texture": "#0"},
				"east": {"uv": [7, 9, 8.0625, 10.6875], "texture": "#0"},
				"south": {"uv": [0, 5, 3, 6.6875], "texture": "#0"},
				"west": {"uv": [9.5, 0, 10.5625, 1.6875], "texture": "#0"},
				"up": {"uv": [5.5, 8.8125, 2.5, 7.75], "texture": "#0"},
				"down": {"uv": [8.5, 7.75, 5.5, 8.8125], "texture": "#0"}
			}
		},
		{
			"name": "dedos",
			"from": [15, -3.64173, -6.60289],
			"to": [17.5, -2.89173, -3.10289],
			"rotation": {"angle": 0, "axis": "y", "origin": [21.25, 23.35827, -1.60289]},
			"faces": {
				"north": {"uv": [6.25, 11.25, 6.875, 11.5], "texture": "#0"},
				"east": {"uv": [9.25, 11.25, 10.125, 11.5], "texture": "#0"},
				"south": {"uv": [3, 11.5, 3.625, 11.75], "texture": "#0"},
				"west": {"uv": [2, 11.5, 2.875, 11.75], "texture": "#0"},
				"up": {"uv": [5.375, 12.125, 4.75, 11.25], "texture": "#0"},
				"down": {"uv": [6.125, 11.25, 5.5, 12.125], "texture": "#0"}
			}
		},
		{
			"from": [14.40207, -3.60275, -6.2828],
			"to": [15.15207, -3.10275, -2.7828],
			"rotation": {"angle": 0, "axis": "y", "origin": [8, 7.06343, 14.2406]},
			"faces": {
				"north": {"uv": [8, 7.25, 8.1875, 7.4375], "texture": "#0"},
				"east": {"uv": [11.25, 11.5, 12.125, 11.6875], "texture": "#0"},
				"south": {"uv": [8, 7.5, 8.1875, 7.6875], "texture": "#0"},
				"west": {"uv": [11.75, 0, 12.625, 0.1875], "texture": "#0"},
				"up": {"uv": [2.6875, 7.625, 2.5, 6.75], "texture": "#0"},
				"down": {"uv": [2.9375, 6.75, 2.75, 7.625], "texture": "#0"}
			}
		},
		{
			"name": "hombro",
			"from": [14, 2.82283, 0.30403],
			"to": [18, 11.32283, 4.80403],
			"rotation": {"angle": 0, "axis": "y", "origin": [18.25, 7.07283, 1.55403]},
			"faces": {
				"north": {"uv": [5, 9, 6, 11.125], "texture": "#0"},
				"east": {"uv": [8.5, 6, 9.625, 8.125], "texture": "#0"},
				"south": {"uv": [6, 9, 7, 11.125], "texture": "#0"},
				"west": {"uv": [8.5, 8.25, 9.625, 10.375], "texture": "#0"},
				"up": {"uv": [11.75, 7.875, 10.75, 6.75], "texture": "#0"},
				"down": {"uv": [8, 10.75, 7, 11.875], "texture": "#0"}
			}
		},
		{
			"name": "antebrazo",
			"from": [14.25, -1.48783, -4.28911],
			"to": [17.75, 1.51217, 2.96089],
			"rotation": {"angle": -45, "axis": "x", "origin": [16, 0.01217, -0.53911]},
			"faces": {
				"north": {"uv": [10.75, 10, 11.625, 10.75], "texture": "#0"},
				"east": {"uv": [6, 5, 7.75, 5.75], "texture": "#0"},
				"south": {"uv": [10.75, 10.75, 11.625, 11.5], "texture": "#0"},
				"west": {"uv": [10.75, 1.75, 12.5, 2.5], "texture": "#0"},
				"up": {"uv": [10.625, 6.5, 9.75, 4.75], "texture": "#0"},
				"down": {"uv": [10.625, 6.5, 9.75, 8.25], "texture": "#0"}
			}
		},
		{
			"name": "dedos",
			"from": [-1.5, -3.64173, -6.60289],
			"to": [1, -2.89173, -3.10289],
			"rotation": {"angle": 0, "axis": "y", "origin": [0.24323, 9.09428, 2.63521]},
			"faces": {
				"north": {"uv": [6.9375, 11.25, 6.25, 11.5], "texture": "#0"},
				"east": {"uv": [2.875, 11.5, 2, 11.75], "texture": "#0"},
				"south": {"uv": [3.625, 11.5, 3, 11.75], "texture": "#0"},
				"west": {"uv": [10.125, 11.25, 9.25, 11.5], "texture": "#0"},
				"up": {"uv": [4.75, 12.125, 5.4375, 11.25], "texture": "#0"},
				"down": {"uv": [5.5, 11.25, 6.1875, 12.125], "texture": "#0"}
			}
		},
		{
			"from": [0.84793, -3.60275, -6.2828],
			"to": [1.59793, -3.10275, -2.7828],
			"rotation": {"angle": 0, "axis": "y", "origin": [0.24323, 9.09428, 2.63521]},
			"faces": {
				"north": {"uv": [8.1875, 7.25, 8, 7.4375], "texture": "#0"},
				"east": {"uv": [12.625, 0, 11.75, 0.1875], "texture": "#0"},
				"south": {"uv": [8.1875, 7.5, 8, 7.6875], "texture": "#0"},
				"west": {"uv": [12.125, 11.5, 11.25, 11.6875], "texture": "#0"},
				"up": {"uv": [2.5, 7.625, 2.6875, 6.75], "texture": "#0"},
				"down": {"uv": [2.75, 6.75, 2.9375, 7.625], "texture": "#0"}
			}
		},
		{
			"name": "hombro",
			"from": [-2, 2.82283, 0.30403],
			"to": [2, 11.32283, 4.80403],
			"rotation": {"angle": 0, "axis": "y", "origin": [0.24323, 9.09428, 2.63521]},
			"faces": {
				"north": {"uv": [6, 9, 5, 11.125], "texture": "#0"},
				"east": {"uv": [9.625, 8.25, 8.5, 10.375], "texture": "#0"},
				"south": {"uv": [7, 9, 6, 11.125], "texture": "#0"},
				"west": {"uv": [9.625, 6, 8.5, 8.125], "texture": "#0"},
				"up": {"uv": [10.75, 7.875, 11.75, 6.75], "texture": "#0"},
				"down": {"uv": [7, 10.75, 8, 11.875], "texture": "#0"}
			}
		},
		{
			"name": "antebrazo",
			"from": [-1.75, 3.41684, -9.7814],
			"to": [1.75, 6.41684, -2.5314],
			"rotation": {"angle": -45, "axis": "x", "origin": [0.24323, 9.09428, 2.63521]},
			"faces": {
				"north": {"uv": [11.625, 10, 10.75, 10.75], "texture": "#0"},
				"east": {"uv": [12.5, 1.75, 10.75, 2.5], "texture": "#0"},
				"south": {"uv": [11.625, 10.75, 10.75, 11.5], "texture": "#0"},
				"west": {"uv": [7.75, 5, 6, 5.75], "texture": "#0"},
				"up": {"uv": [9.75, 6.5, 10.625, 4.75], "texture": "#0"},
				"down": {"uv": [9.75, 6.5, 10.625, 8.25], "texture": "#0"}
			}
		},
		{
			"name": "muslo",
			"from": [10, -1.17717, 15.05403],
			"to": [14, 10.07283, 19.05403],
			"rotation": {"angle": 0, "axis": "y", "origin": [11.5, 7.82283, 23.05403]},
			"faces": {
				"north": {"uv": [0, 8.25, 1, 11.0625], "texture": "#0"},
				"east": {"uv": [1, 8.25, 2, 11.0625], "texture": "#0"},
				"south": {"uv": [8.5, 0, 9.5, 2.8125], "texture": "#0"},
				"west": {"uv": [8.5, 3, 9.5, 5.8125], "texture": "#0"},
				"up": {"uv": [11.75, 9, 10.75, 8], "texture": "#0"},
				"down": {"uv": [11.75, 9, 10.75, 10], "texture": "#0"}
			}
		},
		{
			"name": "canilla",
			"from": [10.5, -1.61467, 15.30403],
			"to": [13.75, 1.32283, 22.30403],
			"rotation": {"angle": 0, "axis": "y", "origin": [8, 7.06343, 10.2406]},
			"faces": {
				"north": {"uv": [0, 11.25, 0.8125, 12], "texture": "#0"},
				"east": {"uv": [2, 10.75, 3.75, 11.5], "texture": "#0"},
				"south": {"uv": [1, 11.25, 1.8125, 12], "texture": "#0"},
				"west": {"uv": [10.75, 2.5, 12.5, 3.25], "texture": "#0"},
				"up": {"uv": [9.0625, 12.25, 8.25, 10.5], "texture": "#0"},
				"down": {"uv": [11.5625, 0, 10.75, 1.75], "texture": "#0"}
			}
		},
		{
			"name": "dedos",
			"from": [10.25, -4.05217, 23.30403],
			"to": [13.75, 1.44783, 24.30403],
			"rotation": {"angle": -22.5, "axis": "x", "origin": [12, -1.17717, 22.80403]},
			"faces": {
				"north": {"uv": [10.75, 3.25, 11.625, 4.625], "texture": "#0"},
				"east": {"uv": [8, 5, 8.25, 6.375], "texture": "#0"},
				"south": {"uv": [3.75, 10.75, 4.625, 12.125], "texture": "#0"},
				"west": {"uv": [8.25, 5, 8.5, 6.375], "texture": "#0"},
				"up": {"uv": [10.125, 11.75, 9.25, 11.5], "texture": "#0"},
				"down": {"uv": [11.125, 11.5, 10.25, 11.75], "texture": "#0"}
			}
		},
		{
			"from": [10.25, -3.67717, 23.30403],
			"to": [11.25, -2.67717, 24.30403],
			"rotation": {"angle": 0, "axis": "y", "origin": [10.75, -3.17717, 23.80403]},
			"faces": {
				"north": {"uv": [7.75, 5, 8, 5.25], "texture": "#0"},
				"east": {"uv": [7.75, 5.25, 8, 5.5], "texture": "#0"},
				"south": {"uv": [7.75, 5.5, 8, 5.75], "texture": "#0"},
				"west": {"uv": [8, 6.5, 8.25, 6.75], "texture": "#0"},
				"up": {"uv": [8.25, 7, 8, 6.75], "texture": "#0"},
				"down": {"uv": [8.25, 7, 8, 7.25], "texture": "#0"}
			}
		},
		{
			"name": "muslo",
			"from": [2, -1.17717, 15.05403],
			"to": [6, 10.07283, 19.05403],
			"rotation": {"angle": 0, "axis": "y", "origin": [4.5, 7.82283, 23.05403]},
			"faces": {
				"north": {"uv": [1, 8.25, 0, 11.0625], "texture": "#0"},
				"east": {"uv": [9.5, 3, 8.5, 5.8125], "texture": "#0"},
				"south": {"uv": [9.5, 0, 8.5, 2.8125], "texture": "#0"},
				"west": {"uv": [2, 8.25, 1, 11.0625], "texture": "#0"},
				"up": {"uv": [10.75, 9, 11.75, 8], "texture": "#0"},
				"down": {"uv": [10.75, 9, 11.75, 10], "texture": "#0"}
			}
		},
		{
			"name": "canilla",
			"from": [2.25, -1.61467, 15.30403],
			"to": [5.5, 1.32283, 22.30403],
			"rotation": {"angle": 0, "axis": "y", "origin": [8, 7.06343, 10.2406]},
			"faces": {
				"north": {"uv": [0.8125, 11.25, 0, 12], "texture": "#0"},
				"east": {"uv": [12.5, 2.5, 10.75, 3.25], "texture": "#0"},
				"south": {"uv": [1.8125, 11.25, 1, 12], "texture": "#0"},
				"west": {"uv": [3.75, 10.75, 2, 11.5], "texture": "#0"},
				"up": {"uv": [8.25, 12.25, 9.0625, 10.5], "texture": "#0"},
				"down": {"uv": [10.75, 0, 11.5625, 1.75], "texture": "#0"}
			}
		},
		{
			"name": "dedos",
			"from": [2.25, -4.05217, 23.30403],
			"to": [5.75, 1.44783, 24.30403],
			"rotation": {"angle": -22.5, "axis": "x", "origin": [4, -1.17717, 22.80403]},
			"faces": {
				"north": {"uv": [11.625, 3.25, 10.75, 4.625], "texture": "#0"},
				"east": {"uv": [8.5, 5, 8.25, 6.375], "texture": "#0"},
				"south": {"uv": [4.625, 10.75, 3.75, 12.125], "texture": "#0"},
				"west": {"uv": [8.25, 5, 8, 6.375], "texture": "#0"},
				"up": {"uv": [9.25, 11.75, 10.125, 11.5], "texture": "#0"},
				"down": {"uv": [10.25, 11.5, 11.125, 11.75], "texture": "#0"}
			}
		},
		{
			"from": [4.75, -3.67717, 23.30403],
			"to": [5.75, -2.67717, 24.30403],
			"rotation": {"angle": 0, "axis": "y", "origin": [5.25, -3.17717, 23.80403]},
			"faces": {
				"north": {"uv": [8, 5, 7.75, 5.25], "texture": "#0"},
				"east": {"uv": [8.25, 6.5, 8, 6.75], "texture": "#0"},
				"south": {"uv": [8, 5.5, 7.75, 5.75], "texture": "#0"},
				"west": {"uv": [8, 5.25, 7.75, 5.5], "texture": "#0"},
				"up": {"uv": [8, 7, 8.25, 6.75], "texture": "#0"},
				"down": {"uv": [8, 7, 8.25, 7.25], "texture": "#0"}
			}
		},
		{
			"from": [6.375, 3.25, -0.4375],
			"to": [7.25, 5.4375, -0.0625],
			"rotation": {"angle": 0, "axis": "y", "origin": [6, 11.5, -3.25]},
			"faces": {
				"north": {"uv": [3.75, 7.25, 4, 7.8125], "texture": "#1"},
				"east": {"uv": [6.75, 8.25, 6.875, 8.8125], "texture": "#1"},
				"south": {"uv": [4, 7.25, 4.25, 7.8125], "texture": "#1"},
				"west": {"uv": [7, 8.25, 7.125, 8.8125], "texture": "#1"},
				"up": {"uv": [6.5, 8.625, 6.25, 8.5], "texture": "#1"},
				"down": {"uv": [6.75, 8.5, 6.5, 8.625], "texture": "#1"}
			}
		},
		{
			"from": [1.625, 3.75, 10.25],
			"to": [2, 11.3125, 11.125],
			"rotation": {"angle": 0, "axis": "y", "origin": [3.8125, 3.21875, 3.625]},
			"faces": {
				"north": {"uv": [6.5, 6.5, 6.625, 8.375], "texture": "#1"},
				"east": {"uv": [0, 5, 0.25, 6.875], "texture": "#1"},
				"south": {"uv": [1, 6.75, 1.125, 8.625], "texture": "#1"},
				"west": {"uv": [0.25, 5, 0.5, 6.875], "texture": "#1"},
				"up": {"uv": [7.375, 8.75, 7.25, 8.5], "texture": "#1"},
				"down": {"uv": [7.625, 8.5, 7.5, 8.75], "texture": "#1"}
			}
		},
		{
			"from": [2.625, 4.75, 13.5],
			"to": [3, 11.4375, 14.375],
			"rotation": {"angle": 0, "axis": "y", "origin": [3.8125, 3.21875, 3.625]},
			"faces": {
				"north": {"uv": [2.75, 6.75, 2.875, 8.4375], "texture": "#1"},
				"east": {"uv": [5.25, 4.75, 5.5, 6.4375], "texture": "#1"},
				"south": {"uv": [3, 6.75, 3.125, 8.4375], "texture": "#1"},
				"west": {"uv": [3.25, 5.5, 3.5, 7.1875], "texture": "#1"},
				"up": {"uv": [7.875, 8.75, 7.75, 8.5], "texture": "#1"},
				"down": {"uv": [8.125, 8.5, 8, 8.75], "texture": "#1"}
			}
		},
		{
			"from": [1.625, 3, 7.6875],
			"to": [2, 11.4375, 8.5625],
			"rotation": {"angle": 0, "axis": "y", "origin": [3.8125, 3.21875, 3.625]},
			"faces": {
				"north": {"uv": [1.25, 6, 1.375, 8.125], "texture": "#1"},
				"east": {"uv": [2.75, 4.5, 3, 6.625], "texture": "#1"},
				"south": {"uv": [1.5, 6, 1.625, 8.125], "texture": "#1"},
				"west": {"uv": [3, 4.5, 3.25, 6.625], "texture": "#1"},
				"up": {"uv": [8.375, 8.75, 8.25, 8.5], "texture": "#1"},
				"down": {"uv": [8.625, 8.5, 8.5, 8.75], "texture": "#1"}
			}
		},
		{
			"from": [1.50962, 3.28125, 7.75243],
			"to": [2.38462, 3.71875, 10.68993],
			"rotation": {"angle": 22.5, "axis": "y", "origin": [2, 3.21875, 7.875]},
			"faces": {
				"north": {"uv": [0, 8.75, 0.25, 8.875], "texture": "#1"},
				"east": {"uv": [8, 3.25, 8.75, 3.375], "texture": "#1"},
				"south": {"uv": [8.75, 0, 9, 0.125], "texture": "#1"},
				"west": {"uv": [8, 3.5, 8.75, 3.625], "texture": "#1"},
				"up": {"uv": [0.25, 7.75, 0, 7], "texture": "#1"},
				"down": {"uv": [0.5, 7, 0.25, 7.75], "texture": "#1"}
			}
		},
		{
			"from": [3.375, 3.03125, -0.59375],
			"to": [4.25, 3.40625, 8.59375],
			"rotation": {"angle": -22.5, "axis": "y", "origin": [3.8125, 3.21875, 3.625]},
			"faces": {
				"north": {"uv": [0.25, 8.75, 0.5, 8.875], "texture": "#1"},
				"east": {"uv": [5.5, 6, 7.8125, 6.125], "texture": "#1"},
				"south": {"uv": [0.5, 8.75, 0.75, 8.875], "texture": "#1"},
				"west": {"uv": [5.5, 6.25, 7.8125, 6.375], "texture": "#1"},
				"up": {"uv": [2.5, 6.8125, 2.25, 4.5], "texture": "#1"},
				"down": {"uv": [2.75, 4.5, 2.5, 6.8125], "texture": "#1"}
			}
		},
		{
			"from": [8.125, 3.03125, -0.59375],
			"to": [9, 3.40625, 2.09375],
			"rotation": {"angle": 22.5, "axis": "y", "origin": [8.5625, 3.21875, 4]},
			"faces": {
				"north": {"uv": [1, 8.75, 1.25, 8.875], "texture": "#1"},
				"east": {"uv": [0, 8.25, 0.6875, 8.375], "texture": "#1"},
				"south": {"uv": [8.75, 1, 9, 1.125], "texture": "#1"},
				"west": {"uv": [8.25, 0.75, 8.9375, 0.875], "texture": "#1"},
				"up": {"uv": [0.75, 7.6875, 0.5, 7], "texture": "#1"},
				"down": {"uv": [1, 7, 0.75, 7.6875], "texture": "#1"}
			}
		},
		{
			"from": [4.875, 3.25, -0.4375],
			"to": [5.75, 11.6875, -0.0625],
			"rotation": {"angle": 0, "axis": "y", "origin": [6, 11.5, -3.25]},
			"faces": {
				"north": {"uv": [4.5, 4.75, 4.75, 6.875], "texture": "#1"},
				"east": {"uv": [5, 6.5, 5.125, 8.625], "texture": "#1"},
				"south": {"uv": [4.75, 4.75, 5, 6.875], "texture": "#1"},
				"west": {"uv": [5.25, 6.5, 5.375, 8.625], "texture": "#1"},
				"up": {"uv": [1.5, 8.875, 1.25, 8.75], "texture": "#1"},
				"down": {"uv": [1.75, 8.75, 1.5, 8.875], "texture": "#1"}
			}
		},
		{
			"from": [1.75, 10.875, 10.1875],
			"to": [5.25, 11.375, 11.0625],
			"rotation": {"angle": 0, "axis": "y", "origin": [6, 11.5, 2.75]},
			"faces": {
				"north": {"uv": [7.5, 7, 8.375, 7.125], "texture": "#1"},
				"east": {"uv": [1.75, 8.75, 2, 8.875], "texture": "#1"},
				"south": {"uv": [8, 0.25, 8.875, 0.375], "texture": "#1"},
				"west": {"uv": [2, 8.75, 2.25, 8.875], "texture": "#1"},
				"up": {"uv": [7.625, 5.75, 6.75, 5.5], "texture": "#1"},
				"down": {"uv": [7.625, 5.75, 6.75, 6], "texture": "#1"}
			}
		},
		{
			"from": [5.5, 11.25, -0.5],
			"to": [6.5, 11.75, 6],
			"faces": {
				"north": {"uv": [8.75, 2, 9, 2.125], "texture": "#1"},
				"east": {"uv": [6.75, 6.5, 8.375, 6.625], "texture": "#1"},
				"south": {"uv": [2.25, 8.75, 2.5, 8.875], "texture": "#1"},
				"west": {"uv": [6.75, 6.75, 8.375, 6.875], "texture": "#1"},
				"up": {"uv": [4.25, 7.125, 4, 5.5], "texture": "#1"},
				"down": {"uv": [4.5, 5.5, 4.25, 7.125], "texture": "#1"}
			}
		},
		{
			"from": [1.75, 11.25, 7.625],
			"to": [4.75, 11.75, 8.5],
			"rotation": {"angle": 0, "axis": "y", "origin": [6, 11.5, 2.75]},
			"faces": {
				"north": {"uv": [3.75, 8, 4.5, 8.125], "texture": "#1"},
				"east": {"uv": [8.75, 2.25, 9, 2.375], "texture": "#1"},
				"south": {"uv": [8, 3.75, 8.75, 3.875], "texture": "#1"},
				"west": {"uv": [2.5, 8.75, 2.75, 8.875], "texture": "#1"},
				"up": {"uv": [7.75, 1, 7, 0.75], "texture": "#1"},
				"down": {"uv": [7.75, 1, 7, 1.25], "texture": "#1"}
			}
		},
		{
			"from": [8.75, 3.25, -0.4375],
			"to": [9.625, 5.4375, -0.0625],
			"rotation": {"angle": 0, "axis": "y", "origin": [10, 11.5, -3.25]},
			"faces": {
				"north": {"uv": [4, 7.25, 3.75, 7.8125], "texture": "#1"},
				"east": {"uv": [7.125, 8.25, 7, 8.8125], "texture": "#1"},
				"south": {"uv": [4.25, 7.25, 4, 7.8125], "texture": "#1"},
				"west": {"uv": [6.875, 8.25, 6.75, 8.8125], "texture": "#1"},
				"up": {"uv": [6.25, 8.625, 6.5, 8.5], "texture": "#1"},
				"down": {"uv": [6.5, 8.5, 6.75, 8.625], "texture": "#1"}
			}
		},
		{
			"from": [14, 3.75, 10.25],
			"to": [14.375, 11.3125, 11.125],
			"rotation": {"angle": 0, "axis": "y", "origin": [12.1875, 3.21875, 3.625]},
			"faces": {
				"north": {"uv": [6.625, 6.5, 6.5, 8.375], "texture": "#1"},
				"east": {"uv": [0.5, 5, 0.25, 6.875], "texture": "#1"},
				"south": {"uv": [1.125, 6.75, 1, 8.625], "texture": "#1"},
				"west": {"uv": [0.25, 5, 0, 6.875], "texture": "#1"},
				"up": {"uv": [7.25, 8.75, 7.375, 8.5], "texture": "#1"},
				"down": {"uv": [7.5, 8.5, 7.625, 8.75], "texture": "#1"}
			}
		},
		{
			"from": [13, 4.75, 13.5],
			"to": [13.375, 11.4375, 14.375],
			"rotation": {"angle": 0, "axis": "y", "origin": [12.1875, 3.21875, 3.625]},
			"faces": {
				"north": {"uv": [2.875, 6.75, 2.75, 8.4375], "texture": "#1"},
				"east": {"uv": [3.5, 5.5, 3.25, 7.1875], "texture": "#1"},
				"south": {"uv": [3.125, 6.75, 3, 8.4375], "texture": "#1"},
				"west": {"uv": [5.5, 4.75, 5.25, 6.4375], "texture": "#1"},
				"up": {"uv": [7.75, 8.75, 7.875, 8.5], "texture": "#1"},
				"down": {"uv": [8, 8.5, 8.125, 8.75], "texture": "#1"}
			}
		},
		{
			"from": [14, 3, 7.6875],
			"to": [14.375, 11.4375, 8.5625],
			"rotation": {"angle": 0, "axis": "y", "origin": [12.1875, 3.21875, 3.625]},
			"faces": {
				"north": {"uv": [1.375, 6, 1.25, 8.125], "texture": "#1"},
				"east": {"uv": [3.25, 4.5, 3, 6.625], "texture": "#1"},
				"south": {"uv": [1.625, 6, 1.5, 8.125], "texture": "#1"},
				"west": {"uv": [3, 4.5, 2.75, 6.625], "texture": "#1"},
				"up": {"uv": [8.25, 8.75, 8.375, 8.5], "texture": "#1"},
				"down": {"uv": [8.5, 8.5, 8.625, 8.75], "texture": "#1"}
			}
		},
		{
			"from": [13.61538, 3.28125, 7.75243],
			"to": [14.49038, 3.71875, 10.68993],
			"rotation": {"angle": -22.5, "axis": "y", "origin": [14, 3.21875, 7.875]},
			"faces": {
				"north": {"uv": [0.25, 8.75, 0, 8.875], "texture": "#1"},
				"east": {"uv": [8.75, 3.5, 8, 3.625], "texture": "#1"},
				"south": {"uv": [9, 0, 8.75, 0.125], "texture": "#1"},
				"west": {"uv": [8.75, 3.25, 8, 3.375], "texture": "#1"},
				"up": {"uv": [0, 7.75, 0.25, 7], "texture": "#1"},
				"down": {"uv": [0.25, 7, 0.5, 7.75], "texture": "#1"}
			}
		},
		{
			"from": [11.75, 3.03125, -0.59375],
			"to": [12.625, 3.40625, 8.59375],
			"rotation": {"angle": 22.5, "axis": "y", "origin": [12.1875, 3.21875, 3.625]},
			"faces": {
				"north": {"uv": [0.5, 8.75, 0.25, 8.875], "texture": "#1"},
				"east": {"uv": [7.8125, 6.25, 5.5, 6.375], "texture": "#1"},
				"south": {"uv": [0.75, 8.75, 0.5, 8.875], "texture": "#1"},
				"west": {"uv": [7.8125, 6, 5.5, 6.125], "texture": "#1"},
				"up": {"uv": [2.25, 6.8125, 2.5, 4.5], "texture": "#1"},
				"down": {"uv": [2.5, 4.5, 2.75, 6.8125], "texture": "#1"}
			}
		},
		{
			"from": [7, 3.03125, -0.59375],
			"to": [7.875, 3.40625, 2.09375],
			"rotation": {"angle": -22.5, "axis": "y", "origin": [7.4375, 3.21875, 4]},
			"faces": {
				"north": {"uv": [1.25, 8.75, 1, 8.875], "texture": "#1"},
				"east": {"uv": [8.9375, 0.75, 8.25, 0.875], "texture": "#1"},
				"south": {"uv": [9, 1, 8.75, 1.125], "texture": "#1"},
				"west": {"uv": [0.6875, 8.25, 0, 8.375], "texture": "#1"},
				"up": {"uv": [0.5, 7.6875, 0.75, 7], "texture": "#1"},
				"down": {"uv": [0.75, 7, 1, 7.6875], "texture": "#1"}
			}
		},
		{
			"from": [10.25, 3.25, -0.4375],
			"to": [11.125, 11.6875, -0.0625],
			"rotation": {"angle": 0, "axis": "y", "origin": [10, 11.5, -3.25]},
			"faces": {
				"north": {"uv": [4.75, 4.75, 4.5, 6.875], "texture": "#1"},
				"east": {"uv": [5.375, 6.5, 5.25, 8.625], "texture": "#1"},
				"south": {"uv": [5, 4.75, 4.75, 6.875], "texture": "#1"},
				"west": {"uv": [5.125, 6.5, 5, 8.625], "texture": "#1"},
				"up": {"uv": [1.25, 8.875, 1.5, 8.75], "texture": "#1"},
				"down": {"uv": [1.5, 8.75, 1.75, 8.875], "texture": "#1"}
			}
		},
		{
			"from": [10.75, 10.875, 10.1875],
			"to": [14.25, 11.375, 11.0625],
			"rotation": {"angle": 0, "axis": "y", "origin": [10, 11.5, 2.75]},
			"faces": {
				"north": {"uv": [8.375, 7, 7.5, 7.125], "texture": "#1"},
				"east": {"uv": [2.25, 8.75, 2, 8.875], "texture": "#1"},
				"south": {"uv": [8.875, 0.25, 8, 0.375], "texture": "#1"},
				"west": {"uv": [2, 8.75, 1.75, 8.875], "texture": "#1"},
				"up": {"uv": [6.75, 5.75, 7.625, 5.5], "texture": "#1"},
				"down": {"uv": [6.75, 5.75, 7.625, 6], "texture": "#1"}
			}
		},
		{
			"from": [9.5, 11.25, -0.5],
			"to": [10.5, 11.75, 6],
			"rotation": {"angle": 0, "axis": "y", "origin": [16, 0, 0]},
			"faces": {
				"north": {"uv": [9, 2, 8.75, 2.125], "texture": "#1"},
				"east": {"uv": [8.375, 6.75, 6.75, 6.875], "texture": "#1"},
				"south": {"uv": [2.5, 8.75, 2.25, 8.875], "texture": "#1"},
				"west": {"uv": [8.375, 6.5, 6.75, 6.625], "texture": "#1"},
				"up": {"uv": [4, 7.125, 4.25, 5.5], "texture": "#1"},
				"down": {"uv": [4.25, 5.5, 4.5, 7.125], "texture": "#1"}
			}
		},
		{
			"from": [11.25, 11.25, 7.625],
			"to": [14.25, 11.75, 8.5],
			"rotation": {"angle": 0, "axis": "y", "origin": [10, 11.5, 2.75]},
			"faces": {
				"north": {"uv": [4.5, 8, 3.75, 8.125], "texture": "#1"},
				"east": {"uv": [2.75, 8.75, 2.5, 8.875], "texture": "#1"},
				"south": {"uv": [8.75, 3.75, 8, 3.875], "texture": "#1"},
				"west": {"uv": [9, 2.25, 8.75, 2.375], "texture": "#1"},
				"up": {"uv": [7, 1, 7.75, 0.75], "texture": "#1"},
				"down": {"uv": [7, 1, 7.75, 1.25], "texture": "#1"}
			}
		},
		{
			"from": [7.5625, 11.25, 8.8125],
			"to": [8.4375, 21.25, 9.6875],
			"rotation": {"angle": 0, "axis": "y", "origin": [8, 16.75, 9.25]},
			"faces": {
				"north": {"uv": [1.25, 3.5, 1.5, 6], "texture": "#1"},
				"east": {"uv": [1.5, 3.5, 1.75, 6], "texture": "#1"},
				"south": {"uv": [1.75, 4.5, 2, 7], "texture": "#1"},
				"west": {"uv": [2, 4.5, 2.25, 7], "texture": "#1"},
				"up": {"uv": [4.5, 7.5, 4.25, 7.25], "texture": "#1"},
				"down": {"uv": [7.75, 3.75, 7.5, 4], "texture": "#1"}
			}
		},
		{
			"from": [7.25, 21.625, 8.5],
			"to": [8.75, 22.375, 10],
			"rotation": {"angle": -45, "axis": "y", "origin": [8, 21.59375, 9.25]},
			"faces": {
				"north": {"uv": [8.25, 5.75, 8.625, 5.9375], "texture": "#1"},
				"east": {"uv": [7.25, 8.25, 7.625, 8.4375], "texture": "#1"},
				"south": {"uv": [8.25, 7.5, 8.625, 7.6875], "texture": "#1"},
				"west": {"uv": [7.75, 8.25, 8.125, 8.4375], "texture": "#1"},
				"up": {"uv": [7.875, 0.625, 7.5, 0.25], "texture": "#1"},
				"down": {"uv": [2.625, 7.5, 2.25, 7.875], "texture": "#1"}
			}
		},
		{
			"from": [7.375, 20.75, 8.625],
			"to": [8.625, 21.625, 9.875],
			"rotation": {"angle": -45, "axis": "y", "origin": [8, 21.59375, 9.25]},
			"faces": {
				"north": {"uv": [8.25, 1, 8.5625, 1.25], "texture": "#1"},
				"east": {"uv": [1.25, 8.25, 1.5625, 8.5], "texture": "#1"},
				"south": {"uv": [1.75, 8.25, 2.0625, 8.5], "texture": "#1"},
				"west": {"uv": [8.25, 2, 8.5625, 2.25], "texture": "#1"},
				"up": {"uv": [2.5625, 8.3125, 2.25, 8], "texture": "#1"},
				"down": {"uv": [8.3125, 2.75, 8, 3.0625], "texture": "#1"}
			}
		},
		{
			"from": [7.25, 12.25, 8.5],
			"to": [8.75, 13.25, 10],
			"rotation": {"angle": -45, "axis": "y", "origin": [8, 13.95833, 9.25]},
			"faces": {
				"north": {"uv": [8, 4, 8.375, 4.25], "texture": "#1"},
				"east": {"uv": [8, 4.25, 8.375, 4.5], "texture": "#1"},
				"south": {"uv": [8, 6, 8.375, 6.25], "texture": "#1"},
				"west": {"uv": [8, 6.25, 8.375, 6.5], "texture": "#1"},
				"up": {"uv": [7.875, 3.625, 7.5, 3.25], "texture": "#1"},
				"down": {"uv": [4.625, 7.5, 4.25, 7.875], "texture": "#1"}
			}
		},
		{
			"from": [7.25, 13.75, 8.5],
			"to": [8.75, 15.5, 10],
			"rotation": {"angle": -45, "axis": "y", "origin": [8, 13.95833, 9.25]},
			"faces": {
				"north": {"uv": [2.25, 7, 2.625, 7.4375], "texture": "#1"},
				"east": {"uv": [4.5, 7, 4.875, 7.4375], "texture": "#1"},
				"south": {"uv": [7.25, 2, 7.625, 2.4375], "texture": "#1"},
				"west": {"uv": [3.25, 7.25, 3.625, 7.6875], "texture": "#1"},
				"up": {"uv": [7.125, 7.875, 6.75, 7.5], "texture": "#1"},
				"down": {"uv": [7.625, 7.5, 7.25, 7.875], "texture": "#1"}
			}
		},
		{
			"from": [7, 14.25, 8.25],
			"to": [9, 14.75, 10.25],
			"rotation": {"angle": -45, "axis": "y", "origin": [8, 13.95833, 9.25]},
			"faces": {
				"north": {"uv": [8.25, 8.25, 8.75, 8.375], "texture": "#1"},
				"east": {"uv": [0, 8.5, 0.5, 8.625], "texture": "#1"},
				"south": {"uv": [1.25, 8.5, 1.75, 8.625], "texture": "#1"},
				"west": {"uv": [1.75, 8.5, 2.25, 8.625], "texture": "#1"},
				"up": {"uv": [7, 1.25, 6.5, 0.75], "texture": "#1"},
				"down": {"uv": [7, 1.25, 6.5, 1.75], "texture": "#1"}
			}
		},
		{
			"from": [7.5, 11.48136, 6.02789],
			"to": [8.5, 11.73136, 8.65289],
			"rotation": {"angle": -45, "axis": "x", "origin": [8, 12.29386, 7.27789]},
			"faces": {
				"north": {"uv": [0.5, 9, 0.75, 9.0625], "texture": "#1"},
				"east": {"uv": [8.5, 3, 9.1875, 3.0625], "texture": "#1"},
				"south": {"uv": [9, 2, 9.25, 2.0625], "texture": "#1"},
				"west": {"uv": [8.5, 4.5, 9.1875, 4.5625], "texture": "#1"},
				"up": {"uv": [7.25, 1.9375, 7, 1.25], "texture": "#1"},
				"down": {"uv": [2, 7, 1.75, 7.6875], "texture": "#1"}
			}
		},
		{
			"from": [7.4375, 11.33316, 15.89073],
			"to": [8.5625, 11.58316, 16.76573],
			"rotation": {"angle": 0, "axis": "y", "origin": [8.0625, 12.70816, 12.95323]},
			"faces": {
				"north": {"uv": [9, 0.25, 9.3125, 0.3125], "texture": "#1"},
				"east": {"uv": [9, 2.25, 9.25, 2.3125], "texture": "#1"},
				"south": {"uv": [9, 0.75, 9.3125, 0.8125], "texture": "#1"},
				"west": {"uv": [2.5, 9, 2.75, 9.0625], "texture": "#1"},
				"up": {"uv": [8.5625, 2.5, 8.25, 2.25], "texture": "#1"},
				"down": {"uv": [3.5625, 8.25, 3.25, 8.5], "texture": "#1"}
			}
		},
		{
			"from": [7.5625, 11.83316, 15.89073],
			"to": [8.4375, 13.08316, 16.76573],
			"rotation": {"angle": 0, "axis": "y", "origin": [8.0625, 12.70816, 12.95323]},
			"faces": {
				"north": {"uv": [3.75, 8.25, 4, 8.5625], "texture": "#1"},
				"east": {"uv": [4, 8.25, 4.25, 8.5625], "texture": "#1"},
				"south": {"uv": [4.25, 8.25, 4.5, 8.5625], "texture": "#1"},
				"west": {"uv": [4.75, 8.25, 5, 8.5625], "texture": "#1"},
				"up": {"uv": [0.75, 8.75, 0.5, 8.5], "texture": "#1"},
				"down": {"uv": [2.5, 8.5, 2.25, 8.75], "texture": "#1"}
			}
		},
		{
			"from": [7.3125, 13.08316, 15.64073],
			"to": [8.6875, 13.33316, 17.01573],
			"rotation": {"angle": 0, "axis": "y", "origin": [8.0625, 12.70816, 12.95323]},
			"faces": {
				"north": {"uv": [8.75, 5.75, 9.125, 5.8125], "texture": "#1"},
				"east": {"uv": [6, 8.75, 6.375, 8.8125], "texture": "#1"},
				"south": {"uv": [7.25, 8.75, 7.625, 8.8125], "texture": "#1"},
				"west": {"uv": [8.75, 7.5, 9.125, 7.5625], "texture": "#1"},
				"up": {"uv": [0.375, 8.125, 0, 7.75], "texture": "#1"},
				"down": {"uv": [0.875, 7.75, 0.5, 8.125], "texture": "#1"}
			}
		},
		{
			"from": [7.25, 12.33316, 18.20323],
			"to": [8.75, 13.70816, 18.45323],
			"rotation": {"angle": 22.5, "axis": "x", "origin": [8, 13.02066, 18.32823]},
			"faces": {
				"north": {"uv": [7.75, 0.75, 8.125, 1.125], "texture": "#1"},
				"east": {"uv": [6.5, 8.75, 6.5625, 9.125], "texture": "#1"},
				"south": {"uv": [1.75, 7.75, 2.125, 8.125], "texture": "#1"},
				"west": {"uv": [7.75, 8.75, 7.8125, 9.125], "texture": "#1"},
				"up": {"uv": [8.375, 8.8125, 8, 8.75], "texture": "#1"},
				"down": {"uv": [9.125, 8.25, 8.75, 8.3125], "texture": "#1"}
			}
		},
		{
			"from": [7.5, 12.77502, 10.17618],
			"to": [8.5, 13.02502, 16.80118],
			"rotation": {"angle": 22.5, "axis": "x", "origin": [8.0625, 14.15002, 12.73868]},
			"faces": {
				"north": {"uv": [9, 2.5, 9.25, 2.5625], "texture": "#1"},
				"east": {"uv": [8, 1.5, 9.6875, 1.5625], "texture": "#1"},
				"south": {"uv": [2.75, 9, 3, 9.0625], "texture": "#1"},
				"west": {"uv": [8, 1.75, 9.6875, 1.8125], "texture": "#1"},
				"up": {"uv": [3.75, 7.1875, 3.5, 5.5], "texture": "#1"},
				"down": {"uv": [4, 5.5, 3.75, 7.1875], "texture": "#1"}
			}
		},
		{
			"from": [7.4375, 19.33316, 15.89073],
			"to": [8.5625, 19.58316, 16.76573],
			"rotation": {"angle": 0, "axis": "y", "origin": [8.0625, 20.70816, 12.95323]},
			"faces": {
				"north": {"uv": [1, 9, 1.3125, 9.0625], "texture": "#1"},
				"east": {"uv": [9, 2.75, 9.25, 2.8125], "texture": "#1"},
				"south": {"uv": [9, 1, 9.3125, 1.0625], "texture": "#1"},
				"west": {"uv": [3, 9, 3.25, 9.0625], "texture": "#1"},
				"up": {"uv": [8.5625, 5, 8.25, 4.75], "texture": "#1"},
				"down": {"uv": [8.5625, 5.5, 8.25, 5.75], "texture": "#1"}
			}
		},
		{
			"from": [7.5, 20.77502, 9.92618],
			"to": [8.5, 21.02502, 16.80118],
			"rotation": {"angle": 22.5, "axis": "x", "origin": [8.0625, 22.15002, 12.73868]},
			"faces": {
				"north": {"uv": [3.25, 9, 3.5, 9.0625], "texture": "#1"},
				"east": {"uv": [8, 0.5, 9.75, 0.5625], "texture": "#1"},
				"south": {"uv": [3.5, 9, 3.75, 9.0625], "texture": "#1"},
				"west": {"uv": [8, 1.25, 9.75, 1.3125], "texture": "#1"},
				"up": {"uv": [1.25, 6.75, 1, 5], "texture": "#1"},
				"down": {"uv": [5.25, 4.75, 5, 6.5], "texture": "#1"}
			}
		},
		{
			"from": [5.0625, 13.58316, 13.95323],
			"to": [10.9375, 19.08316, 18.57823],
			"rotation": {"angle": 0, "axis": "y", "origin": [8.0625, 12.70816, 12.95323]},
			"faces": {
				"north": {"uv": [1.75, 0, 3.25, 1.375], "texture": "#1"},
				"east": {"uv": [0, 3.5, 1.1875, 4.875], "texture": "#1"},
				"south": {"uv": [1.75, 1.5, 3.25, 2.875], "texture": "#1"},
				"west": {"uv": [3.25, 4, 4.4375, 5.375], "texture": "#1"},
				"up": {"uv": [4.75, 2.6875, 3.25, 1.5], "texture": "#1"},
				"down": {"uv": [4.75, 2.75, 3.25, 3.9375], "texture": "#1"}
			}
		},
		{
			"from": [5.0625, 13.58316, 18.57823],
			"to": [10.9375, 19.08316, 18.70323],
			"rotation": {"angle": 0, "axis": "y", "origin": [8.0625, 12.70816, 12.95323]},
			"faces": {
				"north": {"uv": [1.75, 3, 3.25, 4.375], "texture": "#1"},
				"east": {"uv": [4.5, 8, 4.5625, 9.375], "texture": "#1"},
				"south": {"uv": [3.25, 0, 4.75, 1.375], "texture": "#1"},
				"west": {"uv": [0.75, 8.25, 0.8125, 9.625], "texture": "#1"},
				"up": {"uv": [8.25, 8.0625, 6.75, 8], "texture": "#1"},
				"down": {"uv": [9.5, 7.25, 8, 7.3125], "texture": "#1"}
			}
		},
		{
			"from": [7.8125, 11.58316, 16.14073],
			"to": [8.1875, 19.39566, 16.51573],
			"rotation": {"angle": 0, "axis": "y", "origin": [8.0625, 12.70816, 12.95323]},
			"faces": {
				"north": {"uv": [5.5, 6.5, 5.625, 8.4375], "texture": "#1"},
				"east": {"uv": [5.75, 6.5, 5.875, 8.4375], "texture": "#1"},
				"south": {"uv": [6, 6.5, 6.125, 8.4375], "texture": "#1"},
				"west": {"uv": [6.25, 6.5, 6.375, 8.4375], "texture": "#1"},
				"up": {"uv": [3.875, 9.125, 3.75, 9], "texture": "#1"},
				"down": {"uv": [9.125, 3.75, 9, 3.875], "texture": "#1"}
			}
		},
		{
			"from": [7.3125, 12.08316, 15.64073],
			"to": [8.6875, 12.58316, 17.01573],
			"rotation": {"angle": -45, "axis": "y", "origin": [8, 12.33316, 16.32823]},
			"faces": {
				"north": {"uv": [2.5, 8.5, 2.875, 8.625], "texture": "#1"},
				"east": {"uv": [8.5, 2.5, 8.875, 2.625], "texture": "#1"},
				"south": {"uv": [8.5, 2.75, 8.875, 2.875], "texture": "#1"},
				"west": {"uv": [3, 8.5, 3.375, 8.625], "texture": "#1"},
				"up": {"uv": [8.125, 2.375, 7.75, 2], "texture": "#1"},
				"down": {"uv": [3.625, 7.75, 3.25, 8.125], "texture": "#1"}
			}
		},
		{
			"from": [7.3125, 12.14566, 16.89073],
			"to": [8.6875, 12.39566, 18.14073],
			"rotation": {"angle": 0, "axis": "y", "origin": [8, 12.33316, 17.95323]},
			"faces": {
				"north": {"uv": [8.5, 8.75, 8.875, 8.8125], "texture": "#1"},
				"east": {"uv": [1.5, 9, 1.8125, 9.0625], "texture": "#1"},
				"south": {"uv": [8.75, 8.5, 9.125, 8.5625], "texture": "#1"},
				"west": {"uv": [2, 9, 2.3125, 9.0625], "texture": "#1"},
				"up": {"uv": [8.125, 5.8125, 7.75, 5.5], "texture": "#1"},
				"down": {"uv": [8.125, 7.5, 7.75, 7.8125], "texture": "#1"}
			}
		},
		{
			"from": [7.8125, 12.14566, 14.14073],
			"to": [8.1875, 12.39566, 15.64073],
			"rotation": {"angle": 0, "axis": "y", "origin": [8, 12.33316, 17.95323]},
			"faces": {
				"north": {"uv": [5, 9, 5.125, 9.0625], "texture": "#1"},
				"east": {"uv": [0, 9, 0.375, 9.0625], "texture": "#1"},
				"south": {"uv": [9, 5, 9.125, 5.0625], "texture": "#1"},
				"west": {"uv": [9, 0, 9.375, 0.0625], "texture": "#1"},
				"up": {"uv": [3.625, 8.875, 3.5, 8.5], "texture": "#1"},
				"down": {"uv": [8.625, 4, 8.5, 4.375], "texture": "#1"}
			}
		},
		{
			"from": [7.0625, 13.33316, 15.39073],
			"to": [8.9375, 13.58316, 17.26573],
			"rotation": {"angle": 0, "axis": "y", "origin": [8.0625, 12.70816, 12.95323]},
			"faces": {
				"north": {"uv": [2.75, 8.75, 3.25, 8.8125], "texture": "#1"},
				"east": {"uv": [8.75, 3.25, 9.25, 3.3125], "texture": "#1"},
				"south": {"uv": [8.75, 3.5, 9.25, 3.5625], "texture": "#1"},
				"west": {"uv": [3.75, 8.75, 4.25, 8.8125], "texture": "#1"},
				"up": {"uv": [7, 2.25, 6.5, 1.75], "texture": "#1"},
				"down": {"uv": [7, 2.25, 6.5, 2.75], "texture": "#1"}
			}
		},
		{
			"from": [0.46853, 11.33316, 8.67177],
			"to": [1.34353, 11.58316, 9.79677],
			"rotation": {"angle": 0, "axis": "y", "origin": [4.28103, 12.70816, 9.29677]},
			"faces": {
				"north": {"uv": [2.5, 9, 2.75, 9.0625], "texture": "#1"},
				"east": {"uv": [9, 0.25, 9.3125, 0.3125], "texture": "#1"},
				"south": {"uv": [9, 2.25, 9.25, 2.3125], "texture": "#1"},
				"west": {"uv": [9, 0.75, 9.3125, 0.8125], "texture": "#1"},
				"up": {"uv": [8.5625, 2.5, 8.25, 2.25], "rotation": 90, "texture": "#1"},
				"down": {"uv": [3.5625, 8.25, 3.25, 8.5], "rotation": 270, "texture": "#1"}
			}
		},
		{
			"from": [0.46853, 11.83316, 8.79677],
			"to": [1.34353, 13.08316, 9.67177],
			"rotation": {"angle": 0, "axis": "y", "origin": [4.28103, 12.70816, 9.29677]},
			"faces": {
				"north": {"uv": [4.75, 8.25, 5, 8.5625], "texture": "#1"},
				"east": {"uv": [3.75, 8.25, 4, 8.5625], "texture": "#1"},
				"south": {"uv": [4, 8.25, 4.25, 8.5625], "texture": "#1"},
				"west": {"uv": [4.25, 8.25, 4.5, 8.5625], "texture": "#1"},
				"up": {"uv": [0.75, 8.75, 0.5, 8.5], "rotation": 90, "texture": "#1"},
				"down": {"uv": [2.5, 8.5, 2.25, 8.75], "rotation": 270, "texture": "#1"}
			}
		},
		{
			"from": [0.21853, 13.08316, 8.54677],
			"to": [1.59353, 13.33316, 9.92177],
			"rotation": {"angle": 0, "axis": "y", "origin": [4.28103, 12.70816, 9.29677]},
			"faces": {
				"north": {"uv": [8.75, 7.5, 9.125, 7.5625], "texture": "#1"},
				"east": {"uv": [8.75, 5.75, 9.125, 5.8125], "texture": "#1"},
				"south": {"uv": [6, 8.75, 6.375, 8.8125], "texture": "#1"},
				"west": {"uv": [7.25, 8.75, 7.625, 8.8125], "texture": "#1"},
				"up": {"uv": [0.375, 8.125, 0, 7.75], "rotation": 90, "texture": "#1"},
				"down": {"uv": [0.875, 7.75, 0.5, 8.125], "rotation": 270, "texture": "#1"}
			}
		},
		{
			"from": [-1.21897, 12.33316, 8.48427],
			"to": [-0.96897, 13.70816, 9.98427],
			"rotation": {"angle": 22.5, "axis": "z", "origin": [-1.09397, 13.02066, 9.23427]},
			"faces": {
				"north": {"uv": [7.75, 8.75, 7.8125, 9.125], "texture": "#1"},
				"east": {"uv": [7.75, 0.75, 8.125, 1.125], "texture": "#1"},
				"south": {"uv": [6.5, 8.75, 6.5625, 9.125], "texture": "#1"},
				"west": {"uv": [1.75, 7.75, 2.125, 8.125], "texture": "#1"},
				"up": {"uv": [8.375, 8.8125, 8, 8.75], "rotation": 90, "texture": "#1"},
				"down": {"uv": [9.125, 8.25, 8.75, 8.3125], "rotation": 270, "texture": "#1"}
			}
		},
		{
			"from": [0.43309, 12.77502, 8.73427],
			"to": [7.05809, 13.02502, 9.73427],
			"rotation": {"angle": 22.5, "axis": "z", "origin": [4.49559, 14.15002, 9.29677]},
			"faces": {
				"north": {"uv": [8, 1.75, 9.6875, 1.8125], "texture": "#1"},
				"east": {"uv": [9, 2.5, 9.25, 2.5625], "texture": "#1"},
				"south": {"uv": [8, 1.5, 9.6875, 1.5625], "texture": "#1"},
				"west": {"uv": [2.75, 9, 3, 9.0625], "texture": "#1"},
				"up": {"uv": [3.75, 7.1875, 3.5, 5.5], "rotation": 90, "texture": "#1"},
				"down": {"uv": [4, 5.5, 3.75, 7.1875], "rotation": 270, "texture": "#1"}
			}
		},
		{
			"from": [0.46853, 19.33316, 8.67177],
			"to": [1.34353, 19.58316, 9.79677],
			"rotation": {"angle": 0, "axis": "y", "origin": [4.28103, 20.70816, 9.29677]},
			"faces": {
				"north": {"uv": [3, 9, 3.25, 9.0625], "texture": "#1"},
				"east": {"uv": [1, 9, 1.3125, 9.0625], "texture": "#1"},
				"south": {"uv": [9, 2.75, 9.25, 2.8125], "texture": "#1"},
				"west": {"uv": [9, 1, 9.3125, 1.0625], "texture": "#1"},
				"up": {"uv": [8.5625, 5, 8.25, 4.75], "rotation": 90, "texture": "#1"},
				"down": {"uv": [8.5625, 5.5, 8.25, 5.75], "rotation": 270, "texture": "#1"}
			}
		},
		{
			"from": [0.43309, 20.77502, 8.73427],
			"to": [7.30809, 21.02502, 9.73427],
			"rotation": {"angle": 22.5, "axis": "z", "origin": [4.49559, 22.15002, 9.29677]},
			"faces": {
				"north": {"uv": [8, 1.25, 9.75, 1.3125], "texture": "#1"},
				"east": {"uv": [3.25, 9, 3.5, 9.0625], "texture": "#1"},
				"south": {"uv": [8, 0.5, 9.75, 0.5625], "texture": "#1"},
				"west": {"uv": [3.5, 9, 3.75, 9.0625], "texture": "#1"},
				"up": {"uv": [1.25, 6.75, 1, 5], "rotation": 90, "texture": "#1"},
				"down": {"uv": [5.25, 4.75, 5, 6.5], "rotation": 270, "texture": "#1"}
			}
		},
		{
			"from": [0.71853, 18.83316, 9.04677],
			"to": [1.09353, 19.39566, 9.42177],
			"rotation": {"angle": 0, "axis": "y", "origin": [4.28103, 12.70816, 9.29677]},
			"faces": {
				"north": {"uv": [6.25, 6.5, 6.375, 8.4375], "texture": "#1"},
				"east": {"uv": [5.5, 6.5, 5.625, 8.4375], "texture": "#1"},
				"south": {"uv": [5.75, 6.5, 5.875, 8.4375], "texture": "#1"},
				"west": {"uv": [6, 6.5, 6.125, 8.4375], "texture": "#1"},
				"up": {"uv": [3.875, 9.125, 3.75, 9], "rotation": 90, "texture": "#1"},
				"down": {"uv": [9.125, 3.75, 9, 3.875], "rotation": 270, "texture": "#1"}
			}
		},
		{
			"from": [0.71853, 11.58316, 9.04677],
			"to": [1.09353, 13.14566, 9.42177],
			"rotation": {"angle": 0, "axis": "y", "origin": [4.28103, 12.70816, 9.29677]},
			"faces": {
				"north": {"uv": [6.25, 6.5, 6.375, 8.4375], "texture": "#1"},
				"east": {"uv": [5.5, 6.5, 5.625, 8.4375], "texture": "#1"},
				"south": {"uv": [5.75, 6.5, 5.875, 8.4375], "texture": "#1"},
				"west": {"uv": [6, 6.5, 6.125, 8.4375], "texture": "#1"},
				"up": {"uv": [3.875, 9.125, 3.75, 9], "rotation": 90, "texture": "#1"},
				"down": {"uv": [9.125, 3.75, 9, 3.875], "rotation": 270, "texture": "#1"}
			}
		},
		{
			"from": [0.21853, 12.08316, 8.54677],
			"to": [1.59353, 12.58316, 9.92177],
			"rotation": {"angle": -45, "axis": "y", "origin": [0.90603, 12.33316, 9.23427]},
			"faces": {
				"north": {"uv": [3, 8.5, 3.375, 8.625], "texture": "#1"},
				"east": {"uv": [2.5, 8.5, 2.875, 8.625], "texture": "#1"},
				"south": {"uv": [8.5, 2.5, 8.875, 2.625], "texture": "#1"},
				"west": {"uv": [8.5, 2.75, 8.875, 2.875], "texture": "#1"},
				"up": {"uv": [8.125, 2.375, 7.75, 2], "rotation": 90, "texture": "#1"},
				"down": {"uv": [3.625, 7.75, 3.25, 8.125], "rotation": 270, "texture": "#1"}
			}
		},
		{
			"from": [-0.90647, 12.14566, 8.54677],
			"to": [0.34353, 12.39566, 9.92177],
			"rotation": {"angle": 0, "axis": "y", "origin": [-0.71897, 12.33316, 9.23427]},
			"faces": {
				"north": {"uv": [2, 9, 2.3125, 9.0625], "texture": "#1"},
				"east": {"uv": [8.5, 8.75, 8.875, 8.8125], "texture": "#1"},
				"south": {"uv": [1.5, 9, 1.8125, 9.0625], "texture": "#1"},
				"west": {"uv": [8.75, 8.5, 9.125, 8.5625], "texture": "#1"},
				"up": {"uv": [8.125, 5.8125, 7.75, 5.5], "rotation": 90, "texture": "#1"},
				"down": {"uv": [8.125, 7.5, 7.75, 7.8125], "rotation": 270, "texture": "#1"}
			}
		},
		{
			"from": [1.59353, 12.14566, 9.04677],
			"to": [3.09353, 12.39566, 9.42177],
			"rotation": {"angle": 0, "axis": "y", "origin": [-0.71897, 12.33316, 9.23427]},
			"faces": {
				"north": {"uv": [9, 0, 9.375, 0.0625], "texture": "#1"},
				"east": {"uv": [5, 9, 5.125, 9.0625], "texture": "#1"},
				"south": {"uv": [0, 9, 0.375, 9.0625], "texture": "#1"},
				"west": {"uv": [9, 5, 9.125, 5.0625], "texture": "#1"},
				"up": {"uv": [3.625, 8.875, 3.5, 8.5], "rotation": 90, "texture": "#1"},
				"down": {"uv": [8.625, 4, 8.5, 4.375], "rotation": 270, "texture": "#1"}
			}
		},
		{
			"from": [-0.03147, 13.33316, 8.29677],
			"to": [1.84353, 13.58316, 10.17177],
			"rotation": {"angle": 0, "axis": "y", "origin": [4.28103, 12.70816, 9.29677]},
			"faces": {
				"north": {"uv": [3.75, 8.75, 4.25, 8.8125], "texture": "#1"},
				"east": {"uv": [2.75, 8.75, 3.25, 8.8125], "texture": "#1"},
				"south": {"uv": [8.75, 3.25, 9.25, 3.3125], "texture": "#1"},
				"west": {"uv": [8.75, 3.5, 9.25, 3.5625], "texture": "#1"},
				"up": {"uv": [7, 2.25, 6.5, 1.75], "rotation": 90, "texture": "#1"},
				"down": {"uv": [7, 2.25, 6.5, 2.75], "rotation": 270, "texture": "#1"}
			}
		},
		{
			"from": [7.4375, 11.70816, 2.60927],
			"to": [8.5625, 11.95816, 3.48427],
			"rotation": {"angle": 0, "axis": "y", "origin": [8.0625, 13.08316, 6.42177]},
			"faces": {
				"north": {"uv": [9.3125, 0.75, 9, 0.8125], "texture": "#1"},
				"east": {"uv": [9.25, 2.25, 9, 2.3125], "texture": "#1"},
				"south": {"uv": [9.3125, 0.25, 9, 0.3125], "texture": "#1"},
				"west": {"uv": [2.75, 9, 2.5, 9.0625], "texture": "#1"},
				"up": {"uv": [8.5625, 2.25, 8.25, 2.5], "texture": "#1"},
				"down": {"uv": [3.5625, 8.5, 3.25, 8.25], "texture": "#1"}
			}
		},
		{
			"from": [7.5625, 12.20816, 2.60927],
			"to": [8.4375, 13.45816, 3.48427],
			"rotation": {"angle": 0, "axis": "y", "origin": [8.0625, 13.08316, 6.42177]},
			"faces": {
				"north": {"uv": [4.5, 8.25, 4.25, 8.5625], "texture": "#1"},
				"east": {"uv": [4.25, 8.25, 4, 8.5625], "texture": "#1"},
				"south": {"uv": [4, 8.25, 3.75, 8.5625], "texture": "#1"},
				"west": {"uv": [5, 8.25, 4.75, 8.5625], "texture": "#1"},
				"up": {"uv": [0.75, 8.5, 0.5, 8.75], "texture": "#1"},
				"down": {"uv": [2.5, 8.75, 2.25, 8.5], "texture": "#1"}
			}
		},
		{
			"from": [7.3125, 13.45816, 2.35927],
			"to": [8.6875, 13.70816, 3.73427],
			"rotation": {"angle": 0, "axis": "y", "origin": [8.0625, 13.08316, 6.42177]},
			"faces": {
				"north": {"uv": [7.625, 8.75, 7.25, 8.8125], "texture": "#1"},
				"east": {"uv": [6.375, 8.75, 6, 8.8125], "texture": "#1"},
				"south": {"uv": [9.125, 5.75, 8.75, 5.8125], "texture": "#1"},
				"west": {"uv": [9.125, 7.5, 8.75, 7.5625], "texture": "#1"},
				"up": {"uv": [0.375, 7.75, 0, 8.125], "texture": "#1"},
				"down": {"uv": [0.875, 8.125, 0.5, 7.75], "texture": "#1"}
			}
		},
		{
			"from": [7.25, 12.70816, 0.92177],
			"to": [8.75, 14.08316, 1.17177],
			"rotation": {"angle": -22.5, "axis": "x", "origin": [8, 13.39566, 1.04677]},
			"faces": {
				"north": {"uv": [2.125, 7.75, 1.75, 8.125], "texture": "#1"},
				"east": {"uv": [6.5625, 8.75, 6.5, 9.125], "texture": "#1"},
				"south": {"uv": [8.125, 0.75, 7.75, 1.125], "texture": "#1"},
				"west": {"uv": [7.8125, 8.75, 7.75, 9.125], "texture": "#1"},
				"up": {"uv": [8.375, 8.75, 8, 8.8125], "texture": "#1"},
				"down": {"uv": [9.125, 8.3125, 8.75, 8.25], "texture": "#1"}
			}
		},
		{
			"from": [7.5, 12.77502, 2.69882],
			"to": [8.5, 13.02502, 8.32382],
			"rotation": {"angle": -22.5, "axis": "x", "origin": [8.0625, 14.15002, 5.76132]},
			"faces": {
				"north": {"uv": [3, 9, 2.75, 9.0625], "texture": "#1"},
				"east": {"uv": [9.6875, 1.5, 8, 1.5625], "texture": "#1"},
				"south": {"uv": [9.25, 2.5, 9, 2.5625], "texture": "#1"},
				"west": {"uv": [9.6875, 1.75, 8, 1.8125], "texture": "#1"},
				"up": {"uv": [3.75, 5.5, 3.5, 7.1875], "texture": "#1"},
				"down": {"uv": [4, 7.1875, 3.75, 5.5], "texture": "#1"}
			}
		},
		{
			"from": [7.4375, 19.70816, 2.60927],
			"to": [8.5625, 19.95816, 3.48427],
			"rotation": {"angle": 0, "axis": "y", "origin": [8.0625, 21.08316, 6.42177]},
			"faces": {
				"north": {"uv": [9.3125, 1, 9, 1.0625], "texture": "#1"},
				"east": {"uv": [9.25, 2.75, 9, 2.8125], "texture": "#1"},
				"south": {"uv": [1.3125, 9, 1, 9.0625], "texture": "#1"},
				"west": {"uv": [3.25, 9, 3, 9.0625], "texture": "#1"},
				"up": {"uv": [8.5625, 4.75, 8.25, 5], "texture": "#1"},
				"down": {"uv": [8.5625, 5.75, 8.25, 5.5], "texture": "#1"}
			}
		},
		{
			"from": [7.5, 20.77502, 2.69882],
			"to": [8.5, 21.02502, 8.57382],
			"rotation": {"angle": -22.5, "axis": "x", "origin": [8.0625, 22.15002, 5.76132]},
			"faces": {
				"north": {"uv": [3.75, 9, 3.5, 9.0625], "texture": "#1"},
				"east": {"uv": [9.75, 0.5, 8, 0.5625], "texture": "#1"},
				"south": {"uv": [3.5, 9, 3.25, 9.0625], "texture": "#1"},
				"west": {"uv": [9.75, 1.25, 8, 1.3125], "texture": "#1"},
				"up": {"uv": [1.25, 5, 1, 6.75], "texture": "#1"},
				"down": {"uv": [5.25, 6.5, 5, 4.75], "texture": "#1"}
			}
		},
		{
			"from": [7.8125, 19.20816, 2.85927],
			"to": [8.1875, 19.77066, 3.23427],
			"rotation": {"angle": 0, "axis": "y", "origin": [8.0625, 13.08316, 6.42177]},
			"faces": {
				"north": {"uv": [6.125, 6.5, 6, 8.4375], "texture": "#1"},
				"east": {"uv": [5.875, 6.5, 5.75, 8.4375], "texture": "#1"},
				"south": {"uv": [5.625, 6.5, 5.5, 8.4375], "texture": "#1"},
				"west": {"uv": [6.375, 6.5, 6.25, 8.4375], "texture": "#1"},
				"up": {"uv": [3.875, 9, 3.75, 9.125], "texture": "#1"},
				"down": {"uv": [9.125, 3.875, 9, 3.75], "texture": "#1"}
			}
		},
		{
			"from": [7.8125, 11.95816, 2.85927],
			"to": [8.1875, 13.77066, 3.23427],
			"rotation": {"angle": 0, "axis": "y", "origin": [8.0625, 13.08316, 6.42177]},
			"faces": {
				"north": {"uv": [6.125, 6.5, 6, 8.4375], "texture": "#1"},
				"east": {"uv": [5.875, 6.5, 5.75, 8.4375], "texture": "#1"},
				"south": {"uv": [5.625, 6.5, 5.5, 8.4375], "texture": "#1"},
				"west": {"uv": [6.375, 6.5, 6.25, 8.4375], "texture": "#1"},
				"up": {"uv": [3.875, 9, 3.75, 9.125], "texture": "#1"},
				"down": {"uv": [9.125, 3.875, 9, 3.75], "texture": "#1"}
			}
		},
		{
			"from": [7.3125, 12.45816, 2.35927],
			"to": [8.6875, 12.95816, 3.73427],
			"rotation": {"angle": 45, "axis": "y", "origin": [8, 12.70816, 3.04677]},
			"faces": {
				"north": {"uv": [8.875, 2.75, 8.5, 2.875], "texture": "#1"},
				"east": {"uv": [8.875, 2.5, 8.5, 2.625], "texture": "#1"},
				"south": {"uv": [2.875, 8.5, 2.5, 8.625], "texture": "#1"},
				"west": {"uv": [3.375, 8.5, 3, 8.625], "texture": "#1"},
				"up": {"uv": [8.125, 2, 7.75, 2.375], "texture": "#1"},
				"down": {"uv": [3.625, 8.125, 3.25, 7.75], "texture": "#1"}
			}
		},
		{
			"from": [7.3125, 12.52066, 1.23427],
			"to": [8.6875, 12.77066, 2.48427],
			"rotation": {"angle": 0, "axis": "y", "origin": [8, 12.70816, 1.42177]},
			"faces": {
				"north": {"uv": [9.125, 8.5, 8.75, 8.5625], "texture": "#1"},
				"east": {"uv": [1.8125, 9, 1.5, 9.0625], "texture": "#1"},
				"south": {"uv": [8.875, 8.75, 8.5, 8.8125], "texture": "#1"},
				"west": {"uv": [2.3125, 9, 2, 9.0625], "texture": "#1"},
				"up": {"uv": [8.125, 5.5, 7.75, 5.8125], "texture": "#1"},
				"down": {"uv": [8.125, 7.8125, 7.75, 7.5], "texture": "#1"}
			}
		},
		{
			"from": [7.8125, 12.52066, 3.73427],
			"to": [8.1875, 12.77066, 5.23427],
			"rotation": {"angle": 0, "axis": "y", "origin": [8, 12.70816, 1.42177]},
			"faces": {
				"north": {"uv": [9.125, 5, 9, 5.0625], "texture": "#1"},
				"east": {"uv": [0.375, 9, 0, 9.0625], "texture": "#1"},
				"south": {"uv": [5.125, 9, 5, 9.0625], "texture": "#1"},
				"west": {"uv": [9.375, 0, 9, 0.0625], "texture": "#1"},
				"up": {"uv": [3.625, 8.5, 3.5, 8.875], "texture": "#1"},
				"down": {"uv": [8.625, 4.375, 8.5, 4], "texture": "#1"}
			}
		},
		{
			"from": [7.0625, 13.70816, 2.10927],
			"to": [8.9375, 13.95816, 3.98427],
			"rotation": {"angle": 0, "axis": "y", "origin": [8.0625, 13.08316, 6.42177]},
			"faces": {
				"north": {"uv": [9.25, 3.5, 8.75, 3.5625], "texture": "#1"},
				"east": {"uv": [9.25, 3.25, 8.75, 3.3125], "texture": "#1"},
				"south": {"uv": [3.25, 8.75, 2.75, 8.8125], "texture": "#1"},
				"west": {"uv": [4.25, 8.75, 3.75, 8.8125], "texture": "#1"},
				"up": {"uv": [7, 1.75, 6.5, 2.25], "texture": "#1"},
				"down": {"uv": [7, 2.75, 6.5, 2.25], "texture": "#1"}
			}
		},
		{
			"from": [14.625, 11.33316, 8.67177],
			"to": [15.5, 11.58316, 9.79677],
			"rotation": {"angle": 0, "axis": "y", "origin": [11.6875, 12.70816, 9.29677]},
			"faces": {
				"north": {"uv": [2.75, 9, 2.5, 9.0625], "texture": "#1"},
				"east": {"uv": [9.3125, 0.75, 9, 0.8125], "texture": "#1"},
				"south": {"uv": [9.25, 2.25, 9, 2.3125], "texture": "#1"},
				"west": {"uv": [9.3125, 0.25, 9, 0.3125], "texture": "#1"},
				"up": {"uv": [8.5625, 2.25, 8.25, 2.5], "rotation": 90, "texture": "#1"},
				"down": {"uv": [3.5625, 8.5, 3.25, 8.25], "rotation": 270, "texture": "#1"}
			}
		},
		{
			"from": [14.625, 11.83316, 8.79677],
			"to": [15.5, 13.08316, 9.67177],
			"rotation": {"angle": 0, "axis": "y", "origin": [11.6875, 12.70816, 9.29677]},
			"faces": {
				"north": {"uv": [5, 8.25, 4.75, 8.5625], "texture": "#1"},
				"east": {"uv": [4.5, 8.25, 4.25, 8.5625], "texture": "#1"},
				"south": {"uv": [4.25, 8.25, 4, 8.5625], "texture": "#1"},
				"west": {"uv": [4, 8.25, 3.75, 8.5625], "texture": "#1"},
				"up": {"uv": [0.75, 8.5, 0.5, 8.75], "rotation": 90, "texture": "#1"},
				"down": {"uv": [2.5, 8.75, 2.25, 8.5], "rotation": 270, "texture": "#1"}
			}
		},
		{
			"from": [14.375, 13.08316, 8.54677],
			"to": [15.75, 13.33316, 9.92177],
			"rotation": {"angle": 0, "axis": "y", "origin": [11.6875, 12.70816, 9.29677]},
			"faces": {
				"north": {"uv": [9.125, 7.5, 8.75, 7.5625], "texture": "#1"},
				"east": {"uv": [7.625, 8.75, 7.25, 8.8125], "texture": "#1"},
				"south": {"uv": [6.375, 8.75, 6, 8.8125], "texture": "#1"},
				"west": {"uv": [9.125, 5.75, 8.75, 5.8125], "texture": "#1"},
				"up": {"uv": [0.375, 7.75, 0, 8.125], "rotation": 90, "texture": "#1"},
				"down": {"uv": [0.875, 8.125, 0.5, 7.75], "rotation": 270, "texture": "#1"}
			}
		},
		{
			"from": [16.9375, 12.33316, 8.48427],
			"to": [17.1875, 13.70816, 9.98427],
			"rotation": {"angle": -22.5, "axis": "z", "origin": [17.0625, 13.02066, 9.23427]},
			"faces": {
				"north": {"uv": [7.8125, 8.75, 7.75, 9.125], "texture": "#1"},
				"east": {"uv": [2.125, 7.75, 1.75, 8.125], "texture": "#1"},
				"south": {"uv": [6.5625, 8.75, 6.5, 9.125], "texture": "#1"},
				"west": {"uv": [8.125, 0.75, 7.75, 1.125], "texture": "#1"},
				"up": {"uv": [8.375, 8.75, 8, 8.8125], "rotation": 90, "texture": "#1"},
				"down": {"uv": [9.125, 8.3125, 8.75, 8.25], "rotation": 270, "texture": "#1"}
			}
		},
		{
			"from": [8.91044, 12.77502, 8.73427],
			"to": [15.53544, 13.02502, 9.73427],
			"rotation": {"angle": -22.5, "axis": "z", "origin": [11.47294, 14.15002, 9.29677]},
			"faces": {
				"north": {"uv": [9.6875, 1.75, 8, 1.8125], "texture": "#1"},
				"east": {"uv": [3, 9, 2.75, 9.0625], "texture": "#1"},
				"south": {"uv": [9.6875, 1.5, 8, 1.5625], "texture": "#1"},
				"west": {"uv": [9.25, 2.5, 9, 2.5625], "texture": "#1"},
				"up": {"uv": [3.75, 5.5, 3.5, 7.1875], "rotation": 90, "texture": "#1"},
				"down": {"uv": [4, 7.1875, 3.75, 5.5], "rotation": 270, "texture": "#1"}
			}
		},
		{
			"from": [14.625, 19.33316, 8.67177],
			"to": [15.5, 19.58316, 9.79677],
			"rotation": {"angle": 0, "axis": "y", "origin": [11.6875, 20.70816, 9.29677]},
			"faces": {
				"north": {"uv": [3.25, 9, 3, 9.0625], "texture": "#1"},
				"east": {"uv": [9.3125, 1, 9, 1.0625], "texture": "#1"},
				"south": {"uv": [9.25, 2.75, 9, 2.8125], "texture": "#1"},
				"west": {"uv": [1.3125, 9, 1, 9.0625], "texture": "#1"},
				"up": {"uv": [8.5625, 4.75, 8.25, 5], "rotation": 90, "texture": "#1"},
				"down": {"uv": [8.5625, 5.75, 8.25, 5.5], "rotation": 270, "texture": "#1"}
			}
		},
		{
			"from": [8.66044, 20.77502, 8.73427],
			"to": [15.53544, 21.02502, 9.73427],
			"rotation": {"angle": -22.5, "axis": "z", "origin": [11.47294, 22.15002, 9.29677]},
			"faces": {
				"north": {"uv": [9.75, 1.25, 8, 1.3125], "texture": "#1"},
				"east": {"uv": [3.75, 9, 3.5, 9.0625], "texture": "#1"},
				"south": {"uv": [9.75, 0.5, 8, 0.5625], "texture": "#1"},
				"west": {"uv": [3.5, 9, 3.25, 9.0625], "texture": "#1"},
				"up": {"uv": [1.25, 5, 1, 6.75], "rotation": 90, "texture": "#1"},
				"down": {"uv": [5.25, 6.5, 5, 4.75], "rotation": 270, "texture": "#1"}
			}
		},
		{
			"from": [14.875, 18.83316, 9.04677],
			"to": [15.25, 19.39566, 9.42177],
			"rotation": {"angle": 0, "axis": "y", "origin": [11.6875, 12.70816, 9.29677]},
			"faces": {
				"north": {"uv": [6.375, 6.5, 6.25, 8.4375], "texture": "#1"},
				"east": {"uv": [6.125, 6.5, 6, 8.4375], "texture": "#1"},
				"south": {"uv": [5.875, 6.5, 5.75, 8.4375], "texture": "#1"},
				"west": {"uv": [5.625, 6.5, 5.5, 8.4375], "texture": "#1"},
				"up": {"uv": [3.875, 9, 3.75, 9.125], "rotation": 90, "texture": "#1"},
				"down": {"uv": [9.125, 3.875, 9, 3.75], "rotation": 270, "texture": "#1"}
			}
		},
		{
			"from": [14.875, 11.58316, 9.04677],
			"to": [15.25, 13.39566, 9.42177],
			"rotation": {"angle": 0, "axis": "y", "origin": [11.6875, 12.70816, 9.29677]},
			"faces": {
				"north": {"uv": [6.375, 6.5, 6.25, 8.4375], "texture": "#1"},
				"east": {"uv": [6.125, 6.5, 6, 8.4375], "texture": "#1"},
				"south": {"uv": [5.875, 6.5, 5.75, 8.4375], "texture": "#1"},
				"west": {"uv": [5.625, 6.5, 5.5, 8.4375], "texture": "#1"},
				"up": {"uv": [3.875, 9, 3.75, 9.125], "rotation": 90, "texture": "#1"},
				"down": {"uv": [9.125, 3.875, 9, 3.75], "rotation": 270, "texture": "#1"}
			}
		},
		{
			"from": [14.375, 12.08316, 8.54677],
			"to": [15.75, 12.58316, 9.92177],
			"rotation": {"angle": 45, "axis": "y", "origin": [15.0625, 12.33316, 9.23427]},
			"faces": {
				"north": {"uv": [3.375, 8.5, 3, 8.625], "texture": "#1"},
				"east": {"uv": [8.875, 2.75, 8.5, 2.875], "texture": "#1"},
				"south": {"uv": [8.875, 2.5, 8.5, 2.625], "texture": "#1"},
				"west": {"uv": [2.875, 8.5, 2.5, 8.625], "texture": "#1"},
				"up": {"uv": [8.125, 2, 7.75, 2.375], "rotation": 90, "texture": "#1"},
				"down": {"uv": [3.625, 8.125, 3.25, 7.75], "rotation": 270, "texture": "#1"}
			}
		},
		{
			"from": [15.625, 12.14566, 8.54677],
			"to": [16.875, 12.39566, 9.92177],
			"rotation": {"angle": 0, "axis": "y", "origin": [16.6875, 12.33316, 9.23427]},
			"faces": {
				"north": {"uv": [2.3125, 9, 2, 9.0625], "texture": "#1"},
				"east": {"uv": [9.125, 8.5, 8.75, 8.5625], "texture": "#1"},
				"south": {"uv": [1.8125, 9, 1.5, 9.0625], "texture": "#1"},
				"west": {"uv": [8.875, 8.75, 8.5, 8.8125], "texture": "#1"},
				"up": {"uv": [8.125, 5.5, 7.75, 5.8125], "rotation": 90, "texture": "#1"},
				"down": {"uv": [8.125, 7.8125, 7.75, 7.5], "rotation": 270, "texture": "#1"}
			}
		},
		{
			"from": [12.875, 12.14566, 9.04677],
			"to": [14.375, 12.39566, 9.42177],
			"rotation": {"angle": 0, "axis": "y", "origin": [16.6875, 12.33316, 9.23427]},
			"faces": {
				"north": {"uv": [9.375, 0, 9, 0.0625], "texture": "#1"},
				"east": {"uv": [9.125, 5, 9, 5.0625], "texture": "#1"},
				"south": {"uv": [0.375, 9, 0, 9.0625], "texture": "#1"},
				"west": {"uv": [5.125, 9, 5, 9.0625], "texture": "#1"},
				"up": {"uv": [3.625, 8.5, 3.5, 8.875], "rotation": 90, "texture": "#1"},
				"down": {"uv": [8.625, 4.375, 8.5, 4], "rotation": 270, "texture": "#1"}
			}
		},
		{
			"from": [14.125, 13.33316, 8.29677],
			"to": [16, 13.58316, 10.17177],
			"rotation": {"angle": 0, "axis": "y", "origin": [11.6875, 12.70816, 9.29677]},
			"faces": {
				"north": {"uv": [4.25, 8.75, 3.75, 8.8125], "texture": "#1"},
				"east": {"uv": [9.25, 3.5, 8.75, 3.5625], "texture": "#1"},
				"south": {"uv": [9.25, 3.25, 8.75, 3.3125], "texture": "#1"},
				"west": {"uv": [3.25, 8.75, 2.75, 8.8125], "texture": "#1"},
				"up": {"uv": [7, 1.75, 6.5, 2.25], "rotation": 90, "texture": "#1"},
				"down": {"uv": [7, 2.75, 6.5, 2.25], "rotation": 270, "texture": "#1"}
			}
		},
		{
			"from": [7.5, 11.48136, 9.72211],
			"to": [8.5, 11.73136, 12.34711],
			"rotation": {"angle": 45, "axis": "x", "origin": [8, 12.29386, 11.09711]},
			"faces": {
				"north": {"uv": [4, 9, 4.25, 9.0625], "texture": "#1"},
				"east": {"uv": [5.5, 8.5, 6.1875, 8.5625], "texture": "#1"},
				"south": {"uv": [9, 4, 9.25, 4.0625], "texture": "#1"},
				"west": {"uv": [8.5, 6, 9.1875, 6.0625], "texture": "#1"},
				"up": {"uv": [2.25, 7.6875, 2, 7], "texture": "#1"},
				"down": {"uv": [7.25, 2, 7, 2.6875], "texture": "#1"}
			}
		},
		{
			"from": [5.7122, 12.70222, 8.6875],
			"to": [8.3372, 12.95222, 9.6875],
			"rotation": {"angle": 45, "axis": "z", "origin": [8, 11.85192, 9.1875]},
			"faces": {
				"north": {"uv": [8.5, 6.25, 9.1875, 6.3125], "texture": "#1"},
				"east": {"uv": [4.25, 9, 4.5, 9.0625], "texture": "#1"},
				"south": {"uv": [8.5, 6.5, 9.1875, 6.5625], "texture": "#1"},
				"west": {"uv": [9, 4.25, 9.25, 4.3125], "texture": "#1"},
				"up": {"uv": [7.4375, 7.25, 6.75, 7], "texture": "#1"},
				"down": {"uv": [7.9375, 1.25, 7.25, 1.5], "texture": "#1"}
			}
		},
		{
			"from": [7.6628, 12.70222, 8.6875],
			"to": [10.2878, 12.95222, 9.6875],
			"rotation": {"angle": -45, "axis": "z", "origin": [8, 11.85192, 9.1875]},
			"faces": {
				"north": {"uv": [8.5, 6.75, 9.1875, 6.8125], "texture": "#1"},
				"east": {"uv": [4.75, 9, 5, 9.0625], "texture": "#1"},
				"south": {"uv": [8.5, 7, 9.1875, 7.0625], "texture": "#1"},
				"west": {"uv": [9, 4.75, 9.25, 4.8125], "texture": "#1"},
				"up": {"uv": [7.9375, 1.75, 7.25, 1.5], "texture": "#1"},
				"down": {"uv": [7.9375, 1.75, 7.25, 2], "texture": "#1"}
			}
		},
		{
			"from": [4.75, 10.25, 6],
			"to": [11.25, 11.75, 12.5],
			"faces": {
				"north": {"uv": [4.75, 0.75, 6.375, 1.125], "texture": "#1"},
				"east": {"uv": [4.75, 1.25, 6.375, 1.625], "texture": "#1"},
				"south": {"uv": [4.75, 1.75, 6.375, 2.125], "texture": "#1"},
				"west": {"uv": [4.75, 2.25, 6.375, 2.625], "texture": "#1"},
				"up": {"uv": [1.625, 1.625, 0, 0], "texture": "#1"},
				"down": {"uv": [1.625, 1.75, 0, 3.375], "texture": "#1"}
			}
		},
		{
			"from": [7.53561, 2.96875, 1.67267],
			"to": [8.47311, 3.40625, 8.86017],
			"rotation": {"angle": 0, "axis": "y", "origin": [7.22311, 3.21875, 0.76642]},
			"faces": {
				"north": {"uv": [3.25, 8.75, 3.5, 8.875], "texture": "#1"},
				"east": {"uv": [6.75, 5, 8.5625, 5.125], "texture": "#1"},
				"south": {"uv": [8.75, 3.75, 9, 3.875], "texture": "#1"},
				"west": {"uv": [6.75, 5.25, 8.5625, 5.375], "texture": "#1"},
				"up": {"uv": [0.75, 6.8125, 0.5, 5], "texture": "#1"},
				"down": {"uv": [1, 5, 0.75, 6.8125], "texture": "#1"}
			}
		},
		{
			"from": [7.47311, 3.34375, 8.86017],
			"to": [8.53561, 3.78125, 11.04767],
			"rotation": {"angle": -22.5, "axis": "x", "origin": [8.00436, 3.1875, 9.76642]},
			"faces": {
				"north": {"uv": [8.75, 4, 9, 4.125], "texture": "#1"},
				"east": {"uv": [8.25, 7.75, 8.8125, 7.875], "texture": "#1"},
				"south": {"uv": [4.25, 8.75, 4.5, 8.875], "texture": "#1"},
				"west": {"uv": [8.25, 8, 8.8125, 8.125], "texture": "#1"},
				"up": {"uv": [5, 8.0625, 4.75, 7.5], "texture": "#1"},
				"down": {"uv": [8, 3.75, 7.75, 4.3125], "texture": "#1"}
			}
		},
		{
			"from": [1.84375, 3.71875, 10.1875],
			"to": [14.09375, 4.09375, 11.0625],
			"rotation": {"angle": 0, "axis": "y", "origin": [3.75, 3.21875, 3.625]},
			"faces": {
				"north": {"uv": [4.75, 2.75, 7.8125, 2.875], "texture": "#1"},
				"east": {"uv": [8.75, 4.25, 9, 4.375], "texture": "#1"},
				"south": {"uv": [4.75, 3, 7.8125, 3.125], "texture": "#1"},
				"west": {"uv": [4.75, 8.75, 5, 8.875], "texture": "#1"},
				"up": {"uv": [7.5625, 4.25, 4.5, 4], "texture": "#1"},
				"down": {"uv": [7.5625, 4.25, 4.5, 4.5], "texture": "#1"}
			}
		},
		{
			"from": [2.84375, 4.46875, 13.4375],
			"to": [13.09375, 4.84375, 14.3125],
			"rotation": {"angle": 0, "axis": "y", "origin": [3.75, 3.21875, 3.625]},
			"faces": {
				"north": {"uv": [4.75, 3.25, 7.3125, 3.375], "texture": "#1"},
				"east": {"uv": [8.75, 4.75, 9, 4.875], "texture": "#1"},
				"south": {"uv": [4.75, 3.5, 7.3125, 3.625], "texture": "#1"},
				"west": {"uv": [5, 8.75, 5.25, 8.875], "texture": "#1"},
				"up": {"uv": [7.0625, 4.75, 4.5, 4.5], "texture": "#1"},
				"down": {"uv": [7.3125, 0, 4.75, 0.25], "texture": "#1"}
			}
		},
		{
			"from": [2.84375, 11.34375, 13.4375],
			"to": [13.09375, 11.71875, 14.3125],
			"rotation": {"angle": 0, "axis": "y", "origin": [3.75, 3.21875, 3.625]},
			"faces": {
				"north": {"uv": [4.75, 3.75, 7.3125, 3.875], "texture": "#1"},
				"east": {"uv": [8.75, 5, 9, 5.125], "texture": "#1"},
				"south": {"uv": [5.5, 4.75, 8.0625, 4.875], "texture": "#1"},
				"west": {"uv": [5.25, 8.75, 5.5, 8.875], "texture": "#1"},
				"up": {"uv": [7.3125, 0.5, 4.75, 0.25], "texture": "#1"},
				"down": {"uv": [7.3125, 0.5, 4.75, 0.75], "texture": "#1"}
			}
		},
		{
			"from": [5.53125, 5.28125, -0.5],
			"to": [10.46875, 6.15625, -0.0625],
			"rotation": {"angle": 0, "axis": "y", "origin": [5.3125, 8.46875, -0.25]},
			"faces": {
				"north": {"uv": [5.5, 5, 6.75, 5.25], "texture": "#1"},
				"east": {"uv": [8.75, 5.25, 8.875, 5.5], "texture": "#1"},
				"south": {"uv": [5.5, 5.25, 6.75, 5.5], "texture": "#1"},
				"west": {"uv": [5.5, 8.75, 5.625, 9], "texture": "#1"},
				"up": {"uv": [8.5, 2.625, 7.25, 2.5], "texture": "#1"},
				"down": {"uv": [8.5, 4.5, 7.25, 4.625], "texture": "#1"}
			}
		},
		{
			"from": [5.53125, 11.5, -0.21875],
			"to": [10.46875, 11.9375, 0.65625],
			"rotation": {"angle": 0, "axis": "y", "origin": [8, 11.71875, -0.28125]},
			"faces": {
				"north": {"uv": [6.75, 7.25, 8, 7.375], "texture": "#1"},
				"east": {"uv": [8.75, 5.5, 9, 5.625], "texture": "#1"},
				"south": {"uv": [7.5, 0, 8.75, 0.125], "texture": "#1"},
				"west": {"uv": [5.75, 8.75, 6, 8.875], "texture": "#1"},
				"up": {"uv": [6.75, 5.75, 5.5, 5.5], "texture": "#1"},
				"down": {"uv": [6.75, 5.75, 5.5, 6], "texture": "#1"}
			}
		}
	],
	"display": {
		"thirdperson_righthand": {
			"rotation": [9.5, 0, 176.5],
			"translation": [-6, -2.5, 14],
			"scale": [0.95, 0.95, 0.95]
		},
		"head": {
			"translation": [0, -13, 21],
			"scale": [4, 4, 4]
		}
	},
	"groups": [
		{
			"name": "titan_1",
			"origin": [8, 8, 8],
			"color": 0,
			"children": [
				{
					"name": "group",
					"origin": [0, 0, 0],
					"color": 0,
					"children": [
						{
							"name": "head",
							"origin": [0, 0, 0],
							"color": 0,
							"children": []
						},
						{
							"name": "mouth",
							"origin": [0, 0, 0],
							"color": 0,
							"children": []
						},
						0
					]
				},
				1,
				2,
				3,
				{
					"name": "right_arm",
					"origin": [0, 0, 0],
					"color": 0,
					"children": [4, 5, 6, 7]
				},
				{
					"name": "right_arm",
					"origin": [0, 0, 0],
					"color": 0,
					"children": [8, 9, 10, 11]
				},
				{
					"name": "right_leg",
					"origin": [0, 0, 0],
					"color": 0,
					"children": [
						12,
						13,
						{
							"name": "pies",
							"origin": [0, 0, 0],
							"color": 0,
							"children": [14, 15]
						}
					]
				},
				{
					"name": "right_leg",
					"origin": [0, 0, 0],
					"color": 0,
					"children": [
						16,
						17,
						{
							"name": "pies",
							"origin": [0, 0, 0],
							"color": 0,
							"children": [18, 19]
						}
					]
				}
			]
		},
		{
			"name": "Guns",
			"origin": [0, 0, 0],
			"color": 0,
			"children": [
				{
					"name": "side",
					"origin": [0, 0, 0],
					"color": 0,
					"children": [20, 21, 22, 23, 24, 25, 26, 27, 28, 29, 30]
				},
				{
					"name": "side",
					"origin": [0, 0, 0],
					"color": 0,
					"children": [31, 32, 33, 34, 35, 36, 37, 38, 39, 40, 41]
				},
				42,
				43,
				44,
				45,
				46,
				47,
				48,
				{
					"name": "box",
					"origin": [8.0625, 22.15002, 12.73868],
					"color": 0,
					"children": [49, 50, 51, 52, 53, 54, 55, 56, 57, 58, 59, 60, 61, 62, 63, 64, 65, 66, 67, 68, 69, 70, 71, 72, 73, 74, 75]
				},
				{
					"name": "box",
					"origin": [8.0625, 22.15002, 12.73868],
					"color": 0,
					"children": [
						{
							"name": "box",
							"origin": [8.0625, 12.70816, 5.54677],
							"color": 0,
							"children": [76, 77, 78, 79, 80, 81, 82, 83, 84, 85, 86, 87, 88]
						},
						89,
						90,
						91,
						92,
						93,
						94,
						95,
						96,
						97,
						98,
						99,
						100,
						101
					]
				},
				102,
				103,
				104,
				105,
				106,
				107,
				108,
				109,
				110,
				111,
				112
			]
		}
	]
}