{
	"credit": "Made with Blockbench",
	"texture_size": [128, 128],
	"textures": {
		"0": "custom/titan/shifter/cart/guns",
		"particle": "custom/titan/shifter/cart/guns"
	},
	"elements": [
		{
			"from": [1.25, 18.0625, 14],
			"to": [7.25, 20.5625, 20],
			"rotation": {"angle": -45, "axis": "y", "origin": [5.5, 19.8125, 14]},
			"faces": {
				"north": {"uv": [7.5, 1, 8.25, 1.3125], "texture": "#0"},
				"east": {"uv": [1.375, 7.5, 2.125, 7.8125], "texture": "#0"},
				"south": {"uv": [7.5, 1.375, 8.25, 1.6875], "texture": "#0"},
				"west": {"uv": [7.5, 1.75, 8.25, 2.0625], "texture": "#0"},
				"up": {"uv": [7.375, 5.25, 6.625, 4.5], "texture": "#0"},
				"down": {"uv": [7.375, 5.25, 6.625, 6], "texture": "#0"}
			}
		},
		{
			"from": [1.25, 1.1875, 14],
			"to": [7.25, 2.0625, 20],
			"rotation": {"angle": -45, "axis": "y", "origin": [5.5, 19.8125, 14]},
			"faces": {
				"north": {"uv": [8, 3.625, 8.75, 3.75], "texture": "#0"},
				"east": {"uv": [8, 3.75, 8.75, 3.875], "texture": "#0"},
				"south": {"uv": [8, 3.875, 8.75, 4], "texture": "#0"},
				"west": {"uv": [8, 7, 8.75, 7.125], "texture": "#0"},
				"up": {"uv": [7.5, 0.75, 6.75, 0], "texture": "#0"},
				"down": {"uv": [7.5, 0.75, 6.75, 1.5], "texture": "#0"}
			}
		},
		{
			"from": [1.25, 1.1875, 22],
			"to": [7.25, 2.0625, 28],
			"rotation": {"angle": 45, "axis": "y", "origin": [5.5, 19.8125, 28]},
			"faces": {
				"north": {"uv": [8, 7.125, 8.75, 7.25], "texture": "#0"},
				"east": {"uv": [8, 7.25, 8.75, 7.375], "texture": "#0"},
				"south": {"uv": [1.375, 8.125, 2.125, 8.25], "texture": "#0"},
				"west": {"uv": [2.125, 8.125, 2.875, 8.25], "texture": "#0"},
				"up": {"uv": [2.125, 7.5, 1.375, 6.75], "texture": "#0"},
				"down": {"uv": [7.5, 1.5, 6.75, 2.25], "texture": "#0"}
			}
		},
		{
			"from": [-0.30958, 18.0625, 20.52773],
			"to": [5.69042, 20.5625, 26.52773],
			"rotation": {"angle": 45, "axis": "y", "origin": [6.4974, 23.5625, 25.38128]},
			"faces": {
				"north": {"uv": [2.125, 7.5, 2.875, 7.8125], "texture": "#0"},
				"east": {"uv": [7.5, 2.125, 8.25, 2.4375], "texture": "#0"},
				"south": {"uv": [7.5, 2.5, 8.25, 2.8125], "texture": "#0"},
				"west": {"uv": [7.5, 7.375, 8.25, 7.6875], "texture": "#0"},
				"up": {"uv": [2.875, 7.5, 2.125, 6.75], "texture": "#0"},
				"down": {"uv": [7.5, 2.25, 6.75, 3], "texture": "#0"}
			}
		},
		{
			"from": [-3, 17.5, 15],
			"to": [3, 20.25, 27],
			"rotation": {"angle": 22.5, "axis": "z", "origin": [0, 19.75, 21]},
			"faces": {
				"north": {"uv": [7.25, 3.625, 8, 3.96875], "texture": "#0"},
				"east": {"uv": [6.75, 4.125, 8.25, 4.46875], "texture": "#0"},
				"south": {"uv": [4.375, 7.375, 5.125, 7.71875], "texture": "#0"},
				"west": {"uv": [6.5, 7, 8, 7.34375], "texture": "#0"},
				"up": {"uv": [5.75, 3.75, 5, 2.25], "texture": "#0"},
				"down": {"uv": [6.625, 4.5, 5.875, 6], "texture": "#0"}
			}
		},
		{
			"from": [-3, 1, 15],
			"to": [-2, 19, 27],
			"rotation": {"angle": 0, "axis": "y", "origin": [8, 10, 19.5]},
			"faces": {
				"north": {"uv": [3.875, 7.375, 4, 9.625], "texture": "#0"},
				"east": {"uv": [1.375, 4, 2.875, 6.25], "texture": "#0"},
				"south": {"uv": [4, 7.375, 4.125, 9.625], "texture": "#0"},
				"west": {"uv": [2.875, 4, 4.375, 6.25], "texture": "#0"},
				"up": {"uv": [5.875, 3.75, 5.75, 2.25], "texture": "#0"},
				"down": {"uv": [5.5, 7.375, 5.375, 8.875], "texture": "#0"}
			}
		},
		{
			"from": [1.39949, 1.0625, 20.89645],
			"to": [8.39949, 18.875, 22.14645],
			"rotation": {"angle": -45, "axis": "y", "origin": [-6.81586, 10, 19.38388]},
			"faces": {
				"north": {"uv": [5.875, 0, 6.75, 2.21875], "texture": "#0"},
				"east": {"uv": [3.375, 6.75, 3.53125, 8.96875], "texture": "#0"},
				"south": {"uv": [5.875, 2.25, 6.75, 4.46875], "texture": "#0"},
				"west": {"uv": [3.625, 6.75, 3.78125, 8.96875], "texture": "#0"},
				"up": {"uv": [5.875, 3.90625, 5, 3.75], "texture": "#0"},
				"down": {"uv": [8.625, 3.375, 7.75, 3.53125], "texture": "#0"}
			}
		},
		{
			"from": [0, 14, 7],
			"to": [7, 18.875, 8.25],
			"rotation": {"angle": 45, "axis": "y", "origin": [8, 10, 14.5]},
			"faces": {
				"north": {"uv": [0, 7, 0.875, 7.625], "texture": "#0"},
				"east": {"uv": [8, 7.75, 8.15625, 8.375], "texture": "#0"},
				"south": {"uv": [5.625, 7, 6.5, 7.625], "texture": "#0"},
				"west": {"uv": [0.5, 8.125, 0.65625, 8.75], "texture": "#0"},
				"up": {"uv": [2.25, 8.03125, 1.375, 7.875], "texture": "#0"},
				"down": {"uv": [3.125, 7.875, 2.25, 8.03125], "texture": "#0"}
			}
		},
		{
			"from": [0, 10, 7],
			"to": [4, 14, 8.25],
			"rotation": {"angle": 45, "axis": "y", "origin": [8, 10, 14.5]},
			"faces": {
				"north": {"uv": [6.5, 7.375, 7, 7.875], "texture": "#0"},
				"east": {"uv": [7.625, 8.125, 7.78125, 8.625], "texture": "#0"},
				"south": {"uv": [7, 7.375, 7.5, 7.875], "texture": "#0"},
				"west": {"uv": [8.25, 0.25, 8.40625, 0.75], "texture": "#0"},
				"up": {"uv": [8.625, 6.90625, 8.125, 6.75], "texture": "#0"},
				"down": {"uv": [1.5, 8.25, 1, 8.40625], "texture": "#0"}
			}
		},
		{
			"from": [0, 1.0625, 7],
			"to": [7, 10, 8.25],
			"rotation": {"angle": 45, "axis": "y", "origin": [8, 10, 14.5]},
			"faces": {
				"north": {"uv": [3.875, 6.25, 4.75, 7.375], "texture": "#0"},
				"east": {"uv": [0, 7.625, 0.15625, 8.75], "texture": "#0"},
				"south": {"uv": [4.75, 6.25, 5.625, 7.375], "texture": "#0"},
				"west": {"uv": [0.25, 7.625, 0.40625, 8.75], "texture": "#0"},
				"up": {"uv": [7.375, 8.03125, 6.5, 7.875], "texture": "#0"},
				"down": {"uv": [8.875, 0, 8, 0.15625], "texture": "#0"}
			}
		},
		{
			"from": [2, 14, 10],
			"to": [5.75, 19, 11],
			"faces": {
				"north": {"uv": [0.875, 7, 1.375, 7.625], "texture": "#0"},
				"east": {"uv": [6, 8, 6.125, 8.625], "texture": "#0"},
				"south": {"uv": [7.25, 3, 7.75, 3.625], "texture": "#0"},
				"west": {"uv": [7.875, 8.125, 8, 8.75], "texture": "#0"},
				"up": {"uv": [8.625, 5.625, 8.125, 5.5], "texture": "#0"},
				"down": {"uv": [8.75, 1.75, 8.25, 1.875], "texture": "#0"}
			}
		},
		{
			"from": [2, 1, 10],
			"to": [5.75, 10, 11],
			"faces": {
				"north": {"uv": [2.875, 6.75, 3.375, 7.875], "texture": "#0"},
				"east": {"uv": [4.375, 7.75, 4.5, 8.875], "texture": "#0"},
				"south": {"uv": [6.75, 3, 7.25, 4.125], "texture": "#0"},
				"west": {"uv": [4.5, 7.75, 4.625, 8.875], "texture": "#0"},
				"up": {"uv": [8.75, 2, 8.25, 1.875], "texture": "#0"},
				"down": {"uv": [2.5, 8.25, 2, 8.375], "texture": "#0"}
			}
		},
		{
			"from": [8.75, 18.0625, 14],
			"to": [14.75, 20.5625, 20],
			"rotation": {"angle": 45, "axis": "y", "origin": [10.5, 19.8125, 14]},
			"faces": {
				"north": {"uv": [8.25, 1, 7.5, 1.3125], "texture": "#0"},
				"east": {"uv": [8.25, 1.75, 7.5, 2.0625], "texture": "#0"},
				"south": {"uv": [8.25, 1.375, 7.5, 1.6875], "texture": "#0"},
				"west": {"uv": [2.125, 7.5, 1.375, 7.8125], "texture": "#0"},
				"up": {"uv": [6.625, 5.25, 7.375, 4.5], "texture": "#0"},
				"down": {"uv": [6.625, 5.25, 7.375, 6], "texture": "#0"}
			}
		},
		{
			"from": [8.75, 1.1875, 14],
			"to": [14.75, 2.0625, 20],
			"rotation": {"angle": 45, "axis": "y", "origin": [10.5, 19.8125, 14]},
			"faces": {
				"north": {"uv": [8.75, 3.625, 8, 3.75], "texture": "#0"},
				"east": {"uv": [8.75, 7, 8, 7.125], "texture": "#0"},
				"south": {"uv": [8.75, 3.875, 8, 4], "texture": "#0"},
				"west": {"uv": [8.75, 3.75, 8, 3.875], "texture": "#0"},
				"up": {"uv": [6.75, 0.75, 7.5, 0], "texture": "#0"},
				"down": {"uv": [6.75, 0.75, 7.5, 1.5], "texture": "#0"}
			}
		},
		{
			"from": [8.75, 1.1875, 22],
			"to": [14.75, 2.0625, 28],
			"rotation": {"angle": -45, "axis": "y", "origin": [10.5, 19.8125, 28]},
			"faces": {
				"north": {"uv": [8.75, 7.125, 8, 7.25], "texture": "#0"},
				"east": {"uv": [2.875, 8.125, 2.125, 8.25], "texture": "#0"},
				"south": {"uv": [2.125, 8.125, 1.375, 8.25], "texture": "#0"},
				"west": {"uv": [8.75, 7.25, 8, 7.375], "texture": "#0"},
				"up": {"uv": [1.375, 7.5, 2.125, 6.75], "texture": "#0"},
				"down": {"uv": [6.75, 1.5, 7.5, 2.25], "texture": "#0"}
			}
		},
		{
			"from": [10.30958, 18.0625, 20.52773],
			"to": [16.30958, 20.5625, 26.52773],
			"rotation": {"angle": -45, "axis": "y", "origin": [9.5026, 23.5625, 25.38128]},
			"faces": {
				"north": {"uv": [2.875, 7.5, 2.125, 7.8125], "texture": "#0"},
				"east": {"uv": [8.25, 7.375, 7.5, 7.6875], "texture": "#0"},
				"south": {"uv": [8.25, 2.5, 7.5, 2.8125], "texture": "#0"},
				"west": {"uv": [8.25, 2.125, 7.5, 2.4375], "texture": "#0"},
				"up": {"uv": [2.125, 7.5, 2.875, 6.75], "texture": "#0"},
				"down": {"uv": [6.75, 2.25, 7.5, 3], "texture": "#0"}
			}
		},
		{
			"from": [13, 17.5, 15],
			"to": [19, 20.25, 27],
			"rotation": {"angle": -22.5, "axis": "z", "origin": [16, 19.75, 21]},
			"faces": {
				"north": {"uv": [8, 3.625, 7.25, 3.96875], "texture": "#0"},
				"east": {"uv": [8, 7, 6.5, 7.34375], "texture": "#0"},
				"south": {"uv": [5.125, 7.375, 4.375, 7.71875], "texture": "#0"},
				"west": {"uv": [8.25, 4.125, 6.75, 4.46875], "texture": "#0"},
				"up": {"uv": [5, 3.75, 5.75, 2.25], "texture": "#0"},
				"down": {"uv": [5.875, 4.5, 6.625, 6], "texture": "#0"}
			}
		},
		{
			"from": [18, 1, 15],
			"to": [19, 19, 27],
			"rotation": {"angle": 0, "axis": "y", "origin": [8, 10, 19.5]},
			"faces": {
				"north": {"uv": [4, 7.375, 3.875, 9.625], "texture": "#0"},
				"east": {"uv": [4.375, 4, 2.875, 6.25], "texture": "#0"},
				"south": {"uv": [4.125, 7.375, 4, 9.625], "texture": "#0"},
				"west": {"uv": [2.875, 4, 1.375, 6.25], "texture": "#0"},
				"up": {"uv": [5.75, 3.75, 5.875, 2.25], "texture": "#0"},
				"down": {"uv": [5.375, 7.375, 5.5, 8.875], "texture": "#0"}
			}
		},
		{
			"from": [7.60051, 1.0625, 20.89645],
			"to": [14.60051, 18.875, 22.14645],
			"rotation": {"angle": 45, "axis": "y", "origin": [22.81586, 10, 19.38388]},
			"faces": {
				"north": {"uv": [6.75, 0, 5.875, 2.21875], "texture": "#0"},
				"east": {"uv": [3.78125, 6.75, 3.625, 8.96875], "texture": "#0"},
				"south": {"uv": [6.75, 2.25, 5.875, 4.46875], "texture": "#0"},
				"west": {"uv": [3.53125, 6.75, 3.375, 8.96875], "texture": "#0"},
				"up": {"uv": [5, 3.90625, 5.875, 3.75], "texture": "#0"},
				"down": {"uv": [7.75, 3.375, 8.625, 3.53125], "texture": "#0"}
			}
		},
		{
			"from": [9, 14, 7],
			"to": [16, 18.875, 8.25],
			"rotation": {"angle": -45, "axis": "y", "origin": [8, 10, 14.5]},
			"faces": {
				"north": {"uv": [0.875, 7, 0, 7.625], "texture": "#0"},
				"east": {"uv": [0.65625, 8.125, 0.5, 8.75], "texture": "#0"},
				"south": {"uv": [6.5, 7, 5.625, 7.625], "texture": "#0"},
				"west": {"uv": [8.15625, 7.75, 8, 8.375], "texture": "#0"},
				"up": {"uv": [1.375, 8.03125, 2.25, 7.875], "texture": "#0"},
				"down": {"uv": [2.25, 7.875, 3.125, 8.03125], "texture": "#0"}
			}
		},
		{
			"from": [12, 10, 7],
			"to": [16, 14, 8.25],
			"rotation": {"angle": -45, "axis": "y", "origin": [8, 10, 14.5]},
			"faces": {
				"north": {"uv": [7, 7.375, 6.5, 7.875], "texture": "#0"},
				"east": {"uv": [8.40625, 0.25, 8.25, 0.75], "texture": "#0"},
				"south": {"uv": [7.5, 7.375, 7, 7.875], "texture": "#0"},
				"west": {"uv": [7.78125, 8.125, 7.625, 8.625], "texture": "#0"},
				"up": {"uv": [8.125, 6.90625, 8.625, 6.75], "texture": "#0"},
				"down": {"uv": [1, 8.25, 1.5, 8.40625], "texture": "#0"}
			}
		},
		{
			"from": [9, 1.0625, 7],
			"to": [16, 10, 8.25],
			"rotation": {"angle": -45, "axis": "y", "origin": [8, 10, 14.5]},
			"faces": {
				"north": {"uv": [4.75, 6.25, 3.875, 7.375], "texture": "#0"},
				"east": {"uv": [0.40625, 7.625, 0.25, 8.75], "texture": "#0"},
				"south": {"uv": [5.625, 6.25, 4.75, 7.375], "texture": "#0"},
				"west": {"uv": [0.15625, 7.625, 0, 8.75], "texture": "#0"},
				"up": {"uv": [6.5, 8.03125, 7.375, 7.875], "texture": "#0"},
				"down": {"uv": [8, 0, 8.875, 0.15625], "texture": "#0"}
			}
		},
		{
			"from": [10.25, 14, 10],
			"to": [14, 19, 11],
			"rotation": {"angle": 0, "axis": "y", "origin": [16, 0, 0]},
			"faces": {
				"north": {"uv": [1.375, 7, 0.875, 7.625], "texture": "#0"},
				"east": {"uv": [8, 8.125, 7.875, 8.75], "texture": "#0"},
				"south": {"uv": [7.75, 3, 7.25, 3.625], "texture": "#0"},
				"west": {"uv": [6.125, 8, 6, 8.625], "texture": "#0"},
				"up": {"uv": [8.125, 5.625, 8.625, 5.5], "texture": "#0"},
				"down": {"uv": [8.25, 1.75, 8.75, 1.875], "texture": "#0"}
			}
		},
		{
			"from": [10.25, 1, 10],
			"to": [14, 10, 11],
			"rotation": {"angle": 0, "axis": "y", "origin": [16, 0, 0]},
			"faces": {
				"north": {"uv": [3.375, 6.75, 2.875, 7.875], "texture": "#0"},
				"east": {"uv": [4.625, 7.75, 4.5, 8.875], "texture": "#0"},
				"south": {"uv": [7.25, 3, 6.75, 4.125], "texture": "#0"},
				"west": {"uv": [4.5, 7.75, 4.375, 8.875], "texture": "#0"},
				"up": {"uv": [8.25, 2, 8.75, 1.875], "texture": "#0"},
				"down": {"uv": [2, 8.25, 2.5, 8.375], "texture": "#0"}
			}
		},
		{
			"from": [5.75, 1, 10],
			"to": [10.25, 5, 11],
			"rotation": {"angle": 0, "axis": "y", "origin": [16, 0, 0]},
			"faces": {
				"north": {"uv": [7.5, 0, 8, 0.5], "texture": "#0"},
				"east": {"uv": [8.25, 2, 8.375, 2.5], "texture": "#0"},
				"south": {"uv": [7.5, 0.5, 8, 1], "texture": "#0"},
				"west": {"uv": [2.5, 8.25, 2.625, 8.75], "texture": "#0"},
				"up": {"uv": [8.75, 2.625, 8.25, 2.5], "texture": "#0"},
				"down": {"uv": [8.75, 2.625, 8.25, 2.75], "texture": "#0"}
			}
		},
		{
			"from": [2, 1, 31],
			"to": [14, 19, 32],
			"faces": {
				"north": {"uv": [4.375, 0, 5.875, 2.25], "texture": "#0"},
				"east": {"uv": [4.125, 7.375, 4.25, 9.625], "texture": "#0"},
				"south": {"uv": [4.375, 4, 5.875, 6.25], "texture": "#0"},
				"west": {"uv": [4.25, 7.375, 4.375, 9.625], "texture": "#0"},
				"up": {"uv": [9, 3, 7.5, 2.875], "texture": "#0"},
				"down": {"uv": [9.125, 4.75, 7.625, 4.875], "texture": "#0"}
			}
		},
		{
			"from": [2, 1, 11],
			"to": [14, 2, 31],
			"rotation": {"angle": 0, "axis": "y", "origin": [8, 10, 19.5]},
			"faces": {
				"north": {"uv": [7.625, 4.875, 9.125, 5], "texture": "#0"},
				"east": {"uv": [7, 6.5, 9.5, 6.625], "texture": "#0"},
				"south": {"uv": [7.625, 5, 9.125, 5.125], "texture": "#0"},
				"west": {"uv": [7, 6.625, 9.5, 6.75], "texture": "#0"},
				"up": {"uv": [1.5, 2.5, 0, 0], "texture": "#0"},
				"down": {"uv": [3, 0, 1.5, 2.5], "texture": "#0"}
			}
		},
		{
			"from": [-2, 1.125, 15],
			"to": [18, 1.9375, 27],
			"rotation": {"angle": 0, "axis": "y", "origin": [8, 10, 19.5]},
			"faces": {
				"north": {"uv": [7.25, 4, 9.75, 4.09375], "texture": "#0"},
				"east": {"uv": [7.625, 5.625, 9.125, 5.71875], "texture": "#0"},
				"south": {"uv": [7.375, 5.875, 9.875, 5.96875], "texture": "#0"},
				"west": {"uv": [7.625, 5.75, 9.125, 5.84375], "texture": "#0"},
				"up": {"uv": [2.5, 4, 0, 2.5], "texture": "#0"},
				"down": {"uv": [5, 2.5, 2.5, 4], "texture": "#0"}
			}
		},
		{
			"from": [2.5, 18, 11],
			"to": [13.5, 21.5, 31],
			"rotation": {"angle": 0, "axis": "y", "origin": [8, 10, 19.5]},
			"faces": {
				"north": {"uv": [0, 6.5, 1.375, 6.9375], "texture": "#0"},
				"east": {"uv": [5.875, 6, 8.375, 6.4375], "texture": "#0"},
				"south": {"uv": [5.625, 6.5, 7, 6.9375], "texture": "#0"},
				"west": {"uv": [1.375, 6.25, 3.875, 6.6875], "texture": "#0"},
				"up": {"uv": [4.375, 2.5, 3, 0], "texture": "#0"},
				"down": {"uv": [1.375, 4, 0, 6.5], "texture": "#0"}
			}
		},
		{
			"from": [4.67, 8.77, 16.5655],
			"to": [5.336, 10.984, 17.2315],
			"rotation": {"angle": 22.5, "axis": "y", "origin": [7.5005, 10.79275, 16.8985]},
			"faces": {
				"north": {"uv": [1.75, 8.5, 1.84375, 8.78125], "texture": "#0"},
				"east": {"uv": [1.875, 8.5, 1.96875, 8.78125], "texture": "#0"},
				"south": {"uv": [2.625, 8.5, 2.71875, 8.78125], "texture": "#0"},
				"west": {"uv": [2.75, 8.5, 2.84375, 8.78125], "texture": "#0"},
				"up": {"uv": [5.96875, 8.59375, 5.875, 8.5], "texture": "#0"},
				"down": {"uv": [6.21875, 8.5, 6.125, 8.59375], "texture": "#0"}
			}
		},
		{
			"from": [4.5035, 10.318, 16.399],
			"to": [7.8335, 10.8175, 17.398],
			"rotation": {"angle": 22.5, "axis": "y", "origin": [7.5005, 10.79275, 16.8985]},
			"faces": {
				"north": {"uv": [8.5, 0.75, 8.90625, 0.8125], "texture": "#0"},
				"east": {"uv": [8.5, 7.875, 8.625, 7.9375], "texture": "#0"},
				"south": {"uv": [8.5, 0.875, 8.90625, 0.9375], "texture": "#0"},
				"west": {"uv": [8.5, 8, 8.625, 8.0625], "texture": "#0"},
				"up": {"uv": [8.65625, 2.875, 8.25, 2.75], "texture": "#0"},
				"down": {"uv": [8.65625, 4.375, 8.25, 4.5], "texture": "#0"}
			}
		},
		{
			"from": [4.5035, 8.9365, 16.399],
			"to": [7.8335, 9.436, 17.398],
			"rotation": {"angle": 22.5, "axis": "y", "origin": [7.5005, 10.79275, 16.8985]},
			"faces": {
				"north": {"uv": [8.5, 4.125, 8.90625, 4.1875], "texture": "#0"},
				"east": {"uv": [8.5, 8.125, 8.625, 8.1875], "texture": "#0"},
				"south": {"uv": [8.5, 4.25, 8.90625, 4.3125], "texture": "#0"},
				"west": {"uv": [8.5, 8.25, 8.625, 8.3125], "texture": "#0"},
				"up": {"uv": [8.78125, 2.375, 8.375, 2.25], "texture": "#0"},
				"down": {"uv": [8.78125, 2.375, 8.375, 2.5], "texture": "#0"}
			}
		},
		{
			"from": [6.8345, 7.83738, 10.405],
			"to": [7.5005, 9.16938, 13.735],
			"rotation": {"angle": -22.5, "axis": "x", "origin": [8, 8.50338, 12.07]},
			"faces": {
				"north": {"uv": [5.625, 8.5, 5.71875, 8.65625], "texture": "#0"},
				"east": {"uv": [1.5, 8.25, 1.90625, 8.40625], "texture": "#0"},
				"south": {"uv": [5.75, 8.5, 5.84375, 8.65625], "texture": "#0"},
				"west": {"uv": [8.25, 1.5, 8.65625, 1.65625], "texture": "#0"},
				"up": {"uv": [6.46875, 8.65625, 6.375, 8.25], "texture": "#0"},
				"down": {"uv": [8.09375, 8.375, 8, 8.78125], "texture": "#0"}
			}
		},
		{
			"from": [7.27325, 1.7275, 11.0035],
			"to": [7.71425, 5.78875, 11.4445],
			"rotation": {"angle": 22.5, "axis": "x", "origin": [7.49375, 4.23625, 11.224]},
			"faces": {
				"north": {"uv": [8.125, 8.375, 8.1875, 8.875], "texture": "#0"},
				"east": {"uv": [8.25, 8.375, 8.3125, 8.875], "texture": "#0"},
				"south": {"uv": [8.375, 8.375, 8.4375, 8.875], "texture": "#0"},
				"west": {"uv": [8.5, 0.25, 8.5625, 0.75], "texture": "#0"},
				"up": {"uv": [3.1875, 8.6875, 3.125, 8.625], "texture": "#0"},
				"down": {"uv": [8.6875, 3.125, 8.625, 3.1875], "texture": "#0"}
			}
		},
		{
			"from": [10.664, 8.77, 16.5655],
			"to": [11.33, 10.984, 17.2315],
			"rotation": {"angle": -22.5, "axis": "y", "origin": [8.4995, 10.79275, 16.8985]},
			"faces": {
				"north": {"uv": [1.84375, 8.5, 1.75, 8.78125], "texture": "#0"},
				"east": {"uv": [2.84375, 8.5, 2.75, 8.78125], "texture": "#0"},
				"south": {"uv": [2.71875, 8.5, 2.625, 8.78125], "texture": "#0"},
				"west": {"uv": [1.96875, 8.5, 1.875, 8.78125], "texture": "#0"},
				"up": {"uv": [5.875, 8.59375, 5.96875, 8.5], "texture": "#0"},
				"down": {"uv": [6.125, 8.5, 6.21875, 8.59375], "texture": "#0"}
			}
		},
		{
			"from": [8.1665, 10.318, 16.399],
			"to": [11.4965, 10.8175, 17.398],
			"rotation": {"angle": -22.5, "axis": "y", "origin": [8.4995, 10.79275, 16.8985]},
			"faces": {
				"north": {"uv": [8.90625, 0.75, 8.5, 0.8125], "texture": "#0"},
				"east": {"uv": [8.625, 8, 8.5, 8.0625], "texture": "#0"},
				"south": {"uv": [8.90625, 0.875, 8.5, 0.9375], "texture": "#0"},
				"west": {"uv": [8.625, 7.875, 8.5, 7.9375], "texture": "#0"},
				"up": {"uv": [8.25, 2.875, 8.65625, 2.75], "texture": "#0"},
				"down": {"uv": [8.25, 4.375, 8.65625, 4.5], "texture": "#0"}
			}
		},
		{
			"from": [8.1665, 8.9365, 16.399],
			"to": [11.4965, 9.436, 17.398],
			"rotation": {"angle": -22.5, "axis": "y", "origin": [8.4995, 10.79275, 16.8985]},
			"faces": {
				"north": {"uv": [8.90625, 4.125, 8.5, 4.1875], "texture": "#0"},
				"east": {"uv": [8.625, 8.25, 8.5, 8.3125], "texture": "#0"},
				"south": {"uv": [8.90625, 4.25, 8.5, 4.3125], "texture": "#0"},
				"west": {"uv": [8.625, 8.125, 8.5, 8.1875], "texture": "#0"},
				"up": {"uv": [8.375, 2.375, 8.78125, 2.25], "texture": "#0"},
				"down": {"uv": [8.375, 2.375, 8.78125, 2.5], "texture": "#0"}
			}
		},
		{
			"from": [8.4995, 7.83738, 10.405],
			"to": [9.1655, 9.16938, 13.735],
			"rotation": {"angle": -22.5, "axis": "x", "origin": [8, 8.50338, 12.07]},
			"faces": {
				"north": {"uv": [5.71875, 8.5, 5.625, 8.65625], "texture": "#0"},
				"east": {"uv": [8.65625, 1.5, 8.25, 1.65625], "texture": "#0"},
				"south": {"uv": [5.84375, 8.5, 5.75, 8.65625], "texture": "#0"},
				"west": {"uv": [1.90625, 8.25, 1.5, 8.40625], "texture": "#0"},
				"up": {"uv": [6.375, 8.65625, 6.46875, 8.25], "texture": "#0"},
				"down": {"uv": [8, 8.375, 8.09375, 8.78125], "texture": "#0"}
			}
		},
		{
			"from": [8.28575, 1.7275, 11.0035],
			"to": [8.72675, 5.78875, 11.4445],
			"rotation": {"angle": 22.5, "axis": "x", "origin": [8.50625, 4.23625, 11.224]},
			"faces": {
				"north": {"uv": [8.1875, 8.375, 8.125, 8.875], "texture": "#0"},
				"east": {"uv": [8.5625, 0.25, 8.5, 0.75], "texture": "#0"},
				"south": {"uv": [8.4375, 8.375, 8.375, 8.875], "texture": "#0"},
				"west": {"uv": [8.3125, 8.375, 8.25, 8.875], "texture": "#0"},
				"up": {"uv": [3.125, 8.6875, 3.1875, 8.625], "texture": "#0"},
				"down": {"uv": [8.625, 3.125, 8.6875, 3.1875], "texture": "#0"}
			}
		},
		{
			"from": [7.001, 8.878, 2.4435],
			"to": [8.999, 10.876, 10.5715],
			"rotation": {"angle": 45, "axis": "z", "origin": [8, 9.877, 8.9065]},
			"faces": {
				"north": {"uv": [5.625, 6.25, 5.875, 6.5], "texture": "#0"},
				"east": {"uv": [7, 6.75, 8.03125, 7], "texture": "#0"},
				"south": {"uv": [2.625, 8.25, 2.875, 8.5], "texture": "#0"},
				"west": {"uv": [7.375, 4.5, 8.40625, 4.75], "texture": "#0"},
				"up": {"uv": [7.625, 5.78125, 7.375, 4.75], "texture": "#0"},
				"down": {"uv": [5.375, 7.375, 5.125, 8.40625], "texture": "#0"}
			}
		},
		{
			"from": [7.001, 8.878, 7.0075],
			"to": [8.999, 10.876, 7.3405],
			"rotation": {"angle": 0, "axis": "y", "origin": [8, 9.877, 8.0065]},
			"faces": {
				"north": {"uv": [8.25, 4.125, 8.5, 4.375], "texture": "#0"},
				"east": {"uv": [8.5, 8.375, 8.53125, 8.625], "texture": "#0"},
				"south": {"uv": [6.125, 8.25, 6.375, 8.5], "texture": "#0"},
				"west": {"uv": [8.625, 0.25, 8.65625, 0.5], "texture": "#0"},
				"up": {"uv": [8.875, 0.53125, 8.625, 0.5], "texture": "#0"},
				"down": {"uv": [8.875, 0.625, 8.625, 0.65625], "texture": "#0"}
			}
		},
		{
			"from": [6.8345, 8.7115, -2.1205],
			"to": [9.1655, 11.0425, 2.4435],
			"rotation": {"angle": 45, "axis": "z", "origin": [8, 9.877, 7.7725]},
			"faces": {
				"north": {"uv": [8.125, 5.125, 8.40625, 5.40625], "texture": "#0"},
				"east": {"uv": [5.5, 7.625, 6.0625, 7.90625], "texture": "#0"},
				"south": {"uv": [6.5, 8.125, 6.78125, 8.40625], "texture": "#0"},
				"west": {"uv": [7.75, 3, 8.3125, 3.28125], "texture": "#0"},
				"up": {"uv": [1.28125, 8.1875, 1, 7.625], "texture": "#0"},
				"down": {"uv": [6.40625, 7.625, 6.125, 8.1875], "texture": "#0"}
			}
		},
		{
			"from": [6.8345, 9.211, -3.952],
			"to": [9.1655, 11.542, -3.286],
			"rotation": {"angle": 45, "axis": "z", "origin": [8, 10.3765, 4.8725]},
			"faces": {
				"north": {"uv": [6.875, 8.125, 7.15625, 8.40625], "texture": "#0"},
				"east": {"uv": [2.875, 8.5, 2.96875, 8.78125], "texture": "#0"},
				"south": {"uv": [7.25, 8.125, 7.53125, 8.40625], "texture": "#0"},
				"west": {"uv": [3, 8.5, 3.09375, 8.78125], "texture": "#0"},
				"up": {"uv": [8.65625, 6.34375, 8.375, 6.25], "texture": "#0"},
				"down": {"uv": [8.65625, 6.375, 8.375, 6.46875], "texture": "#0"}
			}
		},
		{
			"from": [7.001, 8.545, 10.5715],
			"to": [8.999, 11.209, 11.9035],
			"rotation": {"angle": 0, "axis": "y", "origin": [8, 9.877, 10.5715]},
			"faces": {
				"north": {"uv": [0.75, 8.125, 1, 8.46875], "texture": "#0"},
				"east": {"uv": [2.25, 8.375, 2.40625, 8.71875], "texture": "#0"},
				"south": {"uv": [2.875, 8.125, 3.125, 8.46875], "texture": "#0"},
				"west": {"uv": [8.375, 3, 8.53125, 3.34375], "texture": "#0"},
				"up": {"uv": [3.375, 8.53125, 3.125, 8.375], "texture": "#0"},
				"down": {"uv": [8.625, 6, 8.375, 6.15625], "texture": "#0"}
			}
		},
		{
			"from": [7.001, 8.545, 11.9035],
			"to": [8.999, 10.543, 13.9015],
			"rotation": {"angle": 0, "axis": "y", "origin": [8, 9.877, 10.5715]},
			"faces": {
				"north": {"uv": [8.25, 7.375, 8.5, 7.625], "texture": "#0"},
				"east": {"uv": [8.25, 7.625, 8.5, 7.875], "texture": "#0"},
				"south": {"uv": [8.25, 7.875, 8.5, 8.125], "texture": "#0"},
				"west": {"uv": [8.25, 8.125, 8.5, 8.375], "texture": "#0"},
				"up": {"uv": [2.25, 8.625, 2, 8.375], "texture": "#0"},
				"down": {"uv": [8.625, 2, 8.375, 2.25], "texture": "#0"}
			}
		},
		{
			"from": [7.667, 6.115, 11.9035],
			"to": [8.333, 8.545, 12.5695],
			"rotation": {"angle": 0, "axis": "y", "origin": [8, 9.877, 10.5715]},
			"faces": {
				"north": {"uv": [1.25, 8.5, 1.34375, 8.8125], "texture": "#0"},
				"east": {"uv": [1.375, 8.5, 1.46875, 8.8125], "texture": "#0"},
				"south": {"uv": [1.5, 8.5, 1.59375, 8.8125], "texture": "#0"},
				"west": {"uv": [1.625, 8.5, 1.71875, 8.8125], "texture": "#0"},
				"up": {"uv": [6.34375, 8.59375, 6.25, 8.5], "texture": "#0"},
				"down": {"uv": [6.59375, 8.5, 6.5, 8.59375], "texture": "#0"}
			}
		},
		{
			"from": [7.5545, 6.0025, 11.791],
			"to": [8.4455, 6.12625, 12.682],
			"rotation": {"angle": -45, "axis": "y", "origin": [8, 6.06438, 12.2365]},
			"faces": {
				"north": {"uv": [3.25, 8.625, 3.375, 8.65625], "texture": "#0"},
				"east": {"uv": [8.625, 3.25, 8.75, 3.28125], "texture": "#0"},
				"south": {"uv": [8.625, 3.375, 8.75, 3.40625], "texture": "#0"},
				"west": {"uv": [8.625, 3.5, 8.75, 3.53125], "texture": "#0"},
				"up": {"uv": [8.625, 5.5, 8.5, 5.375], "texture": "#0"},
				"down": {"uv": [5.625, 8.5, 5.5, 8.625], "texture": "#0"}
			}
		},
		{
			"from": [7.3295, 5.72125, 11.566],
			"to": [8.6705, 6.01375, 12.907],
			"rotation": {"angle": 0, "axis": "y", "origin": [8, 6.06438, 12.2365]},
			"faces": {
				"north": {"uv": [2, 8.625, 2.15625, 8.65625], "texture": "#0"},
				"east": {"uv": [8.625, 2, 8.78125, 2.03125], "texture": "#0"},
				"south": {"uv": [8.625, 2.125, 8.78125, 2.15625], "texture": "#0"},
				"west": {"uv": [8.625, 3, 8.78125, 3.03125], "texture": "#0"},
				"up": {"uv": [8.65625, 4.65625, 8.5, 4.5], "texture": "#0"},
				"down": {"uv": [4.78125, 8.5, 4.625, 8.65625], "texture": "#0"}
			}
		},
		{
			"from": [7.27325, 1.7275, 12.99925],
			"to": [7.71425, 5.78875, 13.44025],
			"rotation": {"angle": -22.5, "axis": "x", "origin": [7.49375, 4.23625, 13.21975]},
			"faces": {
				"north": {"uv": [0.75, 8.5, 0.8125, 9], "texture": "#0"},
				"east": {"uv": [0.875, 8.5, 0.9375, 9], "texture": "#0"},
				"south": {"uv": [1, 8.5, 1.0625, 9], "texture": "#0"},
				"west": {"uv": [1.125, 8.5, 1.1875, 9], "texture": "#0"},
				"up": {"uv": [4.9375, 8.6875, 4.875, 8.625], "texture": "#0"},
				"down": {"uv": [5.0625, 8.625, 5, 8.6875], "texture": "#0"}
			}
		},
		{
			"from": [7.217, 1.97346, 14.29512],
			"to": [7.7705, 2.09721, 14.73612],
			"rotation": {"angle": 0, "axis": "y", "origin": [7.49375, 2.14784, 14.57187]},
			"faces": {
				"north": {"uv": [7.625, 8.625, 7.6875, 8.65625], "texture": "#0"},
				"east": {"uv": [7.75, 8.625, 7.8125, 8.65625], "texture": "#0"},
				"south": {"uv": [8.625, 7.875, 8.6875, 7.90625], "texture": "#0"},
				"west": {"uv": [8.625, 8, 8.6875, 8.03125], "texture": "#0"},
				"up": {"uv": [5.1875, 8.6875, 5.125, 8.625], "texture": "#0"},
				"down": {"uv": [8.6875, 5.125, 8.625, 5.1875], "texture": "#0"}
			}
		},
		{
			"from": [7.001, 8.545, 13.9015],
			"to": [8.999, 11.209, 17.2315],
			"rotation": {"angle": 0, "axis": "y", "origin": [8, 9.877, 10.5715]},
			"faces": {
				"north": {"uv": [4.625, 8.125, 4.875, 8.46875], "texture": "#0"},
				"east": {"uv": [4.625, 7.75, 5.03125, 8.09375], "texture": "#0"},
				"south": {"uv": [4.875, 8.125, 5.125, 8.46875], "texture": "#0"},
				"west": {"uv": [7.5, 7.75, 7.90625, 8.09375], "texture": "#0"},
				"up": {"uv": [3.375, 8.28125, 3.125, 7.875], "texture": "#0"},
				"down": {"uv": [8.25, 0.25, 8, 0.65625], "texture": "#0"}
			}
		},
		{
			"from": [7.5005, 7.45507, 10.98054],
			"to": [8.4995, 7.78807, 11.31354],
			"rotation": {"angle": 22.5, "axis": "x", "origin": [8, 8.12107, 11.14704]},
			"faces": {
				"north": {"uv": [5.25, 8.625, 5.375, 8.65625], "texture": "#0"},
				"east": {"uv": [8.625, 8.125, 8.65625, 8.15625], "texture": "#0"},
				"south": {"uv": [8.625, 5.25, 8.75, 5.28125], "texture": "#0"},
				"west": {"uv": [8.625, 8.25, 8.65625, 8.28125], "texture": "#0"},
				"up": {"uv": [8.75, 5.40625, 8.625, 5.375], "texture": "#0"},
				"down": {"uv": [5.625, 8.625, 5.5, 8.65625], "texture": "#0"}
			}
		},
		{
			"from": [6.8345, 10.876, 11.9035],
			"to": [9.1655, 11.209, 13.9015],
			"rotation": {"angle": 0, "axis": "y", "origin": [8, 9.877, 10.5715]},
			"faces": {
				"north": {"uv": [6.625, 8.5, 6.90625, 8.53125], "texture": "#0"},
				"east": {"uv": [8.625, 1, 8.875, 1.03125], "texture": "#0"},
				"south": {"uv": [7, 8.5, 7.28125, 8.53125], "texture": "#0"},
				"west": {"uv": [8.625, 1.125, 8.875, 1.15625], "texture": "#0"},
				"up": {"uv": [8.53125, 1.25, 8.25, 1], "texture": "#0"},
				"down": {"uv": [8.53125, 1.25, 8.25, 1.5], "texture": "#0"}
			}
		},
		{
			"from": [6.8345, 10.543, 11.9035],
			"to": [9.1655, 10.876, 12.2365],
			"rotation": {"angle": 0, "axis": "y", "origin": [8, 9.877, 10.5715]},
			"faces": {
				"north": {"uv": [8.5, 7.375, 8.78125, 7.40625], "texture": "#0"},
				"east": {"uv": [8.625, 8.375, 8.65625, 8.40625], "texture": "#0"},
				"south": {"uv": [8.5, 7.5, 8.78125, 7.53125], "texture": "#0"},
				"west": {"uv": [8.5, 8.625, 8.53125, 8.65625], "texture": "#0"},
				"up": {"uv": [8.78125, 7.65625, 8.5, 7.625], "texture": "#0"},
				"down": {"uv": [8.78125, 7.75, 8.5, 7.78125], "texture": "#0"}
			}
		},
		{
			"from": [7.5005, 11.209, 13.069],
			"to": [8.4995, 11.542, 15.067],
			"rotation": {"angle": 0, "axis": "y", "origin": [8, 9.877, 10.5715]},
			"faces": {
				"north": {"uv": [8.625, 5.5, 8.75, 5.53125], "texture": "#0"},
				"east": {"uv": [8.625, 1.25, 8.875, 1.28125], "texture": "#0"},
				"south": {"uv": [5.875, 8.625, 6, 8.65625], "texture": "#0"},
				"west": {"uv": [8.625, 1.375, 8.875, 1.40625], "texture": "#0"},
				"up": {"uv": [5, 2.5, 4.875, 2.25], "texture": "#0"},
				"down": {"uv": [5.625, 7.375, 5.5, 7.625], "texture": "#0"}
			}
		},
		{
			"from": [7.667, 11.542, 14.9005],
			"to": [8.333, 11.7085, 15.067],
			"rotation": {"angle": 0, "axis": "y", "origin": [8, 9.877, 10.5715]},
			"faces": {
				"north": {"uv": [8.625, 6.75, 8.71875, 6.78125], "texture": "#0"},
				"east": {"uv": [8.625, 8.5, 8.65625, 8.53125], "texture": "#0"},
				"south": {"uv": [6.875, 8.625, 6.96875, 8.65625], "texture": "#0"},
				"west": {"uv": [8.625, 8.625, 8.65625, 8.65625], "texture": "#0"},
				"up": {"uv": [8.71875, 6.90625, 8.625, 6.875], "texture": "#0"},
				"down": {"uv": [7.09375, 8.625, 7, 8.65625], "texture": "#0"}
			}
		},
		{
			"from": [7.667, 12.7075, 14.9005],
			"to": [8.333, 12.874, 15.067],
			"rotation": {"angle": 0, "axis": "y", "origin": [8, 9.877, 10.5715]},
			"faces": {
				"north": {"uv": [7.125, 8.625, 7.21875, 8.65625], "texture": "#0"},
				"east": {"uv": [0, 8.75, 0.03125, 8.78125], "texture": "#0"},
				"south": {"uv": [7.25, 8.625, 7.34375, 8.65625], "texture": "#0"},
				"west": {"uv": [0.125, 8.75, 0.15625, 8.78125], "texture": "#0"},
				"up": {"uv": [7.46875, 8.65625, 7.375, 8.625], "texture": "#0"},
				"down": {"uv": [7.59375, 8.625, 7.5, 8.65625], "texture": "#0"}
			}
		},
		{
			"from": [7.667, 11.7085, 14.9005],
			"to": [7.8335, 12.7075, 15.067],
			"rotation": {"angle": 0, "axis": "y", "origin": [8, 9.877, 10.5715]},
			"faces": {
				"north": {"uv": [6, 8.625, 6.03125, 8.75], "texture": "#0"},
				"east": {"uv": [8.625, 6, 8.65625, 6.125], "texture": "#0"},
				"south": {"uv": [6.125, 8.625, 6.15625, 8.75], "texture": "#0"},
				"west": {"uv": [8.625, 6.125, 8.65625, 6.25], "texture": "#0"},
				"up": {"uv": [0.28125, 8.78125, 0.25, 8.75], "texture": "#0"},
				"down": {"uv": [8.78125, 0.25, 8.75, 0.28125], "texture": "#0"}
			}
		},
		{
			"from": [8.1665, 11.7085, 14.9005],
			"to": [8.333, 12.7075, 15.067],
			"rotation": {"angle": 0, "axis": "y", "origin": [8, 9.877, 10.5715]},
			"faces": {
				"north": {"uv": [6.25, 8.625, 6.28125, 8.75], "texture": "#0"},
				"east": {"uv": [6.5, 8.625, 6.53125, 8.75], "texture": "#0"},
				"south": {"uv": [6.625, 8.625, 6.65625, 8.75], "texture": "#0"},
				"west": {"uv": [6.75, 8.625, 6.78125, 8.75], "texture": "#0"},
				"up": {"uv": [0.40625, 8.78125, 0.375, 8.75], "texture": "#0"},
				"down": {"uv": [8.78125, 0.375, 8.75, 0.40625], "texture": "#0"}
			}
		},
		{
			"from": [6.335, 8.212, -4.1185],
			"to": [9.665, 11.542, -2.1205],
			"rotation": {"angle": 0, "axis": "y", "origin": [8, 9.877, 6.5375]},
			"faces": {
				"north": {"uv": [0.5, 7.625, 0.90625, 8.03125], "texture": "#0"},
				"east": {"uv": [5.5, 8, 5.75, 8.40625], "texture": "#0"},
				"south": {"uv": [7.625, 5.125, 8.03125, 5.53125], "texture": "#0"},
				"west": {"uv": [5.75, 8, 6, 8.40625], "texture": "#0"},
				"up": {"uv": [4.78125, 2.5, 4.375, 2.25], "texture": "#0"},
				"down": {"uv": [8.40625, 0.75, 8, 1], "texture": "#0"}
			}
		},
		{
			"from": [7.667, 8.878, -6.1165],
			"to": [8.333, 9.544, -4.1185],
			"rotation": {"angle": 45, "axis": "z", "origin": [8, 9.211, -5.1175]},
			"faces": {
				"north": {"uv": [7.375, 8.5, 7.46875, 8.59375], "texture": "#0"},
				"east": {"uv": [4.875, 8.5, 5.125, 8.59375], "texture": "#0"},
				"south": {"uv": [7.5, 8.5, 7.59375, 8.59375], "texture": "#0"},
				"west": {"uv": [5.125, 8.5, 5.375, 8.59375], "texture": "#0"},
				"up": {"uv": [7.46875, 8.125, 7.375, 7.875], "texture": "#0"},
				"down": {"uv": [8.59375, 5.125, 8.5, 5.375], "texture": "#0"}
			}
		}
	],
	"display": {
		"thirdperson_righthand": {
			"scale": [0, 0, 0]
		},
		"thirdperson_lefthand": {
			"scale": [0, 0, 0]
		},
		"firstperson_righthand": {
			"rotation": [-2.5, 0, 0],
			"translation": [-8.96, 3.55, -0.5]
		},
		"firstperson_lefthand": {
			"rotation": [-2.5, 0, 0],
			"translation": [-8.97, 3.55, -0.5]
		},
		"gui": {
			"rotation": [8.5, 159, 0],
			"translation": [-3.5, -3.75, -8],
			"scale": [0.76, 0.76, 0.76]
		},
		"head": {
			"translation": [0, 6, -15.75],
			"scale": [1.3, 1.4, 1.3]
		}
	},
	"groups": [
		{
			"name": "gun",
			"origin": [8, 8, 8],
			"color": 0,
			"nbt": "{}",
			"children": [
				{
					"name": "right",
					"origin": [0, 0, 0],
					"color": 0,
					"nbt": "{}",
					"children": [0, 1, 2, 3, 4, 5, 6, 7, 8, 9, 10, 11]
				},
				{
					"name": "right",
					"origin": [0, 0, 0],
					"color": 0,
					"nbt": "{}",
					"children": [12, 13, 14, 15, 16, 17, 18, 19, 20, 21, 22, 23]
				},
				24,
				25,
				26,
				27,
				28,
				{
					"name": "cannon",
					"origin": [8, 13, 10],
					"color": 0,
					"nbt": "{}",
					"children": [
						{
							"name": "right",
							"origin": [8, 9.877, 8.9065],
							"color": 0,
							"nbt": "{}",
							"children": [29, 30, 31, 32, 33]
						},
						{
							"name": "right",
							"origin": [8, 9.877, 8.9065],
							"color": 0,
							"nbt": "{}",
							"children": [34, 35, 36, 37, 38]
						},
						39,
						40,
						41,
						42,
						43,
						44,
						45,
						46,
						47,
						48,
						49,
						50,
						51,
						52,
						53,
						54,
						55,
						56,
						57,
						58,
						59,
						60
					]
				}
			]
		}
	]
}