{
	"format_version": "1.21.6",
	"credit": "Made with Blockbench",
	"textures": {
		"0": "custom/odmgear/3dmg_gas_tank",
		"1": "custom/odmgear/3dmg_assault",
		"4": "custom/odmgear/thunder_spear",
		"7": "custom/odmgear/thunder_spear_front",
		"particle": "custom/odmgear/thunder_spear"
	},
	"elements": [
		{
			"from": [7.808, -1.22381, -0.33594],
			"to": [8.19245, -0.71483, 0.27504],
			"rotation": {"angle": 22.5, "axis": "x", "origin": [8.00022, -0.84182, -0.03045]},
			"faces": {
				"north": {"uv": [0, 0, 5, 3.75], "texture": "#0"},
				"east": {"uv": [0, 0, 5, 3.75], "texture": "#0"},
				"south": {"uv": [0, 0, 5, 3.75], "texture": "#0"},
				"west": {"uv": [0, 0, 5, 3.75], "texture": "#0"},
				"up": {"uv": [0, 0, 5, 3.75], "texture": "#0"},
				"down": {"uv": [1.5, 0, 3.75, 2.75], "texture": "#0"}
			}
		},
		{
			"from": [7.72482, 2.44798, -0.89438],
			"to": [8.27562, 3.72798, 0.12562],
			"rotation": {"angle": 0, "axis": "y", "origin": [7.17402, -2.39202, -0.89438]},
			"faces": {
				"north": {"uv": [0, 0, 5, 5.75], "texture": "#0"},
				"east": {"uv": [0, 0, 5, 5.75], "texture": "#0"},
				"south": {"uv": [0, 0, 5, 5.75], "texture": "#0"},
				"west": {"uv": [0, 0, 5, 5.75], "texture": "#0"},
				"up": {"uv": [0, 0, 5, 5.75], "texture": "#0"},
				"down": {"uv": [0, 0, 5, 5.75], "texture": "#0"}
			}
		},
		{
			"from": [7.93137, 2.58048, -1.40438],
			"to": [8.06907, 3.72798, -0.89438],
			"rotation": {"angle": 0, "axis": "y", "origin": [7.10517, -2.39202, -0.89438]},
			"faces": {
				"north": {"uv": [8, 0, 13, 5.75], "texture": "#0"},
				"east": {"uv": [13, 0, 8.75, 5.75], "texture": "#0"},
				"south": {"uv": [8, 0, 13, 5.75], "texture": "#0"},
				"west": {"uv": [8.75, 0, 13, 5.75], "texture": "#0"},
				"up": {"uv": [8, 0, 13, 5.75], "texture": "#0"},
				"down": {"uv": [8, 0, 13, 5.75], "texture": "#0"}
			}
		},
		{
			"from": [7.93193, 2.52999, -1.27637],
			"to": [8.06852, 2.88597, -1.12439],
			"rotation": {"angle": 22.5, "axis": "x", "origin": [8.00022, 3.15423, -1.14938]},
			"faces": {
				"north": {"uv": [8, 0, 13, 5.75], "texture": "#0"},
				"east": {"uv": [9.75, 0, 8.5, 2], "texture": "#0"},
				"south": {"uv": [8, 0, 13, 5.75], "texture": "#0"},
				"west": {"uv": [8.5, 0, 9.75, 2], "texture": "#0"},
				"up": {"uv": [8, 0, 13, 5.75], "texture": "#0"},
				"down": {"uv": [8, 0, 13, 5.75], "texture": "#0"}
			}
		},
		{
			"from": [7.93193, 3.03999, -1.48037],
			"to": [8.06852, 3.39597, -1.32839],
			"rotation": {"angle": 22.5, "axis": "x", "origin": [8.00022, 3.15423, -1.14938]},
			"faces": {
				"north": {"uv": [8, 0, 13, 5.75], "texture": "#0"},
				"east": {"uv": [9.75, 0, 8.5, 2], "texture": "#0"},
				"south": {"uv": [8, 0, 13, 5.75], "texture": "#0"},
				"west": {"uv": [8.5, 0, 9.75, 2], "texture": "#0"},
				"up": {"uv": [8, 0, 13, 5.75], "texture": "#0"},
				"down": {"uv": [8, 0, 13, 5.75], "texture": "#0"}
			}
		},
		{
			"from": [7.72482, 2.54478, -2.07822],
			"to": [8.27562, 2.64423, -0.88482],
			"rotation": {"angle": 0, "axis": "y", "origin": [7.17402, -1.21392, -1.13982]},
			"faces": {
				"north": {"uv": [0, 0, 5, 5.75], "texture": "#0"},
				"east": {"uv": [0, 0, 5, 5.75], "texture": "#0"},
				"south": {"uv": [0, 0, 5, 5.75], "texture": "#0"},
				"west": {"uv": [0, 0, 5, 5.75], "texture": "#0"},
				"up": {"uv": [0, 0, 5, 5.75], "texture": "#0"},
				"down": {"uv": [0, 0, 5, 5.75], "texture": "#0"}
			}
		},
		{
			"from": [7.72482, 3.63873, -2.07822],
			"to": [8.27562, 3.73818, -0.88482],
			"rotation": {"angle": 0, "axis": "y", "origin": [7.17402, -1.21392, -1.13982]},
			"faces": {
				"north": {"uv": [0, 0, 5, 5.75], "texture": "#0"},
				"east": {"uv": [0, 0, 5, 5.75], "texture": "#0"},
				"south": {"uv": [0, 0, 5, 5.75], "texture": "#0"},
				"west": {"uv": [0, 0, 5, 5.75], "texture": "#0"},
				"up": {"uv": [0, 0, 5, 5.75], "texture": "#0"},
				"down": {"uv": [0, 0, 5, 5.75], "texture": "#0"}
			}
		},
		{
			"from": [7.72482, 3.76623, -2.07822],
			"to": [8.27562, 4.37568, 0.26268],
			"rotation": {"angle": 0, "axis": "y", "origin": [7.17402, -1.21392, -1.13982]},
			"faces": {
				"north": {"uv": [0, 4, 2.75, 6], "texture": "#1"},
				"east": {"uv": [2.75, 2, 4, 6], "rotation": 90, "texture": "#1"},
				"south": {"uv": [0, 4, 2.75, 6], "texture": "#1"},
				"west": {"uv": [2.75, 2, 4, 6], "rotation": 90, "texture": "#1"},
				"up": {"uv": [0, 4, 2.75, 6], "texture": "#1"},
				"down": {"uv": [1, 2, 2.25, 6], "texture": "#1"}
			}
		},
		{
			"from": [7.79423, 3.89424, -0.80271],
			"to": [8.20622, 5.01267, 0.26217],
			"rotation": {"angle": -22.5, "axis": "x", "origin": [8.06907, 4.07096, -0.90777]},
			"faces": {
				"north": {"uv": [0, 2, 2.75, 6], "texture": "#1"},
				"east": {"uv": [2.75, 2, 0.5, 6], "texture": "#1"},
				"south": {"uv": [0, 2, 2.75, 6], "texture": "#1"},
				"west": {"uv": [0.5, 2, 2.75, 6], "texture": "#1"},
				"up": {"uv": [0, 2, 2.75, 6], "texture": "#1"},
				"down": {"uv": [0, 2, 2.75, 6], "texture": "#1"}
			}
		},
		{
			"from": [7.79123, 4.25609, -1.30061],
			"to": [8.20922, 5.38052, -0.22973],
			"rotation": {"angle": 0, "axis": "y", "origin": [8.00022, 4.6683, -0.46517]},
			"faces": {
				"north": {"uv": [0, 2, 2.75, 6], "texture": "#1"},
				"east": {"uv": [2.75, 2, 0.5, 6], "texture": "#1"},
				"south": {"uv": [0, 2, 2.75, 6], "texture": "#1"},
				"west": {"uv": [0.5, 2, 2.75, 6], "texture": "#1"},
				"up": {"uv": [15, 12, 16, 16], "texture": "#1"},
				"down": {"uv": [0, 2, 2.75, 6], "texture": "#1"}
			}
		},
		{
			"from": [7.79478, 3.63975, -1.66792],
			"to": [8.20567, 4.65716, -0.85906],
			"rotation": {"angle": 22.5, "axis": "x", "origin": [8.06907, 4.07096, 0.13901]},
			"faces": {
				"north": {"uv": [2.25, 2, 1.25, 6], "texture": "#1"},
				"east": {"uv": [3, 2, 0, 6], "texture": "#1"},
				"south": {"uv": [3, 2, 0, 6], "texture": "#1"},
				"west": {"uv": [3, 2, 0, 6], "texture": "#1"},
				"up": {"uv": [3, 2, 0, 6], "texture": "#1"},
				"down": {"uv": [3, 2, 0, 6], "texture": "#1"}
			}
		},
		{
			"from": [7.72538, 4.50512, -2.636],
			"to": [8.27507, 5.11355, -1.95362],
			"rotation": {"angle": -45, "axis": "x", "origin": [8.00022, 4.80934, -1.46606]},
			"faces": {
				"north": {"uv": [0, 2, 4, 6], "texture": "#1"},
				"east": {"uv": [2.5, 4.5, 3.75, 5.75], "texture": "#1"},
				"south": {"uv": [3.75, 4.5, 3.25, 5.25], "texture": "#1"},
				"west": {"uv": [3.75, 4.5, 2.5, 5.75], "texture": "#1"},
				"up": {"uv": [2.5, 5.75, 3.75, 4.75], "rotation": 270, "texture": "#1"},
				"down": {"uv": [0, 2, 4, 6], "texture": "#1"}
			}
		},
		{
			"from": [7.79423, 4.63262, -3.0185],
			"to": [8.20622, 4.98605, -2.46362],
			"rotation": {"angle": -45, "axis": "x", "origin": [7.93137, 4.80934, -1.46606]},
			"faces": {
				"north": {"uv": [9.25, 1.75, 12.5, 5.25], "texture": "#0"},
				"east": {"uv": [9.25, 1.75, 12.5, 5.25], "texture": "#0"},
				"south": {"uv": [9.25, 1.75, 12.5, 5.25], "texture": "#0"},
				"west": {"uv": [9.25, 1.75, 12.5, 5.25], "texture": "#0"},
				"up": {"uv": [9.25, 1.75, 12.5, 5.25], "texture": "#0"},
				"down": {"uv": [9.25, 1.75, 12.5, 5.25], "texture": "#0"}
			}
		},
		{
			"from": [7.79478, 3.36318, -2.80787],
			"to": [8.20567, 3.78954, -2.50646],
			"rotation": {"angle": 22.5, "axis": "x", "origin": [8.00022, 3.51261, -2.63167]},
			"faces": {
				"north": {"uv": [9.25, 1.75, 12.5, 5.25], "rotation": 180, "texture": "#0"},
				"east": {"uv": [9.25, 1.75, 12.5, 5.25], "rotation": 90, "texture": "#0"},
				"south": {"uv": [9.25, 1.75, 12.5, 5.25], "texture": "#0"},
				"west": {"uv": [9.25, 1.75, 12.5, 5.25], "rotation": 270, "texture": "#0"},
				"up": {"uv": [9.25, 1.75, 12.5, 5.25], "texture": "#0"},
				"down": {"uv": [9.25, 1.75, 12.5, 5.25], "rotation": 180, "texture": "#0"}
			}
		},
		{
			"from": [7.82177, 3.01433, -2.85231],
			"to": [8.17868, 3.44171, -2.60088],
			"rotation": {"angle": 0, "axis": "y", "origin": [7.97268, 3.73802, -2.70109]},
			"faces": {
				"north": {"uv": [9.25, 1.75, 12.5, 5.25], "rotation": 180, "texture": "#0"},
				"east": {"uv": [9.25, 1.75, 12.5, 5.25], "rotation": 90, "texture": "#0"},
				"south": {"uv": [9.25, 1.75, 12.5, 5.25], "texture": "#0"},
				"west": {"uv": [9.25, 1.75, 12.5, 5.25], "rotation": 270, "texture": "#0"},
				"up": {"uv": [9.25, 1.75, 12.5, 5.25], "texture": "#0"},
				"down": {"uv": [9.25, 1.75, 12.5, 5.25], "rotation": 180, "texture": "#0"}
			}
		},
		{
			"from": [7.82232, 2.57419, -3.16993],
			"to": [8.17813, 3.00055, -2.97052],
			"rotation": {"angle": -22.5, "axis": "x", "origin": [7.97268, 3.80737, -3.04472]},
			"faces": {
				"north": {"uv": [9.25, 1.75, 12.5, 5.25], "rotation": 180, "texture": "#0"},
				"east": {"uv": [9.25, 1.75, 12.5, 5.25], "rotation": 90, "texture": "#0"},
				"south": {"uv": [9.25, 1.75, 12.5, 5.25], "texture": "#0"},
				"west": {"uv": [9.25, 1.75, 12.5, 5.25], "rotation": 270, "texture": "#0"},
				"up": {"uv": [9.25, 1.75, 12.5, 5.25], "texture": "#0"},
				"down": {"uv": [9.25, 1.75, 12.5, 5.25], "rotation": 180, "texture": "#0"}
			}
		},
		{
			"from": [7.84931, 1.46456, -2.97301],
			"to": [8.15114, 1.89194, -2.82358],
			"rotation": {"angle": -22.5, "axis": "x", "origin": [7.94514, 4.22825, -2.8473]},
			"faces": {
				"north": {"uv": [9.25, 1.75, 12.5, 5.25], "rotation": 180, "texture": "#0"},
				"east": {"uv": [9.25, 1.75, 12.5, 5.25], "rotation": 90, "texture": "#0"},
				"south": {"uv": [9.25, 1.75, 12.5, 5.25], "texture": "#0"},
				"west": {"uv": [9.25, 1.75, 12.5, 5.25], "rotation": 270, "texture": "#0"},
				"up": {"uv": [9.25, 1.75, 12.5, 5.25], "texture": "#0"},
				"down": {"uv": [9.25, 1.75, 12.5, 5.25], "rotation": 180, "texture": "#0"}
			}
		},
		{
			"from": [7.84986, 1.40416, -1.92057],
			"to": [8.15059, 1.70302, -1.77216],
			"rotation": {"angle": 0, "axis": "y", "origin": [7.94514, 1.48984, -1.82087]},
			"faces": {
				"north": {"uv": [9.25, 1.75, 12.5, 5.25], "rotation": 180, "texture": "#0"},
				"east": {"uv": [9.25, 1.75, 12.5, 5.25], "rotation": 90, "texture": "#0"},
				"south": {"uv": [9.25, 1.75, 12.5, 5.25], "texture": "#0"},
				"west": {"uv": [9.25, 1.75, 12.5, 5.25], "rotation": 270, "texture": "#0"},
				"up": {"uv": [9.25, 1.75, 12.5, 5.25], "texture": "#0"},
				"down": {"uv": [9.25, 1.75, 12.5, 5.25], "rotation": 180, "texture": "#0"}
			}
		},
		{
			"from": [7.85041, 1.15455, -1.96981],
			"to": [8.15004, 1.45239, -1.84537],
			"rotation": {"angle": 22.5, "axis": "x", "origin": [7.94514, 1.30347, -1.87062]},
			"faces": {
				"north": {"uv": [9.25, 1.75, 12.5, 5.25], "rotation": 180, "texture": "#0"},
				"east": {"uv": [9.25, 1.75, 12.5, 5.25], "rotation": 90, "texture": "#0"},
				"south": {"uv": [9.25, 1.75, 12.5, 5.25], "texture": "#0"},
				"west": {"uv": [9.25, 1.75, 12.5, 5.25], "rotation": 270, "texture": "#0"},
				"up": {"uv": [9.25, 1.75, 12.5, 5.25], "texture": "#0"},
				"down": {"uv": [9.25, 1.75, 12.5, 5.25], "rotation": 180, "texture": "#0"}
			}
		},
		{
			"from": [7.85096, 0.94303, -2.11098],
			"to": [8.14949, 1.23985, -2.01561],
			"rotation": {"angle": 45, "axis": "x", "origin": [7.94514, 1.09144, -2.0123]},
			"faces": {
				"north": {"uv": [9.25, 1.75, 12.5, 5.25], "rotation": 180, "texture": "#0"},
				"east": {"uv": [9.25, 1.75, 12.5, 5.25], "rotation": 90, "texture": "#0"},
				"south": {"uv": [9.25, 1.75, 12.5, 5.25], "texture": "#0"},
				"west": {"uv": [9.25, 1.75, 12.5, 5.25], "rotation": 270, "texture": "#0"},
				"up": {"uv": [9.25, 1.75, 12.5, 5.25], "texture": "#0"},
				"down": {"uv": [9.25, 1.75, 12.5, 5.25], "rotation": 180, "texture": "#0"}
			}
		},
		{
			"from": [7.82177, 1.66617, -2.92763],
			"to": [8.17868, 2.60355, -2.7782],
			"rotation": {"angle": -45, "axis": "x", "origin": [7.97268, 2.89986, -2.82742]},
			"faces": {
				"north": {"uv": [9.25, 1.75, 12.5, 5.25], "rotation": 180, "texture": "#0"},
				"east": {"uv": [9.25, 1.75, 12.5, 5.25], "rotation": 90, "texture": "#0"},
				"south": {"uv": [9.25, 1.75, 12.5, 5.25], "texture": "#0"},
				"west": {"uv": [9.25, 1.75, 12.5, 5.25], "rotation": 270, "texture": "#0"},
				"up": {"uv": [9.25, 1.75, 12.5, 5.25], "texture": "#0"},
				"down": {"uv": [9.25, 1.75, 12.5, 5.25], "rotation": 180, "texture": "#0"}
			}
		},
		{
			"from": [7.72648, 4.70397, -0.44015],
			"to": [8.27507, 5.27443, 0.02691],
			"rotation": {"angle": -45, "axis": "x", "origin": [8.00078, 5.1079, 1.01519]},
			"faces": {
				"north": {"uv": [3, 5, 3.75, 5.75], "texture": "#1"},
				"east": {"uv": [3, 5, 3.75, 5.75], "texture": "#1"},
				"south": {"uv": [3, 5, 3.75, 5.75], "texture": "#1"},
				"west": {"uv": [3, 5, 3.75, 5.75], "texture": "#1"},
				"up": {"uv": [3, 5, 3.75, 5.75], "texture": "#1"},
				"down": {"uv": [3, 5, 3.75, 5.75], "texture": "#1"}
			}
		},
		{
			"from": [7.82232, 5.04312, -0.54015],
			"to": [8.17813, 5.13877, 0.26431],
			"rotation": {"angle": -45, "axis": "x", "origin": [8.04153, 5.1079, 1.01519]},
			"faces": {
				"north": {"uv": [0, 2, 4, 6], "texture": "#1"},
				"east": {"uv": [0, 2, 1.5, 6], "texture": "#1"},
				"south": {"uv": [0, 2, 4, 6], "texture": "#1"},
				"west": {"uv": [0, 2, 4, 6], "texture": "#1"},
				"up": {"uv": [0, 2, 4, 6], "texture": "#1"},
				"down": {"uv": [0, 2, 4, 6], "texture": "#1"}
			}
		},
		{
			"from": [7.82232, 4.97529, 0.26703],
			"to": [8.17813, 5.2066, 0.33214],
			"rotation": {"angle": -45, "axis": "x", "origin": [8.04153, 5.1079, 1.01519]},
			"faces": {
				"north": {"uv": [0, 2, 4, 6], "texture": "#1"},
				"east": {"uv": [0, 2, 1.5, 6], "texture": "#1"},
				"south": {"uv": [0, 2, 4, 6], "texture": "#1"},
				"west": {"uv": [0, 2, 4, 6], "texture": "#1"},
				"up": {"uv": [0, 2, 4, 6], "texture": "#1"},
				"down": {"uv": [0, 2, 4, 6], "texture": "#1"}
			}
		},
		{
			"from": [7.82232, 4.43837, 0.58358],
			"to": [8.17813, 4.50348, 0.81488],
			"rotation": {"angle": 22.5, "axis": "x", "origin": [8.00022, 4.47092, 0.69923]},
			"faces": {
				"north": {"uv": [0, 2, 4, 6], "rotation": 180, "texture": "#1"},
				"east": {"uv": [0, 2, 1.5, 6], "rotation": 90, "texture": "#1"},
				"south": {"uv": [0, 2, 4, 6], "texture": "#1"},
				"west": {"uv": [0, 2, 4, 6], "rotation": 270, "texture": "#1"},
				"up": {"uv": [0, 2, 4, 6], "texture": "#1"},
				"down": {"uv": [0, 2, 4, 6], "rotation": 180, "texture": "#1"}
			}
		},
		{
			"from": [7.72703, 3.63761, 0.08166],
			"to": [8.27452, 3.76581, 0.81694],
			"rotation": {"angle": -22.5, "axis": "x", "origin": [8.00078, 4.04086, -0.31379]},
			"faces": {
				"north": {"uv": [3, 5, 3.75, 5.75], "texture": "#1"},
				"east": {"uv": [3, 5, 3.75, 5.75], "texture": "#1"},
				"south": {"uv": [3, 5, 3.75, 5.75], "texture": "#1"},
				"west": {"uv": [3, 5, 3.75, 5.75], "texture": "#1"},
				"up": {"uv": [3, 5, 3.75, 5.75], "texture": "#1"},
				"down": {"uv": [3, 5, 3.75, 5.75], "texture": "#1"}
			}
		},
		{
			"from": [7.72813, 4.09261, 0.1022],
			"to": [8.27342, 4.2181, 0.83477],
			"rotation": {"angle": 0, "axis": "y", "origin": [8.00078, 4.15536, 0.46849]},
			"faces": {
				"north": {"uv": [3, 5, 3.75, 5.75], "texture": "#1"},
				"east": {"uv": [3, 5, 3.75, 5.75], "texture": "#1"},
				"south": {"uv": [3, 5, 3.75, 5.75], "texture": "#1"},
				"west": {"uv": [3, 5, 3.75, 5.75], "texture": "#1"},
				"up": {"uv": [3, 5, 3.75, 5.75], "texture": "#1"},
				"down": {"uv": [3, 5, 3.75, 5.75], "texture": "#1"}
			}
		},
		{
			"from": [7.79367, 3.68973, -1.95072],
			"to": [8.20677, 3.78918, 0.00768],
			"rotation": {"angle": 0, "axis": "y", "origin": [7.10517, -1.21392, -1.13982]},
			"faces": {
				"north": {"uv": [8.5, 8.5, 13.5, 14.25], "texture": "#0"},
				"east": {"uv": [8.5, 8.5, 13.5, 14.25], "texture": "#0"},
				"south": {"uv": [8.5, 8.5, 13.5, 14.25], "texture": "#0"},
				"west": {"uv": [8.5, 8.5, 13.5, 14.25], "texture": "#0"},
				"up": {"uv": [8.5, 8.5, 13.5, 14.25], "texture": "#0"},
				"down": {"uv": [8.5, 8.5, 13.5, 14.25], "texture": "#0"}
			}
		},
		{
			"from": [7.72482, 3.1017, -2.07822],
			"to": [8.27562, 3.20115, -0.88482],
			"rotation": {"angle": 0, "axis": "y", "origin": [7.17402, -1.21392, -1.13982]},
			"faces": {
				"north": {"uv": [0, 0, 5, 5.75], "texture": "#0"},
				"east": {"uv": [0, 0, 5, 5.75], "texture": "#0"},
				"south": {"uv": [0, 0, 5, 5.75], "texture": "#0"},
				"west": {"uv": [0, 0, 5, 5.75], "texture": "#0"},
				"up": {"uv": [0, 0, 5, 5.75], "texture": "#0"},
				"down": {"uv": [0, 0, 5, 5.75], "texture": "#0"}
			}
		},
		{
			"from": [7.73584, 2.61241, -2.07026],
			"to": [8.26461, 3.69045, -1.98673],
			"rotation": {"angle": 0, "axis": "y", "origin": [7.17402, -1.21392, -1.13982]},
			"faces": {
				"north": {"uv": [0, 0, 5, 5.75], "texture": "#0"},
				"east": {"uv": [0, 0, 5, 5.75], "texture": "#0"},
				"south": {"uv": [0, 0, 5, 5.75], "texture": "#0"},
				"west": {"uv": [0, 0, 5, 5.75], "texture": "#0"},
				"up": {"uv": [0, 0, 5, 5.75], "texture": "#0"},
				"down": {"uv": [0, 0, 5, 5.75], "texture": "#0"}
			}
		},
		{
			"from": [7.72538, 0.92189, -0.63994],
			"to": [8.27507, 2.70087, 0.37904],
			"rotation": {"angle": -22.5, "axis": "x", "origin": [8.00022, 1.93638, -0.13045]},
			"faces": {
				"north": {"uv": [0, 0, 5, 5.75], "texture": "#0"},
				"east": {"uv": [0, 0, 5, 5.75], "texture": "#0"},
				"south": {"uv": [0, 0, 5, 5.75], "texture": "#0"},
				"west": {"uv": [0, 0, 5, 5.75], "texture": "#0"},
				"up": {"uv": [0, 0, 5, 5.75], "texture": "#0"},
				"down": {"uv": [0, 0, 5, 5.75], "texture": "#0"}
			}
		},
		{
			"from": [7.72482, -0.33022, -0.28652],
			"to": [8.27562, 1.19978, 0.73348],
			"rotation": {"angle": 0, "axis": "y", "origin": [8.00022, 0.43478, 0.22348]},
			"faces": {
				"north": {"uv": [0, 0, 5, 5.75], "texture": "#0"},
				"east": {"uv": [0, 0, 5, 5.75], "texture": "#0"},
				"south": {"uv": [0, 0, 5, 5.75], "texture": "#0"},
				"west": {"uv": [0, 0, 5, 5.75], "texture": "#0"},
				"up": {"uv": [0, 0, 5, 5.75], "texture": "#0"},
				"down": {"uv": [0, 0, 5, 5.75], "texture": "#0"}
			}
		},
		{
			"from": [7.72372, -0.58784, -0.54147],
			"to": [8.27673, -0.0758, 0.48057],
			"rotation": {"angle": 22.5, "axis": "x", "origin": [8.00022, -0.84182, -0.03045]},
			"faces": {
				"north": {"uv": [0, 0, 5, 3.75], "texture": "#0"},
				"east": {"uv": [0, 0, 5, 3.75], "texture": "#0"},
				"south": {"uv": [0, 0, 5, 3.75], "texture": "#0"},
				"west": {"uv": [0, 0, 5, 3.75], "texture": "#0"},
				"up": {"uv": [0, 0, 5, 3.75], "texture": "#0"},
				"down": {"uv": [0, 0, 5, 3.75], "texture": "#0"}
			}
		},
		{
			"from": [7.67423, -0.39818, -0.43937],
			"to": [8.32622, 0.06265, 0.42947],
			"rotation": {"angle": 22.5, "axis": "x", "origin": [8.00022, -0.62677, -0.03045]},
			"faces": {
				"north": {"uv": [12, 2, 16, 6], "texture": "#1", "tintindex": 0},
				"east": {"uv": [14, 4.75, 16, 6], "texture": "#1", "tintindex": 0},
				"south": {"uv": [12, 2, 16, 6], "texture": "#1", "tintindex": 0},
				"west": {"uv": [16, 4.75, 14, 6], "texture": "#1", "tintindex": 0},
				"up": {"uv": [12, 2, 16, 6], "texture": "#1", "tintindex": 0},
				"down": {"uv": [12, 2, 16, 6], "texture": "#1", "tintindex": 0}
			}
		},
		{
			"from": [7.67553, -0.16633, -0.26091],
			"to": [8.32492, 1.21067, 0.65709],
			"rotation": {"angle": 0, "axis": "y", "origin": [8.00022, 0.52217, 0.19809]},
			"faces": {
				"north": {"uv": [12, 2, 16, 6], "texture": "#1", "tintindex": 0},
				"east": {"uv": [13.75, 2.75, 16, 6], "texture": "#1", "tintindex": 0},
				"south": {"uv": [12, 2, 16, 6], "texture": "#1", "tintindex": 0},
				"west": {"uv": [16, 2.75, 13.75, 6], "texture": "#1", "tintindex": 0},
				"up": {"uv": [12, 2, 16, 6], "texture": "#1", "tintindex": 0},
				"down": {"uv": [12, 2, 16, 6], "texture": "#1", "tintindex": 0}
			}
		},
		{
			"from": [7.67618, 0.95807, -0.58899],
			"to": [8.32427, 2.58415, 0.32809],
			"rotation": {"angle": -22.5, "axis": "x", "origin": [8.00022, 1.89611, -0.13045]},
			"faces": {
				"north": {"uv": [12, 2, 16, 6], "texture": "#1", "tintindex": 0},
				"east": {"uv": [14, 2, 16, 6], "texture": "#1", "tintindex": 0},
				"south": {"uv": [12, 2, 16, 6], "texture": "#1", "tintindex": 0},
				"west": {"uv": [16, 2, 14, 6], "texture": "#1", "tintindex": 0},
				"up": {"uv": [12, 2, 16, 6], "texture": "#1", "tintindex": 0},
				"down": {"uv": [12, 2, 16, 6], "texture": "#1", "tintindex": 0}
			}
		},
		{
			"from": [7.67553, 2.35655, -0.81799],
			"to": [8.32492, 3.73855, 0.10001],
			"rotation": {"angle": 0, "axis": "y", "origin": [7.02613, -2.02445, -0.81799]},
			"faces": {
				"north": {"uv": [12, 2, 16, 6], "texture": "#1", "tintindex": 0},
				"east": {"uv": [14.25, 2, 12, 5.5], "texture": "#1", "tintindex": 0},
				"south": {"uv": [12, 2, 16, 6], "texture": "#1", "tintindex": 0},
				"west": {"uv": [12, 2, 14.25, 5.75], "texture": "#1", "tintindex": 0},
				"up": {"uv": [12, 2, 16, 6], "texture": "#1", "tintindex": 0},
				"down": {"uv": [12, 2, 16, 6], "texture": "#1", "tintindex": 0}
			}
		},
		{
			"from": [7.6703, -0.96881, -0.59094],
			"to": [8.33015, -0.45983, 0.53004],
			"rotation": {"angle": 22.5, "axis": "x", "origin": [8.00022, -0.84182, -0.03045]},
			"faces": {
				"north": {"uv": [0, 0, 5, 3.75], "texture": "#0"},
				"east": {"uv": [0, 0, 5, 3.75], "texture": "#0"},
				"south": {"uv": [0, 0, 5, 3.75], "texture": "#0"},
				"west": {"uv": [0, 0, 5, 3.75], "texture": "#0"},
				"up": {"uv": [0, 0, 5, 3.75], "texture": "#0"},
				"down": {"uv": [0, 0, 5, 3.75], "texture": "#0"}
			}
		},
		{
			"from": [11, -2.3598, -11.3161],
			"to": [11, -0.3402, -8.2867],
			"rotation": {"angle": 22.5, "axis": "z", "origin": [11, -1.35, 8.375]},
			"faces": {
				"north": {"uv": [16, 0, 0, 16], "texture": "#7"},
				"east": {"uv": [16, 0, 0, 16], "texture": "#7"},
				"south": {"uv": [16, 0, 0, 16], "texture": "#7"},
				"west": {"uv": [0, 0, 16, 16], "texture": "#7"},
				"up": {"uv": [16, 0, 0, 16], "texture": "#7"},
				"down": {"uv": [16, 0, 0, 16], "texture": "#7"}
			}
		},
		{
			"from": [11, -2.3598, -11.3161],
			"to": [11, -0.3402, -8.2867],
			"rotation": {"angle": -22.5, "axis": "z", "origin": [11, -1.35, 8.375]},
			"faces": {
				"north": {"uv": [16, 0, 0, 16], "texture": "#7"},
				"east": {"uv": [16, 0, 0, 16], "texture": "#7"},
				"south": {"uv": [16, 0, 0, 16], "texture": "#7"},
				"west": {"uv": [0, 0, 16, 16], "texture": "#7"},
				"up": {"uv": [16, 0, 0, 16], "texture": "#7"},
				"down": {"uv": [16, 0, 0, 16], "texture": "#7"}
			}
		},
		{
			"from": [9.9902, -1.35, -11.3161],
			"to": [12.0098, -1.35, -8.2867],
			"rotation": {"angle": 22.5, "axis": "z", "origin": [11, -1.35, 8.375]},
			"faces": {
				"north": {"uv": [0, 16, 16, 0], "rotation": 90, "texture": "#7"},
				"east": {"uv": [0, 16, 16, 0], "rotation": 270, "texture": "#7"},
				"south": {"uv": [0, 16, 16, 0], "rotation": 270, "texture": "#7"},
				"west": {"uv": [0, 16, 16, 0], "rotation": 270, "texture": "#7"},
				"up": {"uv": [16, 16, 0, 0], "rotation": 270, "texture": "#7"},
				"down": {"uv": [0, 16, 16, 0], "rotation": 270, "texture": "#7"}
			}
		},
		{
			"from": [9.9902, -1.35, -11.3161],
			"to": [12.0098, -1.35, -8.2867],
			"rotation": {"angle": -22.5, "axis": "z", "origin": [11, -1.35, 8.375]},
			"faces": {
				"north": {"uv": [0, 16, 16, 0], "rotation": 90, "texture": "#7"},
				"east": {"uv": [0, 16, 16, 0], "rotation": 270, "texture": "#7"},
				"south": {"uv": [0, 16, 16, 0], "rotation": 270, "texture": "#7"},
				"west": {"uv": [0, 16, 16, 0], "rotation": 270, "texture": "#7"},
				"up": {"uv": [16, 16, 0, 0], "rotation": 270, "texture": "#7"},
				"down": {"uv": [0, 16, 16, 0], "rotation": 270, "texture": "#7"}
			}
		},
		{
			"from": [11, -2.3598, -11.3161],
			"to": [11, -0.3402, -8.2867],
			"rotation": {"angle": 45, "axis": "z", "origin": [11, -1.35, 8.375]},
			"faces": {
				"north": {"uv": [16, 0, 0, 16], "texture": "#7"},
				"east": {"uv": [16, 0, 0, 16], "texture": "#7"},
				"south": {"uv": [16, 0, 0, 16], "texture": "#7"},
				"west": {"uv": [0, 0, 16, 16], "texture": "#7"},
				"up": {"uv": [16, 0, 0, 16], "texture": "#7"},
				"down": {"uv": [16, 0, 0, 16], "texture": "#7"}
			}
		},
		{
			"from": [11, -2.3598, -11.3161],
			"to": [11, -0.3402, -8.2867],
			"rotation": {"angle": 0, "axis": "y", "origin": [11, -1.35, 8.375]},
			"faces": {
				"north": {"uv": [16, 0, 0, 16], "texture": "#7"},
				"east": {"uv": [16, 0, 0, 16], "texture": "#7"},
				"south": {"uv": [16, 0, 0, 16], "texture": "#7"},
				"west": {"uv": [0, 0, 16, 16], "texture": "#7"},
				"up": {"uv": [16, 0, 0, 16], "texture": "#7"},
				"down": {"uv": [16, 0, 0, 16], "texture": "#7"}
			}
		},
		{
			"from": [9.9902, -1.35, -11.3161],
			"to": [12.0098, -1.35, -8.2867],
			"rotation": {"angle": 45, "axis": "z", "origin": [11, -1.35, 8.375]},
			"faces": {
				"north": {"uv": [0, 16, 16, 0], "rotation": 90, "texture": "#7"},
				"east": {"uv": [0, 16, 16, 0], "rotation": 270, "texture": "#7"},
				"south": {"uv": [0, 16, 16, 0], "rotation": 270, "texture": "#7"},
				"west": {"uv": [0, 16, 16, 0], "rotation": 270, "texture": "#7"},
				"up": {"uv": [16, 16, 0, 0], "rotation": 270, "texture": "#7"},
				"down": {"uv": [0, 16, 16, 0], "rotation": 270, "texture": "#7"}
			}
		},
		{
			"from": [9.9902, -1.35, -11.3161],
			"to": [12.0098, -1.35, -8.2867],
			"rotation": {"angle": 0, "axis": "y", "origin": [11, -1.35, 8.375]},
			"faces": {
				"north": {"uv": [0, 16, 16, 0], "rotation": 90, "texture": "#7"},
				"east": {"uv": [0, 16, 16, 0], "rotation": 270, "texture": "#7"},
				"south": {"uv": [0, 16, 16, 0], "rotation": 270, "texture": "#7"},
				"west": {"uv": [0, 16, 16, 0], "rotation": 270, "texture": "#7"},
				"up": {"uv": [16, 16, 0, 0], "rotation": 270, "texture": "#7"},
				"down": {"uv": [0, 16, 16, 0], "rotation": 270, "texture": "#7"}
			}
		},
		{
			"name": "Cube",
			"from": [10.80611, -2.31941, 25.64258],
			"to": [11.19389, -0.38059, 27.46022],
			"rotation": {"angle": 22.5, "axis": "z", "origin": [11, -1.35, 8.375]},
			"faces": {
				"north": {"uv": [4, 0, 3.5, 16], "rotation": 180, "texture": "#4"},
				"east": {"uv": [4, 0, 3.5, 16], "rotation": 180, "texture": "#4"},
				"south": {"uv": [7.5, 0, 7, 16], "texture": "#4"},
				"west": {"uv": [4, 0, 3.5, 16], "rotation": 180, "texture": "#4"},
				"up": {"uv": [4, 0, 3.5, 16], "rotation": 180, "texture": "#4"},
				"down": {"uv": [8, 0, 7.5, 16], "rotation": 180, "texture": "#4"}
			}
		},
		{
			"name": "Cube",
			"from": [10.80696, -2.31856, 25.64258],
			"to": [11.19303, -0.38144, 27.46022],
			"rotation": {"angle": 45, "axis": "z", "origin": [11, -1.35, 8.375]},
			"faces": {
				"north": {"uv": [4, 0, 3.5, 16], "rotation": 180, "texture": "#4"},
				"east": {"uv": [7.5, 0, 7, 16], "texture": "#4"},
				"south": {"uv": [7.5, 0, 7, 16], "texture": "#4"},
				"west": {"uv": [7.5, 0, 7, 16], "texture": "#4"},
				"up": {"uv": [3.5, 0, 3, 16], "rotation": 180, "texture": "#4"},
				"down": {"uv": [7.5, 0, 7, 16], "texture": "#4"}
			}
		},
		{
			"name": "Cube",
			"from": [10.03132, -1.54315, 25.64258],
			"to": [11.96868, -1.15685, 27.46022],
			"rotation": {"angle": -22.5, "axis": "z", "origin": [11, -1.35, 8.375]},
			"faces": {
				"north": {"uv": [3.5, 16, 4, 0], "rotation": 90, "texture": "#4"},
				"east": {"uv": [6.5, 16, 7, 0], "rotation": 90, "texture": "#4"},
				"south": {"uv": [7, 16, 7.5, 0], "rotation": 90, "texture": "#4"},
				"west": {"uv": [3, 0, 2.5, 16], "texture": "#4"},
				"up": {"uv": [6.5, 16, 7, 0], "rotation": 90, "texture": "#4"},
				"down": {"uv": [6.5, 16, 7, 0], "rotation": 90, "texture": "#4"}
			}
		},
		{
			"name": "Cube",
			"from": [10.03096, -1.54352, 25.64258],
			"to": [11.96904, -1.15648, 27.46022],
			"rotation": {"angle": 45, "axis": "z", "origin": [11, -1.35, 8.375]},
			"faces": {
				"north": {"uv": [4, 0, 3.5, 16], "rotation": 180, "texture": "#4"},
				"east": {"uv": [5, 16, 5.5, 0], "rotation": 90, "texture": "#4"},
				"south": {"uv": [7.5, 0, 7, 16], "texture": "#4"},
				"west": {"uv": [1, 16, 1.5, 0], "rotation": 270, "texture": "#4"},
				"up": {"uv": [5, 16, 5.5, 0], "rotation": 90, "texture": "#4"},
				"down": {"uv": [5, 16, 5.5, 0], "rotation": 90, "texture": "#4"}
			}
		},
		{
			"name": "Cube",
			"from": [10.03108, -1.5434, 25.64258],
			"to": [11.96892, -1.1566, 27.46022],
			"rotation": {"angle": 22.5, "axis": "z", "origin": [11, -1.35, 8.375]},
			"faces": {
				"north": {"uv": [4, 0, 3.5, 16], "rotation": 180, "texture": "#4"},
				"east": {"uv": [5.5, 16, 6, 0], "rotation": 90, "texture": "#4"},
				"south": {"uv": [7.5, 0, 7, 16], "texture": "#4"},
				"west": {"uv": [1.5, 16, 2, 0], "rotation": 270, "texture": "#4"},
				"up": {"uv": [5.5, 16, 6, 0], "rotation": 90, "texture": "#4"},
				"down": {"uv": [5.5, 16, 6, 0], "rotation": 90, "texture": "#4"}
			}
		},
		{
			"name": "Cube",
			"from": [10.0312, -1.54327, 25.64258],
			"to": [11.9688, -1.15673, 27.46022],
			"rotation": {"angle": 0, "axis": "y", "origin": [11, -1.35, 8.375]},
			"faces": {
				"north": {"uv": [4, 0, 3.5, 16], "rotation": 180, "texture": "#4"},
				"east": {"uv": [6, 16, 6.5, 0], "rotation": 90, "texture": "#4"},
				"south": {"uv": [7.5, 0, 7, 16], "texture": "#4"},
				"west": {"uv": [2, 16, 2.5, 0], "rotation": 270, "texture": "#4"},
				"up": {"uv": [6, 16, 6.5, 0], "rotation": 90, "texture": "#4"},
				"down": {"uv": [6, 16, 6.5, 0], "rotation": 90, "texture": "#4"}
			}
		},
		{
			"name": "Cube",
			"from": [10.80636, -2.31916, 25.64258],
			"to": [11.19364, -0.38084, 27.46022],
			"rotation": {"angle": -22.5, "axis": "z", "origin": [11, -1.35, 8.375]},
			"faces": {
				"north": {"uv": [3.5, 16, 4, 0], "rotation": 90, "texture": "#4"},
				"east": {"uv": [5, 0, 4.5, 16], "rotation": 180, "texture": "#4"},
				"south": {"uv": [7, 16, 7.5, 0], "rotation": 90, "texture": "#4"},
				"west": {"uv": [5, 0, 4.5, 16], "rotation": 180, "texture": "#4"},
				"up": {"uv": [5, 0, 4.5, 16], "rotation": 180, "texture": "#4"},
				"down": {"uv": [1, 0, 0.5, 16], "texture": "#4"}
			}
		},
		{
			"name": "Cube",
			"from": [10.80624, -2.31929, 25.64258],
			"to": [11.19376, -0.38071, 27.46022],
			"rotation": {"angle": 0, "axis": "y", "origin": [11, -1.35, 8.375]},
			"faces": {
				"north": {"uv": [4, 0, 3.5, 16], "rotation": 180, "texture": "#4"},
				"east": {"uv": [4.5, 0, 4, 16], "rotation": 180, "texture": "#4"},
				"south": {"uv": [7.5, 0, 7, 16], "texture": "#4"},
				"west": {"uv": [4.5, 0, 4, 16], "rotation": 180, "texture": "#4"},
				"up": {"uv": [4.5, 0, 4, 16], "rotation": 180, "texture": "#4"},
				"down": {"uv": [0.5, 0, 0, 16], "texture": "#4"}
			}
		},
		{
			"name": "Cube",
			"from": [10.8003, -2.34849, -8.2867],
			"to": [11.1997, -0.35151, -8.08474],
			"rotation": {"angle": 22.5, "axis": "z", "origin": [11, -1.35, 8.375]},
			"faces": {
				"north": {"uv": [4, 0, 3.5, 16], "rotation": 180, "texture": "#4"},
				"east": {"uv": [4, 0, 3.5, 16], "rotation": 180, "texture": "#4"},
				"south": {"uv": [7.5, 0, 7, 16], "texture": "#4"},
				"west": {"uv": [4, 0, 3.5, 16], "rotation": 180, "texture": "#4"},
				"up": {"uv": [4, 0, 3.5, 16], "rotation": 180, "texture": "#4"},
				"down": {"uv": [8, 0, 7.5, 16], "rotation": 180, "texture": "#4"}
			}
		},
		{
			"name": "Cube",
			"from": [10.80118, -2.34762, -8.2867],
			"to": [11.19882, -0.35238, -8.08474],
			"rotation": {"angle": 45, "axis": "z", "origin": [11, -1.35, 8.375]},
			"faces": {
				"north": {"uv": [4, 0, 3.5, 16], "rotation": 180, "texture": "#4"},
				"east": {"uv": [7.5, 0, 7, 16], "texture": "#4"},
				"south": {"uv": [7.5, 0, 7, 16], "texture": "#4"},
				"west": {"uv": [7.5, 0, 7, 16], "texture": "#4"},
				"up": {"uv": [3.5, 0, 3, 16], "rotation": 180, "texture": "#4"},
				"down": {"uv": [7.5, 0, 7, 16], "texture": "#4"}
			}
		},
		{
			"name": "Cube",
			"from": [10.00226, -1.54895, -8.2867],
			"to": [11.99774, -1.15105, -8.08474],
			"rotation": {"angle": -22.5, "axis": "z", "origin": [11, -1.35, 8.375]},
			"faces": {
				"north": {"uv": [3.5, 16, 4, 0], "rotation": 90, "texture": "#4"},
				"east": {"uv": [6.5, 16, 7, 0], "rotation": 90, "texture": "#4"},
				"south": {"uv": [7, 16, 7.5, 0], "rotation": 90, "texture": "#4"},
				"west": {"uv": [3, 0, 2.5, 16], "texture": "#4"},
				"up": {"uv": [6.5, 16, 7, 0], "rotation": 90, "texture": "#4"},
				"down": {"uv": [6.5, 16, 7, 0], "rotation": 90, "texture": "#4"}
			}
		},
		{
			"name": "Cube",
			"from": [10.00189, -1.54932, -8.2867],
			"to": [11.99811, -1.15067, -8.08474],
			"rotation": {"angle": 45, "axis": "z", "origin": [11, -1.35, 8.375]},
			"faces": {
				"north": {"uv": [4, 0, 3.5, 16], "rotation": 180, "texture": "#4"},
				"east": {"uv": [5, 16, 5.5, 0], "rotation": 90, "texture": "#4"},
				"south": {"uv": [7.5, 0, 7, 16], "texture": "#4"},
				"west": {"uv": [1, 16, 1.5, 0], "rotation": 270, "texture": "#4"},
				"up": {"uv": [5, 16, 5.5, 0], "rotation": 90, "texture": "#4"},
				"down": {"uv": [5, 16, 5.5, 0], "rotation": 90, "texture": "#4"}
			}
		},
		{
			"name": "Cube",
			"from": [10.00201, -1.5492, -8.2867],
			"to": [11.99799, -1.1508, -8.08474],
			"rotation": {"angle": 22.5, "axis": "z", "origin": [11, -1.35, 8.375]},
			"faces": {
				"north": {"uv": [4, 0, 3.5, 16], "rotation": 180, "texture": "#4"},
				"east": {"uv": [5.5, 16, 6, 0], "rotation": 90, "texture": "#4"},
				"south": {"uv": [7.5, 0, 7, 16], "texture": "#4"},
				"west": {"uv": [1.5, 16, 2, 0], "rotation": 270, "texture": "#4"},
				"up": {"uv": [5.5, 16, 6, 0], "rotation": 90, "texture": "#4"},
				"down": {"uv": [5.5, 16, 6, 0], "rotation": 90, "texture": "#4"}
			}
		},
		{
			"name": "Cube",
			"from": [10.00213, -1.54907, -8.2867],
			"to": [11.99787, -1.15093, -8.08474],
			"rotation": {"angle": 0, "axis": "y", "origin": [11, -1.35, 8.375]},
			"faces": {
				"north": {"uv": [4, 0, 3.5, 16], "rotation": 180, "texture": "#4"},
				"east": {"uv": [6, 16, 6.5, 0], "rotation": 90, "texture": "#4"},
				"south": {"uv": [7.5, 0, 7, 16], "texture": "#4"},
				"west": {"uv": [2, 16, 2.5, 0], "rotation": 270, "texture": "#4"},
				"up": {"uv": [6, 16, 6.5, 0], "rotation": 90, "texture": "#4"},
				"down": {"uv": [6, 16, 6.5, 0], "rotation": 90, "texture": "#4"}
			}
		},
		{
			"name": "Cube",
			"from": [10.80055, -2.34824, -8.2867],
			"to": [11.19945, -0.35176, -8.08474],
			"rotation": {"angle": -22.5, "axis": "z", "origin": [11, -1.35, 8.375]},
			"faces": {
				"north": {"uv": [3.5, 16, 4, 0], "rotation": 90, "texture": "#4"},
				"east": {"uv": [5, 0, 4.5, 16], "rotation": 180, "texture": "#4"},
				"south": {"uv": [7, 16, 7.5, 0], "rotation": 90, "texture": "#4"},
				"west": {"uv": [5, 0, 4.5, 16], "rotation": 180, "texture": "#4"},
				"up": {"uv": [5, 0, 4.5, 16], "rotation": 180, "texture": "#4"},
				"down": {"uv": [1, 0, 0.5, 16], "texture": "#4"}
			}
		},
		{
			"name": "Cube",
			"from": [10.80043, -2.34837, -8.2867],
			"to": [11.19957, -0.35163, -8.08474],
			"rotation": {"angle": 0, "axis": "y", "origin": [11, -1.35, 8.375]},
			"faces": {
				"north": {"uv": [4, 0, 3.5, 16], "rotation": 180, "texture": "#4"},
				"east": {"uv": [4.5, 0, 4, 16], "rotation": 180, "texture": "#4"},
				"south": {"uv": [7.5, 0, 7, 16], "texture": "#4"},
				"west": {"uv": [4.5, 0, 4, 16], "rotation": 180, "texture": "#4"},
				"up": {"uv": [4.5, 0, 4, 16], "rotation": 180, "texture": "#4"},
				"down": {"uv": [0.5, 0, 0, 16], "texture": "#4"}
			}
		},
		{
			"name": "Cube",
			"from": [10.84489, -2.12552, -8.08474],
			"to": [11.15511, -0.57448, 25.84454],
			"rotation": {"angle": 22.5, "axis": "z", "origin": [11, -1.35, 8.375]},
			"faces": {
				"north": {"uv": [12, 0, 11.5, 16], "rotation": 180, "texture": "#4"},
				"east": {"uv": [12, 0, 11.5, 16], "rotation": 180, "texture": "#4"},
				"south": {"uv": [15.5, 0, 15, 16], "texture": "#4"},
				"west": {"uv": [12, 0, 11.5, 16], "rotation": 180, "texture": "#4"},
				"up": {"uv": [12, 0, 11.5, 16], "rotation": 180, "texture": "#4"},
				"down": {"uv": [16, 0, 15.5, 16], "rotation": 180, "texture": "#4"}
			}
		},
		{
			"name": "Cube",
			"from": [10.84557, -2.12485, -8.08474],
			"to": [11.15443, -0.57515, 25.84454],
			"rotation": {"angle": 45, "axis": "z", "origin": [11, -1.35, 8.375]},
			"faces": {
				"north": {"uv": [12, 0, 11.5, 16], "rotation": 180, "texture": "#4"},
				"east": {"uv": [15.5, 0, 15, 16], "texture": "#4"},
				"south": {"uv": [15.5, 0, 15, 16], "texture": "#4"},
				"west": {"uv": [15.5, 0, 15, 16], "texture": "#4"},
				"up": {"uv": [11.5, 0, 11, 16], "rotation": 180, "texture": "#4"},
				"down": {"uv": [15.5, 0, 15, 16], "texture": "#4"}
			}
		},
		{
			"name": "Cube",
			"from": [10.22506, -1.50452, -8.08474],
			"to": [11.77494, -1.19548, 25.84454],
			"rotation": {"angle": -22.5, "axis": "z", "origin": [11, -1.35, 8.375]},
			"faces": {
				"north": {"uv": [11.5, 16, 12, 0], "rotation": 90, "texture": "#4"},
				"east": {"uv": [14.5, 16, 15, 0], "rotation": 90, "texture": "#4"},
				"south": {"uv": [15, 16, 15.5, 0], "rotation": 90, "texture": "#4"},
				"west": {"uv": [11, 0, 10.5, 16], "texture": "#4"},
				"up": {"uv": [14.5, 16, 15, 0], "rotation": 90, "texture": "#4"},
				"down": {"uv": [14.5, 16, 15, 0], "rotation": 90, "texture": "#4"}
			}
		},
		{
			"name": "Cube",
			"from": [10.22477, -1.50481, -8.08474],
			"to": [11.77523, -1.19519, 25.84454],
			"rotation": {"angle": 45, "axis": "z", "origin": [11, -1.35, 8.375]},
			"faces": {
				"north": {"uv": [12, 0, 11.5, 16], "rotation": 180, "texture": "#4"},
				"east": {"uv": [13, 16, 13.5, 0], "rotation": 90, "texture": "#4"},
				"south": {"uv": [15.5, 0, 15, 16], "texture": "#4"},
				"west": {"uv": [9, 16, 9.5, 0], "rotation": 270, "texture": "#4"},
				"up": {"uv": [13, 16, 13.5, 0], "rotation": 90, "texture": "#4"},
				"down": {"uv": [13, 16, 13.5, 0], "rotation": 90, "texture": "#4"}
			}
		},
		{
			"name": "Cube",
			"from": [10.22486, -1.50472, -8.08474],
			"to": [11.77514, -1.19528, 25.84454],
			"rotation": {"angle": 22.5, "axis": "z", "origin": [11, -1.35, 8.375]},
			"faces": {
				"north": {"uv": [12, 0, 11.5, 16], "rotation": 180, "texture": "#4"},
				"east": {"uv": [13.5, 16, 14, 0], "rotation": 90, "texture": "#4"},
				"south": {"uv": [15.5, 0, 15, 16], "texture": "#4"},
				"west": {"uv": [9.5, 16, 10, 0], "rotation": 270, "texture": "#4"},
				"up": {"uv": [13.5, 16, 14, 0], "rotation": 90, "texture": "#4"},
				"down": {"uv": [13.5, 16, 14, 0], "rotation": 90, "texture": "#4"}
			}
		},
		{
			"name": "Cube",
			"from": [10.22496, -1.50462, -8.08474],
			"to": [11.77504, -1.19538, 25.84454],
			"rotation": {"angle": 0, "axis": "y", "origin": [11, -1.35, 8.375]},
			"faces": {
				"north": {"uv": [12, 0, 11.5, 16], "rotation": 180, "texture": "#4"},
				"east": {"uv": [14, 16, 14.5, 0], "rotation": 90, "texture": "#4"},
				"south": {"uv": [15.5, 0, 15, 16], "texture": "#4"},
				"west": {"uv": [10, 16, 10.5, 0], "rotation": 270, "texture": "#4"},
				"up": {"uv": [14, 16, 14.5, 0], "rotation": 90, "texture": "#4"},
				"down": {"uv": [14, 16, 14.5, 0], "rotation": 90, "texture": "#4"}
			}
		},
		{
			"name": "Cube",
			"from": [10.84509, -2.12534, -8.08474],
			"to": [11.15491, -0.57466, 25.84454],
			"rotation": {"angle": -22.5, "axis": "z", "origin": [11, -1.35, 8.375]},
			"faces": {
				"north": {"uv": [11.5, 16, 12, 0], "rotation": 90, "texture": "#4"},
				"east": {"uv": [13, 0, 12.5, 16], "rotation": 180, "texture": "#4"},
				"south": {"uv": [15, 16, 15.5, 0], "rotation": 90, "texture": "#4"},
				"west": {"uv": [13, 0, 12.5, 16], "rotation": 180, "texture": "#4"},
				"up": {"uv": [13, 0, 12.5, 16], "rotation": 180, "texture": "#4"},
				"down": {"uv": [9, 0, 8.5, 16], "texture": "#4"}
			}
		},
		{
			"name": "Cube",
			"from": [10.84499, -2.12543, -8.08474],
			"to": [11.15501, -0.57457, 25.84454],
			"rotation": {"angle": 0, "axis": "y", "origin": [11, -1.35, 8.375]},
			"faces": {
				"north": {"uv": [12, 0, 11.5, 16], "rotation": 180, "texture": "#4"},
				"east": {"uv": [12.5, 0, 12, 16], "rotation": 180, "texture": "#4"},
				"south": {"uv": [15.5, 0, 15, 16], "texture": "#4"},
				"west": {"uv": [12.5, 0, 12, 16], "rotation": 180, "texture": "#4"},
				"up": {"uv": [12.5, 0, 12, 16], "rotation": 180, "texture": "#4"},
				"down": {"uv": [8.5, 0, 8, 16], "texture": "#4"}
			}
		},
		{
			"name": "Cube",
			"from": [10.80611, -2.31941, -7.88278],
			"to": [11.19389, -0.38059, 25.23866],
			"rotation": {"angle": 22.5, "axis": "z", "origin": [11, -1.35, 8.375]},
			"faces": {
				"north": {"uv": [4, 0, 3.5, 16], "rotation": 180, "texture": "#4"},
				"east": {"uv": [4, 0, 3.5, 16], "rotation": 180, "texture": "#4"},
				"south": {"uv": [7.5, 0, 7, 16], "texture": "#4"},
				"west": {"uv": [4, 0, 3.5, 16], "rotation": 180, "texture": "#4"},
				"up": {"uv": [4, 0, 3.5, 16], "rotation": 180, "texture": "#4"},
				"down": {"uv": [8, 0, 7.5, 16], "rotation": 180, "texture": "#4"}
			}
		},
		{
			"name": "Cube",
			"from": [10.80696, -2.31856, -7.88278],
			"to": [11.19303, -0.38144, 25.23866],
			"rotation": {"angle": 45, "axis": "z", "origin": [11, -1.35, 8.375]},
			"faces": {
				"north": {"uv": [4, 0, 3.5, 16], "rotation": 180, "texture": "#4"},
				"east": {"uv": [7.5, 0, 7, 16], "texture": "#4"},
				"south": {"uv": [7.5, 0, 7, 16], "texture": "#4"},
				"west": {"uv": [7.5, 0, 7, 16], "texture": "#4"},
				"up": {"uv": [3.5, 0, 3, 16], "rotation": 180, "texture": "#4"},
				"down": {"uv": [7.5, 0, 7, 16], "texture": "#4"}
			}
		},
		{
			"name": "Cube",
			"from": [10.03132, -1.54315, -7.88278],
			"to": [11.96868, -1.15685, 25.23866],
			"rotation": {"angle": -22.5, "axis": "z", "origin": [11, -1.35, 8.375]},
			"faces": {
				"north": {"uv": [3.5, 16, 4, 0], "rotation": 90, "texture": "#4"},
				"east": {"uv": [6.5, 16, 7, 0], "rotation": 90, "texture": "#4"},
				"south": {"uv": [7, 16, 7.5, 0], "rotation": 90, "texture": "#4"},
				"west": {"uv": [3, 0, 2.5, 16], "texture": "#4"},
				"up": {"uv": [6.5, 16, 7, 0], "rotation": 90, "texture": "#4"},
				"down": {"uv": [6.5, 16, 7, 0], "rotation": 90, "texture": "#4"}
			}
		},
		{
			"name": "Cube",
			"from": [10.03096, -1.54352, -7.88278],
			"to": [11.96904, -1.15648, 25.23866],
			"rotation": {"angle": 45, "axis": "z", "origin": [11, -1.35, 8.375]},
			"faces": {
				"north": {"uv": [4, 0, 3.5, 16], "rotation": 180, "texture": "#4"},
				"east": {"uv": [5, 16, 5.5, 0], "rotation": 90, "texture": "#4"},
				"south": {"uv": [7.5, 0, 7, 16], "texture": "#4"},
				"west": {"uv": [1, 16, 1.5, 0], "rotation": 270, "texture": "#4"},
				"up": {"uv": [5, 16, 5.5, 0], "rotation": 90, "texture": "#4"},
				"down": {"uv": [5, 16, 5.5, 0], "rotation": 90, "texture": "#4"}
			}
		},
		{
			"name": "Cube",
			"from": [10.03108, -1.5434, -7.88278],
			"to": [11.96892, -1.1566, 25.23866],
			"rotation": {"angle": 22.5, "axis": "z", "origin": [11, -1.35, 8.375]},
			"faces": {
				"north": {"uv": [4, 0, 3.5, 16], "rotation": 180, "texture": "#4"},
				"east": {"uv": [5.5, 16, 6, 0], "rotation": 90, "texture": "#4"},
				"south": {"uv": [7.5, 0, 7, 16], "texture": "#4"},
				"west": {"uv": [1.5, 16, 2, 0], "rotation": 270, "texture": "#4"},
				"up": {"uv": [5.5, 16, 6, 0], "rotation": 90, "texture": "#4"},
				"down": {"uv": [5.5, 16, 6, 0], "rotation": 90, "texture": "#4"}
			}
		},
		{
			"name": "Cube",
			"from": [10.0312, -1.54327, -7.88278],
			"to": [11.9688, -1.15673, 25.23866],
			"rotation": {"angle": 0, "axis": "y", "origin": [11, -1.35, 8.375]},
			"faces": {
				"north": {"uv": [4, 0, 3.5, 16], "rotation": 180, "texture": "#4"},
				"east": {"uv": [6, 16, 6.5, 0], "rotation": 90, "texture": "#4"},
				"south": {"uv": [7.5, 0, 7, 16], "texture": "#4"},
				"west": {"uv": [2, 16, 2.5, 0], "rotation": 270, "texture": "#4"},
				"up": {"uv": [6, 16, 6.5, 0], "rotation": 90, "texture": "#4"},
				"down": {"uv": [6, 16, 6.5, 0], "rotation": 90, "texture": "#4"}
			}
		},
		{
			"name": "Cube",
			"from": [10.80636, -2.31916, -7.88278],
			"to": [11.19364, -0.38084, 25.23866],
			"rotation": {"angle": -22.5, "axis": "z", "origin": [11, -1.35, 8.375]},
			"faces": {
				"north": {"uv": [3.5, 16, 4, 0], "rotation": 90, "texture": "#4"},
				"east": {"uv": [5, 0, 4.5, 16], "rotation": 180, "texture": "#4"},
				"south": {"uv": [7, 16, 7.5, 0], "rotation": 90, "texture": "#4"},
				"west": {"uv": [5, 0, 4.5, 16], "rotation": 180, "texture": "#4"},
				"up": {"uv": [5, 0, 4.5, 16], "rotation": 180, "texture": "#4"},
				"down": {"uv": [1, 0, 0.5, 16], "texture": "#4"}
			}
		},
		{
			"name": "Cube",
			"from": [10.80624, -2.31929, -7.88278],
			"to": [11.19376, -0.38071, 25.23866],
			"rotation": {"angle": 0, "axis": "y", "origin": [11, -1.35, 8.375]},
			"faces": {
				"north": {"uv": [4, 0, 3.5, 16], "rotation": 180, "texture": "#4"},
				"east": {"uv": [4.5, 0, 4, 16], "rotation": 180, "texture": "#4"},
				"south": {"uv": [7.5, 0, 7, 16], "texture": "#4"},
				"west": {"uv": [4.5, 0, 4, 16], "rotation": 180, "texture": "#4"},
				"up": {"uv": [4.5, 0, 4, 16], "rotation": 180, "texture": "#4"},
				"down": {"uv": [0.5, 0, 0, 16], "texture": "#4"}
			}
		},
		{
			"from": [11, -0.3598, -11.3161],
			"to": [11, 1.6598, -8.2867],
			"rotation": {"angle": 22.5, "axis": "z", "origin": [11, 0.65, 8.375]},
			"faces": {
				"north": {"uv": [16, 0, 0, 16], "texture": "#7"},
				"east": {"uv": [16, 0, 0, 16], "texture": "#7"},
				"south": {"uv": [16, 0, 0, 16], "texture": "#7"},
				"west": {"uv": [0, 0, 16, 16], "texture": "#7"},
				"up": {"uv": [16, 0, 0, 16], "texture": "#7"},
				"down": {"uv": [16, 0, 0, 16], "texture": "#7"}
			}
		},
		{
			"from": [11, -0.3598, -11.3161],
			"to": [11, 1.6598, -8.2867],
			"rotation": {"angle": -22.5, "axis": "z", "origin": [11, 0.65, 8.375]},
			"faces": {
				"north": {"uv": [16, 0, 0, 16], "texture": "#7"},
				"east": {"uv": [16, 0, 0, 16], "texture": "#7"},
				"south": {"uv": [16, 0, 0, 16], "texture": "#7"},
				"west": {"uv": [0, 0, 16, 16], "texture": "#7"},
				"up": {"uv": [16, 0, 0, 16], "texture": "#7"},
				"down": {"uv": [16, 0, 0, 16], "texture": "#7"}
			}
		},
		{
			"from": [9.9902, 0.65, -11.3161],
			"to": [12.0098, 0.65, -8.2867],
			"rotation": {"angle": 22.5, "axis": "z", "origin": [11, 0.65, 8.375]},
			"faces": {
				"north": {"uv": [0, 16, 16, 0], "rotation": 90, "texture": "#7"},
				"east": {"uv": [0, 16, 16, 0], "rotation": 270, "texture": "#7"},
				"south": {"uv": [0, 16, 16, 0], "rotation": 270, "texture": "#7"},
				"west": {"uv": [0, 16, 16, 0], "rotation": 270, "texture": "#7"},
				"up": {"uv": [16, 16, 0, 0], "rotation": 270, "texture": "#7"},
				"down": {"uv": [0, 16, 16, 0], "rotation": 270, "texture": "#7"}
			}
		},
		{
			"from": [9.9902, 0.65, -11.3161],
			"to": [12.0098, 0.65, -8.2867],
			"rotation": {"angle": -22.5, "axis": "z", "origin": [11, 0.65, 8.375]},
			"faces": {
				"north": {"uv": [0, 16, 16, 0], "rotation": 90, "texture": "#7"},
				"east": {"uv": [0, 16, 16, 0], "rotation": 270, "texture": "#7"},
				"south": {"uv": [0, 16, 16, 0], "rotation": 270, "texture": "#7"},
				"west": {"uv": [0, 16, 16, 0], "rotation": 270, "texture": "#7"},
				"up": {"uv": [16, 16, 0, 0], "rotation": 270, "texture": "#7"},
				"down": {"uv": [0, 16, 16, 0], "rotation": 270, "texture": "#7"}
			}
		},
		{
			"from": [11, -0.3598, -11.3161],
			"to": [11, 1.6598, -8.2867],
			"rotation": {"angle": 45, "axis": "z", "origin": [11, 0.65, 8.375]},
			"faces": {
				"north": {"uv": [16, 0, 0, 16], "texture": "#7"},
				"east": {"uv": [16, 0, 0, 16], "texture": "#7"},
				"south": {"uv": [16, 0, 0, 16], "texture": "#7"},
				"west": {"uv": [0, 0, 16, 16], "texture": "#7"},
				"up": {"uv": [16, 0, 0, 16], "texture": "#7"},
				"down": {"uv": [16, 0, 0, 16], "texture": "#7"}
			}
		},
		{
			"from": [11, -0.3598, -11.3161],
			"to": [11, 1.6598, -8.2867],
			"rotation": {"angle": 0, "axis": "y", "origin": [11, 0.65, 8.375]},
			"faces": {
				"north": {"uv": [16, 0, 0, 16], "texture": "#7"},
				"east": {"uv": [16, 0, 0, 16], "texture": "#7"},
				"south": {"uv": [16, 0, 0, 16], "texture": "#7"},
				"west": {"uv": [0, 0, 16, 16], "texture": "#7"},
				"up": {"uv": [16, 0, 0, 16], "texture": "#7"},
				"down": {"uv": [16, 0, 0, 16], "texture": "#7"}
			}
		},
		{
			"from": [9.9902, 0.65, -11.3161],
			"to": [12.0098, 0.65, -8.2867],
			"rotation": {"angle": 45, "axis": "z", "origin": [11, 0.65, 8.375]},
			"faces": {
				"north": {"uv": [0, 16, 16, 0], "rotation": 90, "texture": "#7"},
				"east": {"uv": [0, 16, 16, 0], "rotation": 270, "texture": "#7"},
				"south": {"uv": [0, 16, 16, 0], "rotation": 270, "texture": "#7"},
				"west": {"uv": [0, 16, 16, 0], "rotation": 270, "texture": "#7"},
				"up": {"uv": [16, 16, 0, 0], "rotation": 270, "texture": "#7"},
				"down": {"uv": [0, 16, 16, 0], "rotation": 270, "texture": "#7"}
			}
		},
		{
			"from": [9.9902, 0.65, -11.3161],
			"to": [12.0098, 0.65, -8.2867],
			"rotation": {"angle": 0, "axis": "y", "origin": [11, 0.65, 8.375]},
			"faces": {
				"north": {"uv": [0, 16, 16, 0], "rotation": 90, "texture": "#7"},
				"east": {"uv": [0, 16, 16, 0], "rotation": 270, "texture": "#7"},
				"south": {"uv": [0, 16, 16, 0], "rotation": 270, "texture": "#7"},
				"west": {"uv": [0, 16, 16, 0], "rotation": 270, "texture": "#7"},
				"up": {"uv": [16, 16, 0, 0], "rotation": 270, "texture": "#7"},
				"down": {"uv": [0, 16, 16, 0], "rotation": 270, "texture": "#7"}
			}
		},
		{
			"name": "Cube",
			"from": [10.80611, -0.31941, 25.64258],
			"to": [11.19389, 1.61941, 27.46022],
			"rotation": {"angle": 22.5, "axis": "z", "origin": [11, 0.65, 8.375]},
			"faces": {
				"north": {"uv": [4, 0, 3.5, 16], "rotation": 180, "texture": "#4"},
				"east": {"uv": [4, 0, 3.5, 16], "rotation": 180, "texture": "#4"},
				"south": {"uv": [7.5, 0, 7, 16], "texture": "#4"},
				"west": {"uv": [4, 0, 3.5, 16], "rotation": 180, "texture": "#4"},
				"up": {"uv": [4, 0, 3.5, 16], "rotation": 180, "texture": "#4"},
				"down": {"uv": [8, 0, 7.5, 16], "rotation": 180, "texture": "#4"}
			}
		},
		{
			"name": "Cube",
			"from": [10.80696, -0.31856, 25.64258],
			"to": [11.19303, 1.61856, 27.46022],
			"rotation": {"angle": 45, "axis": "z", "origin": [11, 0.65, 8.375]},
			"faces": {
				"north": {"uv": [4, 0, 3.5, 16], "rotation": 180, "texture": "#4"},
				"east": {"uv": [7.5, 0, 7, 16], "texture": "#4"},
				"south": {"uv": [7.5, 0, 7, 16], "texture": "#4"},
				"west": {"uv": [7.5, 0, 7, 16], "texture": "#4"},
				"up": {"uv": [3.5, 0, 3, 16], "rotation": 180, "texture": "#4"},
				"down": {"uv": [7.5, 0, 7, 16], "texture": "#4"}
			}
		},
		{
			"name": "Cube",
			"from": [10.03132, 0.45685, 25.64258],
			"to": [11.96868, 0.84315, 27.46022],
			"rotation": {"angle": -22.5, "axis": "z", "origin": [11, 0.65, 8.375]},
			"faces": {
				"north": {"uv": [3.5, 16, 4, 0], "rotation": 90, "texture": "#4"},
				"east": {"uv": [6.5, 16, 7, 0], "rotation": 90, "texture": "#4"},
				"south": {"uv": [7, 16, 7.5, 0], "rotation": 90, "texture": "#4"},
				"west": {"uv": [3, 0, 2.5, 16], "texture": "#4"},
				"up": {"uv": [6.5, 16, 7, 0], "rotation": 90, "texture": "#4"},
				"down": {"uv": [6.5, 16, 7, 0], "rotation": 90, "texture": "#4"}
			}
		},
		{
			"name": "Cube",
			"from": [10.03096, 0.45648, 25.64258],
			"to": [11.96904, 0.84352, 27.46022],
			"rotation": {"angle": 45, "axis": "z", "origin": [11, 0.65, 8.375]},
			"faces": {
				"north": {"uv": [4, 0, 3.5, 16], "rotation": 180, "texture": "#4"},
				"east": {"uv": [5, 16, 5.5, 0], "rotation": 90, "texture": "#4"},
				"south": {"uv": [7.5, 0, 7, 16], "texture": "#4"},
				"west": {"uv": [1, 16, 1.5, 0], "rotation": 270, "texture": "#4"},
				"up": {"uv": [5, 16, 5.5, 0], "rotation": 90, "texture": "#4"},
				"down": {"uv": [5, 16, 5.5, 0], "rotation": 90, "texture": "#4"}
			}
		},
		{
			"name": "Cube",
			"from": [10.03108, 0.4566, 25.64258],
			"to": [11.96892, 0.8434, 27.46022],
			"rotation": {"angle": 22.5, "axis": "z", "origin": [11, 0.65, 8.375]},
			"faces": {
				"north": {"uv": [4, 0, 3.5, 16], "rotation": 180, "texture": "#4"},
				"east": {"uv": [5.5, 16, 6, 0], "rotation": 90, "texture": "#4"},
				"south": {"uv": [7.5, 0, 7, 16], "texture": "#4"},
				"west": {"uv": [1.5, 16, 2, 0], "rotation": 270, "texture": "#4"},
				"up": {"uv": [5.5, 16, 6, 0], "rotation": 90, "texture": "#4"},
				"down": {"uv": [5.5, 16, 6, 0], "rotation": 90, "texture": "#4"}
			}
		},
		{
			"name": "Cube",
			"from": [10.0312, 0.45673, 25.64258],
			"to": [11.9688, 0.84327, 27.46022],
			"rotation": {"angle": 0, "axis": "y", "origin": [11, 0.65, 8.375]},
			"faces": {
				"north": {"uv": [4, 0, 3.5, 16], "rotation": 180, "texture": "#4"},
				"east": {"uv": [6, 16, 6.5, 0], "rotation": 90, "texture": "#4"},
				"south": {"uv": [7.5, 0, 7, 16], "texture": "#4"},
				"west": {"uv": [2, 16, 2.5, 0], "rotation": 270, "texture": "#4"},
				"up": {"uv": [6, 16, 6.5, 0], "rotation": 90, "texture": "#4"},
				"down": {"uv": [6, 16, 6.5, 0], "rotation": 90, "texture": "#4"}
			}
		},
		{
			"name": "Cube",
			"from": [10.80636, -0.31916, 25.64258],
			"to": [11.19364, 1.61916, 27.46022],
			"rotation": {"angle": -22.5, "axis": "z", "origin": [11, 0.65, 8.375]},
			"faces": {
				"north": {"uv": [3.5, 16, 4, 0], "rotation": 90, "texture": "#4"},
				"east": {"uv": [5, 0, 4.5, 16], "rotation": 180, "texture": "#4"},
				"south": {"uv": [7, 16, 7.5, 0], "rotation": 90, "texture": "#4"},
				"west": {"uv": [5, 0, 4.5, 16], "rotation": 180, "texture": "#4"},
				"up": {"uv": [5, 0, 4.5, 16], "rotation": 180, "texture": "#4"},
				"down": {"uv": [1, 0, 0.5, 16], "texture": "#4"}
			}
		},
		{
			"name": "Cube",
			"from": [10.80624, -0.31929, 25.64258],
			"to": [11.19376, 1.61929, 27.46022],
			"rotation": {"angle": 0, "axis": "y", "origin": [11, 0.65, 8.375]},
			"faces": {
				"north": {"uv": [4, 0, 3.5, 16], "rotation": 180, "texture": "#4"},
				"east": {"uv": [4.5, 0, 4, 16], "rotation": 180, "texture": "#4"},
				"south": {"uv": [7.5, 0, 7, 16], "texture": "#4"},
				"west": {"uv": [4.5, 0, 4, 16], "rotation": 180, "texture": "#4"},
				"up": {"uv": [4.5, 0, 4, 16], "rotation": 180, "texture": "#4"},
				"down": {"uv": [0.5, 0, 0, 16], "texture": "#4"}
			}
		},
		{
			"name": "Cube",
			"from": [10.8003, -0.34849, -8.2867],
			"to": [11.1997, 1.64849, -8.08474],
			"rotation": {"angle": 22.5, "axis": "z", "origin": [11, 0.65, 8.375]},
			"faces": {
				"north": {"uv": [4, 0, 3.5, 16], "rotation": 180, "texture": "#4"},
				"east": {"uv": [4, 0, 3.5, 16], "rotation": 180, "texture": "#4"},
				"south": {"uv": [7.5, 0, 7, 16], "texture": "#4"},
				"west": {"uv": [4, 0, 3.5, 16], "rotation": 180, "texture": "#4"},
				"up": {"uv": [4, 0, 3.5, 16], "rotation": 180, "texture": "#4"},
				"down": {"uv": [8, 0, 7.5, 16], "rotation": 180, "texture": "#4"}
			}
		},
		{
			"name": "Cube",
			"from": [10.80118, -0.34762, -8.2867],
			"to": [11.19882, 1.64762, -8.08474],
			"rotation": {"angle": 45, "axis": "z", "origin": [11, 0.65, 8.375]},
			"faces": {
				"north": {"uv": [4, 0, 3.5, 16], "rotation": 180, "texture": "#4"},
				"east": {"uv": [7.5, 0, 7, 16], "texture": "#4"},
				"south": {"uv": [7.5, 0, 7, 16], "texture": "#4"},
				"west": {"uv": [7.5, 0, 7, 16], "texture": "#4"},
				"up": {"uv": [3.5, 0, 3, 16], "rotation": 180, "texture": "#4"},
				"down": {"uv": [7.5, 0, 7, 16], "texture": "#4"}
			}
		},
		{
			"name": "Cube",
			"from": [10.00226, 0.45105, -8.2867],
			"to": [11.99774, 0.84895, -8.08474],
			"rotation": {"angle": -22.5, "axis": "z", "origin": [11, 0.65, 8.375]},
			"faces": {
				"north": {"uv": [3.5, 16, 4, 0], "rotation": 90, "texture": "#4"},
				"east": {"uv": [6.5, 16, 7, 0], "rotation": 90, "texture": "#4"},
				"south": {"uv": [7, 16, 7.5, 0], "rotation": 90, "texture": "#4"},
				"west": {"uv": [3, 0, 2.5, 16], "texture": "#4"},
				"up": {"uv": [6.5, 16, 7, 0], "rotation": 90, "texture": "#4"},
				"down": {"uv": [6.5, 16, 7, 0], "rotation": 90, "texture": "#4"}
			}
		},
		{
			"name": "Cube",
			"from": [10.00189, 0.45068, -8.2867],
			"to": [11.99811, 0.84933, -8.08474],
			"rotation": {"angle": 45, "axis": "z", "origin": [11, 0.65, 8.375]},
			"faces": {
				"north": {"uv": [4, 0, 3.5, 16], "rotation": 180, "texture": "#4"},
				"east": {"uv": [5, 16, 5.5, 0], "rotation": 90, "texture": "#4"},
				"south": {"uv": [7.5, 0, 7, 16], "texture": "#4"},
				"west": {"uv": [1, 16, 1.5, 0], "rotation": 270, "texture": "#4"},
				"up": {"uv": [5, 16, 5.5, 0], "rotation": 90, "texture": "#4"},
				"down": {"uv": [5, 16, 5.5, 0], "rotation": 90, "texture": "#4"}
			}
		},
		{
			"name": "Cube",
			"from": [10.00201, 0.4508, -8.2867],
			"to": [11.99799, 0.8492, -8.08474],
			"rotation": {"angle": 22.5, "axis": "z", "origin": [11, 0.65, 8.375]},
			"faces": {
				"north": {"uv": [4, 0, 3.5, 16], "rotation": 180, "texture": "#4"},
				"east": {"uv": [5.5, 16, 6, 0], "rotation": 90, "texture": "#4"},
				"south": {"uv": [7.5, 0, 7, 16], "texture": "#4"},
				"west": {"uv": [1.5, 16, 2, 0], "rotation": 270, "texture": "#4"},
				"up": {"uv": [5.5, 16, 6, 0], "rotation": 90, "texture": "#4"},
				"down": {"uv": [5.5, 16, 6, 0], "rotation": 90, "texture": "#4"}
			}
		},
		{
			"name": "Cube",
			"from": [10.00213, 0.45093, -8.2867],
			"to": [11.99787, 0.84907, -8.08474],
			"rotation": {"angle": 0, "axis": "y", "origin": [11, 0.65, 8.375]},
			"faces": {
				"north": {"uv": [4, 0, 3.5, 16], "rotation": 180, "texture": "#4"},
				"east": {"uv": [6, 16, 6.5, 0], "rotation": 90, "texture": "#4"},
				"south": {"uv": [7.5, 0, 7, 16], "texture": "#4"},
				"west": {"uv": [2, 16, 2.5, 0], "rotation": 270, "texture": "#4"},
				"up": {"uv": [6, 16, 6.5, 0], "rotation": 90, "texture": "#4"},
				"down": {"uv": [6, 16, 6.5, 0], "rotation": 90, "texture": "#4"}
			}
		},
		{
			"name": "Cube",
			"from": [10.80055, -0.34824, -8.2867],
			"to": [11.19945, 1.64824, -8.08474],
			"rotation": {"angle": -22.5, "axis": "z", "origin": [11, 0.65, 8.375]},
			"faces": {
				"north": {"uv": [3.5, 16, 4, 0], "rotation": 90, "texture": "#4"},
				"east": {"uv": [5, 0, 4.5, 16], "rotation": 180, "texture": "#4"},
				"south": {"uv": [7, 16, 7.5, 0], "rotation": 90, "texture": "#4"},
				"west": {"uv": [5, 0, 4.5, 16], "rotation": 180, "texture": "#4"},
				"up": {"uv": [5, 0, 4.5, 16], "rotation": 180, "texture": "#4"},
				"down": {"uv": [1, 0, 0.5, 16], "texture": "#4"}
			}
		},
		{
			"name": "Cube",
			"from": [10.80043, -0.34837, -8.2867],
			"to": [11.19957, 1.64837, -8.08474],
			"rotation": {"angle": 0, "axis": "y", "origin": [11, 0.65, 8.375]},
			"faces": {
				"north": {"uv": [4, 0, 3.5, 16], "rotation": 180, "texture": "#4"},
				"east": {"uv": [4.5, 0, 4, 16], "rotation": 180, "texture": "#4"},
				"south": {"uv": [7.5, 0, 7, 16], "texture": "#4"},
				"west": {"uv": [4.5, 0, 4, 16], "rotation": 180, "texture": "#4"},
				"up": {"uv": [4.5, 0, 4, 16], "rotation": 180, "texture": "#4"},
				"down": {"uv": [0.5, 0, 0, 16], "texture": "#4"}
			}
		},
		{
			"name": "Cube",
			"from": [10.84489, -0.12552, -8.08474],
			"to": [11.15511, 1.42552, 25.84454],
			"rotation": {"angle": 22.5, "axis": "z", "origin": [11, 0.65, 8.375]},
			"faces": {
				"north": {"uv": [12, 0, 11.5, 16], "rotation": 180, "texture": "#4"},
				"east": {"uv": [12, 0, 11.5, 16], "rotation": 180, "texture": "#4"},
				"south": {"uv": [15.5, 0, 15, 16], "texture": "#4"},
				"west": {"uv": [12, 0, 11.5, 16], "rotation": 180, "texture": "#4"},
				"up": {"uv": [12, 0, 11.5, 16], "rotation": 180, "texture": "#4"},
				"down": {"uv": [16, 0, 15.5, 16], "rotation": 180, "texture": "#4"}
			}
		},
		{
			"name": "Cube",
			"from": [10.84557, -0.12485, -8.08474],
			"to": [11.15443, 1.42485, 25.84454],
			"rotation": {"angle": 45, "axis": "z", "origin": [11, 0.65, 8.375]},
			"faces": {
				"north": {"uv": [12, 0, 11.5, 16], "rotation": 180, "texture": "#4"},
				"east": {"uv": [15.5, 0, 15, 16], "texture": "#4"},
				"south": {"uv": [15.5, 0, 15, 16], "texture": "#4"},
				"west": {"uv": [15.5, 0, 15, 16], "texture": "#4"},
				"up": {"uv": [11.5, 0, 11, 16], "rotation": 180, "texture": "#4"},
				"down": {"uv": [15.5, 0, 15, 16], "texture": "#4"}
			}
		},
		{
			"name": "Cube",
			"from": [10.22506, 0.49548, -8.08474],
			"to": [11.77494, 0.80452, 25.84454],
			"rotation": {"angle": -22.5, "axis": "z", "origin": [11, 0.65, 8.375]},
			"faces": {
				"north": {"uv": [11.5, 16, 12, 0], "rotation": 90, "texture": "#4"},
				"east": {"uv": [14.5, 16, 15, 0], "rotation": 90, "texture": "#4"},
				"south": {"uv": [15, 16, 15.5, 0], "rotation": 90, "texture": "#4"},
				"west": {"uv": [11, 0, 10.5, 16], "texture": "#4"},
				"up": {"uv": [14.5, 16, 15, 0], "rotation": 90, "texture": "#4"},
				"down": {"uv": [14.5, 16, 15, 0], "rotation": 90, "texture": "#4"}
			}
		},
		{
			"name": "Cube",
			"from": [10.22477, 0.49519, -8.08474],
			"to": [11.77523, 0.80481, 25.84454],
			"rotation": {"angle": 45, "axis": "z", "origin": [11, 0.65, 8.375]},
			"faces": {
				"north": {"uv": [12, 0, 11.5, 16], "rotation": 180, "texture": "#4"},
				"east": {"uv": [13, 16, 13.5, 0], "rotation": 90, "texture": "#4"},
				"south": {"uv": [15.5, 0, 15, 16], "texture": "#4"},
				"west": {"uv": [9, 16, 9.5, 0], "rotation": 270, "texture": "#4"},
				"up": {"uv": [13, 16, 13.5, 0], "rotation": 90, "texture": "#4"},
				"down": {"uv": [13, 16, 13.5, 0], "rotation": 90, "texture": "#4"}
			}
		},
		{
			"name": "Cube",
			"from": [10.22486, 0.49528, -8.08474],
			"to": [11.77514, 0.80472, 25.84454],
			"rotation": {"angle": 22.5, "axis": "z", "origin": [11, 0.65, 8.375]},
			"faces": {
				"north": {"uv": [12, 0, 11.5, 16], "rotation": 180, "texture": "#4"},
				"east": {"uv": [13.5, 16, 14, 0], "rotation": 90, "texture": "#4"},
				"south": {"uv": [15.5, 0, 15, 16], "texture": "#4"},
				"west": {"uv": [9.5, 16, 10, 0], "rotation": 270, "texture": "#4"},
				"up": {"uv": [13.5, 16, 14, 0], "rotation": 90, "texture": "#4"},
				"down": {"uv": [13.5, 16, 14, 0], "rotation": 90, "texture": "#4"}
			}
		},
		{
			"name": "Cube",
			"from": [10.22496, 0.49538, -8.08474],
			"to": [11.77504, 0.80462, 25.84454],
			"rotation": {"angle": 0, "axis": "y", "origin": [11, 0.65, 8.375]},
			"faces": {
				"north": {"uv": [12, 0, 11.5, 16], "rotation": 180, "texture": "#4"},
				"east": {"uv": [14, 16, 14.5, 0], "rotation": 90, "texture": "#4"},
				"south": {"uv": [15.5, 0, 15, 16], "texture": "#4"},
				"west": {"uv": [10, 16, 10.5, 0], "rotation": 270, "texture": "#4"},
				"up": {"uv": [14, 16, 14.5, 0], "rotation": 90, "texture": "#4"},
				"down": {"uv": [14, 16, 14.5, 0], "rotation": 90, "texture": "#4"}
			}
		},
		{
			"name": "Cube",
			"from": [10.84509, -0.12534, -8.08474],
			"to": [11.15491, 1.42534, 25.84454],
			"rotation": {"angle": -22.5, "axis": "z", "origin": [11, 0.65, 8.375]},
			"faces": {
				"north": {"uv": [11.5, 16, 12, 0], "rotation": 90, "texture": "#4"},
				"east": {"uv": [13, 0, 12.5, 16], "rotation": 180, "texture": "#4"},
				"south": {"uv": [15, 16, 15.5, 0], "rotation": 90, "texture": "#4"},
				"west": {"uv": [13, 0, 12.5, 16], "rotation": 180, "texture": "#4"},
				"up": {"uv": [13, 0, 12.5, 16], "rotation": 180, "texture": "#4"},
				"down": {"uv": [9, 0, 8.5, 16], "texture": "#4"}
			}
		},
		{
			"name": "Cube",
			"from": [10.84499, -0.12543, -8.08474],
			"to": [11.15501, 1.42543, 25.84454],
			"rotation": {"angle": 0, "axis": "y", "origin": [11, 0.65, 8.375]},
			"faces": {
				"north": {"uv": [12, 0, 11.5, 16], "rotation": 180, "texture": "#4"},
				"east": {"uv": [12.5, 0, 12, 16], "rotation": 180, "texture": "#4"},
				"south": {"uv": [15.5, 0, 15, 16], "texture": "#4"},
				"west": {"uv": [12.5, 0, 12, 16], "rotation": 180, "texture": "#4"},
				"up": {"uv": [12.5, 0, 12, 16], "rotation": 180, "texture": "#4"},
				"down": {"uv": [8.5, 0, 8, 16], "texture": "#4"}
			}
		},
		{
			"name": "Cube",
			"from": [10.80611, -0.31941, -7.88278],
			"to": [11.19389, 1.61941, 25.23866],
			"rotation": {"angle": 22.5, "axis": "z", "origin": [11, 0.65, 8.375]},
			"faces": {
				"north": {"uv": [4, 0, 3.5, 16], "rotation": 180, "texture": "#4"},
				"east": {"uv": [4, 0, 3.5, 16], "rotation": 180, "texture": "#4"},
				"south": {"uv": [7.5, 0, 7, 16], "texture": "#4"},
				"west": {"uv": [4, 0, 3.5, 16], "rotation": 180, "texture": "#4"},
				"up": {"uv": [4, 0, 3.5, 16], "rotation": 180, "texture": "#4"},
				"down": {"uv": [8, 0, 7.5, 16], "rotation": 180, "texture": "#4"}
			}
		},
		{
			"name": "Cube",
			"from": [10.80696, -0.31856, -7.88278],
			"to": [11.19303, 1.61856, 25.23866],
			"rotation": {"angle": 45, "axis": "z", "origin": [11, 0.65, 8.375]},
			"faces": {
				"north": {"uv": [4, 0, 3.5, 16], "rotation": 180, "texture": "#4"},
				"east": {"uv": [7.5, 0, 7, 16], "texture": "#4"},
				"south": {"uv": [7.5, 0, 7, 16], "texture": "#4"},
				"west": {"uv": [7.5, 0, 7, 16], "texture": "#4"},
				"up": {"uv": [3.5, 0, 3, 16], "rotation": 180, "texture": "#4"},
				"down": {"uv": [7.5, 0, 7, 16], "texture": "#4"}
			}
		},
		{
			"name": "Cube",
			"from": [10.03132, 0.45685, -7.88278],
			"to": [11.96868, 0.84315, 25.23866],
			"rotation": {"angle": -22.5, "axis": "z", "origin": [11, 0.65, 8.375]},
			"faces": {
				"north": {"uv": [3.5, 16, 4, 0], "rotation": 90, "texture": "#4"},
				"east": {"uv": [6.5, 16, 7, 0], "rotation": 90, "texture": "#4"},
				"south": {"uv": [7, 16, 7.5, 0], "rotation": 90, "texture": "#4"},
				"west": {"uv": [3, 0, 2.5, 16], "texture": "#4"},
				"up": {"uv": [6.5, 16, 7, 0], "rotation": 90, "texture": "#4"},
				"down": {"uv": [6.5, 16, 7, 0], "rotation": 90, "texture": "#4"}
			}
		},
		{
			"name": "Cube",
			"from": [10.03096, 0.45648, -7.88278],
			"to": [11.96904, 0.84352, 25.23866],
			"rotation": {"angle": 45, "axis": "z", "origin": [11, 0.65, 8.375]},
			"faces": {
				"north": {"uv": [4, 0, 3.5, 16], "rotation": 180, "texture": "#4"},
				"east": {"uv": [5, 16, 5.5, 0], "rotation": 90, "texture": "#4"},
				"south": {"uv": [7.5, 0, 7, 16], "texture": "#4"},
				"west": {"uv": [1, 16, 1.5, 0], "rotation": 270, "texture": "#4"},
				"up": {"uv": [5, 16, 5.5, 0], "rotation": 90, "texture": "#4"},
				"down": {"uv": [5, 16, 5.5, 0], "rotation": 90, "texture": "#4"}
			}
		},
		{
			"name": "Cube",
			"from": [10.03108, 0.4566, -7.88278],
			"to": [11.96892, 0.8434, 25.23866],
			"rotation": {"angle": 22.5, "axis": "z", "origin": [11, 0.65, 8.375]},
			"faces": {
				"north": {"uv": [4, 0, 3.5, 16], "rotation": 180, "texture": "#4"},
				"east": {"uv": [5.5, 16, 6, 0], "rotation": 90, "texture": "#4"},
				"south": {"uv": [7.5, 0, 7, 16], "texture": "#4"},
				"west": {"uv": [1.5, 16, 2, 0], "rotation": 270, "texture": "#4"},
				"up": {"uv": [5.5, 16, 6, 0], "rotation": 90, "texture": "#4"},
				"down": {"uv": [5.5, 16, 6, 0], "rotation": 90, "texture": "#4"}
			}
		},
		{
			"name": "Cube",
			"from": [10.0312, 0.45673, -7.88278],
			"to": [11.9688, 0.84327, 25.23866],
			"rotation": {"angle": 0, "axis": "y", "origin": [11, 0.65, 8.375]},
			"faces": {
				"north": {"uv": [4, 0, 3.5, 16], "rotation": 180, "texture": "#4"},
				"east": {"uv": [6, 16, 6.5, 0], "rotation": 90, "texture": "#4"},
				"south": {"uv": [7.5, 0, 7, 16], "texture": "#4"},
				"west": {"uv": [2, 16, 2.5, 0], "rotation": 270, "texture": "#4"},
				"up": {"uv": [6, 16, 6.5, 0], "rotation": 90, "texture": "#4"},
				"down": {"uv": [6, 16, 6.5, 0], "rotation": 90, "texture": "#4"}
			}
		},
		{
			"name": "Cube",
			"from": [10.80636, -0.31916, -7.88278],
			"to": [11.19364, 1.61916, 25.23866],
			"rotation": {"angle": -22.5, "axis": "z", "origin": [11, 0.65, 8.375]},
			"faces": {
				"north": {"uv": [3.5, 16, 4, 0], "rotation": 90, "texture": "#4"},
				"east": {"uv": [5, 0, 4.5, 16], "rotation": 180, "texture": "#4"},
				"south": {"uv": [7, 16, 7.5, 0], "rotation": 90, "texture": "#4"},
				"west": {"uv": [5, 0, 4.5, 16], "rotation": 180, "texture": "#4"},
				"up": {"uv": [5, 0, 4.5, 16], "rotation": 180, "texture": "#4"},
				"down": {"uv": [1, 0, 0.5, 16], "texture": "#4"}
			}
		},
		{
			"name": "Cube",
			"from": [10.80624, -0.31929, -7.88278],
			"to": [11.19376, 1.61929, 25.23866],
			"rotation": {"angle": 0, "axis": "y", "origin": [11, 0.65, 8.375]},
			"faces": {
				"north": {"uv": [4, 0, 3.5, 16], "rotation": 180, "texture": "#4"},
				"east": {"uv": [4.5, 0, 4, 16], "rotation": 180, "texture": "#4"},
				"south": {"uv": [7.5, 0, 7, 16], "texture": "#4"},
				"west": {"uv": [4.5, 0, 4, 16], "rotation": 180, "texture": "#4"},
				"up": {"uv": [4.5, 0, 4, 16], "rotation": 180, "texture": "#4"},
				"down": {"uv": [0.5, 0, 0, 16], "texture": "#4"}
			}
		},
		{
			"from": [11, 1.6402, -11.3161],
			"to": [11, 3.6598, -8.2867],
			"rotation": {"angle": 22.5, "axis": "z", "origin": [11, 2.65, 8.375]},
			"faces": {
				"north": {"uv": [16, 0, 0, 16], "texture": "#7"},
				"east": {"uv": [16, 0, 0, 16], "texture": "#7"},
				"south": {"uv": [16, 0, 0, 16], "texture": "#7"},
				"west": {"uv": [0, 0, 16, 16], "texture": "#7"},
				"up": {"uv": [16, 0, 0, 16], "texture": "#7"},
				"down": {"uv": [16, 0, 0, 16], "texture": "#7"}
			}
		},
		{
			"from": [11, 1.6402, -11.3161],
			"to": [11, 3.6598, -8.2867],
			"rotation": {"angle": -22.5, "axis": "z", "origin": [11, 2.65, 8.375]},
			"faces": {
				"north": {"uv": [16, 0, 0, 16], "texture": "#7"},
				"east": {"uv": [16, 0, 0, 16], "texture": "#7"},
				"south": {"uv": [16, 0, 0, 16], "texture": "#7"},
				"west": {"uv": [0, 0, 16, 16], "texture": "#7"},
				"up": {"uv": [16, 0, 0, 16], "texture": "#7"},
				"down": {"uv": [16, 0, 0, 16], "texture": "#7"}
			}
		},
		{
			"from": [9.9902, 2.65, -11.3161],
			"to": [12.0098, 2.65, -8.2867],
			"rotation": {"angle": 22.5, "axis": "z", "origin": [11, 2.65, 8.375]},
			"faces": {
				"north": {"uv": [0, 16, 16, 0], "rotation": 90, "texture": "#7"},
				"east": {"uv": [0, 16, 16, 0], "rotation": 270, "texture": "#7"},
				"south": {"uv": [0, 16, 16, 0], "rotation": 270, "texture": "#7"},
				"west": {"uv": [0, 16, 16, 0], "rotation": 270, "texture": "#7"},
				"up": {"uv": [16, 16, 0, 0], "rotation": 270, "texture": "#7"},
				"down": {"uv": [0, 16, 16, 0], "rotation": 270, "texture": "#7"}
			}
		},
		{
			"from": [9.9902, 2.65, -11.3161],
			"to": [12.0098, 2.65, -8.2867],
			"rotation": {"angle": -22.5, "axis": "z", "origin": [11, 2.65, 8.375]},
			"faces": {
				"north": {"uv": [0, 16, 16, 0], "rotation": 90, "texture": "#7"},
				"east": {"uv": [0, 16, 16, 0], "rotation": 270, "texture": "#7"},
				"south": {"uv": [0, 16, 16, 0], "rotation": 270, "texture": "#7"},
				"west": {"uv": [0, 16, 16, 0], "rotation": 270, "texture": "#7"},
				"up": {"uv": [16, 16, 0, 0], "rotation": 270, "texture": "#7"},
				"down": {"uv": [0, 16, 16, 0], "rotation": 270, "texture": "#7"}
			}
		},
		{
			"from": [11, 1.6402, -11.3161],
			"to": [11, 3.6598, -8.2867],
			"rotation": {"angle": 45, "axis": "z", "origin": [11, 2.65, 8.375]},
			"faces": {
				"north": {"uv": [16, 0, 0, 16], "texture": "#7"},
				"east": {"uv": [16, 0, 0, 16], "texture": "#7"},
				"south": {"uv": [16, 0, 0, 16], "texture": "#7"},
				"west": {"uv": [0, 0, 16, 16], "texture": "#7"},
				"up": {"uv": [16, 0, 0, 16], "texture": "#7"},
				"down": {"uv": [16, 0, 0, 16], "texture": "#7"}
			}
		},
		{
			"from": [11, 1.6402, -11.3161],
			"to": [11, 3.6598, -8.2867],
			"rotation": {"angle": 0, "axis": "y", "origin": [11, 2.65, 8.375]},
			"faces": {
				"north": {"uv": [16, 0, 0, 16], "texture": "#7"},
				"east": {"uv": [16, 0, 0, 16], "texture": "#7"},
				"south": {"uv": [16, 0, 0, 16], "texture": "#7"},
				"west": {"uv": [0, 0, 16, 16], "texture": "#7"},
				"up": {"uv": [16, 0, 0, 16], "texture": "#7"},
				"down": {"uv": [16, 0, 0, 16], "texture": "#7"}
			}
		},
		{
			"from": [9.9902, 2.65, -11.3161],
			"to": [12.0098, 2.65, -8.2867],
			"rotation": {"angle": 45, "axis": "z", "origin": [11, 2.65, 8.375]},
			"faces": {
				"north": {"uv": [0, 16, 16, 0], "rotation": 90, "texture": "#7"},
				"east": {"uv": [0, 16, 16, 0], "rotation": 270, "texture": "#7"},
				"south": {"uv": [0, 16, 16, 0], "rotation": 270, "texture": "#7"},
				"west": {"uv": [0, 16, 16, 0], "rotation": 270, "texture": "#7"},
				"up": {"uv": [16, 16, 0, 0], "rotation": 270, "texture": "#7"},
				"down": {"uv": [0, 16, 16, 0], "rotation": 270, "texture": "#7"}
			}
		},
		{
			"from": [9.9902, 2.65, -11.3161],
			"to": [12.0098, 2.65, -8.2867],
			"rotation": {"angle": 0, "axis": "y", "origin": [11, 2.65, 8.375]},
			"faces": {
				"north": {"uv": [0, 16, 16, 0], "rotation": 90, "texture": "#7"},
				"east": {"uv": [0, 16, 16, 0], "rotation": 270, "texture": "#7"},
				"south": {"uv": [0, 16, 16, 0], "rotation": 270, "texture": "#7"},
				"west": {"uv": [0, 16, 16, 0], "rotation": 270, "texture": "#7"},
				"up": {"uv": [16, 16, 0, 0], "rotation": 270, "texture": "#7"},
				"down": {"uv": [0, 16, 16, 0], "rotation": 270, "texture": "#7"}
			}
		},
		{
			"name": "Cube",
			"from": [10.80611, 1.68059, 25.64258],
			"to": [11.19389, 3.61941, 27.46022],
			"rotation": {"angle": 22.5, "axis": "z", "origin": [11, 2.65, 8.375]},
			"faces": {
				"north": {"uv": [4, 0, 3.5, 16], "rotation": 180, "texture": "#4"},
				"east": {"uv": [4, 0, 3.5, 16], "rotation": 180, "texture": "#4"},
				"south": {"uv": [7.5, 0, 7, 16], "texture": "#4"},
				"west": {"uv": [4, 0, 3.5, 16], "rotation": 180, "texture": "#4"},
				"up": {"uv": [4, 0, 3.5, 16], "rotation": 180, "texture": "#4"},
				"down": {"uv": [8, 0, 7.5, 16], "rotation": 180, "texture": "#4"}
			}
		},
		{
			"name": "Cube",
			"from": [10.80696, 1.68144, 25.64258],
			"to": [11.19303, 3.61856, 27.46022],
			"rotation": {"angle": 45, "axis": "z", "origin": [11, 2.65, 8.375]},
			"faces": {
				"north": {"uv": [4, 0, 3.5, 16], "rotation": 180, "texture": "#4"},
				"east": {"uv": [7.5, 0, 7, 16], "texture": "#4"},
				"south": {"uv": [7.5, 0, 7, 16], "texture": "#4"},
				"west": {"uv": [7.5, 0, 7, 16], "texture": "#4"},
				"up": {"uv": [3.5, 0, 3, 16], "rotation": 180, "texture": "#4"},
				"down": {"uv": [7.5, 0, 7, 16], "texture": "#4"}
			}
		},
		{
			"name": "Cube",
			"from": [10.03132, 2.45685, 25.64258],
			"to": [11.96868, 2.84315, 27.46022],
			"rotation": {"angle": -22.5, "axis": "z", "origin": [11, 2.65, 8.375]},
			"faces": {
				"north": {"uv": [3.5, 16, 4, 0], "rotation": 90, "texture": "#4"},
				"east": {"uv": [6.5, 16, 7, 0], "rotation": 90, "texture": "#4"},
				"south": {"uv": [7, 16, 7.5, 0], "rotation": 90, "texture": "#4"},
				"west": {"uv": [3, 0, 2.5, 16], "texture": "#4"},
				"up": {"uv": [6.5, 16, 7, 0], "rotation": 90, "texture": "#4"},
				"down": {"uv": [6.5, 16, 7, 0], "rotation": 90, "texture": "#4"}
			}
		},
		{
			"name": "Cube",
			"from": [10.03096, 2.45648, 25.64258],
			"to": [11.96904, 2.84352, 27.46022],
			"rotation": {"angle": 45, "axis": "z", "origin": [11, 2.65, 8.375]},
			"faces": {
				"north": {"uv": [4, 0, 3.5, 16], "rotation": 180, "texture": "#4"},
				"east": {"uv": [5, 16, 5.5, 0], "rotation": 90, "texture": "#4"},
				"south": {"uv": [7.5, 0, 7, 16], "texture": "#4"},
				"west": {"uv": [1, 16, 1.5, 0], "rotation": 270, "texture": "#4"},
				"up": {"uv": [5, 16, 5.5, 0], "rotation": 90, "texture": "#4"},
				"down": {"uv": [5, 16, 5.5, 0], "rotation": 90, "texture": "#4"}
			}
		},
		{
			"name": "Cube",
			"from": [10.03108, 2.4566, 25.64258],
			"to": [11.96892, 2.8434, 27.46022],
			"rotation": {"angle": 22.5, "axis": "z", "origin": [11, 2.65, 8.375]},
			"faces": {
				"north": {"uv": [4, 0, 3.5, 16], "rotation": 180, "texture": "#4"},
				"east": {"uv": [5.5, 16, 6, 0], "rotation": 90, "texture": "#4"},
				"south": {"uv": [7.5, 0, 7, 16], "texture": "#4"},
				"west": {"uv": [1.5, 16, 2, 0], "rotation": 270, "texture": "#4"},
				"up": {"uv": [5.5, 16, 6, 0], "rotation": 90, "texture": "#4"},
				"down": {"uv": [5.5, 16, 6, 0], "rotation": 90, "texture": "#4"}
			}
		},
		{
			"name": "Cube",
			"from": [10.0312, 2.45673, 25.64258],
			"to": [11.9688, 2.84327, 27.46022],
			"rotation": {"angle": 0, "axis": "y", "origin": [11, 2.65, 8.375]},
			"faces": {
				"north": {"uv": [4, 0, 3.5, 16], "rotation": 180, "texture": "#4"},
				"east": {"uv": [6, 16, 6.5, 0], "rotation": 90, "texture": "#4"},
				"south": {"uv": [7.5, 0, 7, 16], "texture": "#4"},
				"west": {"uv": [2, 16, 2.5, 0], "rotation": 270, "texture": "#4"},
				"up": {"uv": [6, 16, 6.5, 0], "rotation": 90, "texture": "#4"},
				"down": {"uv": [6, 16, 6.5, 0], "rotation": 90, "texture": "#4"}
			}
		},
		{
			"name": "Cube",
			"from": [10.80636, 1.68084, 25.64258],
			"to": [11.19364, 3.61916, 27.46022],
			"rotation": {"angle": -22.5, "axis": "z", "origin": [11, 2.65, 8.375]},
			"faces": {
				"north": {"uv": [3.5, 16, 4, 0], "rotation": 90, "texture": "#4"},
				"east": {"uv": [5, 0, 4.5, 16], "rotation": 180, "texture": "#4"},
				"south": {"uv": [7, 16, 7.5, 0], "rotation": 90, "texture": "#4"},
				"west": {"uv": [5, 0, 4.5, 16], "rotation": 180, "texture": "#4"},
				"up": {"uv": [5, 0, 4.5, 16], "rotation": 180, "texture": "#4"},
				"down": {"uv": [1, 0, 0.5, 16], "texture": "#4"}
			}
		},
		{
			"name": "Cube",
			"from": [10.80624, 1.68071, 25.64258],
			"to": [11.19376, 3.61929, 27.46022],
			"rotation": {"angle": 0, "axis": "y", "origin": [11, 2.65, 8.375]},
			"faces": {
				"north": {"uv": [4, 0, 3.5, 16], "rotation": 180, "texture": "#4"},
				"east": {"uv": [4.5, 0, 4, 16], "rotation": 180, "texture": "#4"},
				"south": {"uv": [7.5, 0, 7, 16], "texture": "#4"},
				"west": {"uv": [4.5, 0, 4, 16], "rotation": 180, "texture": "#4"},
				"up": {"uv": [4.5, 0, 4, 16], "rotation": 180, "texture": "#4"},
				"down": {"uv": [0.5, 0, 0, 16], "texture": "#4"}
			}
		},
		{
			"name": "Cube",
			"from": [10.8003, 1.65151, -8.2867],
			"to": [11.1997, 3.64849, -8.08474],
			"rotation": {"angle": 22.5, "axis": "z", "origin": [11, 2.65, 8.375]},
			"faces": {
				"north": {"uv": [4, 0, 3.5, 16], "rotation": 180, "texture": "#4"},
				"east": {"uv": [4, 0, 3.5, 16], "rotation": 180, "texture": "#4"},
				"south": {"uv": [7.5, 0, 7, 16], "texture": "#4"},
				"west": {"uv": [4, 0, 3.5, 16], "rotation": 180, "texture": "#4"},
				"up": {"uv": [4, 0, 3.5, 16], "rotation": 180, "texture": "#4"},
				"down": {"uv": [8, 0, 7.5, 16], "rotation": 180, "texture": "#4"}
			}
		},
		{
			"name": "Cube",
			"from": [10.80118, 1.65238, -8.2867],
			"to": [11.19882, 3.64762, -8.08474],
			"rotation": {"angle": 45, "axis": "z", "origin": [11, 2.65, 8.375]},
			"faces": {
				"north": {"uv": [4, 0, 3.5, 16], "rotation": 180, "texture": "#4"},
				"east": {"uv": [7.5, 0, 7, 16], "texture": "#4"},
				"south": {"uv": [7.5, 0, 7, 16], "texture": "#4"},
				"west": {"uv": [7.5, 0, 7, 16], "texture": "#4"},
				"up": {"uv": [3.5, 0, 3, 16], "rotation": 180, "texture": "#4"},
				"down": {"uv": [7.5, 0, 7, 16], "texture": "#4"}
			}
		},
		{
			"name": "Cube",
			"from": [10.00226, 2.45105, -8.2867],
			"to": [11.99774, 2.84895, -8.08474],
			"rotation": {"angle": -22.5, "axis": "z", "origin": [11, 2.65, 8.375]},
			"faces": {
				"north": {"uv": [3.5, 16, 4, 0], "rotation": 90, "texture": "#4"},
				"east": {"uv": [6.5, 16, 7, 0], "rotation": 90, "texture": "#4"},
				"south": {"uv": [7, 16, 7.5, 0], "rotation": 90, "texture": "#4"},
				"west": {"uv": [3, 0, 2.5, 16], "texture": "#4"},
				"up": {"uv": [6.5, 16, 7, 0], "rotation": 90, "texture": "#4"},
				"down": {"uv": [6.5, 16, 7, 0], "rotation": 90, "texture": "#4"}
			}
		},
		{
			"name": "Cube",
			"from": [10.00189, 2.45068, -8.2867],
			"to": [11.99811, 2.84933, -8.08474],
			"rotation": {"angle": 45, "axis": "z", "origin": [11, 2.65, 8.375]},
			"faces": {
				"north": {"uv": [4, 0, 3.5, 16], "rotation": 180, "texture": "#4"},
				"east": {"uv": [5, 16, 5.5, 0], "rotation": 90, "texture": "#4"},
				"south": {"uv": [7.5, 0, 7, 16], "texture": "#4"},
				"west": {"uv": [1, 16, 1.5, 0], "rotation": 270, "texture": "#4"},
				"up": {"uv": [5, 16, 5.5, 0], "rotation": 90, "texture": "#4"},
				"down": {"uv": [5, 16, 5.5, 0], "rotation": 90, "texture": "#4"}
			}
		},
		{
			"name": "Cube",
			"from": [10.00201, 2.4508, -8.2867],
			"to": [11.99799, 2.8492, -8.08474],
			"rotation": {"angle": 22.5, "axis": "z", "origin": [11, 2.65, 8.375]},
			"faces": {
				"north": {"uv": [4, 0, 3.5, 16], "rotation": 180, "texture": "#4"},
				"east": {"uv": [5.5, 16, 6, 0], "rotation": 90, "texture": "#4"},
				"south": {"uv": [7.5, 0, 7, 16], "texture": "#4"},
				"west": {"uv": [1.5, 16, 2, 0], "rotation": 270, "texture": "#4"},
				"up": {"uv": [5.5, 16, 6, 0], "rotation": 90, "texture": "#4"},
				"down": {"uv": [5.5, 16, 6, 0], "rotation": 90, "texture": "#4"}
			}
		},
		{
			"name": "Cube",
			"from": [10.00213, 2.45093, -8.2867],
			"to": [11.99787, 2.84907, -8.08474],
			"rotation": {"angle": 0, "axis": "y", "origin": [11, 2.65, 8.375]},
			"faces": {
				"north": {"uv": [4, 0, 3.5, 16], "rotation": 180, "texture": "#4"},
				"east": {"uv": [6, 16, 6.5, 0], "rotation": 90, "texture": "#4"},
				"south": {"uv": [7.5, 0, 7, 16], "texture": "#4"},
				"west": {"uv": [2, 16, 2.5, 0], "rotation": 270, "texture": "#4"},
				"up": {"uv": [6, 16, 6.5, 0], "rotation": 90, "texture": "#4"},
				"down": {"uv": [6, 16, 6.5, 0], "rotation": 90, "texture": "#4"}
			}
		},
		{
			"name": "Cube",
			"from": [10.80055, 1.65176, -8.2867],
			"to": [11.19945, 3.64824, -8.08474],
			"rotation": {"angle": -22.5, "axis": "z", "origin": [11, 2.65, 8.375]},
			"faces": {
				"north": {"uv": [3.5, 16, 4, 0], "rotation": 90, "texture": "#4"},
				"east": {"uv": [5, 0, 4.5, 16], "rotation": 180, "texture": "#4"},
				"south": {"uv": [7, 16, 7.5, 0], "rotation": 90, "texture": "#4"},
				"west": {"uv": [5, 0, 4.5, 16], "rotation": 180, "texture": "#4"},
				"up": {"uv": [5, 0, 4.5, 16], "rotation": 180, "texture": "#4"},
				"down": {"uv": [1, 0, 0.5, 16], "texture": "#4"}
			}
		},
		{
			"name": "Cube",
			"from": [10.80043, 1.65163, -8.2867],
			"to": [11.19957, 3.64837, -8.08474],
			"rotation": {"angle": 0, "axis": "y", "origin": [11, 2.65, 8.375]},
			"faces": {
				"north": {"uv": [4, 0, 3.5, 16], "rotation": 180, "texture": "#4"},
				"east": {"uv": [4.5, 0, 4, 16], "rotation": 180, "texture": "#4"},
				"south": {"uv": [7.5, 0, 7, 16], "texture": "#4"},
				"west": {"uv": [4.5, 0, 4, 16], "rotation": 180, "texture": "#4"},
				"up": {"uv": [4.5, 0, 4, 16], "rotation": 180, "texture": "#4"},
				"down": {"uv": [0.5, 0, 0, 16], "texture": "#4"}
			}
		},
		{
			"name": "Cube",
			"from": [10.84489, 1.87448, -8.08474],
			"to": [11.15511, 3.42552, 25.84454],
			"rotation": {"angle": 22.5, "axis": "z", "origin": [11, 2.65, 8.375]},
			"faces": {
				"north": {"uv": [12, 0, 11.5, 16], "rotation": 180, "texture": "#4"},
				"east": {"uv": [12, 0, 11.5, 16], "rotation": 180, "texture": "#4"},
				"south": {"uv": [15.5, 0, 15, 16], "texture": "#4"},
				"west": {"uv": [12, 0, 11.5, 16], "rotation": 180, "texture": "#4"},
				"up": {"uv": [12, 0, 11.5, 16], "rotation": 180, "texture": "#4"},
				"down": {"uv": [16, 0, 15.5, 16], "rotation": 180, "texture": "#4"}
			}
		},
		{
			"name": "Cube",
			"from": [10.84557, 1.87515, -8.08474],
			"to": [11.15443, 3.42485, 25.84454],
			"rotation": {"angle": 45, "axis": "z", "origin": [11, 2.65, 8.375]},
			"faces": {
				"north": {"uv": [12, 0, 11.5, 16], "rotation": 180, "texture": "#4"},
				"east": {"uv": [15.5, 0, 15, 16], "texture": "#4"},
				"south": {"uv": [15.5, 0, 15, 16], "texture": "#4"},
				"west": {"uv": [15.5, 0, 15, 16], "texture": "#4"},
				"up": {"uv": [11.5, 0, 11, 16], "rotation": 180, "texture": "#4"},
				"down": {"uv": [15.5, 0, 15, 16], "texture": "#4"}
			}
		},
		{
			"name": "Cube",
			"from": [10.22506, 2.49548, -8.08474],
			"to": [11.77494, 2.80452, 25.84454],
			"rotation": {"angle": -22.5, "axis": "z", "origin": [11, 2.65, 8.375]},
			"faces": {
				"north": {"uv": [11.5, 16, 12, 0], "rotation": 90, "texture": "#4"},
				"east": {"uv": [14.5, 16, 15, 0], "rotation": 90, "texture": "#4"},
				"south": {"uv": [15, 16, 15.5, 0], "rotation": 90, "texture": "#4"},
				"west": {"uv": [11, 0, 10.5, 16], "texture": "#4"},
				"up": {"uv": [14.5, 16, 15, 0], "rotation": 90, "texture": "#4"},
				"down": {"uv": [14.5, 16, 15, 0], "rotation": 90, "texture": "#4"}
			}
		},
		{
			"name": "Cube",
			"from": [10.22477, 2.49519, -8.08474],
			"to": [11.77523, 2.80481, 25.84454],
			"rotation": {"angle": 45, "axis": "z", "origin": [11, 2.65, 8.375]},
			"faces": {
				"north": {"uv": [12, 0, 11.5, 16], "rotation": 180, "texture": "#4"},
				"east": {"uv": [13, 16, 13.5, 0], "rotation": 90, "texture": "#4"},
				"south": {"uv": [15.5, 0, 15, 16], "texture": "#4"},
				"west": {"uv": [9, 16, 9.5, 0], "rotation": 270, "texture": "#4"},
				"up": {"uv": [13, 16, 13.5, 0], "rotation": 90, "texture": "#4"},
				"down": {"uv": [13, 16, 13.5, 0], "rotation": 90, "texture": "#4"}
			}
		},
		{
			"name": "Cube",
			"from": [10.22486, 2.49528, -8.08474],
			"to": [11.77514, 2.80472, 25.84454],
			"rotation": {"angle": 22.5, "axis": "z", "origin": [11, 2.65, 8.375]},
			"faces": {
				"north": {"uv": [12, 0, 11.5, 16], "rotation": 180, "texture": "#4"},
				"east": {"uv": [13.5, 16, 14, 0], "rotation": 90, "texture": "#4"},
				"south": {"uv": [15.5, 0, 15, 16], "texture": "#4"},
				"west": {"uv": [9.5, 16, 10, 0], "rotation": 270, "texture": "#4"},
				"up": {"uv": [13.5, 16, 14, 0], "rotation": 90, "texture": "#4"},
				"down": {"uv": [13.5, 16, 14, 0], "rotation": 90, "texture": "#4"}
			}
		},
		{
			"name": "Cube",
			"from": [10.22496, 2.49538, -8.08474],
			"to": [11.77504, 2.80462, 25.84454],
			"rotation": {"angle": 0, "axis": "y", "origin": [11, 2.65, 8.375]},
			"faces": {
				"north": {"uv": [12, 0, 11.5, 16], "rotation": 180, "texture": "#4"},
				"east": {"uv": [14, 16, 14.5, 0], "rotation": 90, "texture": "#4"},
				"south": {"uv": [15.5, 0, 15, 16], "texture": "#4"},
				"west": {"uv": [10, 16, 10.5, 0], "rotation": 270, "texture": "#4"},
				"up": {"uv": [14, 16, 14.5, 0], "rotation": 90, "texture": "#4"},
				"down": {"uv": [14, 16, 14.5, 0], "rotation": 90, "texture": "#4"}
			}
		},
		{
			"name": "Cube",
			"from": [10.84509, 1.87466, -8.08474],
			"to": [11.15491, 3.42534, 25.84454],
			"rotation": {"angle": -22.5, "axis": "z", "origin": [11, 2.65, 8.375]},
			"faces": {
				"north": {"uv": [11.5, 16, 12, 0], "rotation": 90, "texture": "#4"},
				"east": {"uv": [13, 0, 12.5, 16], "rotation": 180, "texture": "#4"},
				"south": {"uv": [15, 16, 15.5, 0], "rotation": 90, "texture": "#4"},
				"west": {"uv": [13, 0, 12.5, 16], "rotation": 180, "texture": "#4"},
				"up": {"uv": [13, 0, 12.5, 16], "rotation": 180, "texture": "#4"},
				"down": {"uv": [9, 0, 8.5, 16], "texture": "#4"}
			}
		},
		{
			"name": "Cube",
			"from": [10.84499, 1.87457, -8.08474],
			"to": [11.15501, 3.42543, 25.84454],
			"rotation": {"angle": 0, "axis": "y", "origin": [11, 2.65, 8.375]},
			"faces": {
				"north": {"uv": [12, 0, 11.5, 16], "rotation": 180, "texture": "#4"},
				"east": {"uv": [12.5, 0, 12, 16], "rotation": 180, "texture": "#4"},
				"south": {"uv": [15.5, 0, 15, 16], "texture": "#4"},
				"west": {"uv": [12.5, 0, 12, 16], "rotation": 180, "texture": "#4"},
				"up": {"uv": [12.5, 0, 12, 16], "rotation": 180, "texture": "#4"},
				"down": {"uv": [8.5, 0, 8, 16], "texture": "#4"}
			}
		},
		{
			"name": "Cube",
			"from": [10.80611, 1.68059, -7.88278],
			"to": [11.19389, 3.61941, 25.23866],
			"rotation": {"angle": 22.5, "axis": "z", "origin": [11, 2.65, 8.375]},
			"faces": {
				"north": {"uv": [4, 0, 3.5, 16], "rotation": 180, "texture": "#4"},
				"east": {"uv": [4, 0, 3.5, 16], "rotation": 180, "texture": "#4"},
				"south": {"uv": [7.5, 0, 7, 16], "texture": "#4"},
				"west": {"uv": [4, 0, 3.5, 16], "rotation": 180, "texture": "#4"},
				"up": {"uv": [4, 0, 3.5, 16], "rotation": 180, "texture": "#4"},
				"down": {"uv": [8, 0, 7.5, 16], "rotation": 180, "texture": "#4"}
			}
		},
		{
			"name": "Cube",
			"from": [10.80696, 1.68144, -7.88278],
			"to": [11.19303, 3.61856, 25.23866],
			"rotation": {"angle": 45, "axis": "z", "origin": [11, 2.65, 8.375]},
			"faces": {
				"north": {"uv": [4, 0, 3.5, 16], "rotation": 180, "texture": "#4"},
				"east": {"uv": [7.5, 0, 7, 16], "texture": "#4"},
				"south": {"uv": [7.5, 0, 7, 16], "texture": "#4"},
				"west": {"uv": [7.5, 0, 7, 16], "texture": "#4"},
				"up": {"uv": [3.5, 0, 3, 16], "rotation": 180, "texture": "#4"},
				"down": {"uv": [7.5, 0, 7, 16], "texture": "#4"}
			}
		},
		{
			"name": "Cube",
			"from": [10.03132, 2.45685, -7.88278],
			"to": [11.96868, 2.84315, 25.23866],
			"rotation": {"angle": -22.5, "axis": "z", "origin": [11, 2.65, 8.375]},
			"faces": {
				"north": {"uv": [3.5, 16, 4, 0], "rotation": 90, "texture": "#4"},
				"east": {"uv": [6.5, 16, 7, 0], "rotation": 90, "texture": "#4"},
				"south": {"uv": [7, 16, 7.5, 0], "rotation": 90, "texture": "#4"},
				"west": {"uv": [3, 0, 2.5, 16], "texture": "#4"},
				"up": {"uv": [6.5, 16, 7, 0], "rotation": 90, "texture": "#4"},
				"down": {"uv": [6.5, 16, 7, 0], "rotation": 90, "texture": "#4"}
			}
		},
		{
			"name": "Cube",
			"from": [10.03096, 2.45648, -7.88278],
			"to": [11.96904, 2.84352, 25.23866],
			"rotation": {"angle": 45, "axis": "z", "origin": [11, 2.65, 8.375]},
			"faces": {
				"north": {"uv": [4, 0, 3.5, 16], "rotation": 180, "texture": "#4"},
				"east": {"uv": [5, 16, 5.5, 0], "rotation": 90, "texture": "#4"},
				"south": {"uv": [7.5, 0, 7, 16], "texture": "#4"},
				"west": {"uv": [1, 16, 1.5, 0], "rotation": 270, "texture": "#4"},
				"up": {"uv": [5, 16, 5.5, 0], "rotation": 90, "texture": "#4"},
				"down": {"uv": [5, 16, 5.5, 0], "rotation": 90, "texture": "#4"}
			}
		},
		{
			"name": "Cube",
			"from": [10.03108, 2.4566, -7.88278],
			"to": [11.96892, 2.8434, 25.23866],
			"rotation": {"angle": 22.5, "axis": "z", "origin": [11, 2.65, 8.375]},
			"faces": {
				"north": {"uv": [4, 0, 3.5, 16], "rotation": 180, "texture": "#4"},
				"east": {"uv": [5.5, 16, 6, 0], "rotation": 90, "texture": "#4"},
				"south": {"uv": [7.5, 0, 7, 16], "texture": "#4"},
				"west": {"uv": [1.5, 16, 2, 0], "rotation": 270, "texture": "#4"},
				"up": {"uv": [5.5, 16, 6, 0], "rotation": 90, "texture": "#4"},
				"down": {"uv": [5.5, 16, 6, 0], "rotation": 90, "texture": "#4"}
			}
		},
		{
			"name": "Cube",
			"from": [10.0312, 2.45673, -7.88278],
			"to": [11.9688, 2.84327, 25.23866],
			"rotation": {"angle": 0, "axis": "y", "origin": [11, 2.65, 8.375]},
			"faces": {
				"north": {"uv": [4, 0, 3.5, 16], "rotation": 180, "texture": "#4"},
				"east": {"uv": [6, 16, 6.5, 0], "rotation": 90, "texture": "#4"},
				"south": {"uv": [7.5, 0, 7, 16], "texture": "#4"},
				"west": {"uv": [2, 16, 2.5, 0], "rotation": 270, "texture": "#4"},
				"up": {"uv": [6, 16, 6.5, 0], "rotation": 90, "texture": "#4"},
				"down": {"uv": [6, 16, 6.5, 0], "rotation": 90, "texture": "#4"}
			}
		},
		{
			"name": "Cube",
			"from": [10.80636, 1.68084, -7.88278],
			"to": [11.19364, 3.61916, 25.23866],
			"rotation": {"angle": -22.5, "axis": "z", "origin": [11, 2.65, 8.375]},
			"faces": {
				"north": {"uv": [3.5, 16, 4, 0], "rotation": 90, "texture": "#4"},
				"east": {"uv": [5, 0, 4.5, 16], "rotation": 180, "texture": "#4"},
				"south": {"uv": [7, 16, 7.5, 0], "rotation": 90, "texture": "#4"},
				"west": {"uv": [5, 0, 4.5, 16], "rotation": 180, "texture": "#4"},
				"up": {"uv": [5, 0, 4.5, 16], "rotation": 180, "texture": "#4"},
				"down": {"uv": [1, 0, 0.5, 16], "texture": "#4"}
			}
		},
		{
			"name": "Cube",
			"from": [10.80624, 1.68071, -7.88278],
			"to": [11.19376, 3.61929, 25.23866],
			"rotation": {"angle": 0, "axis": "y", "origin": [11, 2.65, 8.375]},
			"faces": {
				"north": {"uv": [4, 0, 3.5, 16], "rotation": 180, "texture": "#4"},
				"east": {"uv": [4.5, 0, 4, 16], "rotation": 180, "texture": "#4"},
				"south": {"uv": [7.5, 0, 7, 16], "texture": "#4"},
				"west": {"uv": [4.5, 0, 4, 16], "rotation": 180, "texture": "#4"},
				"up": {"uv": [4.5, 0, 4, 16], "rotation": 180, "texture": "#4"},
				"down": {"uv": [0.5, 0, 0, 16], "texture": "#4"}
			}
		}
	],
	"gui_light": "front",
	"display": {
		"thirdperson_righthand": {
			"translation": [-0.25, 3, 5.25],
			"scale": [0.74, 0.74, 0.74]
		},
		"thirdperson_lefthand": {
			"translation": [-0.25, 3, 5.25],
			"scale": [0.74, 0.74, 0.74]
		},
		"firstperson_righthand": {
			"rotation": [-25, -4, -9],
			"translation": [6, 8.5, 5.25],
			"scale": [1.12, 1.12, 1.12]
		},
		"firstperson_lefthand": {
			"rotation": [-25, -4, -9],
			"translation": [6, 8.5, 5.25],
			"scale": [1.12, 1.12, 1.12]
		},
		"ground": {
			"rotation": [0, 0, 90],
			"translation": [-6, -1, -1.75],
			"scale": [0.59, 0.59, 0.59]
		},
		"gui": {
			"rotation": [58.97, 42.43, -78.49],
			"translation": [2.5, 4, 0],
			"scale": [0.61, 0.61, 0.61]
		},
		"head": {
			"rotation": [-90, 22.5, 90],
			"translation": [-6, -10.5, 4.25]
		},
		"fixed": {
			"rotation": [90, 45, -90],
			"translation": [7, 9.75, -0.25],
			"scale": [1.15, 1.15, 1.15]
		}
	},
	"groups": [
		{
			"name": "grip",
			"origin": [8.00024, -14.86682, 7.61955],
			"color": 0,
			"children": [0, 1, 2, 3, 4, 5, 6, 7, 8, 9, 10, 11, 12, 13, 14, 15, 16, 17, 18, 19, 20, 21, 22, 23, 24, 25, 26, 27, 28, 29, 30, 31, 32, 33, 34, 35, 36, 37]
		},
		{
			"name": "spear",
			"origin": [8, 8, 8],
			"color": 0,
			"children": [
				38,
				39,
				40,
				41,
				42,
				43,
				44,
				45,
				{
					"name": "tank",
					"origin": [8, 8, 1],
					"color": 0,
					"children": [46, 47, 48, 49, 50, 51, 52, 53]
				},
				{
					"name": "tank",
					"origin": [8, 8, 1],
					"color": 0,
					"children": [54, 55, 56, 57, 58, 59, 60, 61]
				},
				{
					"name": "tank_inside",
					"origin": [8, 8, 1],
					"color": 0,
					"children": [62, 63, 64, 65, 66, 67, 68, 69]
				},
				{
					"name": "tank",
					"origin": [8, 8, 1],
					"color": 0,
					"children": [70, 71, 72, 73, 74, 75, 76, 77]
				}
			]
		},
		{
			"name": "spear",
			"origin": [8, 8, 8],
			"color": 0,
			"children": [
				78,
				79,
				80,
				81,
				82,
				83,
				84,
				85,
				{
					"name": "tank",
					"origin": [8, 8, 1],
					"color": 0,
					"children": [86, 87, 88, 89, 90, 91, 92, 93]
				},
				{
					"name": "tank",
					"origin": [8, 8, 1],
					"color": 0,
					"children": [94, 95, 96, 97, 98, 99, 100, 101]
				},
				{
					"name": "tank_inside",
					"origin": [8, 8, 1],
					"color": 0,
					"children": [102, 103, 104, 105, 106, 107, 108, 109]
				},
				{
					"name": "tank",
					"origin": [8, 8, 1],
					"color": 0,
					"children": [110, 111, 112, 113, 114, 115, 116, 117]
				}
			]
		},
		{
			"name": "spear",
			"origin": [8, 8, 8],
			"color": 0,
			"children": [
				118,
				119,
				120,
				121,
				122,
				123,
				124,
				125,
				{
					"name": "tank",
					"origin": [8, 8, 1],
					"color": 0,
					"children": [126, 127, 128, 129, 130, 131, 132, 133]
				},
				{
					"name": "tank",
					"origin": [8, 8, 1],
					"color": 0,
					"children": [134, 135, 136, 137, 138, 139, 140, 141]
				},
				{
					"name": "tank_inside",
					"origin": [8, 8, 1],
					"color": 0,
					"children": [142, 143, 144, 145, 146, 147, 148, 149]
				},
				{
					"name": "tank",
					"origin": [8, 8, 1],
					"color": 0,
					"children": [150, 151, 152, 153, 154, 155, 156, 157]
				}
			]
		}
	]
}