{
	"format_version": "1.21.6",
	"credit": "Made with Blockbench",
	"textures": {
		"0": "custom/odmgear/3dmg_gas_tank",
		"1": "custom/odmgear/3dmg_assault",
		"particle": "custom/odmgear/thunder_spear"
	},
	"elements": [
		{
			"from": [7.808, -1.22381, -0.33594],
			"to": [8.19245, -0.71483, 0.27504],
			"rotation": {"angle": 22.5, "axis": "x", "origin": [8.00022, -0.84182, -0.03045]},
			"faces": {
				"north": {"uv": [0, 0, 5, 3.75], "texture": "#0"},
				"east": {"uv": [0, 0, 5, 3.75], "texture": "#0"},
				"south": {"uv": [0, 0, 5, 3.75], "texture": "#0"},
				"west": {"uv": [0, 0, 5, 3.75], "texture": "#0"},
				"up": {"uv": [0, 0, 5, 3.75], "texture": "#0"},
				"down": {"uv": [1.5, 0, 3.75, 2.75], "texture": "#0"}
			}
		},
		{
			"from": [7.72482, 2.44798, -0.89438],
			"to": [8.27562, 3.72798, 0.12562],
			"rotation": {"angle": 0, "axis": "y", "origin": [7.17402, -2.39202, -0.89438]},
			"faces": {
				"north": {"uv": [0, 0, 5, 5.75], "texture": "#0"},
				"east": {"uv": [0, 0, 5, 5.75], "texture": "#0"},
				"south": {"uv": [0, 0, 5, 5.75], "texture": "#0"},
				"west": {"uv": [0, 0, 5, 5.75], "texture": "#0"},
				"up": {"uv": [0, 0, 5, 5.75], "texture": "#0"},
				"down": {"uv": [0, 0, 5, 5.75], "texture": "#0"}
			}
		},
		{
			"from": [7.93137, 2.58048, -1.40438],
			"to": [8.06907, 3.72798, -0.89438],
			"rotation": {"angle": 0, "axis": "y", "origin": [7.10517, -2.39202, -0.89438]},
			"faces": {
				"north": {"uv": [8, 0, 13, 5.75], "texture": "#0"},
				"east": {"uv": [13, 0, 8.75, 5.75], "texture": "#0"},
				"south": {"uv": [8, 0, 13, 5.75], "texture": "#0"},
				"west": {"uv": [8.75, 0, 13, 5.75], "texture": "#0"},
				"up": {"uv": [8, 0, 13, 5.75], "texture": "#0"},
				"down": {"uv": [8, 0, 13, 5.75], "texture": "#0"}
			}
		},
		{
			"from": [7.93193, 2.52999, -1.27637],
			"to": [8.06852, 2.88597, -1.12439],
			"rotation": {"angle": 22.5, "axis": "x", "origin": [8.00022, 3.15423, -1.14938]},
			"faces": {
				"north": {"uv": [8, 0, 13, 5.75], "texture": "#0"},
				"east": {"uv": [9.75, 0, 8.5, 2], "texture": "#0"},
				"south": {"uv": [8, 0, 13, 5.75], "texture": "#0"},
				"west": {"uv": [8.5, 0, 9.75, 2], "texture": "#0"},
				"up": {"uv": [8, 0, 13, 5.75], "texture": "#0"},
				"down": {"uv": [8, 0, 13, 5.75], "texture": "#0"}
			}
		},
		{
			"from": [7.93193, 3.03999, -1.48037],
			"to": [8.06852, 3.39597, -1.32839],
			"rotation": {"angle": 22.5, "axis": "x", "origin": [8.00022, 3.15423, -1.14938]},
			"faces": {
				"north": {"uv": [8, 0, 13, 5.75], "texture": "#0"},
				"east": {"uv": [9.75, 0, 8.5, 2], "texture": "#0"},
				"south": {"uv": [8, 0, 13, 5.75], "texture": "#0"},
				"west": {"uv": [8.5, 0, 9.75, 2], "texture": "#0"},
				"up": {"uv": [8, 0, 13, 5.75], "texture": "#0"},
				"down": {"uv": [8, 0, 13, 5.75], "texture": "#0"}
			}
		},
		{
			"from": [7.72482, 2.54478, -2.07822],
			"to": [8.27562, 2.64423, -0.88482],
			"rotation": {"angle": 0, "axis": "y", "origin": [7.17402, -1.21392, -1.13982]},
			"faces": {
				"north": {"uv": [0, 0, 5, 5.75], "texture": "#0"},
				"east": {"uv": [0, 0, 5, 5.75], "texture": "#0"},
				"south": {"uv": [0, 0, 5, 5.75], "texture": "#0"},
				"west": {"uv": [0, 0, 5, 5.75], "texture": "#0"},
				"up": {"uv": [0, 0, 5, 5.75], "texture": "#0"},
				"down": {"uv": [0, 0, 5, 5.75], "texture": "#0"}
			}
		},
		{
			"from": [7.72482, 3.63873, -2.07822],
			"to": [8.27562, 3.73818, -0.88482],
			"rotation": {"angle": 0, "axis": "y", "origin": [7.17402, -1.21392, -1.13982]},
			"faces": {
				"north": {"uv": [0, 0, 5, 5.75], "texture": "#0"},
				"east": {"uv": [0, 0, 5, 5.75], "texture": "#0"},
				"south": {"uv": [0, 0, 5, 5.75], "texture": "#0"},
				"west": {"uv": [0, 0, 5, 5.75], "texture": "#0"},
				"up": {"uv": [0, 0, 5, 5.75], "texture": "#0"},
				"down": {"uv": [0, 0, 5, 5.75], "texture": "#0"}
			}
		},
		{
			"from": [7.72482, 3.76623, -2.07822],
			"to": [8.27562, 4.37568, 0.26268],
			"rotation": {"angle": 0, "axis": "y", "origin": [7.17402, -1.21392, -1.13982]},
			"faces": {
				"north": {"uv": [0, 4, 2.75, 6], "texture": "#1"},
				"east": {"uv": [2.75, 2, 4, 6], "rotation": 90, "texture": "#1"},
				"south": {"uv": [0, 4, 2.75, 6], "texture": "#1"},
				"west": {"uv": [2.75, 2, 4, 6], "rotation": 90, "texture": "#1"},
				"up": {"uv": [0, 4, 2.75, 6], "texture": "#1"},
				"down": {"uv": [1, 2, 2.25, 6], "texture": "#1"}
			}
		},
		{
			"from": [7.79423, 3.89424, -0.80271],
			"to": [8.20622, 5.01267, 0.26217],
			"rotation": {"angle": -22.5, "axis": "x", "origin": [8.06907, 4.07096, -0.90777]},
			"faces": {
				"north": {"uv": [0, 2, 2.75, 6], "texture": "#1"},
				"east": {"uv": [2.75, 2, 0.5, 6], "texture": "#1"},
				"south": {"uv": [0, 2, 2.75, 6], "texture": "#1"},
				"west": {"uv": [0.5, 2, 2.75, 6], "texture": "#1"},
				"up": {"uv": [0, 2, 2.75, 6], "texture": "#1"},
				"down": {"uv": [0, 2, 2.75, 6], "texture": "#1"}
			}
		},
		{
			"from": [7.79123, 4.25609, -1.30061],
			"to": [8.20922, 5.38052, -0.22973],
			"rotation": {"angle": 0, "axis": "y", "origin": [8.00022, 4.6683, -0.46517]},
			"faces": {
				"north": {"uv": [0, 2, 2.75, 6], "texture": "#1"},
				"east": {"uv": [2.75, 2, 0.5, 6], "texture": "#1"},
				"south": {"uv": [0, 2, 2.75, 6], "texture": "#1"},
				"west": {"uv": [0.5, 2, 2.75, 6], "texture": "#1"},
				"up": {"uv": [15, 12, 16, 16], "texture": "#1"},
				"down": {"uv": [0, 2, 2.75, 6], "texture": "#1"}
			}
		},
		{
			"from": [7.79478, 3.63975, -1.66792],
			"to": [8.20567, 4.65716, -0.85906],
			"rotation": {"angle": 22.5, "axis": "x", "origin": [8.06907, 4.07096, 0.13901]},
			"faces": {
				"north": {"uv": [2.25, 2, 1.25, 6], "texture": "#1"},
				"east": {"uv": [3, 2, 0, 6], "texture": "#1"},
				"south": {"uv": [3, 2, 0, 6], "texture": "#1"},
				"west": {"uv": [3, 2, 0, 6], "texture": "#1"},
				"up": {"uv": [3, 2, 0, 6], "texture": "#1"},
				"down": {"uv": [3, 2, 0, 6], "texture": "#1"}
			}
		},
		{
			"from": [7.72538, 4.50512, -2.636],
			"to": [8.27507, 5.11355, -1.95362],
			"rotation": {"angle": -45, "axis": "x", "origin": [8.00022, 4.80934, -1.46606]},
			"faces": {
				"north": {"uv": [0, 2, 4, 6], "texture": "#1"},
				"east": {"uv": [2.5, 4.5, 3.75, 5.75], "texture": "#1"},
				"south": {"uv": [3.75, 4.5, 3.25, 5.25], "texture": "#1"},
				"west": {"uv": [3.75, 4.5, 2.5, 5.75], "texture": "#1"},
				"up": {"uv": [2.5, 5.75, 3.75, 4.75], "rotation": 270, "texture": "#1"},
				"down": {"uv": [0, 2, 4, 6], "texture": "#1"}
			}
		},
		{
			"from": [7.79423, 4.63262, -3.0185],
			"to": [8.20622, 4.98605, -2.46362],
			"rotation": {"angle": -45, "axis": "x", "origin": [7.93137, 4.80934, -1.46606]},
			"faces": {
				"north": {"uv": [9.25, 1.75, 12.5, 5.25], "texture": "#0"},
				"east": {"uv": [9.25, 1.75, 12.5, 5.25], "texture": "#0"},
				"south": {"uv": [9.25, 1.75, 12.5, 5.25], "texture": "#0"},
				"west": {"uv": [9.25, 1.75, 12.5, 5.25], "texture": "#0"},
				"up": {"uv": [9.25, 1.75, 12.5, 5.25], "texture": "#0"},
				"down": {"uv": [9.25, 1.75, 12.5, 5.25], "texture": "#0"}
			}
		},
		{
			"from": [7.79478, 3.36318, -2.80787],
			"to": [8.20567, 3.78954, -2.50646],
			"rotation": {"angle": 22.5, "axis": "x", "origin": [8.00022, 3.51261, -2.63167]},
			"faces": {
				"north": {"uv": [9.25, 1.75, 12.5, 5.25], "rotation": 180, "texture": "#0"},
				"east": {"uv": [9.25, 1.75, 12.5, 5.25], "rotation": 90, "texture": "#0"},
				"south": {"uv": [9.25, 1.75, 12.5, 5.25], "texture": "#0"},
				"west": {"uv": [9.25, 1.75, 12.5, 5.25], "rotation": 270, "texture": "#0"},
				"up": {"uv": [9.25, 1.75, 12.5, 5.25], "texture": "#0"},
				"down": {"uv": [9.25, 1.75, 12.5, 5.25], "rotation": 180, "texture": "#0"}
			}
		},
		{
			"from": [7.82177, 3.01433, -2.85231],
			"to": [8.17868, 3.44171, -2.60088],
			"rotation": {"angle": 0, "axis": "y", "origin": [7.97268, 3.73802, -2.70109]},
			"faces": {
				"north": {"uv": [9.25, 1.75, 12.5, 5.25], "rotation": 180, "texture": "#0"},
				"east": {"uv": [9.25, 1.75, 12.5, 5.25], "rotation": 90, "texture": "#0"},
				"south": {"uv": [9.25, 1.75, 12.5, 5.25], "texture": "#0"},
				"west": {"uv": [9.25, 1.75, 12.5, 5.25], "rotation": 270, "texture": "#0"},
				"up": {"uv": [9.25, 1.75, 12.5, 5.25], "texture": "#0"},
				"down": {"uv": [9.25, 1.75, 12.5, 5.25], "rotation": 180, "texture": "#0"}
			}
		},
		{
			"from": [7.82232, 2.57419, -3.16993],
			"to": [8.17813, 3.00055, -2.97052],
			"rotation": {"angle": -22.5, "axis": "x", "origin": [7.97268, 3.80737, -3.04472]},
			"faces": {
				"north": {"uv": [9.25, 1.75, 12.5, 5.25], "rotation": 180, "texture": "#0"},
				"east": {"uv": [9.25, 1.75, 12.5, 5.25], "rotation": 90, "texture": "#0"},
				"south": {"uv": [9.25, 1.75, 12.5, 5.25], "texture": "#0"},
				"west": {"uv": [9.25, 1.75, 12.5, 5.25], "rotation": 270, "texture": "#0"},
				"up": {"uv": [9.25, 1.75, 12.5, 5.25], "texture": "#0"},
				"down": {"uv": [9.25, 1.75, 12.5, 5.25], "rotation": 180, "texture": "#0"}
			}
		},
		{
			"from": [7.84931, 1.46456, -2.97301],
			"to": [8.15114, 1.89194, -2.82358],
			"rotation": {"angle": -22.5, "axis": "x", "origin": [7.94514, 4.22825, -2.8473]},
			"faces": {
				"north": {"uv": [9.25, 1.75, 12.5, 5.25], "rotation": 180, "texture": "#0"},
				"east": {"uv": [9.25, 1.75, 12.5, 5.25], "rotation": 90, "texture": "#0"},
				"south": {"uv": [9.25, 1.75, 12.5, 5.25], "texture": "#0"},
				"west": {"uv": [9.25, 1.75, 12.5, 5.25], "rotation": 270, "texture": "#0"},
				"up": {"uv": [9.25, 1.75, 12.5, 5.25], "texture": "#0"},
				"down": {"uv": [9.25, 1.75, 12.5, 5.25], "rotation": 180, "texture": "#0"}
			}
		},
		{
			"from": [7.84986, 1.40416, -1.92057],
			"to": [8.15059, 1.70302, -1.77216],
			"rotation": {"angle": 0, "axis": "y", "origin": [7.94514, 1.48984, -1.82087]},
			"faces": {
				"north": {"uv": [9.25, 1.75, 12.5, 5.25], "rotation": 180, "texture": "#0"},
				"east": {"uv": [9.25, 1.75, 12.5, 5.25], "rotation": 90, "texture": "#0"},
				"south": {"uv": [9.25, 1.75, 12.5, 5.25], "texture": "#0"},
				"west": {"uv": [9.25, 1.75, 12.5, 5.25], "rotation": 270, "texture": "#0"},
				"up": {"uv": [9.25, 1.75, 12.5, 5.25], "texture": "#0"},
				"down": {"uv": [9.25, 1.75, 12.5, 5.25], "rotation": 180, "texture": "#0"}
			}
		},
		{
			"from": [7.85041, 1.15455, -1.96981],
			"to": [8.15004, 1.45239, -1.84537],
			"rotation": {"angle": 22.5, "axis": "x", "origin": [7.94514, 1.30347, -1.87062]},
			"faces": {
				"north": {"uv": [9.25, 1.75, 12.5, 5.25], "rotation": 180, "texture": "#0"},
				"east": {"uv": [9.25, 1.75, 12.5, 5.25], "rotation": 90, "texture": "#0"},
				"south": {"uv": [9.25, 1.75, 12.5, 5.25], "texture": "#0"},
				"west": {"uv": [9.25, 1.75, 12.5, 5.25], "rotation": 270, "texture": "#0"},
				"up": {"uv": [9.25, 1.75, 12.5, 5.25], "texture": "#0"},
				"down": {"uv": [9.25, 1.75, 12.5, 5.25], "rotation": 180, "texture": "#0"}
			}
		},
		{
			"from": [7.85096, 0.94303, -2.11098],
			"to": [8.14949, 1.23985, -2.01561],
			"rotation": {"angle": 45, "axis": "x", "origin": [7.94514, 1.09144, -2.0123]},
			"faces": {
				"north": {"uv": [9.25, 1.75, 12.5, 5.25], "rotation": 180, "texture": "#0"},
				"east": {"uv": [9.25, 1.75, 12.5, 5.25], "rotation": 90, "texture": "#0"},
				"south": {"uv": [9.25, 1.75, 12.5, 5.25], "texture": "#0"},
				"west": {"uv": [9.25, 1.75, 12.5, 5.25], "rotation": 270, "texture": "#0"},
				"up": {"uv": [9.25, 1.75, 12.5, 5.25], "texture": "#0"},
				"down": {"uv": [9.25, 1.75, 12.5, 5.25], "rotation": 180, "texture": "#0"}
			}
		},
		{
			"from": [7.82177, 1.66617, -2.92763],
			"to": [8.17868, 2.60355, -2.7782],
			"rotation": {"angle": -45, "axis": "x", "origin": [7.97268, 2.89986, -2.82742]},
			"faces": {
				"north": {"uv": [9.25, 1.75, 12.5, 5.25], "rotation": 180, "texture": "#0"},
				"east": {"uv": [9.25, 1.75, 12.5, 5.25], "rotation": 90, "texture": "#0"},
				"south": {"uv": [9.25, 1.75, 12.5, 5.25], "texture": "#0"},
				"west": {"uv": [9.25, 1.75, 12.5, 5.25], "rotation": 270, "texture": "#0"},
				"up": {"uv": [9.25, 1.75, 12.5, 5.25], "texture": "#0"},
				"down": {"uv": [9.25, 1.75, 12.5, 5.25], "rotation": 180, "texture": "#0"}
			}
		},
		{
			"from": [7.72648, 4.70397, -0.44015],
			"to": [8.27507, 5.27443, 0.02691],
			"rotation": {"angle": -45, "axis": "x", "origin": [8.00078, 5.1079, 1.01519]},
			"faces": {
				"north": {"uv": [3, 5, 3.75, 5.75], "texture": "#1"},
				"east": {"uv": [3, 5, 3.75, 5.75], "texture": "#1"},
				"south": {"uv": [3, 5, 3.75, 5.75], "texture": "#1"},
				"west": {"uv": [3, 5, 3.75, 5.75], "texture": "#1"},
				"up": {"uv": [3, 5, 3.75, 5.75], "texture": "#1"},
				"down": {"uv": [3, 5, 3.75, 5.75], "texture": "#1"}
			}
		},
		{
			"from": [7.82232, 5.04312, -0.54015],
			"to": [8.17813, 5.13877, 0.26431],
			"rotation": {"angle": -45, "axis": "x", "origin": [8.04153, 5.1079, 1.01519]},
			"faces": {
				"north": {"uv": [0, 2, 4, 6], "texture": "#1"},
				"east": {"uv": [0, 2, 1.5, 6], "texture": "#1"},
				"south": {"uv": [0, 2, 4, 6], "texture": "#1"},
				"west": {"uv": [0, 2, 4, 6], "texture": "#1"},
				"up": {"uv": [0, 2, 4, 6], "texture": "#1"},
				"down": {"uv": [0, 2, 4, 6], "texture": "#1"}
			}
		},
		{
			"from": [7.82232, 4.97529, 0.26703],
			"to": [8.17813, 5.2066, 0.33214],
			"rotation": {"angle": -45, "axis": "x", "origin": [8.04153, 5.1079, 1.01519]},
			"faces": {
				"north": {"uv": [0, 2, 4, 6], "texture": "#1"},
				"east": {"uv": [0, 2, 1.5, 6], "texture": "#1"},
				"south": {"uv": [0, 2, 4, 6], "texture": "#1"},
				"west": {"uv": [0, 2, 4, 6], "texture": "#1"},
				"up": {"uv": [0, 2, 4, 6], "texture": "#1"},
				"down": {"uv": [0, 2, 4, 6], "texture": "#1"}
			}
		},
		{
			"from": [7.82232, 4.43837, 0.58358],
			"to": [8.17813, 4.50348, 0.81488],
			"rotation": {"angle": 22.5, "axis": "x", "origin": [8.00022, 4.47092, 0.69923]},
			"faces": {
				"north": {"uv": [0, 2, 4, 6], "rotation": 180, "texture": "#1"},
				"east": {"uv": [0, 2, 1.5, 6], "rotation": 90, "texture": "#1"},
				"south": {"uv": [0, 2, 4, 6], "texture": "#1"},
				"west": {"uv": [0, 2, 4, 6], "rotation": 270, "texture": "#1"},
				"up": {"uv": [0, 2, 4, 6], "texture": "#1"},
				"down": {"uv": [0, 2, 4, 6], "rotation": 180, "texture": "#1"}
			}
		},
		{
			"from": [7.72703, 3.63761, 0.08166],
			"to": [8.27452, 3.76581, 0.81694],
			"rotation": {"angle": -22.5, "axis": "x", "origin": [8.00078, 4.04086, -0.31379]},
			"faces": {
				"north": {"uv": [3, 5, 3.75, 5.75], "texture": "#1"},
				"east": {"uv": [3, 5, 3.75, 5.75], "texture": "#1"},
				"south": {"uv": [3, 5, 3.75, 5.75], "texture": "#1"},
				"west": {"uv": [3, 5, 3.75, 5.75], "texture": "#1"},
				"up": {"uv": [3, 5, 3.75, 5.75], "texture": "#1"},
				"down": {"uv": [3, 5, 3.75, 5.75], "texture": "#1"}
			}
		},
		{
			"from": [7.72813, 4.09261, 0.1022],
			"to": [8.27342, 4.2181, 0.83477],
			"rotation": {"angle": 0, "axis": "y", "origin": [8.00078, 4.15536, 0.46849]},
			"faces": {
				"north": {"uv": [3, 5, 3.75, 5.75], "texture": "#1"},
				"east": {"uv": [3, 5, 3.75, 5.75], "texture": "#1"},
				"south": {"uv": [3, 5, 3.75, 5.75], "texture": "#1"},
				"west": {"uv": [3, 5, 3.75, 5.75], "texture": "#1"},
				"up": {"uv": [3, 5, 3.75, 5.75], "texture": "#1"},
				"down": {"uv": [3, 5, 3.75, 5.75], "texture": "#1"}
			}
		},
		{
			"from": [7.79367, 3.68973, -1.95072],
			"to": [8.20677, 3.78918, 0.00768],
			"rotation": {"angle": 0, "axis": "y", "origin": [7.10517, -1.21392, -1.13982]},
			"faces": {
				"north": {"uv": [8.5, 8.5, 13.5, 14.25], "texture": "#0"},
				"east": {"uv": [8.5, 8.5, 13.5, 14.25], "texture": "#0"},
				"south": {"uv": [8.5, 8.5, 13.5, 14.25], "texture": "#0"},
				"west": {"uv": [8.5, 8.5, 13.5, 14.25], "texture": "#0"},
				"up": {"uv": [8.5, 8.5, 13.5, 14.25], "texture": "#0"},
				"down": {"uv": [8.5, 8.5, 13.5, 14.25], "texture": "#0"}
			}
		},
		{
			"from": [7.72482, 3.1017, -2.07822],
			"to": [8.27562, 3.20115, -0.88482],
			"rotation": {"angle": 0, "axis": "y", "origin": [7.17402, -1.21392, -1.13982]},
			"faces": {
				"north": {"uv": [0, 0, 5, 5.75], "texture": "#0"},
				"east": {"uv": [0, 0, 5, 5.75], "texture": "#0"},
				"south": {"uv": [0, 0, 5, 5.75], "texture": "#0"},
				"west": {"uv": [0, 0, 5, 5.75], "texture": "#0"},
				"up": {"uv": [0, 0, 5, 5.75], "texture": "#0"},
				"down": {"uv": [0, 0, 5, 5.75], "texture": "#0"}
			}
		},
		{
			"from": [7.73584, 2.61241, -2.07026],
			"to": [8.26461, 3.69045, -1.98673],
			"rotation": {"angle": 0, "axis": "y", "origin": [7.17402, -1.21392, -1.13982]},
			"faces": {
				"north": {"uv": [0, 0, 5, 5.75], "texture": "#0"},
				"east": {"uv": [0, 0, 5, 5.75], "texture": "#0"},
				"south": {"uv": [0, 0, 5, 5.75], "texture": "#0"},
				"west": {"uv": [0, 0, 5, 5.75], "texture": "#0"},
				"up": {"uv": [0, 0, 5, 5.75], "texture": "#0"},
				"down": {"uv": [0, 0, 5, 5.75], "texture": "#0"}
			}
		},
		{
			"from": [7.72538, 0.92189, -0.63994],
			"to": [8.27507, 2.70087, 0.37904],
			"rotation": {"angle": -22.5, "axis": "x", "origin": [8.00022, 1.93638, -0.13045]},
			"faces": {
				"north": {"uv": [0, 0, 5, 5.75], "texture": "#0"},
				"east": {"uv": [0, 0, 5, 5.75], "texture": "#0"},
				"south": {"uv": [0, 0, 5, 5.75], "texture": "#0"},
				"west": {"uv": [0, 0, 5, 5.75], "texture": "#0"},
				"up": {"uv": [0, 0, 5, 5.75], "texture": "#0"},
				"down": {"uv": [0, 0, 5, 5.75], "texture": "#0"}
			}
		},
		{
			"from": [7.72482, -0.33022, -0.28652],
			"to": [8.27562, 1.19978, 0.73348],
			"rotation": {"angle": 0, "axis": "y", "origin": [8.00022, 0.43478, 0.22348]},
			"faces": {
				"north": {"uv": [0, 0, 5, 5.75], "texture": "#0"},
				"east": {"uv": [0, 0, 5, 5.75], "texture": "#0"},
				"south": {"uv": [0, 0, 5, 5.75], "texture": "#0"},
				"west": {"uv": [0, 0, 5, 5.75], "texture": "#0"},
				"up": {"uv": [0, 0, 5, 5.75], "texture": "#0"},
				"down": {"uv": [0, 0, 5, 5.75], "texture": "#0"}
			}
		},
		{
			"from": [7.72372, -0.58784, -0.54147],
			"to": [8.27673, -0.0758, 0.48057],
			"rotation": {"angle": 22.5, "axis": "x", "origin": [8.00022, -0.84182, -0.03045]},
			"faces": {
				"north": {"uv": [0, 0, 5, 3.75], "texture": "#0"},
				"east": {"uv": [0, 0, 5, 3.75], "texture": "#0"},
				"south": {"uv": [0, 0, 5, 3.75], "texture": "#0"},
				"west": {"uv": [0, 0, 5, 3.75], "texture": "#0"},
				"up": {"uv": [0, 0, 5, 3.75], "texture": "#0"},
				"down": {"uv": [0, 0, 5, 3.75], "texture": "#0"}
			}
		},
		{
			"from": [7.67423, -0.39818, -0.43937],
			"to": [8.32622, 0.06265, 0.42947],
			"rotation": {"angle": 22.5, "axis": "x", "origin": [8.00022, -0.62677, -0.03045]},
			"faces": {
				"north": {"uv": [12, 2, 16, 6], "texture": "#1", "tintindex": 0},
				"east": {"uv": [14, 4.75, 16, 6], "texture": "#1", "tintindex": 0},
				"south": {"uv": [12, 2, 16, 6], "texture": "#1", "tintindex": 0},
				"west": {"uv": [16, 4.75, 14, 6], "texture": "#1", "tintindex": 0},
				"up": {"uv": [12, 2, 16, 6], "texture": "#1", "tintindex": 0},
				"down": {"uv": [12, 2, 16, 6], "texture": "#1", "tintindex": 0}
			}
		},
		{
			"from": [7.67553, -0.16633, -0.26091],
			"to": [8.32492, 1.21067, 0.65709],
			"rotation": {"angle": 0, "axis": "y", "origin": [8.00022, 0.52217, 0.19809]},
			"faces": {
				"north": {"uv": [12, 2, 16, 6], "texture": "#1", "tintindex": 0},
				"east": {"uv": [13.75, 2.75, 16, 6], "texture": "#1", "tintindex": 0},
				"south": {"uv": [12, 2, 16, 6], "texture": "#1", "tintindex": 0},
				"west": {"uv": [16, 2.75, 13.75, 6], "texture": "#1", "tintindex": 0},
				"up": {"uv": [12, 2, 16, 6], "texture": "#1", "tintindex": 0},
				"down": {"uv": [12, 2, 16, 6], "texture": "#1", "tintindex": 0}
			}
		},
		{
			"from": [7.67618, 0.95807, -0.58899],
			"to": [8.32427, 2.58415, 0.32809],
			"rotation": {"angle": -22.5, "axis": "x", "origin": [8.00022, 1.89611, -0.13045]},
			"faces": {
				"north": {"uv": [12, 2, 16, 6], "texture": "#1", "tintindex": 0},
				"east": {"uv": [14, 2, 16, 6], "texture": "#1", "tintindex": 0},
				"south": {"uv": [12, 2, 16, 6], "texture": "#1", "tintindex": 0},
				"west": {"uv": [16, 2, 14, 6], "texture": "#1", "tintindex": 0},
				"up": {"uv": [12, 2, 16, 6], "texture": "#1", "tintindex": 0},
				"down": {"uv": [12, 2, 16, 6], "texture": "#1", "tintindex": 0}
			}
		},
		{
			"from": [7.67553, 2.35655, -0.81799],
			"to": [8.32492, 3.73855, 0.10001],
			"rotation": {"angle": 0, "axis": "y", "origin": [7.02613, -2.02445, -0.81799]},
			"faces": {
				"north": {"uv": [12, 2, 16, 6], "texture": "#1", "tintindex": 0},
				"east": {"uv": [14.25, 2, 12, 5.5], "texture": "#1", "tintindex": 0},
				"south": {"uv": [12, 2, 16, 6], "texture": "#1", "tintindex": 0},
				"west": {"uv": [12, 2, 14.25, 5.75], "texture": "#1", "tintindex": 0},
				"up": {"uv": [12, 2, 16, 6], "texture": "#1", "tintindex": 0},
				"down": {"uv": [12, 2, 16, 6], "texture": "#1", "tintindex": 0}
			}
		},
		{
			"from": [7.6703, -0.96881, -0.59094],
			"to": [8.33015, -0.45983, 0.53004],
			"rotation": {"angle": 22.5, "axis": "x", "origin": [8.00022, -0.84182, -0.03045]},
			"faces": {
				"north": {"uv": [0, 0, 5, 3.75], "texture": "#0"},
				"east": {"uv": [0, 0, 5, 3.75], "texture": "#0"},
				"south": {"uv": [0, 0, 5, 3.75], "texture": "#0"},
				"west": {"uv": [0, 0, 5, 3.75], "texture": "#0"},
				"up": {"uv": [0, 0, 5, 3.75], "texture": "#0"},
				"down": {"uv": [0, 0, 5, 3.75], "texture": "#0"}
			}
		}
	],
	"gui_light": "front",
	"display": {
		"thirdperson_righthand": {
			"translation": [-0.25, 3, 5.25],
			"scale": [0.74, 0.74, 0.74]
		},
		"thirdperson_lefthand": {
			"translation": [-0.25, 3, 5.25],
			"scale": [0.74, 0.74, 0.74]
		},
		"firstperson_righthand": {
			"rotation": [-25, -4, -9],
			"translation": [6, 8.5, 5.25],
			"scale": [1.12, 1.12, 1.12]
		},
		"firstperson_lefthand": {
			"rotation": [-25, -4, -9],
			"translation": [6, 8.5, 5.25],
			"scale": [1.12, 1.12, 1.12]
		},
		"ground": {
			"rotation": [0, 0, 90],
			"translation": [-6, -1, -1.75],
			"scale": [0.59, 0.59, 0.59]
		},
		"gui": {
			"rotation": [58.97, 42.43, -78.49],
			"translation": [17, -2.5, 0],
			"scale": [1.69, 1.69, 1.69]
		},
		"head": {
			"rotation": [-90, 22.5, 90],
			"translation": [-6, -10.5, 4.25]
		},
		"fixed": {
			"rotation": [90, 45, -90],
			"translation": [19, -3.75, -2],
			"scale": [1.96, 1.96, 1.96]
		}
	},
	"groups": [
		{
			"name": "grip",
			"origin": [8.00024, -14.86682, 7.61955],
			"color": 0,
			"children": [0, 1, 2, 3, 4, 5, 6, 7, 8, 9, 10, 11, 12, 13, 14, 15, 16, 17, 18, 19, 20, 21, 22, 23, 24, 25, 26, 27, 28, 29, 30, 31, 32, 33, 34, 35, 36, 37]
		}
	]
}