{
    "model": {
        "type": "minecraft:composite",
        "models": [
            {
                "type": "minecraft:model",
                "model": "item/shifters/cart/die/13"
            },
            {
                "type": "minecraft:condition",
                "property": "minecraft:component",
                "predicate": "minecraft:custom_data",
                "value": "{hardening:1b}",
                "on_true": {
                    "type": "minecraft:model",
                    "model": "snc:cart/die/13"
                },
                "on_false": {
                    "type": "minecraft:model",
                    "model": "minecraft:item/air"
                }
            }
        ]
    }
}