{
    "parent": "minecraft:item/handheld_rod",
    "textures": {
      "layer0": "minecraft:item/carrot_on_a_stick"
    },
    "overrides": [
    { "predicate": {"custom_model_data": 1}, "model": "item/manuever/gas_trigger/blade"},
    { "predicate": {"custom_model_data": 8}, "model": "item/shifters/item/remove"},
    { "predicate": {"custom_model_data": 9}, "model": "item/shifters/item/jump"},
    { "predicate": {"custom_model_data": 11}, "model": "item/shifters/cart/item/atk_4"},
    { "predicate": {"custom_model_data": 12}, "model": "item/shifters/cart/item/atk_5"},
    { "predicate": {"custom_model_data": 20}, "model": "item/shifters/attack/item/atk_6"},
    { "predicate": {"custom_model_data": 21}, "model": "item/shifters/beast/item/atk_6"},
    { "predicate": {"custom_model_data": 23}, "model": "item/manuever/gas_trigger/not_vis"},
    { "predicate": {"custom_model_data": 24}, "model": "item/shifters/item/inv"},

    { "predicate": {"custom_model_data": 43}, "model": "item/shifters/item/sprint"},
    { "predicate": {"custom_model_data": 44}, "model": "item/shifters/item/eat"},
    { "predicate": {"custom_model_data": 45}, "model": "item/shifters/item/stop"},
    { "predicate": {"custom_model_data": 48}, "model": "item/people/item/invitation"},
    { "predicate": {"custom_model_data": 55}, "model": "item/item/blank"},
    { "predicate": {"custom_model_data": 58}, "model": "item/shifters/armor/item/atk_1"},
    { "predicate": {"custom_model_data": 63}, "model": "item/shifters/item/destroy"},
    { "predicate": {"custom_model_data": 70}, "model": "item/manuever/gas_trigger/mode_2/empty"},
    { "predicate": {"custom_model_data": 71}, "model": "item/manuever/gas_trigger/mode_2/1"},
    { "predicate": {"custom_model_data": 72}, "model": "item/manuever/gas_trigger/mode_2/2"},
    { "predicate": {"custom_model_data": 73}, "model": "item/manuever/gas_trigger/mode_2/3"}
    
    ]

}