{
 "parent": "minecraft:block/carved_pumpkin",
 "textures": {
  "layer0": "item/carved_pumpkin"
 },

 "overrides": [
    { "predicate": {"custom_model_data": 0}, "model": "item/carved_pumpkin"},
  { "predicate": {"custom_model_data": 1}, "model": "item/military/scouts/hood_legacy"},
  { "predicate": {"custom_model_data": 2}, "model": "item/shifters/cart/barrel"},
  { "predicate": {"custom_model_data": 3}, "model": "item/shifters/cart/guns"},
  { "predicate": {"custom_model_data": 16}, "model": "item/shifters/colossal/bite/head/1"},
  { "predicate": {"custom_model_data": 17}, "model": "item/shifters/colossal/bite/head/2"},
  { "predicate": {"custom_model_data": 18}, "model": "item/shifters/colossal/bite/head/3"},
  { "predicate": {"custom_model_data": 19}, "model": "item/shifters/colossal/bite/head/4"},
  { "predicate": {"custom_model_data": 20}, "model": "item/shifters/colossal/bite/head/5"},
  { "predicate": {"custom_model_data": 41}, "model": "item/people/profession/mage"},
  { "predicate": {"custom_model_data": 42}, "model": "item/people/profession/crown"},
  { "predicate": {"custom_model_data": 61}, "model": "item/shifters/beast/rock"},
  { "predicate": {"custom_model_data": 62}, "model": "item/shifters/beast/rock_a"},
  { "predicate": {"custom_model_data": 63}, "model": "item/shifters/cart/bite/farm"},
  { "predicate": {"custom_model_data": 64}, "model": "item/shifters/armor/bite/12"},
  { "predicate": {"custom_model_data": 65}, "model": "item/shifters/armor/bite/11"},
  { "predicate": {"custom_model_data": 66}, "model": "item/shifters/armor/bite/10"},
  { "predicate": {"custom_model_data": 67}, "model": "item/shifters/armor/bite/9"},
  { "predicate": {"custom_model_data": 68}, "model": "item/shifters/armor/bite/8"},
  { "predicate": {"custom_model_data": 69}, "model": "item/shifters/armor/bite/7"},
  { "predicate": {"custom_model_data": 70}, "model": "item/shifters/armor/bite/6"},
  { "predicate": {"custom_model_data": 91}, "model": "item/military/scouts/explore/hood"},
  { "predicate": {"custom_model_data": 92}, "model": "item/shifters/jaw/bite"},

  { "predicate": {"custom_model_data": 101}, "model": "item/trophies/colossal_head"},

  { "predicate": {"custom_model_data": 1000}, "model": "item/titan/colossal/h1"}
 ]

}