{
    "parent": "item/generated",
    "textures": {
      "layer0": "item/flint"
    },

    "overrides": [
    { "predicate": {"custom_model_data": 1}, "model": "item/titan/zick/idle/1"},
    { "predicate": {"custom_model_data": 2}, "model": "item/titan/zick/idle/2"},
    { "predicate": {"custom_model_data": 3}, "model": "item/titan/zick/idle/3"},
    { "predicate": {"custom_model_data": 4}, "model": "item/titan/zick/attack/1"},
    { "predicate": {"custom_model_data": 5}, "model": "item/titan/zick/attack/2"},
    { "predicate": {"custom_model_data": 6}, "model": "item/titan/zick/attack/3"},
    { "predicate": {"custom_model_data": 7}, "model": "item/titan/zick/attack/4"},
    { "predicate": {"custom_model_data": 8}, "model": "item/titan/zick/attack/5"},
    { "predicate": {"custom_model_data": 9}, "model": "item/titan/zick/attack/6"},
    { "predicate": {"custom_model_data": 10}, "model": "item/titan/zick/walk/1"},
    { "predicate": {"custom_model_data": 11}, "model": "item/titan/zick/walk/2"},
    { "predicate": {"custom_model_data": 12}, "model": "item/titan/zick/walk/3"},
    { "predicate": {"custom_model_data": 13}, "model": "item/titan/zick/walk/4"},
    { "predicate": {"custom_model_data": 14}, "model": "item/titan/zick/walk/5"},
    { "predicate": {"custom_model_data": 15}, "model": "item/titan/zick/walk/6"},
    { "predicate": {"custom_model_data": 16}, "model": "item/titan/zick/walk/7"},
    { "predicate": {"custom_model_data": 17}, "model": "item/titan/zick/walk/8"},
    { "predicate": {"custom_model_data": 18}, "model": "item/titan/zick/walk/9"},
    { "predicate": {"custom_model_data": 19}, "model": "item/titan/zick/walk/10"},
    { "predicate": {"custom_model_data": 22}, "model": "item/titan/zick/attack_2/1"},
    { "predicate": {"custom_model_data": 23}, "model": "item/titan/zick/attack_2/2"},
    { "predicate": {"custom_model_data": 24}, "model": "item/titan/zick/attack_2/3"},
    { "predicate": {"custom_model_data": 25}, "model": "item/titan/zick/attack_2/4"},
    { "predicate": {"custom_model_data": 26}, "model": "item/titan/zick/attack_2/5"},
    { "predicate": {"custom_model_data": 27}, "model": "item/titan/zick/attack_2/6"},
    { "predicate": {"custom_model_data": 28}, "model": "item/titan/zwei/idle/1"},
    { "predicate": {"custom_model_data": 29}, "model": "item/titan/zwei/idle/2"},
    { "predicate": {"custom_model_data": 30}, "model": "item/titan/zwei/idle/3"},
    { "predicate": {"custom_model_data": 31}, "model": "item/titan/zwei/walk/1"},
    { "predicate": {"custom_model_data": 32}, "model": "item/titan/zwei/walk/2"},
    { "predicate": {"custom_model_data": 33}, "model": "item/titan/zwei/walk/3"},
    { "predicate": {"custom_model_data": 34}, "model": "item/titan/zwei/walk/4"},
    { "predicate": {"custom_model_data": 35}, "model": "item/titan/zwei/walk/5"},
    { "predicate": {"custom_model_data": 36}, "model": "item/titan/zwei/walk/6"},
    { "predicate": {"custom_model_data": 37}, "model": "item/titan/zwei/walk/7"},
    { "predicate": {"custom_model_data": 38}, "model": "item/titan/zwei/walk/8"},
    { "predicate": {"custom_model_data": 39}, "model": "item/titan/zwei/walk/9"},
    { "predicate": {"custom_model_data": 40}, "model": "item/titan/zwei/walk/10"},
    { "predicate": {"custom_model_data": 41}, "model": "item/titan/zwei/attack/1"},
    { "predicate": {"custom_model_data": 42}, "model": "item/titan/zwei/attack/2"},
    { "predicate": {"custom_model_data": 43}, "model": "item/titan/zwei/attack/3"},
    { "predicate": {"custom_model_data": 44}, "model": "item/titan/zwei/attack/4"},
    { "predicate": {"custom_model_data": 45}, "model": "item/titan/zwei/attack/5"},
    { "predicate": {"custom_model_data": 46}, "model": "item/titan/zwei/attack/6"},
    { "predicate": {"custom_model_data": 47}, "model": "item/titan/zwei/attack_2/1"},
    { "predicate": {"custom_model_data": 48}, "model": "item/titan/zwei/attack_2/2"},
    { "predicate": {"custom_model_data": 49}, "model": "item/titan/zwei/attack_2/3"},
    { "predicate": {"custom_model_data": 50}, "model": "item/titan/zwei/attack_2/4"},
    { "predicate": {"custom_model_data": 51}, "model": "item/titan/zwei/attack_2/5"},
    { "predicate": {"custom_model_data": 52}, "model": "item/titan/zwei/attack_2/6"},
    { "predicate": {"custom_model_data": 53}, "model": "item/titan/zwei/attack_2/7"},
    { "predicate": {"custom_model_data": 54}, "model": "item/titan/michelle/idle/1"},
    { "predicate": {"custom_model_data": 55}, "model": "item/titan/michelle/idle/2"},
    { "predicate": {"custom_model_data": 56}, "model": "item/titan/michelle/idle/3"},
    { "predicate": {"custom_model_data": 57}, "model": "item/titan/michelle/walk/1"},
    { "predicate": {"custom_model_data": 58}, "model": "item/titan/michelle/walk/2"},
    { "predicate": {"custom_model_data": 59}, "model": "item/titan/michelle/walk/3"},
    { "predicate": {"custom_model_data": 60}, "model": "item/titan/michelle/walk/4"},
    { "predicate": {"custom_model_data": 61}, "model": "item/titan/michelle/walk/5"},
    { "predicate": {"custom_model_data": 62}, "model": "item/titan/michelle/walk/6"},
    { "predicate": {"custom_model_data": 63}, "model": "item/titan/michelle/walk/7"},
    { "predicate": {"custom_model_data": 64}, "model": "item/titan/michelle/walk/8"},
    { "predicate": {"custom_model_data": 65}, "model": "item/titan/michelle/walk/9"},
    { "predicate": {"custom_model_data": 66}, "model": "item/titan/michelle/walk/10"},
    { "predicate": {"custom_model_data": 67}, "model": "item/titan/michelle/attack/1"},
    { "predicate": {"custom_model_data": 68}, "model": "item/titan/michelle/attack/2"},
    { "predicate": {"custom_model_data": 69}, "model": "item/titan/michelle/attack/3"},
    { "predicate": {"custom_model_data": 70}, "model": "item/titan/michelle/attack/4"},
    { "predicate": {"custom_model_data": 71}, "model": "item/titan/michelle/attack/5"},
    { "predicate": {"custom_model_data": 72}, "model": "item/titan/michelle/attack/6"},
    { "predicate": {"custom_model_data": 73}, "model": "item/titan/michelle/attack/7"},
    { "predicate": {"custom_model_data": 74}, "model": "item/titan/michelle/attack/8"},
    { "predicate": {"custom_model_data": 75}, "model": "item/titan/michelle/attack_2/1"},
    { "predicate": {"custom_model_data": 76}, "model": "item/titan/michelle/attack_2/2"},
    { "predicate": {"custom_model_data": 77}, "model": "item/titan/michelle/attack_2/3"},
    { "predicate": {"custom_model_data": 78}, "model": "item/titan/michelle/attack_2/4"},
    { "predicate": {"custom_model_data": 79}, "model": "item/titan/michelle/attack_2/5"},
    { "predicate": {"custom_model_data": 80}, "model": "item/titan/michelle/attack_2/6"},
    { "predicate": {"custom_model_data": 81}, "model": "item/titan/michelle/attack_2/7"},
    { "predicate": {"custom_model_data": 82}, "model": "item/titan/michelle/attack_2/8"},
    { "predicate": {"custom_model_data": 83}, "model": "item/titan/valentina/idle/1"},
    { "predicate": {"custom_model_data": 84}, "model": "item/titan/valentina/idle/2"},
    { "predicate": {"custom_model_data": 85}, "model": "item/titan/valentina/idle/3"},
    { "predicate": {"custom_model_data": 86}, "model": "item/titan/valentina/walk/1"},
    { "predicate": {"custom_model_data": 87}, "model": "item/titan/valentina/walk/2"},
    { "predicate": {"custom_model_data": 88}, "model": "item/titan/valentina/walk/3"},
    { "predicate": {"custom_model_data": 89}, "model": "item/titan/valentina/walk/4"},
    { "predicate": {"custom_model_data": 90}, "model": "item/titan/valentina/walk/5"},
    { "predicate": {"custom_model_data": 91}, "model": "item/titan/valentina/walk/6"},
    { "predicate": {"custom_model_data": 92}, "model": "item/titan/valentina/walk/7"},
    { "predicate": {"custom_model_data": 93}, "model": "item/titan/valentina/walk/8"},
    { "predicate": {"custom_model_data": 94}, "model": "item/titan/valentina/walk/9"},
    { "predicate": {"custom_model_data": 95}, "model": "item/titan/valentina/walk/10"},
    { "predicate": {"custom_model_data": 96}, "model": "item/titan/valentina/attack/1"},
    { "predicate": {"custom_model_data": 97}, "model": "item/titan/valentina/attack/2"},
    { "predicate": {"custom_model_data": 98}, "model": "item/titan/valentina/attack/3"},
    { "predicate": {"custom_model_data": 99}, "model": "item/titan/valentina/attack/4"},
    { "predicate": {"custom_model_data": 100}, "model": "item/titan/valentina/attack/5"},
    { "predicate": {"custom_model_data": 101}, "model": "item/titan/valentina/attack/6"},
    { "predicate": {"custom_model_data": 102}, "model": "item/titan/valentina/attack/7"},
    { "predicate": {"custom_model_data": 103}, "model": "item/titan/valentina/attack/8"},
    { "predicate": {"custom_model_data": 104}, "model": "item/titan/valentina/attack/9"},
    { "predicate": {"custom_model_data": 105}, "model": "item/titan/valentina/attack/10"},
    { "predicate": {"custom_model_data": 106}, "model": "item/titan/valentina/attack/11"},
    { "predicate": {"custom_model_data": 107}, "model": "item/titan/valentina/attack_2/1"},
    { "predicate": {"custom_model_data": 108}, "model": "item/titan/valentina/attack_2/2"},
    { "predicate": {"custom_model_data": 109}, "model": "item/titan/valentina/attack_2/3"},
    { "predicate": {"custom_model_data": 110}, "model": "item/titan/valentina/attack_2/4"},
    { "predicate": {"custom_model_data": 111}, "model": "item/titan/valentina/attack_2/5"},
    { "predicate": {"custom_model_data": 112}, "model": "item/titan/valentina/attack_2/6"},
    { "predicate": {"custom_model_data": 113}, "model": "item/titan/valentina/attack_2/7"},
    { "predicate": {"custom_model_data": 114}, "model": "item/titan/valentina/attack_2/8"},
    { "predicate": {"custom_model_data": 115}, "model": "item/titan/vladlen/idle/1"},
    { "predicate": {"custom_model_data": 116}, "model": "item/titan/vladlen/idle/2"},
    { "predicate": {"custom_model_data": 117}, "model": "item/titan/vladlen/idle/3"},
    { "predicate": {"custom_model_data": 118}, "model": "item/titan/vladlen/idle/4"},
    { "predicate": {"custom_model_data": 119}, "model": "item/titan/vladlen/walk/1"},
    { "predicate": {"custom_model_data": 120}, "model": "item/titan/vladlen/walk/2"},
    { "predicate": {"custom_model_data": 121}, "model": "item/titan/vladlen/walk/3"},
    { "predicate": {"custom_model_data": 122}, "model": "item/titan/vladlen/walk/4"},
    { "predicate": {"custom_model_data": 123}, "model": "item/titan/vladlen/walk/5"},
    { "predicate": {"custom_model_data": 124}, "model": "item/titan/vladlen/walk/6"},
    { "predicate": {"custom_model_data": 125}, "model": "item/titan/vladlen/walk/7"},
    { "predicate": {"custom_model_data": 126}, "model": "item/titan/vladlen/walk/8"},
    { "predicate": {"custom_model_data": 127}, "model": "item/titan/vladlen/walk/9"},
    { "predicate": {"custom_model_data": 128}, "model": "item/titan/vladlen/walk/10"},
    { "predicate": {"custom_model_data": 129}, "model": "item/titan/vladlen/attack/1"},
    { "predicate": {"custom_model_data": 130}, "model": "item/titan/vladlen/attack/2"},
    { "predicate": {"custom_model_data": 131}, "model": "item/titan/vladlen/attack/3"},
    { "predicate": {"custom_model_data": 132}, "model": "item/titan/vladlen/attack/4"},
    { "predicate": {"custom_model_data": 133}, "model": "item/titan/vladlen/attack/5"},
    { "predicate": {"custom_model_data": 134}, "model": "item/titan/vladlen/attack/6"},
    { "predicate": {"custom_model_data": 135}, "model": "item/titan/vladlen/attack/7"},
    { "predicate": {"custom_model_data": 136}, "model": "item/titan/vladlen/attack/8"},
    { "predicate": {"custom_model_data": 137}, "model": "item/titan/vladlen/attack/9"},
    { "predicate": {"custom_model_data": 138}, "model": "item/titan/vladlen/attack/10"},
    { "predicate": {"custom_model_data": 139}, "model": "item/titan/vladlen/attack/11"},
    { "predicate": {"custom_model_data": 140}, "model": "item/titan/vladlen/attack/12"},
    { "predicate": {"custom_model_data": 141}, "model": "item/titan/vladlen/attack/13"},
    { "predicate": {"custom_model_data": 142}, "model": "item/titan/vladlen/attack/14"},
    { "predicate": {"custom_model_data": 143}, "model": "item/titan/vladlen/attack/15"},
    { "predicate": {"custom_model_data": 144}, "model": "item/titan/vladlen/attack/16"},
    { "predicate": {"custom_model_data": 145}, "model": "item/titan/vladlen/attack/17"},
    { "predicate": {"custom_model_data": 146}, "model": "item/titan/vladlen/attack/18"},
    { "predicate": {"custom_model_data": 147}, "model": "item/titan/vladlen/attack/19"},
    { "predicate": {"custom_model_data": 148}, "model": "item/titan/vladlen/attack/20"},
    { "predicate": {"custom_model_data": 149}, "model": "item/titan/vladlen/attack/21"},
    { "predicate": {"custom_model_data": 150}, "model": "item/titan/vladlen/attack/22"},
    { "predicate": {"custom_model_data": 151}, "model": "item/titan/vladlen/attack/23"},
    { "predicate": {"custom_model_data": 152}, "model": "item/titan/vladlen/attack/24"},
    { "predicate": {"custom_model_data": 153}, "model": "item/titan/vladlen/attack/25"},
    { "predicate": {"custom_model_data": 155}, "model": "item/titan/vladlen/attack_2/1"},
    { "predicate": {"custom_model_data": 156}, "model": "item/titan/vladlen/attack_2/2"},
    { "predicate": {"custom_model_data": 157}, "model": "item/titan/vladlen/attack_2/3"},
    { "predicate": {"custom_model_data": 158}, "model": "item/titan/vladlen/attack_2/4"},
    { "predicate": {"custom_model_data": 159}, "model": "item/titan/vladlen/attack_2/5"},
    { "predicate": {"custom_model_data": 160}, "model": "item/titan/vladlen/attack_2/6"},
    { "predicate": {"custom_model_data": 161}, "model": "item/titan/vladlen/attack_2/7"},
    { "predicate": {"custom_model_data": 162}, "model": "item/titan/vladlen/attack_2/8"},
    { "predicate": {"custom_model_data": 163}, "model": "item/titan/vladlen/attack_2/9"},
    { "predicate": {"custom_model_data": 164}, "model": "item/titan/vladlen/attack_2/10"},
    { "predicate": {"custom_model_data": 165}, "model": "item/titan/ameer/idle/1"},
    { "predicate": {"custom_model_data": 166}, "model": "item/titan/ameer/idle/2"},
    { "predicate": {"custom_model_data": 167}, "model": "item/titan/ameer/idle/3"},
    { "predicate": {"custom_model_data": 168}, "model": "item/titan/ameer/idle/4"},
    { "predicate": {"custom_model_data": 169}, "model": "item/titan/ameer/walk/1"},
    { "predicate": {"custom_model_data": 170}, "model": "item/titan/ameer/walk/2"},
    { "predicate": {"custom_model_data": 171}, "model": "item/titan/ameer/walk/3"},
    { "predicate": {"custom_model_data": 172}, "model": "item/titan/ameer/walk/4"},
    { "predicate": {"custom_model_data": 173}, "model": "item/titan/ameer/walk/5"},
    { "predicate": {"custom_model_data": 174}, "model": "item/titan/ameer/walk/6"},
    { "predicate": {"custom_model_data": 175}, "model": "item/titan/ameer/walk/7"},
    { "predicate": {"custom_model_data": 176}, "model": "item/titan/ameer/walk/8"},
    { "predicate": {"custom_model_data": 177}, "model": "item/titan/ameer/walk/9"},
    { "predicate": {"custom_model_data": 178}, "model": "item/titan/ameer/walk/10"},
    { "predicate": {"custom_model_data": 179}, "model": "item/titan/ameer/attack/1"},
    { "predicate": {"custom_model_data": 180}, "model": "item/titan/ameer/attack/2"},
    { "predicate": {"custom_model_data": 181}, "model": "item/titan/ameer/attack/3"},
    { "predicate": {"custom_model_data": 182}, "model": "item/titan/ameer/attack/4"},
    { "predicate": {"custom_model_data": 183}, "model": "item/titan/ameer/attack/5"},
    { "predicate": {"custom_model_data": 184}, "model": "item/titan/ameer/attack/6"},
    { "predicate": {"custom_model_data": 185}, "model": "item/titan/ameer/attack/7"},
    { "predicate": {"custom_model_data": 186}, "model": "item/titan/ameer/attack/8"},
    { "predicate": {"custom_model_data": 187}, "model": "item/titan/ameer/attack/9"},
    { "predicate": {"custom_model_data": 188}, "model": "item/titan/ameer/attack/10"},
    { "predicate": {"custom_model_data": 189}, "model": "item/titan/ameer/attack_2/1"},
    { "predicate": {"custom_model_data": 190}, "model": "item/titan/ameer/attack_2/2"},
    { "predicate": {"custom_model_data": 191}, "model": "item/titan/ameer/attack_2/3"},
    { "predicate": {"custom_model_data": 192}, "model": "item/titan/ameer/attack_2/4"},
    { "predicate": {"custom_model_data": 193}, "model": "item/titan/ameer/attack_2/5"},
    { "predicate": {"custom_model_data": 194}, "model": "item/titan/ameer/attack_2/6"},
    { "predicate": {"custom_model_data": 195}, "model": "item/titan/ameer/attack_2/7"},
    { "predicate": {"custom_model_data": 196}, "model": "item/titan/ameer/attack_2/8"},
    { "predicate": {"custom_model_data": 197}, "model": "item/titan/ameer/attack_2/9"},
    { "predicate": {"custom_model_data": 198}, "model": "item/titan/allan/idle/1"},
    { "predicate": {"custom_model_data": 199}, "model": "item/titan/allan/idle/2"},
    { "predicate": {"custom_model_data": 200}, "model": "item/titan/allan/idle/3"},
    { "predicate": {"custom_model_data": 201}, "model": "item/titan/allan/idle/4"},
    { "predicate": {"custom_model_data": 202}, "model": "item/titan/allan/walk/1"},
    { "predicate": {"custom_model_data": 203}, "model": "item/titan/allan/walk/2"},
    { "predicate": {"custom_model_data": 204}, "model": "item/titan/allan/walk/3"},
    { "predicate": {"custom_model_data": 205}, "model": "item/titan/allan/walk/4"},
    { "predicate": {"custom_model_data": 206}, "model": "item/titan/allan/walk/5"},
    { "predicate": {"custom_model_data": 207}, "model": "item/titan/allan/walk/6"},
    { "predicate": {"custom_model_data": 208}, "model": "item/titan/allan/walk/7"},
    { "predicate": {"custom_model_data": 209}, "model": "item/titan/allan/walk/8"},
    { "predicate": {"custom_model_data": 210}, "model": "item/titan/allan/walk/9"},
    { "predicate": {"custom_model_data": 211}, "model": "item/titan/allan/walk/10"},
    { "predicate": {"custom_model_data": 212}, "model": "item/titan/allan/walk/11"},
    { "predicate": {"custom_model_data": 213}, "model": "item/titan/allan/walk/12"},
    { "predicate": {"custom_model_data": 214}, "model": "item/titan/allan/walk/13"},
    { "predicate": {"custom_model_data": 215}, "model": "item/titan/allan/walk/14"},
    { "predicate": {"custom_model_data": 216}, "model": "item/people/item/coin"},
    { "predicate": {"custom_model_data": 217}, "model": "item/titan/creepy/idle/1"},
    { "predicate": {"custom_model_data": 218}, "model": "item/titan/creepy/idle/2"},
    { "predicate": {"custom_model_data": 219}, "model": "item/titan/creepy/idle/3"},
    { "predicate": {"custom_model_data": 220}, "model": "item/titan/creepy/idle/4"},
    { "predicate": {"custom_model_data": 221}, "model": "item/titan/creepy/walk/1"},
    { "predicate": {"custom_model_data": 222}, "model": "item/titan/creepy/walk/2"},
    { "predicate": {"custom_model_data": 223}, "model": "item/titan/creepy/walk/3"},
    { "predicate": {"custom_model_data": 224}, "model": "item/titan/creepy/walk/4"},
    { "predicate": {"custom_model_data": 225}, "model": "item/titan/creepy/walk/5"},
    { "predicate": {"custom_model_data": 226}, "model": "item/titan/creepy/walk/6"},
    { "predicate": {"custom_model_data": 227}, "model": "item/titan/creepy/walk/7"},
    { "predicate": {"custom_model_data": 228}, "model": "item/titan/creepy/walk/8"},
    { "predicate": {"custom_model_data": 229}, "model": "item/titan/creepy/walk/9"},
    { "predicate": {"custom_model_data": 230}, "model": "item/titan/creepy/attack/1"},
    { "predicate": {"custom_model_data": 231}, "model": "item/titan/creepy/attack/2"},
    { "predicate": {"custom_model_data": 232}, "model": "item/titan/creepy/attack/3"},
    { "predicate": {"custom_model_data": 233}, "model": "item/titan/creepy/attack/4"},
    { "predicate": {"custom_model_data": 234}, "model": "item/titan/creepy/attack/5"},
    { "predicate": {"custom_model_data": 235}, "model": "item/titan/creepy/attack/6"},
    { "predicate": {"custom_model_data": 236}, "model": "item/titan/creepy/attack/7"},
    { "predicate": {"custom_model_data": 237}, "model": "item/titan/creepy/attack/8"},
    { "predicate": {"custom_model_data": 238}, "model": "item/titan/creepy/attack/9"},
    { "predicate": {"custom_model_data": 239}, "model": "item/titan/creepy/attack_2/1"},
    { "predicate": {"custom_model_data": 240}, "model": "item/titan/creepy/attack_2/2"},
    { "predicate": {"custom_model_data": 241}, "model": "item/titan/creepy/attack_2/3"},
    { "predicate": {"custom_model_data": 242}, "model": "item/titan/creepy/attack_2/4"},

    { "predicate": {"custom_model_data": 1000}, "model": "item/titan/colossal/body"}

    ]
}