{
    "parent": "item/generated",
    "textures": {
     "layer0": "item/quartz"
    },
   
    "overrides": [
       { "predicate": {"custom_model_data": 0}, "model": "item/quartz"},
       { "predicate": {"custom_model_data": 2}, "model": "item/people/item/chain"},
       { "predicate": {"custom_model_data": 3}, "model": "item/people/item/canon/rotate"},
       { "predicate": {"custom_model_data": 4}, "model": "item/people/item/canon/canon"},
       { "predicate": {"custom_model_data": 5}, "model": "item/shifters/item/utility/harden"},
       { "predicate": {"custom_model_data": 6}, "model": "item/shifters/item/utility/farm"},
       { "predicate": {"custom_model_data": 7}, "model": "item/shifters/item/utility/harvest"},
       { "predicate": {"custom_model_data": 8}, "model": "item/shifters/item/utility/en_farm"},
       { "predicate": {"custom_model_data": 9}, "model": "item/shifters/item/utility/en_harvest"}

    ]
}