{
    "parent": "item/generated",
    "textures": {
     "layer0": "item/quartz"
    },
   
    "overrides": [
       { "predicate": {"custom_model_data": 0}, "model": "item/quartz"},
       { "predicate": {"custom_model_data": 1}, "model": "item/people/item/jar"},
       { "predicate": {"custom_model_data": 2}, "model": "item/people/item/chain"},
       { "predicate": {"custom_model_data": 3}, "model": "item/people/item/canon/rotate"},
       { "predicate": {"custom_model_data": 4}, "model": "item/people/item/canon/canon"},
       { "predicate": {"custom_model_data": 5}, "model": "item/shifters/item/utility/harden"},
       { "predicate": {"custom_model_data": 6}, "model": "item/shifters/item/utility/farm"},
       { "predicate": {"custom_model_data": 7}, "model": "item/shifters/item/utility/harvest"},
       { "predicate": {"custom_model_data": 8}, "model": "item/shifters/item/utility/en_farm"},
       { "predicate": {"custom_model_data": 9}, "model": "item/shifters/item/utility/en_harvest"},
       { "predicate": {"custom_model_data": 10}, "model": "item/people/item/key/handcuffs/1"},
       { "predicate": {"custom_model_data": 11}, "model": "item/people/item/key/handcuffs/2"},
       { "predicate": {"custom_model_data": 12}, "model": "item/people/item/key/handcuffs/3"},
       { "predicate": {"custom_model_data": 13}, "model": "item/people/item/key/handcuffs/4"},
       { "predicate": {"custom_model_data": 14}, "model": "item/people/item/key/handcuffs/5"},
       { "predicate": {"custom_model_data": 15}, "model": "item/manuever/iceburst_stone"},
       { "predicate": {"custom_model_data": 16}, "model": "item/manuever/blade"},
       { "predicate": {"custom_model_data": 17}, "model": "item/manuever/spear"},
       { "predicate": {"custom_model_data": 18}, "model": "item/music_disc/broken_armor"}


    ]
}